customer_id,recency,frequency,monetary,total_quantity,average_rating,average_pages_viewed,average_time_on_site,total_cart_additions,cluster,segment,activity_score
1000,195,1,1228.72,7,3.5,17.5,1014.0,2,1,At Risk,14.2872
1001,9,0,0.0,4,4.0,15.0,996.0,0,0,Regular,0.0
1002,56,0,0.0,8,4.0,8.333333333333334,313.6666666666667,2,0,Regular,0.0
1003,26,1,1681.96,9,4.333333333333333,5.666666666666667,695.3333333333334,1,3,New Customer,18.8196
1004,94,0,0.0,5,4.0,12.333333333333334,923.6666666666666,1,0,Regular,0.0
1005,208,0,0.0,12,4.0,14.0,312.3333333333333,2,4,Lost,0.0
1006,96,0,0.0,8,4.0,13.5,1145.0,1,0,Regular,0.0
1007,139,0,0.0,1,4.0,22.0,557.0,0,0,Regular,0.0
1008,48,1,1546.42,11,4.0,9.8,829.2,2,3,New Customer,17.464199999999998
1009,99,3,4616.63,13,4.2,11.0,806.6,5,2,VIP,52.1663
1011,88,0,0.0,14,4.0,10.75,894.25,2,0,Regular,0.0
1012,234,0,0.0,4,4.0,12.666666666666666,700.0,1,4,Lost,0.0
1013,68,0,0.0,8,4.0,19.5,267.0,0,0,Regular,0.0
1014,16,1,2423.92,9,4.25,11.75,985.0,2,3,New Customer,26.2392
1015,316,0,0.0,2,4.0,3.0,1405.0,1,4,Lost,0.0
1016,46,0,0.0,4,4.0,2.0,1523.0,0,0,Regular,0.0
1017,161,0,0.0,8,4.0,10.0,565.5,1,4,Lost,0.0
1018,235,0,0.0,1,4.0,22.0,875.0,1,4,Lost,0.0
1019,213,0,0.0,1,4.0,10.0,1096.0,0,4,Lost,0.0
1020,49,0,0.0,13,4.0,10.25,1165.25,3,0,Regular,0.0
1021,111,0,0.0,14,4.0,6.6,1136.8,3,0,Regular,0.0
1022,11,0,0.0,3,4.0,6.0,1751.0,0,0,Regular,0.0
1023,283,0,0.0,5,4.0,5.5,325.0,1,4,Lost,0.0
1024,125,0,0.0,4,4.0,10.5,774.0,0,0,Regular,0.0
1025,5,0,0.0,4,4.0,5.0,582.0,2,0,Regular,0.0
1026,145,1,244.3,6,4.0,16.333333333333332,603.0,3,1,At Risk,4.443
1027,29,0,0.0,11,4.0,14.25,1235.5,0,0,Regular,0.0
1028,54,1,2328.44,15,4.0,11.4,956.6,4,3,New Customer,25.2844
1029,154,1,357.02,1,5.0,17.0,272.0,1,1,At Risk,5.5702
1030,188,0,0.0,5,4.0,8.666666666666666,792.3333333333334,1,4,Lost,0.0
1031,128,2,2231.42,11,4.25,19.25,1274.0,4,3,New Customer,26.3142
1032,60,0,0.0,8,4.0,11.25,973.75,1,0,Regular,0.0
1033,96,1,571.06,13,4.2,17.0,480.2,2,3,New Customer,7.7105999999999995
1034,19,0,0.0,3,4.0,19.0,1748.0,1,0,Regular,0.0
1035,136,1,325.77,11,4.0,12.25,733.0,3,3,New Customer,5.2577
1036,50,1,395.17,5,4.333333333333333,13.666666666666666,170.0,2,3,New Customer,5.951700000000001
1037,105,0,0.0,10,4.0,16.0,1087.0,2,0,Regular,0.0
1038,4,1,4503.98,11,4.0,7.75,1076.0,3,2,VIP,47.03979999999999
1039,14,2,1852.98,11,4.25,19.0,1146.5,3,3,New Customer,22.5298
1040,13,2,7417.69,15,3.6,5.0,1016.0,5,2,VIP,78.17689999999999
1041,120,1,1296.48,4,3.5,19.0,1041.5,2,3,New Customer,14.9648
1042,29,3,4330.68,12,4.4,14.2,525.2,5,2,VIP,49.3068
1043,65,0,0.0,4,4.0,17.0,152.0,1,0,Regular,0.0
1044,3,2,1008.62,22,3.5714285714285716,10.285714285714286,888.5714285714286,5,3,New Customer,14.0862
1045,43,0,0.0,8,4.0,16.0,868.0,1,0,Regular,0.0
1046,236,0,0.0,11,4.0,12.0,461.3333333333333,0,4,Lost,0.0
1047,115,1,922.92,12,4.2,9.8,783.2,3,3,New Customer,11.229199999999999
1048,283,0,0.0,12,4.0,13.333333333333334,1699.0,2,4,Lost,0.0
1049,177,0,0.0,8,4.0,13.25,951.75,2,4,Lost,0.0
1050,106,0,0.0,4,4.0,11.333333333333334,806.0,2,0,Regular,0.0
1051,154,0,0.0,4,4.0,16.333333333333332,715.0,1,4,Lost,0.0
1052,12,0,0.0,13,4.0,10.666666666666666,780.5,4,0,Regular,0.0
1053,214,0,0.0,4,4.0,9.0,1385.0,0,4,Lost,0.0
1054,72,1,2322.16,14,4.0,12.2,535.0,2,3,New Customer,25.2216
1055,47,0,0.0,3,4.0,17.0,1525.0,1,0,Regular,0.0
1056,78,1,345.71,1,4.0,19.0,375.0,1,3,New Customer,5.4571
1057,72,0,0.0,10,4.0,10.0,1014.25,1,0,Regular,0.0
1058,221,2,6257.73,9,3.3333333333333335,16.666666666666668,903.3333333333334,2,2,VIP,66.5773
1059,25,0,0.0,6,4.0,17.5,947.0,1,0,Regular,0.0
1060,137,0,0.0,2,4.0,10.0,1131.0,0,0,Regular,0.0
1061,96,0,0.0,5,4.0,10.5,1219.0,2,0,Regular,0.0
1062,93,2,5304.35,8,3.6666666666666665,19.0,1032.0,2,2,VIP,57.0435
1063,51,0,0.0,8,4.0,15.0,914.0,2,0,Regular,0.0
1064,135,0,0.0,4,4.0,17.0,1377.0,1,0,Regular,0.0
1065,222,1,7889.36,4,5.0,6.0,1586.0,1,2,VIP,80.89359999999999
1066,141,1,3654.18,12,4.0,5.75,852.0,3,1,At Risk,38.541799999999995
1067,118,1,2032.07,13,4.25,11.0,889.25,4,3,New Customer,22.3207
1068,151,0,0.0,2,4.0,8.0,928.5,1,4,Lost,0.0
1069,7,0,0.0,10,4.0,5.0,603.3333333333334,0,0,Regular,0.0
1070,6,0,0.0,7,4.0,9.666666666666666,1023.6666666666666,0,0,Regular,0.0
1071,72,1,1331.9,13,4.0,15.0,1117.6,2,3,New Customer,15.319
1072,268,0,0.0,4,4.0,7.0,1566.0,1,4,Lost,0.0
1073,130,0,0.0,2,4.0,11.5,387.0,2,0,Regular,0.0
1074,21,0,0.0,1,4.0,5.0,856.0,1,0,Regular,0.0
1075,287,0,0.0,4,4.0,21.5,1292.0,1,4,Lost,0.0
1076,81,1,1449.62,7,3.5,19.25,882.25,3,3,New Customer,16.496199999999998
1077,88,1,1959.6,8,4.0,7.0,526.0,2,3,New Customer,21.596
1078,214,1,490.0,5,4.0,4.5,1327.0,1,1,At Risk,6.9
1079,106,1,4252.77,11,3.5,7.25,1218.0,3,3,New Customer,44.5277
1080,123,1,2111.96,14,4.25,6.5,765.5,1,3,New Customer,23.119600000000002
1081,307,0,0.0,2,4.0,2.0,910.0,1,4,Lost,0.0
1082,224,1,1601.42,7,4.0,9.666666666666666,1434.6666666666667,3,1,At Risk,18.014200000000002
1083,128,1,1056.76,9,4.0,8.25,926.25,3,3,New Customer,12.5676
1084,219,1,3648.04,9,3.6666666666666665,7.333333333333333,1055.6666666666667,2,1,At Risk,38.4804
1086,102,1,1236.24,10,3.6666666666666665,12.333333333333334,524.3333333333334,2,3,New Customer,14.362400000000001
1087,191,1,222.61,9,4.0,17.666666666666668,951.0,1,1,At Risk,4.226100000000001
1088,311,0,0.0,2,4.0,1.0,1666.0,1,4,Lost,0.0
1089,21,1,2169.46,8,4.0,16.333333333333332,856.3333333333334,3,3,New Customer,23.6946
1090,21,1,3331.6,14,4.0,14.571428571428571,776.7142857142857,4,3,New Customer,35.316
1091,4,0,0.0,9,4.0,14.75,1005.25,2,0,Regular,0.0
1092,165,1,2987.93,6,4.5,12.5,173.0,2,1,At Risk,31.879299999999997
1093,181,0,0.0,3,4.0,3.0,193.0,0,4,Lost,0.0
1094,84,0,0.0,2,4.0,6.5,1235.5,1,0,Regular,0.0
1095,49,2,3681.54,9,4.0,3.6666666666666665,474.0,3,2,VIP,40.8154
1096,17,2,4912.93,12,4.0,16.0,846.5,3,2,VIP,53.1293
1097,334,0,0.0,8,4.0,6.0,1629.5,1,4,Lost,0.0
1098,56,0,0.0,7,4.0,12.666666666666666,1288.0,2,0,Regular,0.0
1099,87,1,2717.82,13,4.2,16.8,858.0,4,3,New Customer,29.1782
1100,140,2,788.77,3,2.5,5.0,988.0,2,1,At Risk,11.887699999999999
1101,41,1,1339.45,2,2.0,14.0,168.0,1,3,New Customer,15.3945
1102,205,0,0.0,5,4.0,14.666666666666666,1455.3333333333333,1,4,Lost,0.0
1104,322,0,0.0,1,4.0,15.0,809.0,1,4,Lost,0.0
1105,150,1,1244.58,8,4.0,16.75,761.75,3,1,At Risk,14.445799999999998
1106,207,0,0.0,6,4.0,12.0,968.5,1,4,Lost,0.0
1107,85,0,0.0,8,4.0,12.333333333333334,686.0,3,0,Regular,0.0
1108,3,0,0.0,14,4.0,14.0,858.8333333333334,3,0,Regular,0.0
1109,198,0,0.0,9,4.0,8.0,743.3333333333334,3,4,Lost,0.0
1110,40,1,2098.22,11,3.75,5.5,1089.75,3,3,New Customer,22.9822
1111,79,1,1839.86,4,4.5,19.0,1010.0,1,3,New Customer,20.3986
1112,39,1,2540.56,12,4.2,7.8,1001.4,3,3,New Customer,27.4056
1113,2,0,0.0,7,4.0,11.5,677.5,2,0,Regular,0.0
1114,78,0,0.0,4,4.0,13.0,1415.5,0,0,Regular,0.0
1115,136,1,1763.68,4,4.5,13.0,1087.0,2,1,At Risk,19.6368
1116,43,0,0.0,13,4.0,9.0,966.25,2,0,Regular,0.0
1118,350,1,4522.5,3,5.0,14.0,500.0,1,1,At Risk,47.225
1119,285,0,0.0,1,4.0,20.0,1639.0,1,4,Lost,0.0
1120,175,0,0.0,5,4.0,11.333333333333334,239.33333333333334,1,4,Lost,0.0
1121,87,1,1894.59,5,4.0,21.5,1424.0,2,3,New Customer,20.945899999999998
1122,233,0,0.0,1,4.0,21.0,863.0,1,4,Lost,0.0
1123,3,0,0.0,8,4.0,15.666666666666666,776.6666666666666,1,0,Regular,0.0
1124,67,2,1684.02,8,4.5,9.5,897.0,4,3,New Customer,20.8402
1125,30,0,0.0,10,4.0,13.25,879.75,1,0,Regular,0.0
1126,31,2,2051.36,11,4.25,16.75,632.75,3,3,New Customer,24.5136
1127,66,0,0.0,13,4.0,13.25,724.0,1,0,Regular,0.0
1128,290,0,0.0,3,4.0,3.0,618.0,0,4,Lost,0.0
1129,67,0,0.0,7,4.0,18.25,981.25,1,0,Regular,0.0
1130,11,1,1026.78,6,3.5,11.0,928.5,2,3,New Customer,12.2678
1131,181,1,1150.86,5,4.0,18.5,739.0,1,1,At Risk,13.5086
1132,117,2,3476.2200000000003,7,3.6666666666666665,8.333333333333334,901.0,3,2,VIP,38.7622
1134,31,3,7061.16,24,4.0,11.625,863.625,5,2,VIP,76.6116
1135,53,0,0.0,12,4.0,9.666666666666666,556.6666666666666,1,0,Regular,0.0
1136,272,0,0.0,4,4.0,16.0,1251.0,1,4,Lost,0.0
1138,16,1,924.05,10,4.166666666666667,11.833333333333334,993.6666666666666,5,3,New Customer,11.240499999999999
1139,226,0,0.0,4,4.0,15.5,430.0,2,4,Lost,0.0
1140,295,0,0.0,3,4.0,6.0,1580.0,0,4,Lost,0.0
1141,237,0,0.0,6,4.0,12.5,966.0,1,4,Lost,0.0
1142,88,0,0.0,13,4.0,14.25,724.0,3,0,Regular,0.0
1143,39,0,0.0,20,4.0,17.666666666666668,901.1666666666666,3,0,Regular,0.0
1144,315,0,0.0,5,4.0,21.0,1122.5,1,4,Lost,0.0
1145,55,1,997.25,3,4.5,10.5,617.0,1,3,New Customer,11.9725
1146,31,1,2950.09,10,4.25,13.25,859.0,3,3,New Customer,31.5009
1147,156,0,0.0,8,4.0,13.666666666666666,972.0,1,4,Lost,0.0
1148,29,1,843.58,10,4.25,8.0,928.0,2,3,New Customer,10.4358
1149,116,0,0.0,3,4.0,16.5,1439.5,1,0,Regular,0.0
1150,158,1,2340.49,9,4.0,18.0,184.0,2,1,At Risk,25.404899999999998
1151,14,1,673.69,10,3.8,14.2,1165.0,1,3,New Customer,8.7369
1152,108,1,772.78,1,3.0,2.0,1482.0,1,3,New Customer,9.727799999999998
1153,85,1,1069.29,1,3.0,1.0,1351.0,1,3,New Customer,12.6929
1155,5,2,4908.51,13,4.4,14.6,805.8,2,2,VIP,53.085100000000004
1156,306,0,0.0,4,4.0,17.5,986.5,0,4,Lost,0.0
1157,288,0,0.0,3,4.0,15.0,1236.0,0,4,Lost,0.0
1158,3,1,2864.37,8,4.333333333333333,19.333333333333332,948.3333333333334,2,3,New Customer,30.6437
1159,174,1,5605.16,12,4.0,10.75,452.0,3,2,VIP,58.0516
1160,138,1,2058.0,16,3.6666666666666665,15.0,778.6666666666666,4,1,At Risk,22.58
1161,114,0,0.0,5,4.0,9.0,1205.0,2,0,Regular,0.0
1162,335,1,1483.14,3,3.0,12.0,487.0,1,1,At Risk,16.831400000000002
1163,15,1,403.7,11,4.2,12.4,798.4,5,3,New Customer,6.037
1164,179,1,1126.58,10,3.6666666666666665,16.333333333333332,781.3333333333334,3,1,At Risk,13.265799999999999
1165,19,2,1357.8700000000001,13,3.2,13.8,1153.0,4,3,New Customer,17.5787
1166,11,0,0.0,2,4.0,21.0,440.0,1,0,Regular,0.0
1167,17,2,3059.2,7,3.6666666666666665,13.0,615.3333333333334,2,3,New Customer,34.592
1168,15,0,0.0,5,4.0,11.0,898.0,2,0,Regular,0.0
1169,36,2,947.29,10,4.5,15.5,1171.0,3,3,New Customer,13.4729
1171,206,0,0.0,1,4.0,9.0,915.0,1,4,Lost,0.0
1172,0,1,332.26,10,4.25,12.0,506.0,2,3,New Customer,5.3225999999999996
1174,95,1,1507.02,10,4.333333333333333,17.0,1019.0,3,3,New Customer,17.0702
1175,127,2,2666.8900000000003,7,4.333333333333333,15.666666666666666,811.3333333333334,2,3,New Customer,30.668900000000004
1176,89,0,0.0,8,4.0,5.0,935.5,2,0,Regular,0.0
1177,141,1,756.39,5,3.3333333333333335,12.0,1207.0,2,1,At Risk,9.5639
1179,144,0,0.0,3,4.0,9.0,1009.5,0,0,Regular,0.0
1181,45,0,0.0,10,4.0,11.0,794.0,1,0,Regular,0.0
1182,21,0,0.0,9,4.0,9.666666666666666,546.3333333333334,1,0,Regular,0.0
1183,45,1,5294.04,12,4.0,19.75,1005.25,3,2,VIP,54.9404
1184,56,2,3314.81,4,4.333333333333333,16.0,519.6666666666666,3,2,VIP,37.1481
1185,48,0,0.0,11,4.0,10.2,1114.6,2,0,Regular,0.0
1186,36,0,0.0,8,4.0,14.0,589.0,2,0,Regular,0.0
1187,18,2,9145.76,12,3.6666666666666665,11.0,1133.6666666666667,2,2,VIP,95.4576
1188,19,3,1550.69,7,4.25,15.75,751.5,3,3,New Customer,21.5069
1189,111,0,0.0,9,4.0,10.666666666666666,1113.0,1,0,Regular,0.0
1190,38,2,1456.45,11,4.25,8.25,1003.5,3,3,New Customer,18.564500000000002
1191,28,0,0.0,4,4.0,12.5,1039.0,1,0,Regular,0.0
1192,71,0,0.0,1,4.0,21.0,1482.0,1,0,Regular,0.0
1193,38,1,1818.94,5,4.333333333333333,5.666666666666667,1533.6666666666667,2,3,New Customer,20.1894
1194,206,0,0.0,3,4.0,3.5,1216.5,0,4,Lost,0.0
1195,1,1,1219.67,8,4.0,13.333333333333334,932.3333333333334,2,3,New Customer,14.1967
1196,33,2,5634.82,16,3.6,8.2,1109.6,5,2,VIP,60.3482
1197,25,1,4518.88,14,3.75,16.0,1150.0,3,2,VIP,47.1888
1198,165,1,973.3,3,4.5,4.5,978.5,1,1,At Risk,11.732999999999999
1199,323,0,0.0,3,4.0,13.0,257.0,0,4,Lost,0.0
1200,5,1,1897.32,12,4.25,12.75,907.5,4,3,New Customer,20.9732
1201,51,0,0.0,10,4.0,13.333333333333334,827.3333333333334,2,0,Regular,0.0
1202,247,1,1248.59,6,3.0,15.0,515.0,1,1,At Risk,14.485899999999999
1203,0,2,3619.66,15,4.0,14.5,512.1666666666666,3,2,VIP,40.1966
1204,40,1,969.32,15,3.8,12.6,1281.2,3,3,New Customer,11.693200000000001
1205,121,0,0.0,4,4.0,23.5,380.5,1,0,Regular,0.0
1206,116,1,3324.51,4,3.5,17.0,1118.0,2,3,New Customer,35.2451
1207,234,0,0.0,1,4.0,23.0,1574.0,0,4,Lost,0.0
1208,86,1,1136.65,9,3.25,9.75,1024.75,3,3,New Customer,13.3665
1209,1,1,816.6,18,4.142857142857143,11.142857142857142,787.5714285714286,4,3,New Customer,10.166
1210,163,0,0.0,7,4.0,10.666666666666666,1188.6666666666667,1,4,Lost,0.0
1211,51,0,0.0,1,4.0,14.0,694.0,1,0,Regular,0.0
1212,23,3,2666.46,15,4.0,14.0,1062.5,6,2,VIP,32.6646
1213,7,1,744.78,18,3.8333333333333335,13.0,999.0,3,3,New Customer,9.4478
1214,257,1,3055.83,4,4.0,5.0,1094.5,2,1,At Risk,32.5583
1215,52,1,1328.42,11,3.75,11.0,717.5,1,3,New Customer,15.2842
1216,313,0,0.0,7,4.0,9.5,857.0,1,4,Lost,0.0
1217,326,0,0.0,2,4.0,8.0,757.0,0,4,Lost,0.0
1218,68,2,3526.43,10,3.75,15.25,1397.5,3,2,VIP,39.2643
1219,137,0,0.0,10,4.0,12.25,814.25,1,0,Regular,0.0
1220,208,1,1765.86,10,4.333333333333333,10.666666666666666,266.0,3,1,At Risk,19.6586
1221,107,0,0.0,5,4.0,3.5,863.0,0,0,Regular,0.0
1222,58,1,898.63,14,4.166666666666667,13.666666666666666,1123.3333333333333,5,3,New Customer,10.9863
1223,47,1,522.78,3,2.5,12.5,834.5,1,3,New Customer,7.227799999999999
1224,218,0,0.0,4,4.0,9.0,1026.5,0,4,Lost,0.0
1225,72,1,268.76,8,3.75,14.25,799.5,3,3,New Customer,4.6876
1226,41,1,1203.09,9,3.3333333333333335,9.666666666666666,1239.0,1,3,New Customer,14.030899999999999
1227,18,1,4039.92,8,4.0,13.5,363.0,1,3,New Customer,42.3992
1228,300,1,829.75,5,4.5,7.0,513.5,2,1,At Risk,10.2975
1229,104,1,651.56,14,4.0,16.6,951.4,4,3,New Customer,8.5156
1230,57,0,0.0,14,4.0,13.5,748.0,2,0,Regular,0.0
1231,53,1,741.57,9,3.5,15.5,894.0,2,3,New Customer,9.415700000000001
1232,166,0,0.0,6,4.0,10.5,1132.0,0,4,Lost,0.0
1233,6,0,0.0,3,4.0,14.0,1095.5,1,0,Regular,0.0
1234,34,1,377.35,7,4.333333333333333,10.333333333333334,1082.0,1,3,New Customer,5.7735
1235,23,0,0.0,11,4.0,11.2,1086.4,2,0,Regular,0.0
1236,284,0,0.0,4,4.0,15.0,643.0,1,4,Lost,0.0
1237,4,0,0.0,6,4.0,11.0,844.6666666666666,3,0,Regular,0.0
1238,31,0,0.0,6,4.0,8.5,350.5,1,0,Regular,0.0
1239,42,0,0.0,9,4.0,10.666666666666666,1067.6666666666667,1,0,Regular,0.0
1240,61,1,1882.12,10,3.3333333333333335,5.333333333333333,1336.0,2,3,New Customer,20.821199999999997
1241,56,2,3617.15,15,4.166666666666667,14.0,854.0,2,2,VIP,40.1715
1242,7,0,0.0,4,4.0,14.5,1129.5,1,0,Regular,0.0
1243,128,1,3898.5,6,4.0,12.0,434.6666666666667,3,1,At Risk,40.985
1244,50,2,3078.65,10,4.0,10.6,1256.4,4,3,New Customer,34.786500000000004
1245,210,0,0.0,6,4.0,11.0,1217.0,1,4,Lost,0.0
1246,156,0,0.0,3,4.0,11.0,808.0,0,4,Lost,0.0
1247,236,0,0.0,4,4.0,1.0,573.0,1,4,Lost,0.0
1248,55,0,0.0,6,4.0,21.0,1247.0,1,0,Regular,0.0
1250,71,0,0.0,6,4.0,17.5,336.0,1,0,Regular,0.0
1251,35,0,0.0,6,4.0,20.5,648.5,0,0,Regular,0.0
1252,47,2,7790.94,8,3.3333333333333335,11.666666666666666,984.0,2,2,VIP,81.90939999999999
1253,62,1,2191.33,4,4.0,14.333333333333334,974.6666666666666,2,3,New Customer,23.9133
1254,213,0,0.0,3,4.0,5.0,306.0,0,4,Lost,0.0
1255,115,0,0.0,1,4.0,20.0,288.0,0,0,Regular,0.0
1256,318,0,0.0,1,4.0,1.0,1562.0,0,4,Lost,0.0
1257,258,0,0.0,6,4.0,6.5,916.5,0,4,Lost,0.0
1258,29,0,0.0,2,4.0,15.0,1623.0,1,0,Regular,0.0
1259,225,0,0.0,6,4.0,18.0,1049.0,1,4,Lost,0.0
1260,309,0,0.0,5,4.0,17.0,1362.0,2,4,Lost,0.0
1261,33,0,0.0,8,4.0,17.666666666666668,828.3333333333334,2,0,Regular,0.0
1262,87,1,797.16,8,3.6666666666666665,8.0,967.0,3,3,New Customer,9.971599999999999
1263,51,0,0.0,9,4.0,14.75,800.25,3,0,Regular,0.0
1264,97,1,1712.22,6,4.333333333333333,15.333333333333334,1122.3333333333333,2,3,New Customer,19.1222
1266,5,0,0.0,6,4.0,12.666666666666666,1164.3333333333333,2,0,Regular,0.0
1267,43,0,0.0,12,4.0,13.25,723.5,2,0,Regular,0.0
1268,14,1,1455.21,9,4.0,10.333333333333334,623.6666666666666,2,3,New Customer,16.552100000000003
1269,48,1,1787.02,10,4.25,18.75,650.75,3,3,New Customer,19.8702
1270,98,2,3845.93,9,4.25,15.5,728.5,3,2,VIP,42.4593
1271,34,1,1130.35,16,3.625,12.0,1140.25,5,3,New Customer,13.3035
1273,241,0,0.0,4,4.0,6.0,697.0,0,4,Lost,0.0
1274,103,1,2065.7,5,3.3333333333333335,20.666666666666668,1052.6666666666667,2,3,New Customer,22.656999999999996
1275,134,2,7788.92,12,3.5,14.5,1021.0,3,2,VIP,81.8892
1277,3,1,414.36,7,4.0,10.75,993.75,3,3,New Customer,6.1436
1278,82,2,4367.72,11,3.5,11.5,581.75,4,2,VIP,47.6772
1279,71,1,3180.17,13,4.0,13.0,642.3333333333334,3,3,New Customer,33.8017
1280,79,0,0.0,4,4.0,9.5,659.5,1,0,Regular,0.0
1281,107,0,0.0,11,4.0,15.666666666666666,879.3333333333334,1,0,Regular,0.0
1282,39,1,281.46,4,3.5,23.0,1346.0,2,3,New Customer,4.8146
1283,50,1,3166.32,6,3.5,8.0,1113.5,2,3,New Customer,33.6632
1284,92,1,6649.04,11,3.25,4.25,1320.0,2,2,VIP,68.4904
1285,240,1,2942.34,10,4.0,17.666666666666668,1607.0,1,1,At Risk,31.4234
1286,29,0,0.0,4,4.0,21.0,311.0,0,0,Regular,0.0
1287,195,0,0.0,7,4.0,8.666666666666666,816.3333333333334,2,4,Lost,0.0
1288,332,0,0.0,5,4.0,21.5,1229.0,0,4,Lost,0.0
1289,145,0,0.0,3,4.0,9.0,554.5,0,0,Regular,0.0
1290,43,2,1015.65,6,4.5,9.25,1117.5,3,3,New Customer,14.1565
1291,139,1,2457.68,5,3.5,9.0,1307.5,2,1,At Risk,26.5768
1292,288,2,3075.91,5,3.0,10.5,789.5,2,1,At Risk,34.759100000000004
1293,203,0,0.0,5,4.0,13.5,606.5,0,4,Lost,0.0
1294,170,0,0.0,4,4.0,14.0,443.0,0,4,Lost,0.0
1295,174,1,267.34,9,4.0,12.5,1431.25,2,1,At Risk,4.673399999999999
1296,321,0,0.0,4,4.0,20.0,1305.0,0,4,Lost,0.0
1297,83,0,0.0,6,4.0,16.5,966.5,2,0,Regular,0.0
1298,277,1,285.16,1,4.0,9.0,918.0,1,1,At Risk,4.8516
1299,13,0,0.0,8,4.0,15.333333333333334,1063.3333333333333,2,0,Regular,0.0
1300,28,0,0.0,8,4.0,10.75,1095.75,2,0,Regular,0.0
1301,62,0,0.0,4,4.0,16.0,839.5,2,0,Regular,0.0
1302,41,1,821.62,2,3.0,16.5,518.0,2,3,New Customer,10.2162
1303,316,1,989.88,3,5.0,5.0,1726.0,1,1,At Risk,11.8988
1304,80,1,529.27,2,4.0,9.0,1683.5,2,3,New Customer,7.2927
1305,80,0,0.0,7,4.0,12.5,1226.0,1,0,Regular,0.0
1306,117,0,0.0,10,4.0,9.0,689.6666666666666,2,0,Regular,0.0
1307,68,1,553.52,3,4.5,13.5,776.5,2,3,New Customer,7.5352
1308,19,1,566.61,12,3.5,11.5,987.75,3,3,New Customer,7.6661
1309,270,0,0.0,6,4.0,19.0,1045.0,1,4,Lost,0.0
1310,7,0,0.0,21,4.0,10.0,1459.0,3,0,Regular,0.0
1311,347,0,0.0,2,4.0,20.0,778.0,0,4,Lost,0.0
1312,188,2,6037.98,7,3.6666666666666665,8.333333333333334,665.3333333333334,2,2,VIP,64.37979999999999
1313,121,0,0.0,4,4.0,15.5,967.0,1,0,Regular,0.0
1314,236,0,0.0,2,4.0,9.0,218.0,1,4,Lost,0.0
1315,70,1,1937.57,10,4.25,8.0,1050.5,2,3,New Customer,21.3757
1316,19,5,9432.31,16,4.142857142857143,8.714285714285714,856.4285714285714,7,2,VIP,104.3231
1317,29,4,8119.4400000000005,14,3.5,5.333333333333333,546.5,5,2,VIP,89.1944
1318,28,2,1692.53,15,4.0,18.4,922.0,3,3,New Customer,20.9253
1319,109,2,3602.98,12,4.5,10.25,1192.5,3,2,VIP,40.0298
1320,116,0,0.0,4,4.0,6.0,1029.0,0,0,Regular,0.0
1322,43,2,2239.44,12,4.4,16.2,660.8,4,3,New Customer,26.3944
1323,211,1,3132.29,8,3.6666666666666665,13.666666666666666,796.3333333333334,1,1,At Risk,33.322900000000004
1324,34,1,3519.68,13,3.5,11.5,1069.25,2,3,New Customer,37.196799999999996
1325,27,0,0.0,22,4.0,11.714285714285714,898.2857142857143,5,0,Regular,0.0
1326,4,0,0.0,4,4.0,8.0,1302.5,1,0,Regular,0.0
1327,0,2,4069.45,7,3.0,10.333333333333334,1089.6666666666667,3,2,VIP,44.6945
1328,19,0,0.0,10,4.0,14.25,1012.0,2,0,Regular,0.0
1329,2,1,443.01,10,4.25,9.75,894.5,3,3,New Customer,6.4300999999999995
1330,22,0,0.0,4,4.0,17.0,805.0,1,0,Regular,0.0
1331,132,1,4930.51,10,3.3333333333333335,12.0,434.0,3,2,VIP,51.3051
1332,84,1,3016.32,12,4.25,14.0,872.5,4,3,New Customer,32.1632
1333,70,0,0.0,1,4.0,18.0,1202.0,1,0,Regular,0.0
1334,14,5,12203.21,18,3.75,16.75,794.0,6,2,VIP,132.03209999999999
1335,9,3,3522.92,13,4.0,4.333333333333333,1033.1666666666667,3,2,VIP,41.2292
1336,108,1,3797.19,10,4.0,12.666666666666666,899.0,3,3,New Customer,39.9719
1337,229,1,783.06,4,3.5,17.0,668.5,2,1,At Risk,9.8306
1338,196,0,0.0,8,4.0,8.0,780.5,1,4,Lost,0.0
1339,5,1,530.31,9,4.0,13.2,1079.4,3,3,New Customer,7.3031
1340,159,0,0.0,2,4.0,17.0,1255.0,1,4,Lost,0.0
1341,16,0,0.0,3,4.0,7.0,102.0,0,0,Regular,0.0
1342,69,0,0.0,5,4.0,8.0,811.0,0,0,Regular,0.0
1343,22,1,3053.36,16,3.8333333333333335,8.0,799.8333333333334,4,3,New Customer,32.5336
1344,156,0,0.0,7,4.0,16.666666666666668,1010.3333333333334,2,4,Lost,0.0
1345,9,1,256.67,4,3.75,6.25,570.25,3,3,New Customer,4.5667
1346,108,0,0.0,13,4.0,11.25,857.25,1,0,Regular,0.0
1347,146,1,3357.67,8,4.333333333333333,2.3333333333333335,1014.3333333333334,2,1,At Risk,35.5767
1348,18,1,4789.77,12,3.75,16.5,1083.0,3,2,VIP,49.89770000000001
1349,100,1,307.29,8,4.25,11.5,875.0,2,3,New Customer,5.072900000000001
1350,244,3,1480.29,12,4.333333333333333,9.5,773.0,5,1,At Risk,20.8029
1351,88,1,4652.64,5,3.5,12.0,537.0,1,2,VIP,48.5264
1352,192,2,1316.79,13,3.8,13.0,848.2,3,1,At Risk,17.1679
1353,226,0,0.0,7,4.0,12.666666666666666,1327.6666666666667,1,4,Lost,0.0
1354,291,0,0.0,4,4.0,18.0,989.0,1,4,Lost,0.0
1355,24,0,0.0,9,4.0,10.0,953.6666666666666,3,0,Regular,0.0
1356,105,1,2397.1,3,4.5,13.0,988.0,1,3,New Customer,25.971
1357,300,1,1199.55,3,2.0,23.0,692.0,1,1,At Risk,13.9955
1358,312,0,0.0,2,4.0,1.0,588.0,1,4,Lost,0.0
1359,39,0,0.0,5,4.0,12.0,1017.5,2,0,Regular,0.0
1360,138,3,3696.46,8,3.6666666666666665,7.333333333333333,903.6666666666666,3,2,VIP,42.9646
1361,2,3,4596.29,5,3.3333333333333335,11.666666666666666,1319.6666666666667,3,2,VIP,51.9629
1362,143,1,3356.54,9,4.0,16.0,1147.6666666666667,2,1,At Risk,35.5654
1363,150,2,181.93,10,4.25,16.25,808.75,4,1,At Risk,5.8193
1364,67,0,0.0,4,4.0,15.0,1467.0,1,0,Regular,0.0
1365,56,2,3247.63,7,4.5,14.75,636.5,3,2,VIP,36.4763
1366,42,1,4299.17,14,4.0,13.333333333333334,1031.8333333333333,3,3,New Customer,44.9917
1367,51,0,0.0,6,4.0,24.0,609.0,1,0,Regular,0.0
1368,122,2,4747.9400000000005,13,4.25,13.0,832.0,4,2,VIP,51.479400000000005
1369,235,0,0.0,1,4.0,16.0,470.0,1,4,Lost,0.0
1370,55,1,1920.92,4,3.5,10.5,588.0,1,3,New Customer,21.2092
1371,62,0,0.0,8,4.0,9.0,210.5,0,0,Regular,0.0
1372,24,2,7627.08,11,3.6666666666666665,7.333333333333333,1100.6666666666667,2,2,VIP,80.2708
1374,22,0,0.0,6,4.0,12.333333333333334,278.6666666666667,2,0,Regular,0.0
1375,237,0,0.0,1,4.0,13.0,1021.0,0,4,Lost,0.0
1376,105,0,0.0,6,4.0,4.5,694.5,0,0,Regular,0.0
1377,270,0,0.0,1,4.0,9.0,1043.0,0,4,Lost,0.0
1378,30,3,2604.1,6,4.0,15.333333333333334,948.3333333333334,3,2,VIP,32.041
1379,222,1,863.94,4,4.0,17.0,1243.0,1,1,At Risk,10.6394
1380,155,1,700.35,4,3.5,12.0,1237.5,1,1,At Risk,9.003499999999999
1381,162,1,566.3,4,3.6666666666666665,11.0,994.0,2,1,At Risk,7.662999999999999
1382,106,2,4061.77,6,4.333333333333333,17.333333333333332,992.6666666666666,2,2,VIP,44.6177
1383,303,0,0.0,1,4.0,5.0,1319.0,1,4,Lost,0.0
1384,46,0,0.0,6,4.0,8.666666666666666,1196.3333333333333,3,0,Regular,0.0
1385,345,1,3694.52,4,5.0,8.0,1246.0,1,1,At Risk,38.9452
1386,43,2,3064.78,6,4.333333333333333,5.666666666666667,913.0,3,3,New Customer,34.647800000000004
1387,23,2,1111.73,3,3.3333333333333335,11.333333333333334,1360.6666666666667,3,3,New Customer,15.1173
1388,202,1,3964.28,18,4.0,16.857142857142858,581.8571428571429,3,1,At Risk,41.6428
1389,242,0,0.0,6,4.0,19.5,1396.5,2,4,Lost,0.0
1390,38,0,0.0,11,4.0,11.25,1203.75,1,0,Regular,0.0
1391,8,0,0.0,14,4.0,19.0,1169.5,2,0,Regular,0.0
1393,269,0,0.0,7,4.0,5.0,1135.0,1,4,Lost,0.0
1394,218,0,0.0,8,4.0,11.666666666666666,821.3333333333334,2,4,Lost,0.0
1395,9,2,2703.44,19,4.285714285714286,11.0,1112.4285714285713,3,3,New Customer,31.0344
1396,118,0,0.0,2,4.0,7.0,1685.0,1,0,Regular,0.0
1397,154,1,2856.24,14,3.8,13.8,1247.8,3,1,At Risk,30.562399999999997
1398,191,1,663.37,11,3.75,9.75,918.75,3,1,At Risk,8.633700000000001
1399,18,0,0.0,7,4.0,15.0,147.5,2,0,Regular,0.0
1400,55,1,527.51,5,3.0,16.5,858.5,1,3,New Customer,7.2751
1401,174,0,0.0,3,4.0,12.666666666666666,1047.0,1,4,Lost,0.0
1402,119,0,0.0,6,4.0,11.0,1374.3333333333333,1,0,Regular,0.0
1403,0,2,2038.8500000000001,12,4.166666666666667,8.333333333333334,1110.5,3,3,New Customer,24.3885
1404,31,2,1646.99,16,4.166666666666667,11.833333333333334,712.0,3,3,New Customer,20.4699
1405,114,1,1296.62,11,4.0,10.666666666666666,499.0,2,3,New Customer,14.966199999999999
1406,233,0,0.0,8,4.0,16.333333333333332,377.0,1,4,Lost,0.0
1407,218,0,0.0,2,4.0,5.0,1008.0,0,4,Lost,0.0
1408,34,0,0.0,8,4.0,5.0,668.5,1,0,Regular,0.0
1409,220,0,0.0,5,4.0,17.0,1156.0,1,4,Lost,0.0
1410,57,1,162.49,13,3.6,10.2,925.4,2,3,New Customer,3.6249000000000002
1411,224,0,0.0,6,4.0,13.5,1230.0,1,4,Lost,0.0
1412,3,1,698.61,7,3.6666666666666665,12.0,1168.3333333333333,2,3,New Customer,8.9861
1413,179,0,0.0,9,4.0,5.333333333333333,1243.6666666666667,3,4,Lost,0.0
1414,137,0,0.0,5,4.0,11.0,1111.0,2,0,Regular,0.0
1416,66,0,0.0,9,4.0,9.6,904.4,2,0,Regular,0.0
1417,0,0,0.0,10,4.0,14.8,672.2,2,0,Regular,0.0
1418,54,1,829.86,5,4.5,22.0,1283.5,2,3,New Customer,10.2986
1419,99,2,5203.04,14,3.5,9.666666666666666,830.6666666666666,3,2,VIP,56.0304
1420,90,1,4219.62,8,4.0,15.0,1197.0,1,3,New Customer,44.1962
1421,86,0,0.0,6,4.0,8.0,139.5,1,0,Regular,0.0
1422,119,1,2685.78,5,4.5,7.0,1415.0,1,3,New Customer,28.8578
1423,104,1,1066.1,3,2.5,9.5,950.5,1,3,New Customer,12.661
1424,22,1,513.7,5,3.0,19.5,1408.0,2,3,New Customer,7.1370000000000005
1425,79,1,518.32,10,4.0,17.0,1112.5,3,3,New Customer,7.1832
1426,14,0,0.0,14,4.0,13.166666666666666,768.6666666666666,5,0,Regular,0.0
1427,27,1,2279.68,9,3.5,19.75,803.75,3,3,New Customer,24.796799999999998
1429,66,0,0.0,5,4.0,18.5,945.0,2,0,Regular,0.0
1430,7,1,3753.0,5,3.0,15.5,472.0,1,3,New Customer,39.53
1431,54,0,0.0,1,4.0,1.0,1538.0,1,0,Regular,0.0
1432,189,0,0.0,4,4.0,17.0,1338.0,1,4,Lost,0.0
1433,241,2,8307.94,8,2.5,9.5,520.0,2,2,VIP,87.0794
1434,8,1,2580.84,7,3.6666666666666665,11.333333333333334,687.3333333333334,1,3,New Customer,27.808400000000002
1435,347,0,0.0,2,4.0,4.0,1393.0,1,4,Lost,0.0
1436,249,1,3005.46,6,4.0,14.0,524.5,2,1,At Risk,32.0546
1437,59,2,1919.23,9,3.8,17.8,852.8,4,3,New Customer,23.1923
1438,30,1,313.88,4,4.0,13.666666666666666,1319.3333333333333,2,3,New Customer,5.1388
1439,117,0,0.0,6,4.0,14.5,758.0,1,0,Regular,0.0
1440,92,1,5960.25,9,4.25,11.75,1001.0,1,2,VIP,61.6025
1441,39,1,503.92,9,4.0,12.0,1008.6666666666666,2,3,New Customer,7.0392
1442,115,0,0.0,9,4.0,10.25,379.25,3,0,Regular,0.0
1443,57,0,0.0,7,4.0,14.333333333333334,900.0,3,0,Regular,0.0
1445,82,2,2774.91,7,3.75,19.25,1218.75,4,3,New Customer,31.7491
1446,78,0,0.0,9,4.0,13.333333333333334,1193.6666666666667,1,0,Regular,0.0
1447,18,2,2317.7200000000003,11,4.2,16.8,553.4,3,3,New Customer,27.177200000000003
1448,16,0,0.0,9,4.0,8.333333333333334,863.3333333333334,2,0,Regular,0.0
1450,209,1,2384.76,12,4.333333333333333,10.666666666666666,620.3333333333334,2,1,At Risk,25.847600000000003
1451,94,1,471.13,4,4.0,11.5,1287.5,2,3,New Customer,6.7113
1452,326,0,0.0,3,4.0,6.0,523.0,0,4,Lost,0.0
1453,60,0,0.0,7,4.0,11.75,1076.0,1,0,Regular,0.0
1454,49,1,2611.03,16,3.8333333333333335,14.333333333333334,792.0,3,3,New Customer,28.110300000000002
1455,64,1,254.85,6,3.3333333333333335,9.0,1184.6666666666667,2,3,New Customer,4.5485
1456,260,2,2899.21,3,4.5,16.0,1511.5,2,1,At Risk,32.9921
1457,162,0,0.0,8,4.0,8.666666666666666,498.3333333333333,2,4,Lost,0.0
1458,22,2,2026.27,7,4.2,7.8,779.4,3,3,New Customer,24.2627
1459,243,0,0.0,3,4.0,24.0,1594.0,0,4,Lost,0.0
1460,88,0,0.0,2,4.0,17.0,1420.0,0,0,Regular,0.0
1461,5,1,579.51,1,3.0,10.0,988.0,1,3,New Customer,7.7951
1462,52,2,1191.03,7,4.0,10.666666666666666,1306.0,2,3,New Customer,15.9103
1463,24,1,4949.6,11,4.333333333333333,11.333333333333334,1130.6666666666667,3,2,VIP,51.496
1464,24,2,1238.58,12,3.8,12.4,1342.6,4,3,New Customer,16.3858
1465,113,0,0.0,19,4.0,9.333333333333334,753.0,5,0,Regular,0.0
1466,102,1,1417.23,5,4.0,19.0,326.0,2,3,New Customer,16.1723
1467,128,2,1121.45,12,4.2,16.0,1026.2,4,3,New Customer,15.214500000000001
1468,160,0,0.0,10,4.0,17.0,835.0,2,4,Lost,0.0
1469,91,0,0.0,4,4.0,12.5,292.0,1,0,Regular,0.0
1470,87,0,0.0,12,4.0,9.0,679.25,3,0,Regular,0.0
1471,46,1,1161.18,8,4.333333333333333,15.0,1144.0,2,3,New Customer,13.6118
1472,70,1,220.52,8,3.3333333333333335,17.0,1233.3333333333333,1,3,New Customer,4.2052
1473,142,1,1213.67,11,4.0,5.333333333333333,859.6666666666666,2,1,At Risk,14.136700000000001
1474,108,0,0.0,2,4.0,18.0,527.5,1,0,Regular,0.0
1475,16,0,0.0,3,4.0,16.0,471.0,1,0,Regular,0.0
1477,28,1,2809.28,10,3.6666666666666665,10.666666666666666,1105.6666666666667,2,3,New Customer,30.0928
1478,45,1,656.62,6,4.0,13.333333333333334,1012.6666666666666,1,3,New Customer,8.5662
1479,24,1,2925.48,10,4.0,11.8,840.2,3,3,New Customer,31.2548
1480,111,0,0.0,3,4.0,12.0,585.3333333333334,2,0,Regular,0.0
1482,364,0,0.0,4,4.0,3.0,784.0,1,4,Lost,0.0
1483,21,2,4226.91,4,4.0,16.5,886.5,2,2,VIP,46.2691
1484,60,2,4044.9100000000003,16,3.5,14.833333333333334,704.5,6,2,VIP,44.4491
1485,53,0,0.0,6,4.0,11.0,519.0,1,0,Regular,0.0
1486,245,1,2089.06,4,4.5,15.0,668.0,1,1,At Risk,22.8906
1487,64,1,5778.76,10,4.333333333333333,16.0,961.0,1,2,VIP,59.787600000000005
1488,95,0,0.0,7,4.0,11.5,383.0,2,0,Regular,0.0
1489,45,2,730.27,7,4.0,9.6,874.6,2,3,New Customer,11.3027
1490,39,1,1211.39,8,4.0,18.75,506.0,3,3,New Customer,14.113900000000001
1491,38,0,0.0,4,4.0,13.0,737.0,2,0,Regular,0.0
1492,14,2,2307.7699999999995,11,3.8333333333333335,8.833333333333334,1171.0,4,3,New Customer,27.077699999999997
1493,306,1,416.59,1,3.0,3.0,419.0,1,1,At Risk,6.1659
1494,54,0,0.0,8,4.0,9.666666666666666,931.0,2,0,Regular,0.0
1495,17,0,0.0,6,4.0,13.0,883.5,1,0,Regular,0.0
1496,9,2,2929.2999999999997,14,4.2,10.6,603.6,3,3,New Customer,33.29299999999999
1497,104,1,5020.5,7,4.5,7.0,1730.0,1,2,VIP,52.205
1498,24,1,5302.37,11,3.75,12.75,452.0,1,2,VIP,55.0237
1499,0,1,131.96,12,4.0,18.4,941.4,5,3,New Customer,3.3196000000000003
1500,4,0,0.0,6,4.0,18.5,1562.0,1,0,Regular,0.0
1501,143,1,6016.54,4,5.0,10.0,127.0,1,2,VIP,62.1654
1502,149,0,0.0,2,4.0,19.0,972.0,1,0,Regular,0.0
1503,64,1,4151.74,10,3.75,12.75,1148.0,4,3,New Customer,43.517399999999995
1505,75,1,574.4,13,4.0,14.25,884.0,4,3,New Customer,7.744
1506,92,4,11867.1,17,3.2,9.8,1118.6,4,2,VIP,126.671
1507,0,0,0.0,4,4.0,13.0,965.0,0,0,Regular,0.0
1508,277,0,0.0,2,4.0,4.0,1451.0,1,4,Lost,0.0
1509,11,1,963.2,5,4.0,13.0,1218.5,2,3,New Customer,11.632
1510,39,1,4993.48,11,4.0,14.666666666666666,1422.0,2,2,VIP,51.934799999999996
1511,1,0,0.0,4,4.0,10.5,1034.0,0,0,Regular,0.0
1512,79,0,0.0,5,4.0,5.0,764.0,0,0,Regular,0.0
1513,186,1,165.17,8,3.75,10.25,933.75,2,1,At Risk,3.6517
1514,66,0,0.0,6,4.0,13.0,925.5,2,0,Regular,0.0
1515,14,3,1602.91,11,4.0,16.8,1310.6,3,3,New Customer,22.0291
1516,31,0,0.0,7,4.0,12.0,989.5,0,0,Regular,0.0
1517,142,1,2029.92,12,4.0,11.75,762.75,4,1,At Risk,22.2992
1518,7,3,6890.76,11,4.0,9.5,1506.25,4,2,VIP,74.9076
1519,34,0,0.0,6,4.0,5.0,791.0,2,0,Regular,0.0
1520,18,0,0.0,2,4.0,23.0,514.0,0,0,Regular,0.0
1521,95,1,334.46,6,4.0,6.333333333333333,807.0,2,3,New Customer,5.3446
1522,63,0,0.0,14,4.0,10.25,790.0,4,0,Regular,0.0
1523,243,1,5576.1,6,4.0,9.333333333333334,987.0,2,1,At Risk,57.761
1524,76,1,972.99,13,4.0,10.2,728.0,2,3,New Customer,11.7299
1525,18,0,0.0,2,4.0,15.0,54.0,1,0,Regular,0.0
1526,1,0,0.0,12,4.0,8.25,634.0,0,0,Regular,0.0
1527,87,1,476.82,1,4.0,10.0,294.0,1,3,New Customer,6.7682
1528,352,0,0.0,7,4.0,14.0,291.0,1,4,Lost,0.0
1529,104,2,4588.91,4,4.0,9.666666666666666,1317.6666666666667,3,2,VIP,49.8891
1530,7,2,1126.92,5,4.5,7.5,910.5,2,3,New Customer,15.269200000000001
1531,3,1,2598.35,2,3.0,21.0,1152.0,1,3,New Customer,27.9835
1532,43,1,3212.5,12,4.0,9.8,892.8,3,3,New Customer,34.125
1533,248,1,1858.18,4,4.0,8.0,989.0,1,1,At Risk,20.5818
1534,162,0,0.0,13,4.0,13.5,462.25,2,4,Lost,0.0
1535,34,0,0.0,9,4.0,14.25,1204.75,3,0,Regular,0.0
1536,278,0,0.0,2,4.0,11.0,504.0,1,4,Lost,0.0
1537,66,0,0.0,6,4.0,12.5,1294.5,1,0,Regular,0.0
1538,51,1,1661.69,13,4.0,17.2,762.4,2,3,New Customer,18.6169
1539,26,2,4421.79,8,3.25,16.5,732.5,2,2,VIP,48.2179
1541,39,0,0.0,4,4.0,18.0,1405.0,1,0,Regular,0.0
1542,100,0,0.0,4,4.0,19.0,1252.5,1,0,Regular,0.0
1543,59,1,4321.89,13,4.25,11.0,713.0,4,3,New Customer,45.218900000000005
1544,58,0,0.0,8,4.0,14.5,702.0,2,0,Regular,0.0
1545,25,2,1395.81,15,4.142857142857143,16.571428571428573,570.0,4,3,New Customer,17.9581
1546,321,0,0.0,4,4.0,19.0,146.0,0,4,Lost,0.0
1547,157,0,0.0,11,4.0,17.666666666666668,871.0,2,4,Lost,0.0
1548,122,1,2348.55,3,5.0,3.0,165.0,1,3,New Customer,25.485500000000002
1550,4,2,7921.13,14,4.0,13.8,729.4,4,2,VIP,83.2113
1551,7,1,641.61,8,3.75,13.5,465.75,4,3,New Customer,8.4161
1552,326,0,0.0,1,4.0,23.0,437.0,1,4,Lost,0.0
1553,306,0,0.0,6,4.0,10.5,849.5,1,4,Lost,0.0
1554,13,0,0.0,10,4.0,19.333333333333332,1134.6666666666667,1,0,Regular,0.0
1555,146,1,2601.76,7,4.333333333333333,14.0,578.0,1,1,At Risk,28.0176
1556,20,0,0.0,10,4.0,16.5,479.0,2,0,Regular,0.0
1557,277,1,1890.24,5,2.5,17.0,733.0,2,1,At Risk,20.9024
1558,38,0,0.0,7,4.0,14.0,1353.0,1,0,Regular,0.0
1559,240,0,0.0,2,4.0,15.0,1440.0,1,4,Lost,0.0
1560,20,1,1852.44,7,4.5,10.5,1141.5,2,3,New Customer,20.5244
1561,98,0,0.0,5,4.0,5.0,1039.0,1,0,Regular,0.0
1562,213,0,0.0,5,4.0,12.666666666666666,1122.0,2,4,Lost,0.0
1563,8,0,0.0,10,4.0,15.666666666666666,785.0,2,0,Regular,0.0
1564,52,1,1536.96,14,4.0,13.6,864.2,2,3,New Customer,17.3696
1565,351,0,0.0,4,4.0,4.0,1566.0,1,4,Lost,0.0
1566,108,1,589.15,7,4.333333333333333,7.0,797.6666666666666,3,3,New Customer,7.8915
1567,113,0,0.0,4,4.0,14.0,929.0,0,0,Regular,0.0
1568,157,0,0.0,1,4.0,18.0,442.0,1,4,Lost,0.0
1569,96,1,2879.92,14,4.2,14.2,965.8,4,3,New Customer,30.7992
1570,106,1,3623.82,10,4.333333333333333,10.333333333333334,1001.0,1,3,New Customer,38.2382
1571,142,1,2562.31,5,3.5,17.0,1048.5,1,1,At Risk,27.6231
1572,345,0,0.0,5,4.0,11.0,913.0,1,4,Lost,0.0
1573,133,0,0.0,7,4.0,11.0,962.0,2,0,Regular,0.0
1574,9,0,0.0,3,4.0,14.0,906.5,0,0,Regular,0.0
1575,50,0,0.0,7,4.0,9.25,1327.5,0,0,Regular,0.0
1576,228,0,0.0,1,4.0,22.0,1426.0,0,4,Lost,0.0
1577,93,1,1887.37,10,4.0,15.75,989.75,3,3,New Customer,20.8737
1578,11,0,0.0,1,4.0,4.0,74.0,0,0,Regular,0.0
1579,2,0,0.0,9,4.0,14.25,933.75,4,0,Regular,0.0
1580,20,0,0.0,1,4.0,17.0,1461.0,1,0,Regular,0.0
1581,120,1,956.08,2,3.5,11.5,1053.0,2,3,New Customer,11.5608
1582,182,0,0.0,9,4.0,4.25,746.5,3,4,Lost,0.0
1583,46,0,0.0,10,4.0,16.666666666666668,1274.6666666666667,0,0,Regular,0.0
1584,294,0,0.0,6,4.0,11.5,859.0,1,4,Lost,0.0
1585,231,1,4847.17,7,4.333333333333333,16.0,1178.6666666666667,2,1,At Risk,50.4717
1586,63,0,0.0,9,4.0,9.25,873.25,2,0,Regular,0.0
1587,160,0,0.0,1,4.0,12.0,268.0,1,4,Lost,0.0
1588,69,0,0.0,2,4.0,2.0,220.0,0,0,Regular,0.0
1589,48,1,1146.6,4,4.333333333333333,9.666666666666666,634.0,3,3,New Customer,13.466
1591,61,0,0.0,9,4.0,19.666666666666668,1146.3333333333333,2,0,Regular,0.0
1592,13,0,0.0,5,4.0,13.0,1219.0,1,0,Regular,0.0
1593,47,0,0.0,10,4.0,9.75,1396.5,3,0,Regular,0.0
1594,10,0,0.0,17,4.0,15.4,1385.4,2,0,Regular,0.0
1595,101,1,253.56,6,3.0,16.0,1225.0,2,3,New Customer,4.5356000000000005
1596,220,0,0.0,3,4.0,24.0,1579.0,0,4,Lost,0.0
1597,224,0,0.0,12,4.0,14.25,808.5,3,4,Lost,0.0
1598,66,0,0.0,12,4.0,12.6,1180.8,2,0,Regular,0.0
1599,57,2,3167.7400000000002,7,4.0,14.5,755.5,4,2,VIP,35.677400000000006
1600,34,1,970.88,5,2.5,14.0,277.0,1,3,New Customer,11.7088
1601,134,1,1166.22,4,4.5,14.0,421.0,2,3,New Customer,13.6622
1602,151,0,0.0,3,4.0,17.5,531.0,1,4,Lost,0.0
1603,159,0,0.0,4,4.0,2.0,522.0,1,4,Lost,0.0
1604,160,1,425.65,8,4.0,7.2,969.6,2,1,At Risk,6.2565
1605,127,0,0.0,6,4.0,17.5,943.0,1,0,Regular,0.0
1606,66,0,0.0,3,4.0,18.0,716.5,1,0,Regular,0.0
1607,131,1,766.55,9,4.25,11.75,1076.25,3,3,New Customer,9.6655
1608,78,4,8634.02,16,3.8,12.4,630.4,4,2,VIP,94.34020000000001
1609,144,0,0.0,7,4.0,11.0,789.0,1,0,Regular,0.0
1610,285,0,0.0,4,4.0,23.0,94.0,0,4,Lost,0.0
1611,130,0,0.0,13,4.0,10.8,419.4,3,0,Regular,0.0
1612,44,1,2539.1,7,4.0,12.5,411.5,2,3,New Customer,27.391
1613,17,2,2440.56,7,3.3333333333333335,18.666666666666668,915.6666666666666,3,3,New Customer,28.4056
1614,229,0,0.0,7,4.0,6.0,845.0,1,4,Lost,0.0
1615,11,1,2330.22,11,4.2,16.4,651.8,3,3,New Customer,25.3022
1616,313,0,0.0,6,4.0,17.0,423.5,2,4,Lost,0.0
1617,193,0,0.0,2,4.0,8.0,714.0,1,4,Lost,0.0
1618,32,2,1529.82,7,3.3333333333333335,14.666666666666666,932.0,2,3,New Customer,19.2982
1619,204,0,0.0,5,4.0,9.0,567.5,1,4,Lost,0.0
1620,144,1,4390.95,7,4.0,12.666666666666666,920.0,3,1,At Risk,45.9095
1621,301,0,0.0,2,4.0,3.0,617.0,1,4,Lost,0.0
1622,45,1,1951.13,12,4.0,11.5,1088.25,1,3,New Customer,21.511300000000002
1623,52,0,0.0,6,4.0,13.666666666666666,601.3333333333334,1,0,Regular,0.0
1624,153,2,1483.5700000000002,9,4.0,13.0,932.25,3,1,At Risk,18.835700000000003
1625,312,0,0.0,3,4.0,14.0,365.5,1,4,Lost,0.0
1626,0,0,0.0,15,4.0,11.8,825.8,3,0,Regular,0.0
1627,139,1,1327.0,2,5.0,22.0,802.0,1,1,At Risk,15.27
1628,17,0,0.0,12,4.0,12.333333333333334,1022.8333333333334,5,0,Regular,0.0
1629,127,1,432.01,5,3.3333333333333335,16.333333333333332,886.0,3,3,New Customer,6.3201
1630,127,0,0.0,8,4.0,11.333333333333334,480.0,1,0,Regular,0.0
1631,104,1,2336.52,11,4.333333333333333,16.333333333333332,1277.6666666666667,1,3,New Customer,25.3652
1632,14,2,1683.59,11,3.8,12.4,817.2,3,3,New Customer,20.8359
1633,93,0,0.0,3,4.0,7.0,1566.0,1,0,Regular,0.0
1634,145,0,0.0,15,4.0,11.0,760.5,3,0,Regular,0.0
1635,182,2,1696.4,11,4.2,9.8,890.6,5,1,At Risk,20.964000000000002
1636,203,0,0.0,6,4.0,6.0,812.5,1,4,Lost,0.0
1637,141,0,0.0,6,4.0,23.0,439.0,1,0,Regular,0.0
1638,24,0,0.0,7,4.0,13.5,953.0,1,0,Regular,0.0
1639,101,0,0.0,11,4.0,11.666666666666666,611.3333333333334,2,0,Regular,0.0
1640,234,1,765.98,4,4.0,18.0,1462.0,2,1,At Risk,9.6598
1641,39,1,1094.88,12,4.25,14.75,1204.25,4,3,New Customer,12.9488
1642,29,0,0.0,4,4.0,16.0,1340.5,0,0,Regular,0.0
1643,293,0,0.0,2,4.0,5.5,974.5,2,4,Lost,0.0
1644,65,2,1552.99,10,3.5,8.75,902.5,4,3,New Customer,19.529899999999998
1645,224,1,3067.74,8,3.5,15.0,843.5,2,1,At Risk,32.6774
1646,19,2,5386.24,21,3.875,13.0,621.75,4,2,VIP,57.8624
1647,6,2,3613.1000000000004,6,3.6666666666666665,10.333333333333334,1119.3333333333333,3,2,VIP,40.131
1648,199,0,0.0,4,4.0,11.5,1176.0,1,4,Lost,0.0
1649,15,1,1929.76,3,3.0,10.5,846.5,2,3,New Customer,21.2976
1651,140,0,0.0,7,4.0,16.5,1019.0,0,0,Regular,0.0
1652,56,0,0.0,9,4.0,10.75,793.5,2,0,Regular,0.0
1653,308,0,0.0,2,4.0,14.0,1105.0,1,4,Lost,0.0
1655,76,0,0.0,3,4.0,16.0,981.0,1,0,Regular,0.0
1656,57,0,0.0,10,4.0,13.666666666666666,103.33333333333333,3,0,Regular,0.0
1657,200,2,1068.19,6,4.666666666666667,13.0,1091.0,3,1,At Risk,14.6819
1658,100,1,1048.12,6,4.0,19.0,1014.0,2,3,New Customer,12.4812
1659,43,1,809.91,15,3.4,10.6,789.4,3,3,New Customer,10.0991
1660,230,0,0.0,3,4.0,19.0,1046.0,0,4,Lost,0.0
1661,133,3,10152.52,18,4.4,14.2,1171.0,4,2,VIP,107.5252
1662,67,0,0.0,6,4.0,17.333333333333332,839.3333333333334,2,0,Regular,0.0
1663,28,0,0.0,10,4.0,12.333333333333334,888.3333333333334,1,0,Regular,0.0
1664,69,0,0.0,7,4.0,15.0,1016.5,1,0,Regular,0.0
1665,25,0,0.0,7,4.0,17.0,636.0,2,0,Regular,0.0
1666,10,0,0.0,9,4.0,13.333333333333334,987.6666666666666,2,0,Regular,0.0
1667,57,1,3170.98,7,4.0,12.666666666666666,961.6666666666666,2,3,New Customer,33.7098
1668,67,1,722.8,8,4.0,11.333333333333334,1243.0,2,3,New Customer,9.228
1669,354,0,0.0,3,4.0,16.0,297.0,1,4,Lost,0.0
1671,157,0,0.0,8,4.0,13.333333333333334,491.0,1,4,Lost,0.0
1672,95,1,807.22,6,4.0,16.75,898.75,3,3,New Customer,10.0722
1673,211,1,1104.84,4,2.0,22.0,304.0,1,1,At Risk,13.048399999999999
1674,53,0,0.0,11,4.0,13.75,969.25,3,0,Regular,0.0
1675,36,2,5207.360000000001,13,4.0,11.6,641.6,4,2,VIP,56.073600000000006
1676,212,2,3942.9700000000003,5,4.0,12.5,756.5,2,1,At Risk,43.429700000000004
1677,4,0,0.0,6,4.0,19.666666666666668,761.6666666666666,3,0,Regular,0.0
1678,24,0,0.0,5,4.0,10.5,1047.5,1,0,Regular,0.0
1679,150,0,0.0,6,4.0,16.0,1063.6666666666667,1,0,Regular,0.0
1680,11,0,0.0,7,4.0,7.5,1161.0,2,0,Regular,0.0
1681,38,1,407.71,3,4.0,20.0,1142.0,1,3,New Customer,6.0771
1682,98,1,2536.28,5,4.0,13.333333333333334,847.0,3,3,New Customer,27.362800000000004
1683,250,1,1929.0,8,3.3333333333333335,11.333333333333334,723.3333333333334,2,1,At Risk,21.29
1684,217,0,0.0,4,4.0,19.0,896.5,0,4,Lost,0.0
1687,117,1,1318.78,6,2.5,9.5,176.5,1,3,New Customer,15.1878
1688,6,1,1141.31,9,4.333333333333333,19.333333333333332,672.0,2,3,New Customer,13.4131
1689,80,0,0.0,7,4.0,15.0,487.6666666666667,2,0,Regular,0.0
1690,38,2,3004.06,12,3.8,16.4,996.2,2,3,New Customer,34.0406
1691,31,0,0.0,4,4.0,12.0,559.0,1,0,Regular,0.0
1692,36,0,0.0,11,4.0,15.8,746.0,4,0,Regular,0.0
1693,1,0,0.0,5,4.0,11.0,1266.0,1,0,Regular,0.0
1694,178,1,3849.17,8,4.0,9.0,546.0,1,1,At Risk,40.4917
1695,66,1,725.39,5,4.5,3.0,377.5,1,3,New Customer,9.2539
1696,1,0,0.0,6,4.0,13.333333333333334,997.6666666666666,2,0,Regular,0.0
1697,50,1,1989.62,5,3.6666666666666665,16.333333333333332,1493.0,2,3,New Customer,21.8962
1698,245,2,4020.0,4,3.5,20.5,743.0,2,1,At Risk,44.2
1699,202,1,1136.57,5,4.5,14.0,458.0,1,1,At Risk,13.365699999999999
1700,352,0,0.0,5,4.0,5.5,372.5,1,4,Lost,0.0
1701,267,0,0.0,2,4.0,16.0,286.0,0,4,Lost,0.0
1702,286,2,805.1700000000001,3,5.0,6.0,779.5,2,1,At Risk,12.0517
1703,267,1,2702.64,12,4.0,17.25,1272.5,3,1,At Risk,29.0264
1704,23,0,0.0,2,4.0,13.0,1288.0,1,0,Regular,0.0
1705,61,0,0.0,4,4.0,8.0,1537.0,0,0,Regular,0.0
1706,56,1,1735.8,12,3.8,12.2,745.4,1,3,New Customer,19.358
1707,154,0,0.0,3,4.0,10.0,1297.0,0,4,Lost,0.0
1708,15,2,1565.29,6,4.0,17.0,895.6666666666666,2,3,New Customer,19.6529
1709,148,1,1876.09,7,4.0,6.5,638.0,2,1,At Risk,20.7609
1710,35,1,6703.32,8,3.5,9.5,1109.0,1,2,VIP,69.0332
1711,76,3,1730.48,9,4.0,12.4,963.4,4,3,New Customer,23.3048
1712,17,1,3794.86,17,4.0,12.333333333333334,979.6666666666666,2,3,New Customer,39.9486
1713,256,1,1641.2,9,4.0,12.666666666666666,688.6666666666666,1,1,At Risk,18.412
1714,122,0,0.0,2,4.0,18.0,570.0,1,0,Regular,0.0
1715,13,0,0.0,12,4.0,15.75,337.5,1,0,Regular,0.0
1716,240,0,0.0,3,4.0,6.0,916.0,1,4,Lost,0.0
1717,24,0,0.0,7,4.0,11.25,1094.75,1,0,Regular,0.0
1719,2,2,4606.89,8,2.3333333333333335,9.333333333333334,978.3333333333334,2,2,VIP,50.068900000000006
1720,30,1,2791.04,8,4.25,14.0,922.5,2,3,New Customer,29.9104
1721,295,0,0.0,3,4.0,5.0,618.0,1,4,Lost,0.0
1722,33,2,2146.9700000000003,5,2.5,16.0,1572.5,2,3,New Customer,25.469700000000003
1723,12,1,365.57,8,3.6666666666666665,11.0,819.6666666666666,3,3,New Customer,5.6556999999999995
1724,262,0,0.0,1,4.0,5.0,1138.0,1,4,Lost,0.0
1725,335,0,0.0,4,4.0,4.0,908.0,1,4,Lost,0.0
1726,164,0,0.0,10,4.0,9.0,1090.25,1,4,Lost,0.0
1727,29,0,0.0,10,4.0,9.0,927.2,3,0,Regular,0.0
1728,97,1,4775.0,7,4.5,22.0,1721.5,1,2,VIP,49.75
1729,348,0,0.0,4,4.0,15.0,1161.0,0,4,Lost,0.0
1730,14,1,681.53,3,3.0,18.666666666666668,757.6666666666666,2,3,New Customer,8.8153
1731,55,1,1130.1,8,3.3333333333333335,13.666666666666666,669.0,2,3,New Customer,13.300999999999998
1732,28,1,415.91,3,3.0,22.0,342.0,2,3,New Customer,6.1591000000000005
1733,40,1,688.34,2,4.5,15.5,936.0,2,3,New Customer,8.8834
1734,37,0,0.0,10,4.0,12.8,1007.2,3,0,Regular,0.0
1735,116,0,0.0,4,4.0,19.5,591.0,1,0,Regular,0.0
1736,318,1,2510.82,3,4.0,1.0,286.0,1,1,At Risk,27.1082
1737,49,0,0.0,5,4.0,21.0,712.0,0,0,Regular,0.0
1738,11,3,13800.96,9,2.6666666666666665,14.666666666666666,1403.0,3,2,VIP,144.00959999999998
1740,6,0,0.0,7,4.0,17.0,149.5,0,0,Regular,0.0
1741,78,0,0.0,16,4.0,18.2,1457.6,2,0,Regular,0.0
1742,3,1,1286.8,6,3.0,6.0,1661.5,2,3,New Customer,14.868
1743,48,0,0.0,5,4.0,14.0,566.0,3,0,Regular,0.0
1744,186,0,0.0,1,4.0,8.0,1599.0,0,4,Lost,0.0
1745,162,2,1012.98,13,4.0,12.0,1258.5,3,1,At Risk,14.1298
1746,62,1,288.04,7,4.0,16.666666666666668,553.3333333333334,2,3,New Customer,4.8804
1747,88,3,5489.889999999999,7,4.0,13.666666666666666,811.6666666666666,3,2,VIP,60.8989
1748,62,0,0.0,8,4.0,19.0,833.6666666666666,0,0,Regular,0.0
1749,1,1,882.81,6,3.6666666666666665,12.0,649.6666666666666,2,3,New Customer,10.8281
1750,200,0,0.0,2,4.0,2.0,1003.0,1,4,Lost,0.0
1751,37,1,1128.93,10,4.2,7.2,997.8,3,3,New Customer,13.2893
1752,61,0,0.0,3,4.0,10.0,201.0,0,0,Regular,0.0
1753,206,0,0.0,2,4.0,2.0,1099.0,1,4,Lost,0.0
1754,56,0,0.0,9,4.0,10.666666666666666,1398.3333333333333,1,0,Regular,0.0
1755,329,0,0.0,5,4.0,7.5,660.5,1,4,Lost,0.0
1756,253,1,666.3,7,4.5,9.5,669.5,2,1,At Risk,8.663
1757,23,1,794.94,4,3.0,11.5,889.0,1,3,New Customer,9.9494
1758,67,0,0.0,2,4.0,14.0,891.0,0,0,Regular,0.0
1759,69,1,922.11,12,4.0,21.5,610.75,2,3,New Customer,11.2211
1760,182,0,0.0,8,4.0,12.5,534.0,0,4,Lost,0.0
1761,113,0,0.0,9,4.0,9.0,937.0,3,0,Regular,0.0
1762,138,1,4314.87,5,4.0,7.0,414.5,2,1,At Risk,45.1487
1763,61,1,5219.03,14,3.8,7.4,605.4,2,2,VIP,54.1903
1764,5,1,1182.76,12,4.0,13.25,641.5,3,3,New Customer,13.8276
1765,20,3,6114.2,11,3.75,13.25,1160.75,4,2,VIP,67.142
1766,69,1,606.83,15,3.75,15.5,1104.5,3,3,New Customer,8.0683
1767,22,1,537.62,4,4.0,23.5,248.5,1,3,New Customer,7.3762
1768,273,0,0.0,2,4.0,15.0,941.0,0,4,Lost,0.0
1769,355,0,0.0,1,4.0,16.0,1664.0,0,4,Lost,0.0
1770,224,1,678.33,6,4.0,4.0,1541.0,1,1,At Risk,8.7833
1772,109,0,0.0,12,4.0,9.5,1176.0,1,0,Regular,0.0
1773,47,4,4761.9400000000005,12,3.8,10.2,948.0,5,2,VIP,55.619400000000006
1774,270,0,0.0,5,4.0,4.5,577.0,2,4,Lost,0.0
1775,55,0,0.0,2,4.0,12.0,1746.0,1,0,Regular,0.0
1776,58,0,0.0,10,4.0,14.75,825.5,3,0,Regular,0.0
1777,26,1,150.84,16,3.4,17.6,1116.8,4,3,New Customer,3.5084
1778,122,1,1006.0,2,4.0,17.0,346.0,1,3,New Customer,12.06
1779,344,0,0.0,4,4.0,9.0,1449.0,1,4,Lost,0.0
1780,141,1,3213.85,8,4.0,9.25,1069.25,3,1,At Risk,34.1385
1781,13,1,752.89,12,3.8333333333333335,19.666666666666668,1047.5,4,3,New Customer,9.5289
1782,237,0,0.0,2,4.0,5.0,1028.0,1,4,Lost,0.0
1783,33,1,958.94,3,4.5,6.5,1475.0,2,3,New Customer,11.589400000000001
1784,113,0,0.0,8,4.0,12.333333333333334,382.0,2,0,Regular,0.0
1785,16,0,0.0,2,4.0,13.0,965.0,1,0,Regular,0.0
1786,330,2,2626.37,5,4.5,15.5,244.5,2,1,At Risk,30.2637
1787,82,1,1424.09,5,4.0,8.0,171.0,2,3,New Customer,16.2409
1788,157,1,632.04,7,3.6666666666666665,14.333333333333334,791.3333333333334,1,1,At Risk,8.3204
1789,188,1,4764.74,10,4.25,15.75,705.0,2,1,At Risk,49.6474
1790,155,0,0.0,2,4.0,11.5,1529.0,1,4,Lost,0.0
1791,101,0,0.0,4,4.0,7.0,868.0,1,0,Regular,0.0
1792,109,0,0.0,2,4.0,22.0,580.0,1,0,Regular,0.0
1793,364,0,0.0,3,4.0,7.0,567.0,1,4,Lost,0.0
1794,12,0,0.0,3,4.0,7.5,1436.0,1,0,Regular,0.0
1795,14,1,527.61,8,3.75,11.75,445.25,2,3,New Customer,7.2761000000000005
1797,25,1,2043.63,10,4.0,13.25,638.75,2,3,New Customer,22.436300000000003
1798,105,1,3230.25,8,3.6666666666666665,13.333333333333334,799.0,2,3,New Customer,34.3025
1799,10,0,0.0,11,4.0,18.0,990.8333333333334,3,0,Regular,0.0
1800,183,1,1153.65,9,3.3333333333333335,8.666666666666666,949.6666666666666,1,1,At Risk,13.5365
1801,142,1,2547.22,4,4.0,13.0,1489.5,2,1,At Risk,27.472199999999997
1802,18,1,1337.24,2,3.5,5.5,989.5,2,3,New Customer,15.3724
1803,31,1,2206.11,12,4.0,16.166666666666668,1016.3333333333334,5,3,New Customer,24.0611
1804,24,0,0.0,6,4.0,10.666666666666666,846.0,0,0,Regular,0.0
1805,205,0,0.0,2,4.0,21.0,1564.0,1,4,Lost,0.0
1806,323,0,0.0,3,4.0,4.0,1709.0,0,4,Lost,0.0
1807,104,0,0.0,5,4.0,17.0,1564.0,2,0,Regular,0.0
1808,151,1,506.2,4,4.0,16.333333333333332,712.6666666666666,1,1,At Risk,7.062
1809,336,0,0.0,1,4.0,10.0,182.0,0,4,Lost,0.0
1810,89,0,0.0,10,4.0,14.5,1066.75,1,0,Regular,0.0
1811,7,2,2675.0099999999998,9,4.25,20.0,1086.75,2,3,New Customer,30.750099999999996
1812,243,1,1980.48,8,4.0,20.333333333333332,965.3333333333334,2,1,At Risk,21.8048
1813,52,0,0.0,15,4.0,13.4,650.0,3,0,Regular,0.0
1814,8,2,2276.38,10,4.0,15.2,1218.8,4,3,New Customer,26.7638
1815,20,1,1156.8,15,4.0,17.75,895.0,2,3,New Customer,13.568
1816,79,0,0.0,3,4.0,11.5,1089.0,1,0,Regular,0.0
1817,193,0,0.0,2,4.0,15.0,62.0,0,4,Lost,0.0
1818,30,0,0.0,4,4.0,16.0,481.5,2,0,Regular,0.0
1819,84,1,3192.12,8,4.0,10.0,1061.0,2,3,New Customer,33.9212
1820,24,0,0.0,8,4.0,13.666666666666666,1126.3333333333333,2,0,Regular,0.0
1823,157,2,2421.66,13,4.0,12.8,1106.4,5,1,At Risk,28.2166
1824,362,0,0.0,4,4.0,5.0,1677.0,0,4,Lost,0.0
1825,30,2,2864.42,6,3.75,15.75,1248.25,3,3,New Customer,32.6442
1826,49,0,0.0,11,4.0,18.0,1386.5,2,0,Regular,0.0
1827,261,0,0.0,4,4.0,7.0,1088.0,1,4,Lost,0.0
1829,12,1,1398.4,5,4.5,12.0,517.5,2,3,New Customer,15.984000000000002
1830,3,2,1788.8899999999999,4,5.0,6.0,436.5,2,3,New Customer,21.8889
1831,243,0,0.0,2,4.0,17.0,80.0,0,4,Lost,0.0
1832,15,1,1846.82,15,4.0,6.666666666666667,1017.8333333333334,2,3,New Customer,20.4682
1833,105,0,0.0,5,4.0,10.5,840.0,1,0,Regular,0.0
1834,35,2,1904.63,13,4.0,8.0,955.8,4,3,New Customer,23.046300000000002
1835,282,1,177.68,5,4.0,12.0,1116.5,2,1,At Risk,3.7768
1836,18,0,0.0,1,4.0,12.0,434.0,1,0,Regular,0.0
1837,144,1,343.86,2,4.0,13.5,1031.0,2,1,At Risk,5.4386
1838,28,0,0.0,4,4.0,9.666666666666666,1474.6666666666667,2,0,Regular,0.0
1839,127,1,756.53,6,4.0,9.333333333333334,1037.3333333333333,2,3,New Customer,9.5653
1840,49,2,6283.03,8,3.0,6.333333333333333,962.3333333333334,3,2,VIP,66.8303
1841,15,1,689.02,4,4.333333333333333,15.0,691.0,3,3,New Customer,8.8902
1842,93,2,2288.83,6,4.25,5.75,1070.25,3,3,New Customer,26.8883
1843,162,0,0.0,4,4.0,9.5,459.0,2,4,Lost,0.0
1844,88,0,0.0,8,4.0,15.0,649.0,2,0,Regular,0.0
1845,195,0,0.0,6,4.0,13.5,726.5,0,4,Lost,0.0
1846,261,1,2908.1,14,4.25,8.75,1114.75,2,1,At Risk,31.081
1847,154,0,0.0,7,4.0,11.0,826.3333333333334,2,4,Lost,0.0
1848,200,0,0.0,8,4.0,10.5,385.0,2,4,Lost,0.0
1849,59,0,0.0,5,4.0,17.0,170.5,2,0,Regular,0.0
1850,256,0,0.0,5,4.0,9.5,1021.5,1,4,Lost,0.0
1851,210,1,5448.2,7,4.333333333333333,12.666666666666666,249.33333333333334,2,1,At Risk,56.482
1852,80,0,0.0,6,4.0,11.666666666666666,624.0,1,0,Regular,0.0
1853,48,2,3799.8199999999997,16,3.8,12.4,570.2,3,2,VIP,41.9982
1854,82,2,4694.13,6,4.5,21.0,905.0,2,2,VIP,50.9413
1855,24,0,0.0,14,4.0,9.666666666666666,833.5,2,0,Regular,0.0
1856,20,1,1251.12,8,4.25,15.75,593.0,3,3,New Customer,14.511199999999999
1857,15,0,0.0,18,4.0,12.2,1032.6,2,0,Regular,0.0
1858,282,0,0.0,7,4.0,20.0,1166.5,1,4,Lost,0.0
1859,3,0,0.0,9,4.0,14.75,841.5,2,0,Regular,0.0
1860,96,0,0.0,3,4.0,13.0,305.0,1,0,Regular,0.0
1861,52,2,6969.4400000000005,15,4.0,17.0,1418.6,3,2,VIP,73.6944
1862,41,1,787.95,13,4.0,11.5,855.0,2,3,New Customer,9.8795
1863,135,0,0.0,5,4.0,11.333333333333334,744.3333333333334,1,0,Regular,0.0
1864,69,0,0.0,6,4.0,15.0,1329.0,1,0,Regular,0.0
1865,111,1,934.29,2,5.0,2.0,975.0,1,3,New Customer,11.3429
1867,191,1,1414.74,5,3.6666666666666665,17.666666666666668,611.0,3,1,At Risk,16.147399999999998
1868,15,1,550.28,7,4.25,16.75,1300.0,2,3,New Customer,7.5028
1869,107,0,0.0,6,4.0,13.0,1022.5,2,0,Regular,0.0
1870,78,0,0.0,5,4.0,11.5,719.0,1,0,Regular,0.0
1871,150,0,0.0,3,4.0,14.0,1441.5,2,0,Regular,0.0
1872,111,0,0.0,10,4.0,20.6,978.4,2,0,Regular,0.0
1873,26,1,4479.51,6,4.5,20.5,703.0,1,2,VIP,46.795100000000005
1874,181,1,742.85,6,4.0,11.0,1279.0,2,1,At Risk,9.4285
1875,16,0,0.0,4,4.0,24.0,776.0,1,0,Regular,0.0
1876,148,0,0.0,3,4.0,5.0,1091.0,1,0,Regular,0.0
1877,20,0,0.0,5,4.0,12.5,1148.0,1,0,Regular,0.0
1879,300,0,0.0,5,4.0,12.0,1433.5,1,4,Lost,0.0
1880,2,1,7776.56,9,4.333333333333333,9.333333333333334,845.0,2,2,VIP,79.7656
1881,114,1,2444.0,8,4.0,11.333333333333334,857.3333333333334,3,3,New Customer,26.44
1882,307,0,0.0,2,4.0,24.0,1632.0,1,4,Lost,0.0
1884,0,0,0.0,13,4.0,9.666666666666666,1031.3333333333333,4,0,Regular,0.0
1885,68,1,773.51,10,4.0,17.666666666666668,481.3333333333333,3,3,New Customer,9.7351
1886,204,1,3758.12,2,5.0,15.0,1524.0,1,1,At Risk,39.581199999999995
1887,80,0,0.0,7,4.0,10.5,975.0,1,0,Regular,0.0
1888,109,0,0.0,5,4.0,6.5,1045.0,0,0,Regular,0.0
1889,22,1,3985.24,8,4.0,14.5,1251.0,2,3,New Customer,41.852399999999996
1890,78,1,1673.45,16,4.0,9.2,951.4,3,3,New Customer,18.7345
1891,173,0,0.0,12,4.0,16.0,735.0,2,4,Lost,0.0
1892,70,0,0.0,1,4.0,21.0,1431.0,1,0,Regular,0.0
1893,152,0,0.0,2,4.0,22.0,408.0,1,4,Lost,0.0
1894,335,1,3616.48,4,5.0,21.0,1530.0,1,1,At Risk,38.1648
1895,150,0,0.0,4,4.0,14.0,1758.0,1,0,Regular,0.0
1897,138,0,0.0,3,4.0,16.0,1682.0,1,0,Regular,0.0
1898,64,0,0.0,10,4.0,6.666666666666667,951.6666666666666,1,0,Regular,0.0
1899,44,1,3473.2,16,4.0,11.75,929.5,2,3,New Customer,36.732
1900,81,0,0.0,11,4.0,13.5,1045.0,1,0,Regular,0.0
1901,84,0,0.0,8,4.0,14.333333333333334,961.0,1,0,Regular,0.0
1902,31,0,0.0,4,4.0,13.5,756.5,1,0,Regular,0.0
1903,161,1,611.98,6,4.333333333333333,10.666666666666666,1093.0,2,1,At Risk,8.119800000000001
1904,71,0,0.0,4,4.0,12.5,948.0,1,0,Regular,0.0
1905,106,0,0.0,2,4.0,23.0,561.0,0,0,Regular,0.0
1906,81,0,0.0,10,4.0,8.0,521.3333333333334,1,0,Regular,0.0
1907,208,0,0.0,1,4.0,22.0,1223.0,0,4,Lost,0.0
1908,42,1,619.54,7,4.333333333333333,12.0,1252.0,2,3,New Customer,8.1954
1909,40,0,0.0,10,4.0,5.0,1033.3333333333333,2,0,Regular,0.0
1910,10,0,0.0,14,4.0,8.166666666666666,997.6666666666666,4,0,Regular,0.0
1912,53,0,0.0,8,4.0,11.333333333333334,762.0,1,0,Regular,0.0
1913,120,0,0.0,3,4.0,5.0,34.0,1,0,Regular,0.0
1914,96,1,337.89,7,3.75,11.25,1309.5,2,3,New Customer,5.3789
1915,170,1,1722.87,12,3.6666666666666665,13.5,1149.3333333333333,2,1,At Risk,19.2287
1916,56,1,211.63,8,4.0,15.0,1324.6,4,3,New Customer,4.1163
1917,92,0,0.0,6,4.0,4.0,1320.5,0,0,Regular,0.0
1918,55,0,0.0,2,4.0,6.5,1050.5,0,0,Regular,0.0
1919,66,0,0.0,2,4.0,4.0,680.0,1,0,Regular,0.0
1920,40,0,0.0,7,4.0,18.0,1103.0,1,0,Regular,0.0
1921,23,0,0.0,13,4.0,15.0,1063.6,4,0,Regular,0.0
1922,144,1,742.32,4,4.5,9.5,1264.0,2,1,At Risk,9.423200000000001
1923,68,1,2511.84,10,4.333333333333333,12.666666666666666,800.3333333333334,3,3,New Customer,27.1184
1924,17,0,0.0,7,4.0,14.5,895.0,1,0,Regular,0.0
1925,82,0,0.0,5,4.0,18.5,651.5,0,0,Regular,0.0
1926,51,3,3901.2299999999996,22,3.875,11.75,928.75,5,2,VIP,45.012299999999996
1927,6,1,944.91,8,4.25,9.5,757.25,2,3,New Customer,11.4491
1928,279,0,0.0,5,4.0,23.0,275.5,1,4,Lost,0.0
1929,57,2,2165.5699999999997,5,4.666666666666667,16.333333333333332,1151.3333333333333,3,3,New Customer,25.655699999999996
1930,183,2,1232.25,10,4.0,14.0,929.0,3,1,At Risk,16.322499999999998
1931,64,0,0.0,6,4.0,14.0,1005.0,0,0,Regular,0.0
1933,90,0,0.0,2,4.0,2.0,1701.0,0,0,Regular,0.0
1934,59,2,3780.33,11,4.25,12.75,1109.0,3,2,VIP,41.8033
1935,21,0,0.0,10,4.0,10.75,1332.75,2,0,Regular,0.0
1936,108,1,1525.02,14,3.75,11.0,921.25,1,3,New Customer,17.2502
1937,16,1,450.44,6,3.0,13.333333333333334,1092.3333333333333,2,3,New Customer,6.5044
1938,3,0,0.0,9,4.0,15.25,1060.5,2,0,Regular,0.0
1940,104,0,0.0,6,4.0,10.5,1141.5,0,0,Regular,0.0
1941,190,3,4066.58,16,4.0,11.333333333333334,1064.3333333333333,5,2,VIP,46.6658
1942,309,0,0.0,3,4.0,23.0,1426.0,1,4,Lost,0.0
1943,80,2,5817.66,15,4.0,15.4,635.6,3,2,VIP,62.1766
1944,262,0,0.0,3,4.0,20.0,807.0,0,4,Lost,0.0
1945,156,1,740.14,3,4.5,2.0,1144.5,2,1,At Risk,9.401399999999999
1946,29,1,442.42,11,3.75,9.25,1087.75,2,3,New Customer,6.4242
1947,25,1,2008.35,13,4.25,15.0,979.5,1,3,New Customer,22.0835
1948,116,1,3147.14,7,4.5,16.0,51.5,2,3,New Customer,33.4714
1949,179,0,0.0,5,4.0,14.0,679.5,3,4,Lost,0.0
1950,69,1,3595.68,13,4.0,12.6,800.8,2,3,New Customer,37.9568
1951,25,4,5702.030000000001,11,4.25,11.75,530.25,4,2,VIP,65.0203
1952,128,0,0.0,14,4.0,10.8,1274.2,4,0,Regular,0.0
1953,41,2,4341.24,10,4.25,14.25,935.5,4,2,VIP,47.4124
1954,215,0,0.0,1,4.0,7.0,335.0,1,4,Lost,0.0
1955,220,1,2123.25,6,2.5,15.0,751.0,2,1,At Risk,23.2325
1956,146,1,1135.6,10,4.0,6.0,867.0,3,1,At Risk,13.356
1957,205,2,2259.73,5,4.333333333333333,7.0,801.3333333333334,3,1,At Risk,26.5973
1958,14,2,3011.63,4,4.333333333333333,15.333333333333334,954.3333333333334,3,3,New Customer,34.1163
1959,67,1,825.0,9,4.333333333333333,5.0,993.3333333333334,2,3,New Customer,10.25
1960,51,2,7002.41,12,3.4,17.6,615.4,4,2,VIP,74.0241
1961,13,0,0.0,7,4.0,10.0,929.0,0,0,Regular,0.0
1962,282,0,0.0,2,4.0,8.0,1083.0,0,4,Lost,0.0
1963,51,1,1399.0,10,3.3333333333333335,13.333333333333334,376.0,2,3,New Customer,15.99
1964,3,0,0.0,4,4.0,7.0,1213.5,0,0,Regular,0.0
1965,1,1,1619.46,22,4.142857142857143,9.285714285714286,1001.1428571428571,4,3,New Customer,18.1946
1966,29,1,2704.6,13,3.75,9.75,466.75,2,3,New Customer,29.046
1967,124,0,0.0,7,4.0,19.333333333333332,395.3333333333333,3,0,Regular,0.0
1968,30,0,0.0,2,4.0,19.0,1152.0,0,0,Regular,0.0
1969,17,1,3084.52,10,4.25,11.25,806.75,2,3,New Customer,32.8452
1970,89,0,0.0,3,4.0,13.0,49.0,1,0,Regular,0.0
1971,170,1,1431.76,9,4.0,6.6,586.2,3,1,At Risk,16.3176
1972,145,0,0.0,6,4.0,12.0,973.5,1,0,Regular,0.0
1973,133,2,10467.41,14,3.6,18.4,1104.4,4,2,VIP,108.6741
1974,57,2,1278.26,9,4.0,19.5,1041.5,3,3,New Customer,16.782600000000002
1975,48,0,0.0,4,4.0,8.0,1466.0,0,0,Regular,0.0
1976,246,0,0.0,4,4.0,1.0,1154.0,1,4,Lost,0.0
1977,60,3,6820.77,11,3.4,11.6,856.8,3,2,VIP,74.2077
1978,80,0,0.0,6,4.0,12.0,904.0,1,0,Regular,0.0
1979,42,1,6200.4,7,4.5,5.5,1460.0,1,2,VIP,64.00399999999999
1980,303,0,0.0,4,4.0,8.0,609.0,1,4,Lost,0.0
1981,21,0,0.0,16,4.0,9.2,1006.6,3,0,Regular,0.0
1982,103,1,1212.63,9,4.0,10.8,884.0,4,3,New Customer,14.1263
1983,25,0,0.0,5,4.0,9.0,1319.75,4,0,Regular,0.0
1984,227,0,0.0,2,4.0,3.0,131.0,0,4,Lost,0.0
1985,130,1,4485.96,21,3.6666666666666665,18.666666666666668,1161.1666666666667,6,1,At Risk,46.8596
1986,18,1,723.1,17,3.8333333333333335,13.333333333333334,521.5,4,3,New Customer,9.231
1987,262,1,564.16,5,4.0,17.5,1095.5,1,1,At Risk,7.6415999999999995
1988,47,0,0.0,2,4.0,4.0,536.0,1,0,Regular,0.0
1989,173,0,0.0,1,4.0,6.0,1116.0,0,4,Lost,0.0
1990,97,1,4020.52,4,3.0,13.0,1454.0,1,3,New Customer,42.2052
1991,125,0,0.0,7,4.0,10.333333333333334,945.6666666666666,1,0,Regular,0.0
1992,91,0,0.0,5,4.0,12.5,1044.0,1,0,Regular,0.0
1993,4,2,756.09,8,3.75,17.0,670.25,3,3,New Customer,11.5609
1994,177,1,355.84,3,3.5,10.0,1674.5,2,1,At Risk,5.5584
1995,16,1,493.96,5,4.333333333333333,9.0,977.3333333333334,3,3,New Customer,6.9395999999999995
1996,25,1,3338.77,14,4.0,12.0,949.0,5,3,New Customer,35.3877
1997,68,1,2431.34,10,4.25,13.5,819.75,2,3,New Customer,26.3134
1998,100,0,0.0,7,4.0,19.666666666666668,756.0,1,0,Regular,0.0
1999,97,0,0.0,3,4.0,19.0,1668.0,1,0,Regular,0.0
2000,242,0,0.0,7,4.0,12.5,221.0,1,4,Lost,0.0
2001,202,0,0.0,1,4.0,6.0,1751.0,1,4,Lost,0.0
2002,35,2,1472.05,16,4.0,17.2,892.8,4,3,New Customer,18.7205
2003,39,0,0.0,12,4.0,13.5,814.0,4,0,Regular,0.0
2004,119,1,315.81,5,3.0,12.0,1025.0,2,3,New Customer,5.1581
2005,77,0,0.0,5,4.0,18.5,759.5,1,0,Regular,0.0
2006,59,0,0.0,7,4.0,7.0,646.5,0,0,Regular,0.0
2007,11,0,0.0,5,4.0,15.0,814.5,1,0,Regular,0.0
2008,41,2,2099.95,14,4.2,13.6,866.2,3,3,New Customer,24.999499999999998
2009,154,2,4369.6,11,4.0,18.0,935.75,2,2,VIP,47.696000000000005
2010,153,0,0.0,4,4.0,8.5,1041.5,1,4,Lost,0.0
2011,313,0,0.0,7,4.0,12.5,778.5,0,4,Lost,0.0
2013,4,2,1609.31,8,3.3333333333333335,14.0,869.6666666666666,2,3,New Customer,20.0931
2014,4,1,232.87,11,4.0,13.25,803.25,2,3,New Customer,4.3286999999999995
2015,46,0,0.0,7,4.0,16.0,1541.0,2,0,Regular,0.0
2016,48,0,0.0,2,4.0,7.0,566.0,1,0,Regular,0.0
2017,22,1,325.76,4,4.0,7.666666666666667,707.6666666666666,1,3,New Customer,5.2576
2018,12,0,0.0,6,4.0,12.5,1178.0,0,0,Regular,0.0
2019,50,0,0.0,6,4.0,2.0,1658.0,1,0,Regular,0.0
2020,97,1,3592.26,8,4.0,17.666666666666668,889.0,3,3,New Customer,37.9226
2021,88,0,0.0,11,4.0,14.666666666666666,926.3333333333334,2,0,Regular,0.0
2022,39,0,0.0,8,4.0,5.5,894.5,2,0,Regular,0.0
2023,15,0,0.0,12,4.0,18.75,484.75,4,0,Regular,0.0
2025,80,1,407.23,4,4.333333333333333,13.0,1054.6666666666667,1,3,New Customer,6.0723
2026,7,2,7683.26,20,4.0,11.428571428571429,1055.4285714285713,4,2,VIP,80.8326
2027,158,1,1507.9,9,4.25,11.5,879.5,3,1,At Risk,17.079
2028,61,0,0.0,4,4.0,15.0,1679.5,1,0,Regular,0.0
2029,25,1,970.4,15,4.0,10.5,607.1666666666666,2,3,New Customer,11.704
2030,18,1,415.02,5,3.3333333333333335,7.333333333333333,893.0,1,3,New Customer,6.1502
2031,54,0,0.0,4,4.0,6.0,592.0,0,0,Regular,0.0
2032,298,0,0.0,4,4.0,5.0,1261.0,1,4,Lost,0.0
2033,143,0,0.0,3,4.0,11.0,924.5,2,0,Regular,0.0
2034,170,0,0.0,3,4.0,20.0,1598.0,1,4,Lost,0.0
2035,143,1,2652.92,11,4.0,16.0,1044.8,3,1,At Risk,28.5292
2036,30,1,522.43,3,3.0,23.5,1152.5,1,3,New Customer,7.2242999999999995
2037,26,1,3138.17,15,4.0,20.75,1287.5,2,3,New Customer,33.3817
2038,114,0,0.0,4,4.0,1.0,356.0,0,0,Regular,0.0
2039,134,2,1490.94,13,3.8,7.6,1027.8,4,3,New Customer,18.909399999999998
2040,343,0,0.0,2,4.0,11.0,1402.0,0,4,Lost,0.0
2041,16,2,8680.05,10,3.0,17.333333333333332,1219.3333333333333,2,2,VIP,90.8005
2042,103,0,0.0,13,4.0,13.25,672.25,2,0,Regular,0.0
2043,8,0,0.0,7,4.0,13.0,987.5,0,0,Regular,0.0
2044,56,1,843.44,5,4.0,12.0,195.5,1,3,New Customer,10.4344
2045,15,0,0.0,2,4.0,15.0,1473.0,1,0,Regular,0.0
2046,91,1,898.84,2,4.0,12.5,1281.0,2,3,New Customer,10.9884
2047,35,0,0.0,1,4.0,4.0,52.0,1,0,Regular,0.0
2048,36,1,1290.46,12,3.75,9.5,742.0,2,3,New Customer,14.9046
2049,71,0,0.0,4,4.0,12.5,1052.0,1,0,Regular,0.0
2050,34,0,0.0,6,4.0,7.5,654.0,2,0,Regular,0.0
2051,135,1,507.47,5,4.5,20.5,1047.5,2,3,New Customer,7.0747
2052,69,0,0.0,10,4.0,10.666666666666666,993.6666666666666,2,0,Regular,0.0
2053,1,2,1988.96,11,3.5,11.75,891.0,3,3,New Customer,23.8896
2054,134,1,433.5,7,4.0,11.0,1290.0,1,3,New Customer,6.335
2055,10,1,213.01,16,3.6,6.8,682.2,3,3,New Customer,4.1301000000000005
2056,1,0,0.0,9,4.0,13.333333333333334,914.0,2,0,Regular,0.0
2057,41,1,2175.32,7,4.0,19.5,436.0,2,3,New Customer,23.753200000000003
2058,337,1,1955.16,4,4.0,22.0,441.0,1,1,At Risk,21.5516
2060,28,0,0.0,9,4.0,14.0,609.0,0,0,Regular,0.0
2061,128,0,0.0,8,4.0,16.0,1253.5,1,0,Regular,0.0
2062,324,0,0.0,1,4.0,2.0,83.0,0,4,Lost,0.0
2063,127,1,1665.32,17,4.2,5.4,516.6,4,3,New Customer,18.6532
2064,59,1,4722.15,12,4.2,16.2,1189.6,2,2,VIP,49.2215
2065,275,0,0.0,1,4.0,13.0,347.0,0,4,Lost,0.0
2066,39,2,2298.8,12,4.2,15.0,901.0,3,3,New Customer,26.988000000000003
2067,10,0,0.0,9,4.0,12.25,1029.5,3,0,Regular,0.0
2068,8,1,319.95,1,4.0,15.0,995.0,1,3,New Customer,5.1995000000000005
2069,75,2,2338.08,17,4.166666666666667,11.333333333333334,1154.8333333333333,3,3,New Customer,27.3808
2070,82,0,0.0,7,4.0,20.75,1016.0,2,0,Regular,0.0
2071,247,0,0.0,10,4.0,15.0,1030.3333333333333,1,4,Lost,0.0
2072,62,2,1600.6,10,3.8,9.0,852.6,2,3,New Customer,20.006
2073,74,1,3105.8,5,3.5,9.0,1583.0,1,3,New Customer,33.05800000000001
2074,4,2,5171.09,15,4.142857142857143,15.285714285714286,816.0,6,2,VIP,55.7109
2075,99,0,0.0,2,4.0,9.0,315.0,0,0,Regular,0.0
2076,251,1,2587.71,15,3.5,17.5,768.25,2,1,At Risk,27.8771
2077,43,1,1295.93,6,4.0,8.0,881.0,3,3,New Customer,14.9593
2078,127,1,482.55,2,3.0,12.0,187.0,1,3,New Customer,6.8255
2079,2,1,863.97,12,3.75,10.5,792.5,4,3,New Customer,10.6397
2080,112,0,0.0,5,4.0,8.5,1081.5,1,0,Regular,0.0
2081,25,1,3992.52,11,4.0,10.666666666666666,728.0,2,3,New Customer,41.9252
2082,218,2,6424.95,10,3.3333333333333335,16.333333333333332,544.3333333333334,2,2,VIP,68.2495
2083,90,0,0.0,10,4.0,11.8,464.4,1,0,Regular,0.0
2084,219,0,0.0,1,4.0,14.0,1747.0,0,4,Lost,0.0
2085,13,0,0.0,9,4.0,17.5,884.0,1,0,Regular,0.0
2087,101,0,0.0,4,4.0,10.333333333333334,880.6666666666666,2,0,Regular,0.0
2088,3,0,0.0,4,4.0,8.0,406.0,0,0,Regular,0.0
2089,133,1,679.29,6,4.333333333333333,9.666666666666666,561.0,2,3,New Customer,8.7929
2091,158,0,0.0,7,4.0,16.0,1017.5,1,4,Lost,0.0
2092,158,0,0.0,1,4.0,20.0,1073.0,1,4,Lost,0.0
2093,20,0,0.0,3,4.0,12.0,1426.0,0,0,Regular,0.0
2095,11,0,0.0,10,4.0,8.333333333333334,1572.6666666666667,3,0,Regular,0.0
2096,197,0,0.0,2,4.0,10.0,914.5,2,4,Lost,0.0
2097,63,3,4193.98,10,3.8,12.4,625.8,5,2,VIP,47.9398
2098,30,0,0.0,9,4.0,6.0,1145.0,2,0,Regular,0.0
2100,136,0,0.0,7,4.0,11.5,1180.0,1,0,Regular,0.0
2101,7,0,0.0,6,4.0,19.5,938.5,1,0,Regular,0.0
2103,232,0,0.0,7,4.0,8.5,369.5,1,4,Lost,0.0
2104,6,0,0.0,12,4.0,13.25,1295.25,2,0,Regular,0.0
2106,136,1,539.16,5,3.3333333333333335,9.333333333333334,985.0,3,3,New Customer,7.3915999999999995
2107,42,1,2090.28,9,4.0,16.0,356.3333333333333,3,3,New Customer,22.902800000000003
2108,142,0,0.0,4,4.0,5.5,1132.5,1,0,Regular,0.0
2110,109,0,0.0,8,4.0,7.0,699.3333333333334,1,0,Regular,0.0
2111,40,0,0.0,10,4.0,3.6666666666666665,655.3333333333334,0,0,Regular,0.0
2112,73,0,0.0,2,4.0,19.0,1070.0,2,0,Regular,0.0
2113,59,1,1287.54,9,4.2,11.6,793.0,5,3,New Customer,14.875399999999999
2114,37,1,1299.41,22,4.0,14.125,1275.25,6,3,New Customer,14.994100000000001
2115,27,1,1159.48,14,3.5,10.166666666666666,1089.3333333333333,4,3,New Customer,13.5948
2116,103,1,545.1,14,4.142857142857143,10.428571428571429,1173.142857142857,6,3,New Customer,7.4510000000000005
2117,38,1,1873.58,8,4.333333333333333,8.333333333333334,564.0,2,3,New Customer,20.735799999999998
2119,74,2,1731.77,15,3.8333333333333335,14.0,1055.0,2,3,New Customer,21.3177
2120,26,1,4068.52,9,4.0,16.666666666666668,927.0,2,3,New Customer,42.6852
2121,101,2,1081.49,3,5.0,16.0,726.5,2,3,New Customer,14.8149
2123,55,1,414.46,3,3.0,8.5,1267.5,2,3,New Customer,6.1446
2124,86,0,0.0,3,4.0,11.0,481.0,2,0,Regular,0.0
2125,229,0,0.0,3,4.0,13.5,387.0,2,4,Lost,0.0
2126,180,0,0.0,3,4.0,13.0,1533.0,1,4,Lost,0.0
2127,317,0,0.0,1,4.0,22.0,534.0,0,4,Lost,0.0
2128,196,0,0.0,5,4.0,6.0,1115.0,0,4,Lost,0.0
2129,30,0,0.0,6,4.0,14.666666666666666,452.3333333333333,1,0,Regular,0.0
2130,33,1,1295.7,10,4.0,17.25,1115.25,3,3,New Customer,14.957
2131,134,1,648.46,10,4.0,14.333333333333334,560.6666666666666,3,3,New Customer,8.4846
2132,35,1,1207.19,11,4.25,7.0,839.5,2,3,New Customer,14.071900000000001
2133,110,0,0.0,4,4.0,23.0,1396.0,0,0,Regular,0.0
2134,129,0,0.0,12,4.0,6.5,1212.25,3,0,Regular,0.0
2135,73,1,390.76,10,4.25,10.25,1046.75,2,3,New Customer,5.9076
2136,135,1,2507.7,6,4.5,19.5,1089.5,2,1,At Risk,27.076999999999998
2137,319,0,0.0,3,4.0,22.0,1765.0,1,4,Lost,0.0
2138,71,0,0.0,4,4.0,21.5,805.5,2,0,Regular,0.0
2139,131,0,0.0,11,4.0,19.75,1265.5,2,0,Regular,0.0
2140,335,1,3053.3,5,4.0,9.0,590.0,2,1,At Risk,32.533
2141,43,1,4993.64,5,4.0,14.333333333333334,1524.6666666666667,3,2,VIP,51.936400000000006
2142,0,0,0.0,14,4.0,7.8,1340.6,4,0,Regular,0.0
2143,74,1,1030.14,2,5.0,5.0,1361.0,1,3,New Customer,12.301400000000001
2144,169,1,251.92,1,5.0,24.0,931.0,1,1,At Risk,4.5192
2145,34,0,0.0,9,4.0,12.0,1189.25,3,0,Regular,0.0
2146,71,0,0.0,8,4.0,13.0,965.4,2,0,Regular,0.0
2147,87,1,2638.53,14,3.75,13.25,1007.5,3,3,New Customer,28.3853
2148,61,0,0.0,5,4.0,8.666666666666666,516.6666666666666,1,0,Regular,0.0
2149,236,0,0.0,8,4.0,12.0,507.3333333333333,2,4,Lost,0.0
2150,64,0,0.0,3,4.0,12.333333333333334,1264.0,3,0,Regular,0.0
2151,99,3,7503.79,14,4.25,12.0,974.25,3,2,VIP,81.0379
2152,45,0,0.0,8,4.0,17.5,1187.5,2,0,Regular,0.0
2153,13,0,0.0,15,4.0,8.4,837.2,3,0,Regular,0.0
2154,29,1,304.51,12,3.8,16.0,616.0,4,3,New Customer,5.0451
2155,126,3,5645.68,12,3.6,16.2,964.2,3,2,VIP,62.4568
2156,70,2,1314.3600000000001,6,4.0,12.666666666666666,1139.6666666666667,3,3,New Customer,17.1436
2157,71,2,1499.4299999999998,8,4.0,12.25,1093.75,4,3,New Customer,18.9943
2158,250,0,0.0,4,4.0,21.0,1241.0,0,4,Lost,0.0
2159,2,0,0.0,18,4.0,15.166666666666666,1201.3333333333333,6,0,Regular,0.0
2161,52,0,0.0,5,4.0,12.0,1601.5,1,0,Regular,0.0
2162,116,0,0.0,11,4.0,13.25,667.0,4,0,Regular,0.0
2163,3,2,1255.83,11,4.2,8.8,766.6,5,3,New Customer,16.5583
2164,59,1,2502.0,10,4.25,16.75,706.0,3,3,New Customer,27.02
2165,192,1,1361.19,13,4.25,10.25,970.75,2,1,At Risk,15.6119
2166,93,0,0.0,9,4.0,18.333333333333332,911.6666666666666,2,0,Regular,0.0
2167,37,2,667.13,8,4.5,18.0,789.5,4,3,New Customer,10.671299999999999
2168,82,0,0.0,6,4.0,9.0,1382.3333333333333,1,0,Regular,0.0
2169,23,1,633.88,8,4.2,16.0,804.8,4,3,New Customer,8.338799999999999
2170,82,2,7742.3,13,3.8,7.4,632.0,4,2,VIP,81.423
2171,80,0,0.0,3,4.0,16.0,1572.0,0,0,Regular,0.0
2173,167,0,0.0,6,4.0,14.5,1215.5,1,4,Lost,0.0
2174,193,0,0.0,2,4.0,1.0,1764.0,1,4,Lost,0.0
2175,120,0,0.0,10,4.0,10.0,687.25,2,0,Regular,0.0
2176,47,1,563.42,3,4.0,18.5,1584.5,1,3,New Customer,7.6342
2177,135,1,427.52,6,4.0,13.666666666666666,728.0,1,3,New Customer,6.2752
2178,142,0,0.0,9,4.0,8.75,756.0,2,0,Regular,0.0
2179,55,1,255.85,3,4.0,3.5,1226.5,2,3,New Customer,4.5585
2180,16,1,1217.97,8,3.6666666666666665,13.0,1058.6666666666667,2,3,New Customer,14.1797
2181,186,0,0.0,4,4.0,4.5,353.0,1,4,Lost,0.0
2182,111,1,597.85,3,5.0,9.0,707.0,1,3,New Customer,7.9785
2183,354,1,2957.16,3,3.0,3.0,1644.0,1,1,At Risk,31.5716
2184,133,1,1473.0,6,4.0,18.5,1186.0,1,3,New Customer,16.73
2185,131,1,2041.33,6,4.5,19.0,1043.5,1,1,At Risk,22.4133
2186,101,0,0.0,10,4.0,9.0,607.6666666666666,2,0,Regular,0.0
2187,192,0,0.0,3,4.0,20.5,1373.0,1,4,Lost,0.0
2188,59,0,0.0,15,4.0,13.5,968.8333333333334,3,0,Regular,0.0
2189,60,1,3144.92,10,4.0,10.333333333333334,1149.6666666666667,2,3,New Customer,33.449200000000005
2190,19,0,0.0,6,4.0,17.0,822.3333333333334,1,0,Regular,0.0
2191,34,1,1446.88,11,4.0,18.0,678.5,4,3,New Customer,16.4688
2192,73,1,1029.07,4,4.0,8.5,1253.0,2,3,New Customer,12.2907
2193,30,2,2115.64,10,3.75,15.5,776.0,4,3,New Customer,25.156399999999998
2194,105,0,0.0,9,4.0,14.5,1154.25,2,0,Regular,0.0
2196,27,0,0.0,5,4.0,14.333333333333334,720.0,3,0,Regular,0.0
2197,299,0,0.0,4,4.0,10.0,628.0,0,4,Lost,0.0
2198,75,0,0.0,6,4.0,9.666666666666666,720.3333333333334,3,0,Regular,0.0
2199,10,2,4552.85,10,4.0,8.666666666666666,309.0,3,2,VIP,49.5285
2200,120,2,2584.41,4,3.0,11.666666666666666,1003.0,3,3,New Customer,29.844099999999997
2201,165,1,2167.5,4,3.0,16.5,1217.5,1,1,At Risk,23.675
2202,75,2,2080.6000000000004,8,3.0,17.5,779.75,2,3,New Customer,24.806000000000004
2203,292,0,0.0,6,4.0,9.5,494.0,1,4,Lost,0.0
2204,57,0,0.0,10,4.0,16.75,653.25,2,0,Regular,0.0
2205,133,1,694.49,4,4.0,8.5,1259.5,2,3,New Customer,8.9449
2206,15,0,0.0,11,4.0,13.25,527.25,3,0,Regular,0.0
2207,136,1,348.62,6,4.0,9.333333333333334,590.3333333333334,2,3,New Customer,5.4862
2208,228,0,0.0,13,4.0,14.5,854.25,4,4,Lost,0.0
2209,168,0,0.0,8,4.0,10.666666666666666,949.0,1,4,Lost,0.0
2210,125,1,2921.29,7,4.0,18.0,394.5,2,3,New Customer,31.2129
2211,362,0,0.0,2,4.0,6.0,1424.0,0,4,Lost,0.0
2212,133,0,0.0,3,4.0,9.0,422.0,0,0,Regular,0.0
2213,84,0,0.0,6,4.0,14.0,552.0,1,0,Regular,0.0
2214,185,0,0.0,7,4.0,6.5,746.0,1,4,Lost,0.0
2215,136,2,4814.959999999999,7,3.6666666666666665,13.0,794.0,2,2,VIP,52.14959999999999
2216,8,0,0.0,7,4.0,18.666666666666668,1033.0,2,0,Regular,0.0
2217,37,0,0.0,5,4.0,11.0,1243.6666666666667,1,0,Regular,0.0
2218,92,0,0.0,12,4.0,12.25,771.25,2,0,Regular,0.0
2220,103,0,0.0,9,4.0,8.75,899.0,3,0,Regular,0.0
2221,151,0,0.0,10,4.0,8.666666666666666,1468.3333333333333,2,4,Lost,0.0
2222,22,0,0.0,4,4.0,19.0,45.0,1,0,Regular,0.0
2223,106,1,6708.92,4,4.0,4.0,1623.0,1,2,VIP,69.0892
2224,211,1,888.29,7,4.0,9.0,1124.0,1,1,At Risk,10.8829
2225,172,1,864.8,5,4.5,13.0,1678.5,1,1,At Risk,10.648
2226,206,1,4514.0,7,3.5,11.5,1252.5,2,1,At Risk,47.14
2227,60,1,508.2,4,3.0,9.0,1379.5,1,3,New Customer,7.082
2228,27,1,1168.78,9,3.8,9.6,1027.0,2,3,New Customer,13.6878
2229,62,1,1940.76,12,3.8,14.0,823.4,2,3,New Customer,21.4076
2230,37,0,0.0,3,4.0,17.0,843.0,1,0,Regular,0.0
2231,2,0,0.0,8,4.0,11.8,694.8,4,0,Regular,0.0
2232,71,1,490.58,8,3.3333333333333335,11.666666666666666,1596.3333333333333,2,3,New Customer,6.9058
2234,221,1,66.76,16,4.0,15.666666666666666,816.0,5,1,At Risk,2.6676
2235,161,0,0.0,3,4.0,19.5,219.5,0,4,Lost,0.0
2236,158,1,802.98,8,3.6666666666666665,13.666666666666666,507.0,2,1,At Risk,10.0298
2237,87,1,3555.01,13,3.5,5.75,529.25,3,3,New Customer,37.5501
2238,12,0,0.0,10,4.0,13.0,934.0,0,0,Regular,0.0
2239,15,0,0.0,1,4.0,24.0,184.0,1,0,Regular,0.0
2240,125,1,2536.47,5,3.6666666666666665,10.0,1011.6666666666666,3,3,New Customer,27.3647
2241,108,0,0.0,8,4.0,14.333333333333334,1241.6666666666667,1,0,Regular,0.0
2242,115,0,0.0,11,4.0,12.0,814.0,0,0,Regular,0.0
2243,184,0,0.0,7,4.0,6.666666666666667,877.3333333333334,1,4,Lost,0.0
2244,238,1,2059.52,10,3.6666666666666665,13.0,1144.6666666666667,1,1,At Risk,22.5952
2245,6,0,0.0,8,4.0,9.333333333333334,1385.0,1,0,Regular,0.0
2247,11,1,450.13,3,4.5,12.0,1156.0,1,3,New Customer,6.5013
2248,7,0,0.0,15,4.0,17.0,1110.25,2,0,Regular,0.0
2249,36,0,0.0,5,4.0,10.75,761.5,0,0,Regular,0.0
2250,19,0,0.0,7,4.0,18.666666666666668,945.6666666666666,1,0,Regular,0.0
2251,150,0,0.0,3,4.0,8.0,122.0,0,0,Regular,0.0
2252,290,0,0.0,4,4.0,2.0,459.0,1,4,Lost,0.0
2253,100,0,0.0,13,4.0,10.0,1419.5,3,0,Regular,0.0
2254,190,0,0.0,2,4.0,4.0,453.0,0,4,Lost,0.0
2255,1,2,3328.34,9,3.4,19.2,1167.8,3,2,VIP,37.2834
2256,63,0,0.0,9,4.0,18.333333333333332,431.6666666666667,3,0,Regular,0.0
2257,129,0,0.0,10,4.0,16.25,928.75,4,0,Regular,0.0
2258,130,1,617.2,4,3.5,22.0,885.5,2,3,New Customer,8.172
2259,144,0,0.0,8,4.0,16.333333333333332,1490.6666666666667,3,0,Regular,0.0
2260,6,2,4882.51,8,3.6666666666666665,8.333333333333334,599.3333333333334,2,2,VIP,52.8251
2261,102,0,0.0,18,4.0,15.571428571428571,947.2857142857143,3,0,Regular,0.0
2262,23,1,415.06,13,4.0,8.666666666666666,915.0,3,3,New Customer,6.1506
2263,39,0,0.0,11,4.0,12.0,804.2,1,0,Regular,0.0
2264,206,0,0.0,2,4.0,6.0,1228.0,1,4,Lost,0.0
2266,127,1,641.5,1,4.0,17.0,672.0,1,3,New Customer,8.415
2267,31,0,0.0,2,4.0,18.5,1177.0,0,0,Regular,0.0
2268,86,0,0.0,9,4.0,12.333333333333334,647.0,2,0,Regular,0.0
2269,43,0,0.0,12,4.0,15.0,428.75,3,0,Regular,0.0
2270,274,0,0.0,10,4.0,11.333333333333334,724.3333333333334,0,4,Lost,0.0
2271,29,0,0.0,16,4.0,11.333333333333334,575.6666666666666,2,0,Regular,0.0
2272,164,0,0.0,9,4.0,16.0,464.5,3,4,Lost,0.0
2273,135,0,0.0,3,4.0,14.0,927.5,0,0,Regular,0.0
2274,14,0,0.0,3,4.0,14.5,939.0,1,0,Regular,0.0
2275,288,1,767.39,1,5.0,3.0,796.0,1,1,At Risk,9.6739
2277,68,1,951.32,9,4.0,15.666666666666666,1125.3333333333333,3,3,New Customer,11.513200000000001
2278,65,1,2229.28,14,4.2,13.2,946.8,3,3,New Customer,24.292800000000003
2279,28,0,0.0,4,4.0,9.0,766.0,1,0,Regular,0.0
2280,233,1,1117.05,9,4.0,18.0,1081.6666666666667,3,1,At Risk,13.170499999999999
2281,56,1,1506.42,12,4.0,10.2,900.0,4,3,New Customer,17.0642
2282,23,1,2032.3,8,3.6666666666666665,20.333333333333332,725.0,3,3,New Customer,22.323
2284,42,0,0.0,10,4.0,8.25,1407.25,3,0,Regular,0.0
2285,100,0,0.0,7,4.0,15.0,756.0,1,0,Regular,0.0
2286,103,2,1859.9899999999998,4,4.5,14.5,343.5,2,3,New Customer,22.599899999999998
2287,103,2,7664.75,9,4.333333333333333,11.333333333333334,807.0,2,2,VIP,80.6475
2288,68,1,2882.34,12,4.0,9.0,652.2,4,3,New Customer,30.823400000000003
2289,103,1,2204.36,20,3.75,14.5,938.625,3,3,New Customer,24.0436
2290,37,0,0.0,12,4.0,8.0,956.0,0,0,Regular,0.0
2291,152,0,0.0,3,4.0,22.0,925.0,0,4,Lost,0.0
2292,237,1,2318.59,6,4.0,21.0,1086.0,3,1,At Risk,25.1859
2293,44,0,0.0,10,4.0,9.6,660.0,4,0,Regular,0.0
2294,102,2,1449.48,9,3.75,15.25,642.5,3,3,New Customer,18.494799999999998
2295,74,1,6400.47,7,3.5,20.0,366.0,2,2,VIP,66.0047
2296,110,2,2406.66,4,3.6666666666666665,13.666666666666666,819.3333333333334,3,3,New Customer,28.066599999999998
2297,45,2,2106.12,12,4.4,12.8,1016.2,3,3,New Customer,25.0612
2298,241,0,0.0,3,4.0,1.0,978.0,0,4,Lost,0.0
2299,99,0,0.0,5,4.0,9.666666666666666,839.6666666666666,2,0,Regular,0.0
2300,265,0,0.0,3,4.0,22.0,1726.0,1,4,Lost,0.0
2301,203,0,0.0,6,4.0,13.0,1108.0,1,4,Lost,0.0
2303,57,1,403.28,7,4.5,12.0,709.0,1,3,New Customer,6.0328
2304,79,0,0.0,11,4.0,16.25,499.0,4,0,Regular,0.0
2305,306,0,0.0,3,4.0,12.0,713.0,2,4,Lost,0.0
2306,119,0,0.0,2,4.0,12.5,995.5,2,0,Regular,0.0
2307,31,1,1828.44,6,4.0,14.0,840.5,2,3,New Customer,20.2844
2308,182,1,1523.48,2,4.5,8.5,834.0,2,1,At Risk,17.2348
2310,127,0,0.0,5,4.0,16.5,720.0,1,0,Regular,0.0
2311,11,0,0.0,8,4.0,8.333333333333334,770.3333333333334,3,0,Regular,0.0
2312,88,1,5409.68,16,4.0,16.4,689.4,4,2,VIP,56.0968
2313,58,0,0.0,3,4.0,11.5,1430.0,1,0,Regular,0.0
2314,3,2,2389.71,15,3.7142857142857144,11.571428571428571,702.0,6,3,New Customer,27.897100000000002
2315,0,0,0.0,9,4.0,8.333333333333334,738.3333333333334,3,0,Regular,0.0
2316,153,0,0.0,2,4.0,1.0,56.0,0,4,Lost,0.0
2317,37,0,0.0,5,4.0,16.0,1144.0,0,0,Regular,0.0
2318,104,0,0.0,11,4.0,12.2,774.4,3,0,Regular,0.0
2319,115,1,799.92,11,4.2,13.8,1104.4,2,3,New Customer,9.999199999999998
2320,84,0,0.0,15,4.0,8.4,808.4,3,0,Regular,0.0
2321,79,0,0.0,4,4.0,2.0,300.0,1,0,Regular,0.0
2323,110,0,0.0,4,4.0,14.666666666666666,1340.3333333333333,2,0,Regular,0.0
2324,269,1,632.77,2,4.0,13.0,640.0,2,1,At Risk,8.3277
2325,101,1,5234.01,8,4.0,8.0,1024.5,2,2,VIP,54.3401
2326,42,0,0.0,10,4.0,8.666666666666666,1091.3333333333333,3,0,Regular,0.0
2327,284,1,354.06,3,5.0,4.0,1698.0,1,1,At Risk,5.5405999999999995
2328,145,0,0.0,1,4.0,20.0,250.0,0,0,Regular,0.0
2329,24,2,2434.0,15,4.0,11.666666666666666,808.6666666666666,4,3,New Customer,28.34
2330,214,0,0.0,8,4.0,11.0,1240.0,0,4,Lost,0.0
2331,41,0,0.0,8,4.0,9.2,776.2,4,0,Regular,0.0
2332,104,0,0.0,2,4.0,9.0,170.0,1,0,Regular,0.0
2333,225,0,0.0,1,4.0,23.0,588.0,0,4,Lost,0.0
2334,193,0,0.0,7,4.0,9.666666666666666,664.3333333333334,1,4,Lost,0.0
2335,4,2,3961.23,9,4.4,12.4,529.4,4,2,VIP,43.6123
2336,293,0,0.0,1,4.0,6.0,322.0,0,4,Lost,0.0
2337,206,0,0.0,9,4.0,13.0,896.8,4,4,Lost,0.0
2338,119,0,0.0,4,4.0,5.0,1119.5,2,0,Regular,0.0
2340,304,0,0.0,3,4.0,2.0,665.0,1,4,Lost,0.0
2341,94,0,0.0,2,4.0,8.0,34.0,1,0,Regular,0.0
2342,103,0,0.0,5,4.0,18.5,136.5,2,0,Regular,0.0
2343,65,0,0.0,7,4.0,15.0,1360.5,0,0,Regular,0.0
2344,31,2,2970.8500000000004,5,2.6666666666666665,10.666666666666666,908.0,2,3,New Customer,33.7085
2345,173,0,0.0,11,4.0,15.0,786.5,2,4,Lost,0.0
2347,26,2,3007.0,19,3.5,7.666666666666667,1033.1666666666667,4,3,New Customer,34.07
2348,38,0,0.0,8,4.0,23.5,607.0,2,0,Regular,0.0
2349,110,2,4454.23,15,3.4,14.2,744.2,3,2,VIP,48.5423
2350,11,1,1769.0,9,4.333333333333333,15.666666666666666,1196.0,3,3,New Customer,19.69
2351,191,0,0.0,1,4.0,16.0,1424.0,1,4,Lost,0.0
2352,297,0,0.0,4,4.0,2.0,396.5,2,4,Lost,0.0
2353,166,0,0.0,9,4.0,13.0,593.6666666666666,1,4,Lost,0.0
2355,61,2,2391.05,14,4.166666666666667,13.333333333333334,966.5,4,3,New Customer,27.910500000000003
2356,83,0,0.0,5,4.0,16.0,1116.5,1,0,Regular,0.0
2357,268,1,484.42,1,4.0,10.0,925.0,1,1,At Risk,6.8442
2358,106,0,0.0,2,4.0,7.0,797.0,2,0,Regular,0.0
2359,10,3,10788.55,15,3.8,17.4,1344.6,3,2,VIP,113.8855
2360,260,0,0.0,3,4.0,17.0,842.0,1,4,Lost,0.0
2361,94,1,1184.9,10,4.0,17.25,710.5,4,3,New Customer,13.849
2362,32,0,0.0,4,4.0,19.0,124.5,1,0,Regular,0.0
2363,64,1,423.72,11,3.75,20.25,981.0,1,3,New Customer,6.2372000000000005
2364,274,1,4331.28,5,4.5,21.5,316.5,1,1,At Risk,45.312799999999996
2365,47,1,495.65,6,4.0,11.333333333333334,1047.6666666666667,3,3,New Customer,6.9565
2366,196,0,0.0,5,4.0,17.5,1222.5,0,4,Lost,0.0
2367,26,1,1637.1,3,4.0,3.0,1215.0,1,3,New Customer,18.371
2368,80,1,793.74,5,4.0,9.0,186.66666666666666,2,3,New Customer,9.9374
2370,122,1,540.62,17,4.166666666666667,8.333333333333334,932.0,3,3,New Customer,7.4062
2371,231,0,0.0,8,4.0,4.0,982.0,1,4,Lost,0.0
2372,37,0,0.0,9,4.0,14.666666666666666,721.6666666666666,2,0,Regular,0.0
2373,68,0,0.0,3,4.0,10.0,1322.5,1,0,Regular,0.0
2374,102,0,0.0,11,4.0,11.0,515.5,4,0,Regular,0.0
2375,32,1,3161.86,21,4.125,8.625,470.625,8,3,New Customer,33.6186
2376,16,1,1353.56,14,4.25,8.25,1189.5,3,3,New Customer,15.535599999999999
2377,62,0,0.0,10,4.0,16.25,1255.0,3,0,Regular,0.0
2378,166,2,5497.6,16,3.6,9.2,942.2,3,2,VIP,58.976000000000006
2379,167,0,0.0,5,4.0,7.5,552.5,1,4,Lost,0.0
2380,108,0,0.0,5,4.0,12.666666666666666,1105.0,1,0,Regular,0.0
2381,0,1,869.54,21,4.0,7.0,1014.7142857142857,4,3,New Customer,10.6954
2382,107,0,0.0,20,4.0,16.666666666666668,696.8333333333334,3,0,Regular,0.0
2383,59,0,0.0,8,4.0,8.333333333333334,1010.3333333333334,1,0,Regular,0.0
2385,29,1,2476.74,9,4.2,14.8,1326.0,4,3,New Customer,26.7674
2386,199,0,0.0,8,4.0,21.5,1021.5,1,4,Lost,0.0
2387,138,1,643.25,3,4.5,10.5,1210.5,2,1,At Risk,8.432500000000001
2388,38,1,1168.64,12,4.166666666666667,13.5,792.5,2,3,New Customer,13.6864
2389,175,0,0.0,13,4.0,18.0,1186.0,2,4,Lost,0.0
2390,252,1,1128.06,8,4.333333333333333,17.0,1064.3333333333333,1,1,At Risk,13.2806
2391,24,0,0.0,3,4.0,11.0,836.0,1,0,Regular,0.0
2392,41,0,0.0,9,4.0,9.25,749.5,4,0,Regular,0.0
2393,24,0,0.0,4,4.0,17.0,953.0,0,0,Regular,0.0
2394,165,1,2244.2,10,4.0,16.0,529.6666666666666,3,1,At Risk,24.441999999999997
2395,2,1,963.64,9,4.2,13.4,804.2,4,3,New Customer,11.6364
2396,4,2,3426.21,7,4.25,11.75,952.25,2,2,VIP,38.262100000000004
2397,357,0,0.0,1,4.0,6.0,161.0,1,4,Lost,0.0
2398,39,2,7151.139999999999,11,4.0,15.0,707.5,4,2,VIP,75.5114
2399,36,1,256.94,8,4.333333333333333,12.333333333333334,867.3333333333334,1,3,New Customer,4.5694
2400,151,0,0.0,3,4.0,5.0,80.5,0,4,Lost,0.0
2401,13,0,0.0,16,4.0,11.0,1260.4,3,0,Regular,0.0
2402,131,2,4831.389999999999,6,3.3333333333333335,19.333333333333332,1154.3333333333333,2,2,VIP,52.3139
2403,261,0,0.0,5,4.0,8.0,453.5,1,4,Lost,0.0
2405,62,1,1034.52,7,3.0,13.333333333333334,1214.0,3,3,New Customer,12.3452
2406,160,1,2242.92,11,3.6666666666666665,9.833333333333334,723.6666666666666,6,1,At Risk,24.4292
2407,43,1,242.01,6,4.333333333333333,9.333333333333334,605.3333333333334,3,3,New Customer,4.4201
2409,84,0,0.0,5,4.0,16.0,566.0,0,0,Regular,0.0
2410,50,1,1982.73,12,3.6,13.2,699.6,5,3,New Customer,21.8273
2411,181,0,0.0,6,4.0,14.0,1076.5,1,4,Lost,0.0
2412,23,2,842.66,5,4.5,10.5,952.0,2,3,New Customer,12.4266
2413,22,0,0.0,7,4.0,3.5,1200.0,3,0,Regular,0.0
2414,89,0,0.0,4,4.0,19.0,747.0,1,0,Regular,0.0
2415,14,1,2792.32,5,4.0,14.0,1302.0,1,3,New Customer,29.9232
2416,87,0,0.0,1,4.0,9.0,1151.0,0,0,Regular,0.0
2417,112,3,7266.429999999999,14,3.0,14.0,1247.25,4,2,VIP,78.6643
2418,53,3,3150.91,12,3.4,11.8,736.0,4,2,VIP,37.509100000000004
2419,63,1,262.53,5,4.0,16.0,1109.3333333333333,2,3,New Customer,4.625299999999999
2420,176,0,0.0,2,4.0,24.0,494.0,1,4,Lost,0.0
2421,122,2,4790.17,3,2.5,23.0,888.0,2,2,VIP,51.9017
2422,42,3,2554.2200000000003,13,4.75,14.0,1176.25,4,2,VIP,31.5422
2423,4,2,1721.88,8,3.25,18.0,923.5,3,3,New Customer,21.2188
2424,41,1,3172.36,11,4.0,16.0,1329.0,2,3,New Customer,33.723600000000005
2425,125,1,1592.51,8,4.5,8.0,477.5,1,3,New Customer,17.9251
2426,35,0,0.0,12,4.0,8.0,730.25,3,0,Regular,0.0
2427,100,0,0.0,1,4.0,6.0,58.0,1,0,Regular,0.0
2428,69,0,0.0,5,4.0,7.5,821.0,1,0,Regular,0.0
2429,1,1,3957.48,8,4.0,12.5,824.0,3,3,New Customer,41.5748
2430,140,1,641.88,6,4.5,4.0,572.0,1,1,At Risk,8.418800000000001
2431,167,2,2341.2799999999997,11,4.0,11.75,958.5,2,1,At Risk,27.412799999999997
2434,346,0,0.0,4,4.0,10.0,1484.0,1,4,Lost,0.0
2435,0,2,5916.63,15,3.25,11.25,746.75,3,2,VIP,63.1663
2436,94,1,1363.24,3,4.0,6.0,154.0,1,3,New Customer,15.6324
2437,1,0,0.0,3,4.0,16.5,1105.0,1,0,Regular,0.0
2438,64,1,4495.8,12,4.0,10.0,1284.6666666666667,3,2,VIP,46.958
2439,209,0,0.0,6,4.0,13.0,643.0,3,4,Lost,0.0
2440,169,1,1616.89,13,4.2,11.6,580.4,4,1,At Risk,18.1689
2441,152,0,0.0,7,4.0,9.0,448.0,3,4,Lost,0.0
2442,9,0,0.0,14,4.0,12.8,1053.6,3,0,Regular,0.0
2443,30,2,1095.1399999999999,8,3.25,13.75,905.75,3,3,New Customer,14.9514
2444,69,0,0.0,3,4.0,15.5,478.0,2,0,Regular,0.0
2445,143,0,0.0,7,4.0,16.75,1051.5,2,0,Regular,0.0
2446,155,1,6305.0,21,3.8333333333333335,12.833333333333334,993.1666666666666,4,2,VIP,65.05
2447,314,0,0.0,3,4.0,18.0,992.0,1,4,Lost,0.0
2448,110,1,3704.66,6,4.0,9.0,1033.6666666666667,3,3,New Customer,39.0466
2449,107,0,0.0,12,4.0,14.25,859.75,4,0,Regular,0.0
2450,69,0,0.0,1,4.0,21.0,189.0,1,0,Regular,0.0
2451,169,2,4754.38,17,3.8,12.8,699.6,3,2,VIP,51.543800000000005
2453,161,2,8017.26,9,4.333333333333333,6.0,628.0,3,2,VIP,84.1726
2454,164,0,0.0,2,4.0,8.0,1725.0,0,4,Lost,0.0
2455,75,1,2008.08,9,3.75,10.75,849.5,3,3,New Customer,22.0808
2456,235,0,0.0,8,4.0,10.666666666666666,562.0,2,4,Lost,0.0
2457,81,0,0.0,7,4.0,7.333333333333333,265.6666666666667,2,0,Regular,0.0
2458,89,1,1843.14,9,3.3333333333333335,12.0,645.0,2,3,New Customer,20.4314
2459,39,1,1398.81,5,4.0,9.0,484.0,1,3,New Customer,15.9881
2460,307,1,634.56,2,3.5,6.0,245.0,2,1,At Risk,8.3456
2461,4,1,3136.9,14,4.0,13.4,982.2,3,3,New Customer,33.369
2462,79,2,3195.4700000000003,13,3.6666666666666665,8.666666666666666,985.1666666666666,3,2,VIP,35.9547
2464,8,0,0.0,9,4.0,12.75,1165.25,2,0,Regular,0.0
2465,8,2,1060.6599999999999,8,3.5,11.75,1101.0,4,3,New Customer,14.606599999999998
2466,34,1,1050.38,7,3.0,17.666666666666668,1023.6666666666666,3,3,New Customer,12.503800000000002
2467,255,0,0.0,3,4.0,10.5,828.5,1,4,Lost,0.0
2468,52,0,0.0,7,4.0,10.666666666666666,1199.0,1,0,Regular,0.0
2469,150,2,2834.2,6,3.5,16.0,1302.5,2,1,At Risk,32.342
2470,50,0,0.0,13,4.0,13.75,664.25,2,0,Regular,0.0
2471,160,0,0.0,7,4.0,7.5,753.0,1,4,Lost,0.0
2472,95,1,2631.31,10,3.0,19.333333333333332,1144.6666666666667,2,3,New Customer,28.3131
2473,138,0,0.0,9,4.0,10.75,680.5,2,0,Regular,0.0
2474,225,1,2877.06,6,4.0,12.0,1562.5,2,1,At Risk,30.770599999999998
2475,7,0,0.0,8,4.0,15.5,272.0,1,0,Regular,0.0
2476,322,1,1014.83,1,3.0,12.0,1120.0,1,1,At Risk,12.1483
2477,69,0,0.0,3,4.0,10.0,1335.0,1,0,Regular,0.0
2478,59,1,619.42,1,2.0,21.0,404.0,1,3,New Customer,8.194199999999999
2479,118,0,0.0,11,4.0,13.0,788.6666666666666,1,0,Regular,0.0
2480,10,0,0.0,3,4.0,19.5,1416.0,0,0,Regular,0.0
2481,205,0,0.0,4,4.0,12.0,1724.0,2,4,Lost,0.0
2482,57,0,0.0,7,4.0,4.5,1016.5,1,0,Regular,0.0
2483,72,0,0.0,5,4.0,13.5,1141.5,1,0,Regular,0.0
2484,39,1,442.98,8,3.5,14.25,911.25,2,3,New Customer,6.4298
2485,70,0,0.0,9,4.0,16.5,638.5,4,0,Regular,0.0
2486,9,1,986.19,5,3.0,17.333333333333332,1242.0,3,3,New Customer,11.8619
2487,118,1,3466.22,8,3.5,11.0,970.25,2,3,New Customer,36.6622
2488,46,3,2745.75,11,3.4,12.6,1205.0,3,2,VIP,33.457499999999996
2489,79,1,384.48,10,4.2,10.0,1490.8,4,3,New Customer,5.8448
2490,14,1,1874.09,5,4.0,11.5,411.0,1,3,New Customer,20.7409
2491,164,1,1057.06,3,4.0,9.5,968.5,2,1,At Risk,12.570599999999999
2492,90,1,1765.4,8,4.25,7.5,868.25,2,3,New Customer,19.654
2493,84,0,0.0,16,4.0,13.833333333333334,525.6666666666666,4,0,Regular,0.0
2494,5,1,174.93,13,4.2,9.0,587.8,3,3,New Customer,3.7493
2495,72,0,0.0,3,4.0,15.0,683.0,1,0,Regular,0.0
2497,104,0,0.0,2,4.0,4.0,104.0,1,0,Regular,0.0
2498,296,1,2589.03,8,3.5,10.0,584.5,1,1,At Risk,27.890300000000003
2499,157,0,0.0,8,4.0,7.666666666666667,421.0,2,4,Lost,0.0
2501,190,1,289.33,11,4.0,13.25,1488.5,2,1,At Risk,4.8933
2502,90,0,0.0,3,4.0,18.0,30.0,1,0,Regular,0.0
2503,204,1,1406.12,7,4.333333333333333,11.0,800.3333333333334,2,1,At Risk,16.0612
2505,5,0,0.0,6,4.0,8.0,1419.5,2,0,Regular,0.0
2506,44,1,5779.33,18,4.166666666666667,7.833333333333333,736.5,3,2,VIP,59.7933
2507,267,1,943.81,2,4.0,1.0,661.0,1,1,At Risk,11.438099999999999
2508,178,0,0.0,2,4.0,21.0,716.0,0,4,Lost,0.0
2509,0,4,9080.46,15,3.2,10.2,278.8,4,2,VIP,98.8046
2510,121,1,655.47,2,5.0,6.0,1587.0,1,3,New Customer,8.5547
2511,110,1,3293.65,18,4.166666666666667,9.333333333333334,891.1666666666666,5,3,New Customer,34.9365
2512,263,0,0.0,1,4.0,10.0,1376.0,0,4,Lost,0.0
2513,44,0,0.0,3,4.0,13.0,1026.0,1,0,Regular,0.0
2514,104,0,0.0,12,4.0,14.333333333333334,847.0,1,0,Regular,0.0
2515,28,2,2717.28,16,4.0,13.5,1016.6666666666666,5,3,New Customer,31.172800000000002
2516,32,0,0.0,4,4.0,1.0,1234.0,1,0,Regular,0.0
2517,267,2,4964.02,5,4.0,9.0,1471.0,2,1,At Risk,53.64020000000001
2518,260,0,0.0,3,4.0,14.5,871.5,1,4,Lost,0.0
2519,72,2,1165.01,6,3.3333333333333335,14.0,697.0,3,3,New Customer,15.6501
2521,329,0,0.0,2,4.0,13.0,942.0,1,4,Lost,0.0
2522,64,1,2041.77,9,4.333333333333333,12.0,751.6666666666666,1,3,New Customer,22.4177
2523,73,0,0.0,7,4.0,19.666666666666668,844.6666666666666,1,0,Regular,0.0
2524,49,1,544.2,17,4.0,14.5,1313.3333333333333,6,3,New Customer,7.442
2525,244,0,0.0,4,4.0,1.0,363.0,0,4,Lost,0.0
2526,112,2,4137.12,9,3.6666666666666665,16.0,811.3333333333334,3,2,VIP,45.3712
2527,69,2,4376.7,8,4.333333333333333,8.666666666666666,1126.6666666666667,3,2,VIP,47.766999999999996
2528,106,1,325.58,13,4.0,16.0,643.6,4,3,New Customer,5.2558
2529,9,0,0.0,10,4.0,18.0,810.75,3,0,Regular,0.0
2530,65,0,0.0,1,4.0,23.0,1534.0,0,0,Regular,0.0
2531,291,0,0.0,6,4.0,8.5,1441.5,0,4,Lost,0.0
2532,123,1,2456.1,9,3.8,14.6,796.4,3,3,New Customer,26.561
2533,236,1,3765.61,9,3.5,12.0,1265.25,4,1,At Risk,39.6561
2534,50,1,2291.33,16,4.2,6.6,687.8,5,3,New Customer,24.9133
2535,40,1,800.73,5,3.6666666666666665,15.0,1012.6666666666666,2,3,New Customer,10.0073
2536,109,0,0.0,5,4.0,13.0,1311.5,0,0,Regular,0.0
2538,95,0,0.0,2,4.0,14.0,500.0,0,0,Regular,0.0
2539,269,0,0.0,3,4.0,22.0,339.0,1,4,Lost,0.0
2540,41,0,0.0,9,4.0,9.0,1356.6666666666667,1,0,Regular,0.0
2541,10,0,0.0,2,4.0,19.0,49.0,1,0,Regular,0.0
2543,24,1,308.43,1,5.0,8.0,450.0,1,3,New Customer,5.084300000000001
2544,126,0,0.0,6,4.0,12.5,599.0,1,0,Regular,0.0
2545,43,0,0.0,13,4.0,13.5,633.5,2,0,Regular,0.0
2546,15,1,5820.69,17,4.2,13.6,374.4,3,2,VIP,60.2069
2547,55,0,0.0,5,4.0,17.0,1330.5,2,0,Regular,0.0
2548,100,0,0.0,5,4.0,9.0,118.0,1,0,Regular,0.0
2549,12,2,4126.59,12,3.5,9.666666666666666,1066.6666666666667,4,2,VIP,45.2659
2550,60,0,0.0,4,4.0,2.0,1544.0,1,0,Regular,0.0
2551,118,2,2166.74,8,4.25,13.75,1171.0,3,3,New Customer,25.667399999999997
2552,294,0,0.0,1,4.0,18.0,1108.0,0,4,Lost,0.0
2553,40,0,0.0,2,4.0,16.5,412.0,1,0,Regular,0.0
2554,317,0,0.0,3,4.0,10.0,848.0,0,4,Lost,0.0
2555,21,0,0.0,2,4.0,11.0,223.0,0,0,Regular,0.0
2556,148,1,4668.81,13,3.8,12.6,793.4,4,1,At Risk,48.688100000000006
2557,169,1,1406.84,9,4.333333333333333,16.333333333333332,1322.0,1,1,At Risk,16.068399999999997
2558,3,3,7011.08,13,4.142857142857143,14.0,770.0,5,2,VIP,76.1108
2559,34,1,3969.94,8,4.25,17.25,838.5,3,3,New Customer,41.6994
2560,46,0,0.0,6,4.0,18.0,238.66666666666666,3,0,Regular,0.0
2561,122,0,0.0,3,4.0,21.0,1588.0,1,0,Regular,0.0
2562,244,0,0.0,4,4.0,15.0,1043.0,1,4,Lost,0.0
2563,72,0,0.0,5,4.0,16.0,518.0,1,0,Regular,0.0
2564,13,1,3319.36,4,4.5,9.0,776.0,1,3,New Customer,35.1936
2565,52,0,0.0,7,4.0,17.0,906.3333333333334,1,0,Regular,0.0
2567,65,1,602.4,14,4.0,15.25,1445.0,2,3,New Customer,8.024000000000001
2568,93,0,0.0,5,4.0,13.5,1507.5,1,0,Regular,0.0
2569,18,1,217.17,9,4.0,16.166666666666668,1019.5,5,3,New Customer,4.1716999999999995
2570,26,0,0.0,14,4.0,8.0,652.1666666666666,5,0,Regular,0.0
2571,59,0,0.0,20,4.0,10.0,811.0,5,0,Regular,0.0
2572,77,1,1479.39,6,4.0,21.5,1220.5,1,3,New Customer,16.7939
2573,217,1,233.0,9,3.3333333333333335,16.333333333333332,651.3333333333334,3,1,At Risk,4.33
2574,49,3,8379.22,19,3.8333333333333335,6.666666666666667,1218.5,5,2,VIP,89.7922
2575,112,0,0.0,4,4.0,12.0,1460.0,1,0,Regular,0.0
2576,63,1,1934.76,4,4.333333333333333,20.666666666666668,524.6666666666666,2,3,New Customer,21.3476
2577,63,1,1496.55,4,3.3333333333333335,5.333333333333333,760.6666666666666,2,3,New Customer,16.9655
2578,269,0,0.0,6,4.0,6.5,878.5,1,4,Lost,0.0
2579,325,0,0.0,4,4.0,4.0,789.0,0,4,Lost,0.0
2580,223,0,0.0,4,4.0,24.0,1285.0,0,4,Lost,0.0
2581,67,0,0.0,2,4.0,18.0,1603.0,1,0,Regular,0.0
2582,148,0,0.0,6,4.0,12.666666666666666,576.6666666666666,2,0,Regular,0.0
2583,188,1,473.5,17,4.0,8.833333333333334,683.1666666666666,2,1,At Risk,6.735
2584,29,1,3175.56,7,4.0,5.666666666666667,870.0,3,3,New Customer,33.7556
2585,19,3,10070.72,12,3.6,13.0,797.0,5,2,VIP,106.7072
2586,2,1,4102.48,7,4.0,13.666666666666666,838.6666666666666,2,3,New Customer,43.0248
2587,1,0,0.0,18,4.0,15.0,616.5,5,0,Regular,0.0
2589,100,0,0.0,7,4.0,13.333333333333334,768.3333333333334,0,0,Regular,0.0
2590,191,2,1663.9,8,2.6666666666666665,6.333333333333333,435.3333333333333,2,1,At Risk,20.639
2591,148,1,3883.94,6,4.5,3.5,1059.0,1,1,At Risk,40.8394
2592,84,0,0.0,8,4.0,10.0,1020.25,0,0,Regular,0.0
2594,54,0,0.0,7,4.0,12.333333333333334,747.6666666666666,2,0,Regular,0.0
2595,36,1,822.96,12,4.2,9.0,812.8,2,3,New Customer,10.2296
2596,81,1,425.54,3,3.0,2.0,906.0,2,3,New Customer,6.2554
2597,162,1,3559.62,4,3.0,14.5,903.0,1,1,At Risk,37.596199999999996
2598,33,0,0.0,7,4.0,11.0,294.0,2,0,Regular,0.0
2599,340,1,2026.4,4,5.0,20.0,1646.0,1,1,At Risk,22.264
2600,289,1,819.53,6,4.0,15.666666666666666,835.6666666666666,2,1,At Risk,10.1953
2601,100,3,2820.4300000000003,10,3.75,15.75,1296.5,3,2,VIP,34.2043
2602,133,1,5324.58,14,4.0,21.5,1195.75,2,2,VIP,55.2458
2603,4,0,0.0,12,4.0,13.75,946.25,2,0,Regular,0.0
2604,26,0,0.0,13,4.0,17.4,850.6,3,0,Regular,0.0
2605,95,0,0.0,4,4.0,11.5,574.5,1,0,Regular,0.0
2606,206,0,0.0,2,4.0,10.5,402.5,0,4,Lost,0.0
2607,178,2,8590.07,6,3.5,18.5,602.0,2,2,VIP,89.9007
2608,186,1,2632.28,8,4.333333333333333,18.333333333333332,1445.3333333333333,3,1,At Risk,28.3228
2609,138,0,0.0,6,4.0,18.5,238.5,1,0,Regular,0.0
2610,57,0,0.0,5,4.0,12.0,792.0,0,0,Regular,0.0
2611,54,1,868.77,3,4.0,9.0,930.5,2,3,New Customer,10.6877
2612,161,0,0.0,8,4.0,10.5,1165.5,1,4,Lost,0.0
2613,70,1,2156.08,2,5.0,24.0,59.0,1,3,New Customer,23.5608
2614,98,0,0.0,15,4.0,10.8,1362.0,3,0,Regular,0.0
2615,38,1,1471.45,7,4.0,14.0,1249.5,3,3,New Customer,16.7145
2616,24,0,0.0,19,4.0,11.428571428571429,753.8571428571429,5,0,Regular,0.0
2617,117,0,0.0,4,4.0,14.5,777.0,1,0,Regular,0.0
2618,160,0,0.0,9,4.0,15.5,1000.5,3,4,Lost,0.0
2620,65,0,0.0,6,4.0,12.5,835.5,3,0,Regular,0.0
2621,130,0,0.0,13,4.0,14.75,1036.75,2,0,Regular,0.0
2622,75,1,236.64,6,4.0,12.666666666666666,865.0,2,3,New Customer,4.3664000000000005
2623,272,0,0.0,6,4.0,12.5,1260.0,1,4,Lost,0.0
2624,158,0,0.0,4,4.0,8.0,1513.5,1,4,Lost,0.0
2625,209,0,0.0,6,4.0,16.0,832.3333333333334,3,4,Lost,0.0
2626,2,0,0.0,9,4.0,12.75,944.0,2,0,Regular,0.0
2627,6,0,0.0,14,4.0,4.75,984.25,2,0,Regular,0.0
2628,11,0,0.0,8,4.0,10.75,888.0,3,0,Regular,0.0
2629,85,1,372.65,7,4.25,13.0,417.25,2,3,New Customer,5.7265
2630,4,0,0.0,9,4.0,13.25,981.75,3,0,Regular,0.0
2631,55,1,4762.62,9,3.3333333333333335,10.333333333333334,1212.3333333333333,3,2,VIP,49.6262
2632,20,1,631.96,11,4.0,14.2,413.2,4,3,New Customer,8.319600000000001
2633,96,1,320.26,6,3.5,5.0,1350.25,4,3,New Customer,5.2026
2634,168,0,0.0,4,4.0,18.0,1172.0,0,4,Lost,0.0
2635,2,0,0.0,7,4.0,16.0,1315.6666666666667,2,0,Regular,0.0
2636,174,1,545.95,2,4.5,4.5,1271.0,2,1,At Risk,7.4595
2637,4,0,0.0,6,4.0,8.0,631.5,2,0,Regular,0.0
2638,46,0,0.0,1,4.0,15.0,1029.0,0,0,Regular,0.0
2639,242,0,0.0,6,4.0,14.0,843.0,2,4,Lost,0.0
2640,8,0,0.0,9,4.0,9.75,713.75,3,0,Regular,0.0
2642,27,0,0.0,2,4.0,13.5,1379.5,2,0,Regular,0.0
2643,166,0,0.0,5,4.0,20.0,932.0,0,4,Lost,0.0
2644,48,2,3809.29,11,4.0,7.0,761.75,2,2,VIP,42.0929
2645,45,0,0.0,8,4.0,12.5,614.0,1,0,Regular,0.0
2646,82,2,2113.0499999999997,5,4.5,20.25,1365.75,4,3,New Customer,25.130499999999998
2647,101,1,2839.53,3,5.0,21.0,617.0,1,3,New Customer,30.395300000000002
2648,107,3,6517.379999999999,20,3.8333333333333335,12.833333333333334,814.8333333333334,3,2,VIP,71.17379999999999
2649,73,1,1448.16,6,4.0,9.666666666666666,915.3333333333334,2,3,New Customer,16.4816
2650,95,1,752.76,7,3.5,8.5,817.0,2,3,New Customer,9.5276
2651,255,0,0.0,8,4.0,7.666666666666667,1019.6666666666666,1,4,Lost,0.0
2652,313,0,0.0,3,4.0,11.5,1553.5,1,4,Lost,0.0
2653,303,0,0.0,1,4.0,19.0,597.0,1,4,Lost,0.0
2654,25,0,0.0,5,4.0,10.0,935.0,2,0,Regular,0.0
2655,94,0,0.0,8,4.0,21.5,1314.5,1,0,Regular,0.0
2656,274,1,1952.0,5,4.5,13.0,842.5,2,1,At Risk,21.52
2657,51,0,0.0,9,4.0,10.75,1199.0,3,0,Regular,0.0
2658,50,1,783.21,13,4.0,15.0,345.8,4,3,New Customer,9.8321
2659,229,1,3550.06,2,2.0,3.0,275.0,1,1,At Risk,37.5006
2660,21,0,0.0,5,4.0,16.0,1030.5,1,0,Regular,0.0
2661,339,0,0.0,4,4.0,9.0,615.0,0,4,Lost,0.0
2662,63,0,0.0,5,4.0,19.5,599.0,0,0,Regular,0.0
2663,107,2,2529.43,14,4.0,14.2,783.0,3,3,New Customer,29.2943
2664,73,0,0.0,4,4.0,12.0,706.0,2,0,Regular,0.0
2665,129,1,2962.44,3,3.0,3.0,982.0,1,1,At Risk,31.6244
2666,132,1,180.92,12,4.0,14.166666666666666,526.5,4,3,New Customer,3.8091999999999997
2667,43,2,2895.0600000000004,7,4.333333333333333,16.0,970.3333333333334,3,3,New Customer,32.95060000000001
2668,157,1,749.17,1,4.0,6.0,904.0,1,1,At Risk,9.4917
2669,28,1,673.05,12,3.6,16.0,854.8,5,3,New Customer,8.7305
2670,35,0,0.0,2,4.0,5.5,1050.0,1,0,Regular,0.0
2671,69,3,7731.25,13,3.75,13.25,683.0,3,2,VIP,83.3125
2673,266,0,0.0,2,4.0,17.5,1122.0,0,4,Lost,0.0
2675,21,0,0.0,6,4.0,12.333333333333334,671.0,1,0,Regular,0.0
2676,118,0,0.0,3,4.0,21.0,605.5,1,0,Regular,0.0
2677,283,0,0.0,2,4.0,21.0,1169.0,0,4,Lost,0.0
2678,21,1,236.89,10,4.0,12.2,1380.8,4,3,New Customer,4.3689
2679,50,0,0.0,8,4.0,18.0,410.0,0,0,Regular,0.0
2680,13,2,4179.96,18,3.7142857142857144,12.571428571428571,840.1428571428571,4,2,VIP,45.7996
2683,54,0,0.0,6,4.0,13.5,833.5,0,0,Regular,0.0
2684,18,2,3029.67,9,3.0,17.25,863.5,4,3,New Customer,34.2967
2685,34,0,0.0,4,4.0,9.0,1059.3333333333333,1,0,Regular,0.0
2686,0,0,0.0,2,4.0,9.5,1450.5,0,0,Regular,0.0
2687,6,0,0.0,12,4.0,9.0,939.75,3,0,Regular,0.0
2688,27,4,4665.7699999999995,14,3.5714285714285716,12.0,1060.4285714285713,6,2,VIP,54.6577
2689,62,3,3816.79,6,4.333333333333333,13.666666666666666,900.6666666666666,3,2,VIP,44.1679
2690,25,1,557.97,16,4.142857142857143,9.285714285714286,1280.7142857142858,2,3,New Customer,7.5797
2691,46,1,92.11,1,5.0,12.0,1757.0,1,3,New Customer,2.9211
2692,62,1,223.47,8,3.75,16.5,737.75,3,3,New Customer,4.2347
2693,200,1,1687.28,10,3.0,17.333333333333332,512.0,2,1,At Risk,18.872799999999998
2694,21,0,0.0,5,4.0,22.0,1114.0,2,0,Regular,0.0
2695,3,0,0.0,6,4.0,10.0,926.0,1,0,Regular,0.0
2696,8,0,0.0,9,4.0,15.0,879.75,3,0,Regular,0.0
2697,160,0,0.0,6,4.0,6.0,1439.5,2,4,Lost,0.0
2698,2,1,296.98,19,4.0,10.0,923.0,3,3,New Customer,4.9698
2699,151,0,0.0,2,4.0,7.0,340.5,1,4,Lost,0.0
2700,41,0,0.0,11,4.0,13.0,1128.25,2,0,Regular,0.0
2701,126,1,3732.45,6,4.0,9.0,795.6666666666666,1,1,At Risk,39.3245
2702,325,0,0.0,4,4.0,22.0,1472.0,1,4,Lost,0.0
2703,27,1,1355.73,8,3.75,17.0,1364.75,2,3,New Customer,15.5573
2704,94,0,0.0,9,4.0,8.25,569.25,2,0,Regular,0.0
2705,16,1,5568.58,12,4.0,14.333333333333334,991.3333333333334,1,2,VIP,57.6858
2706,272,0,0.0,4,4.0,11.0,1131.5,1,4,Lost,0.0
2707,38,1,731.68,13,4.166666666666667,7.833333333333333,1190.0,5,3,New Customer,9.3168
2708,108,1,2952.29,4,5.0,9.0,665.0,1,3,New Customer,31.5229
2710,94,2,1335.5700000000002,18,4.0,11.714285714285714,1270.857142857143,6,3,New Customer,17.355700000000002
2711,87,1,1368.76,6,3.0,19.0,846.0,2,3,New Customer,15.6876
2713,351,0,0.0,1,4.0,15.0,1472.0,1,4,Lost,0.0
2714,50,1,514.09,5,4.333333333333333,13.333333333333334,768.0,2,3,New Customer,7.1409
2715,165,0,0.0,4,4.0,17.0,331.0,0,4,Lost,0.0
2716,109,1,2245.98,9,3.6666666666666665,6.333333333333333,660.0,1,3,New Customer,24.4598
2717,44,2,3890.17,6,5.0,21.5,1306.0,2,2,VIP,42.9017
2718,142,0,0.0,1,4.0,19.0,894.0,1,0,Regular,0.0
2720,117,0,0.0,2,4.0,4.0,527.0,0,0,Regular,0.0
2721,103,1,389.03,1,5.0,12.0,1114.0,1,3,New Customer,5.8903
2722,136,1,2545.56,7,4.333333333333333,17.333333333333332,1565.0,1,1,At Risk,27.4556
2723,305,0,0.0,1,4.0,8.0,1776.0,1,4,Lost,0.0
2724,50,0,0.0,13,4.0,12.5,679.5,2,0,Regular,0.0
2725,230,0,0.0,1,4.0,9.0,1624.0,1,4,Lost,0.0
2726,269,2,2550.6800000000003,7,4.333333333333333,18.666666666666668,635.6666666666666,2,1,At Risk,29.506800000000002
2727,59,1,1124.67,9,4.25,10.5,1104.75,3,3,New Customer,13.2467
2728,54,2,2921.7200000000003,15,3.6,11.4,640.2,5,3,New Customer,33.217200000000005
2729,265,0,0.0,6,4.0,16.0,1391.5,2,4,Lost,0.0
2730,56,1,518.11,10,4.166666666666667,9.0,843.5,2,3,New Customer,7.1811
2731,203,0,0.0,1,4.0,16.0,713.0,0,4,Lost,0.0
2732,72,1,435.85,7,4.25,10.75,934.25,2,3,New Customer,6.3585
2733,14,1,1231.76,7,4.333333333333333,16.333333333333332,726.3333333333334,2,3,New Customer,14.3176
2734,46,0,0.0,11,4.0,17.25,684.25,2,0,Regular,0.0
2735,53,2,1635.5300000000002,7,3.6666666666666665,8.0,1282.0,3,3,New Customer,20.355300000000003
2736,3,1,1461.58,5,3.3333333333333335,14.666666666666666,664.3333333333334,3,3,New Customer,16.6158
2737,62,1,1798.58,17,4.166666666666667,14.666666666666666,964.5,4,3,New Customer,19.985799999999998
2738,206,2,2302.67,3,4.0,18.0,1333.0,2,1,At Risk,27.0267
2739,52,1,1943.51,7,3.5,12.5,564.0,2,3,New Customer,21.4351
2740,305,1,476.04,3,4.5,13.5,1295.0,2,1,At Risk,6.760400000000001
2741,242,0,0.0,1,4.0,6.0,1510.0,0,4,Lost,0.0
2742,125,1,1051.26,5,3.3333333333333335,12.0,662.6666666666666,1,3,New Customer,12.512599999999999
2743,127,1,765.41,4,4.333333333333333,16.666666666666668,405.0,3,3,New Customer,9.6541
2745,353,1,468.55,1,1.0,17.0,1199.0,1,1,At Risk,6.6855
2746,26,1,1431.67,6,3.3333333333333335,7.0,677.3333333333334,1,3,New Customer,16.3167
2748,313,1,592.78,2,5.0,15.0,972.0,1,1,At Risk,7.9277999999999995
2749,52,1,333.0,11,4.25,14.0,913.75,2,3,New Customer,5.33
2750,61,0,0.0,4,4.0,14.5,485.5,0,0,Regular,0.0
2751,87,2,8097.55,12,4.2,9.8,595.0,4,2,VIP,84.9755
2752,157,0,0.0,10,4.0,13.333333333333334,1571.3333333333333,2,4,Lost,0.0
2753,69,2,3799.0899999999997,15,4.0,14.6,854.8,4,2,VIP,41.990899999999996
2754,81,1,1175.41,8,3.6666666666666665,12.666666666666666,723.0,2,3,New Customer,13.754100000000001
2755,20,1,1076.95,7,3.8,8.8,1143.8,3,3,New Customer,12.7695
2756,136,2,1468.6,7,3.8,14.8,1010.8,4,3,New Customer,18.686
2757,26,1,3275.71,13,4.2,15.6,667.6,1,3,New Customer,34.7571
2758,115,1,587.9,9,4.333333333333333,8.333333333333334,1413.6666666666667,3,3,New Customer,7.879
2759,35,1,3785.88,7,4.0,14.0,1080.3333333333333,3,3,New Customer,39.8588
2760,254,1,2884.8,5,3.5,11.5,428.0,1,1,At Risk,30.848000000000003
2761,40,1,1030.62,10,4.0,11.25,765.5,2,3,New Customer,12.306199999999999
2763,241,0,0.0,8,4.0,18.0,639.5,0,4,Lost,0.0
2764,171,0,0.0,5,4.0,16.0,83.5,1,4,Lost,0.0
2765,218,0,0.0,3,4.0,18.0,99.0,0,4,Lost,0.0
2767,1,0,0.0,7,4.0,22.666666666666668,597.0,1,0,Regular,0.0
2768,128,0,0.0,1,4.0,6.0,766.0,0,0,Regular,0.0
2769,133,1,343.64,5,3.5,15.5,1102.0,1,3,New Customer,5.4364
2770,2,2,6422.71,16,4.142857142857143,16.285714285714285,1274.857142857143,4,2,VIP,68.22710000000001
2771,63,1,762.26,7,4.0,12.666666666666666,654.6666666666666,2,3,New Customer,9.6226
2772,19,1,2171.84,14,4.142857142857143,15.428571428571429,882.1428571428571,5,3,New Customer,23.718400000000003
2773,164,0,0.0,8,4.0,11.666666666666666,1019.6666666666666,1,4,Lost,0.0
2774,340,0,0.0,3,4.0,2.0,738.0,1,4,Lost,0.0
2776,104,0,0.0,2,4.0,21.0,75.0,1,0,Regular,0.0
2777,341,0,0.0,3,4.0,5.0,759.0,0,4,Lost,0.0
2778,43,0,0.0,7,4.0,5.5,263.5,1,0,Regular,0.0
2779,269,0,0.0,2,4.0,12.5,498.0,0,4,Lost,0.0
2780,5,2,6567.049999999999,17,4.142857142857143,10.428571428571429,852.1428571428571,4,2,VIP,69.67049999999999
2781,41,0,0.0,8,4.0,3.0,1144.0,1,0,Regular,0.0
2782,3,0,0.0,6,4.0,10.666666666666666,1083.3333333333333,0,0,Regular,0.0
2783,58,4,6986.240000000001,21,4.125,15.0,899.625,6,2,VIP,77.86240000000001
2784,45,0,0.0,2,4.0,10.0,1345.5,1,0,Regular,0.0
2785,35,0,0.0,4,4.0,9.0,534.75,4,0,Regular,0.0
2786,51,1,1198.02,3,4.0,10.5,491.5,1,3,New Customer,13.9802
2787,201,1,1560.73,7,4.5,12.0,1186.5,2,1,At Risk,17.607300000000002
2788,195,1,707.16,3,1.0,2.0,856.0,1,1,At Risk,9.0716
2790,19,1,108.44,7,4.0,14.25,270.75,2,3,New Customer,3.0844
2791,50,0,0.0,5,4.0,21.0,642.5,2,0,Regular,0.0
2792,233,0,0.0,7,4.0,15.0,904.3333333333334,2,4,Lost,0.0
2793,26,1,331.95,3,4.5,17.5,620.5,1,3,New Customer,5.3195
2794,243,1,4580.96,5,4.0,19.5,1054.0,1,1,At Risk,47.8096
2795,40,0,0.0,3,4.0,14.0,1523.0,0,0,Regular,0.0
2796,71,1,3518.39,15,4.0,14.2,1033.2,4,3,New Customer,37.1839
2797,3,1,1169.0,18,4.0,11.833333333333334,973.6666666666666,4,3,New Customer,13.69
2798,5,2,4643.15,21,4.125,11.875,712.375,6,2,VIP,50.4315
2799,90,3,6504.94,9,2.6666666666666665,9.666666666666666,1274.0,3,2,VIP,71.04939999999999
2801,117,2,1282.23,11,3.8333333333333335,10.666666666666666,653.3333333333334,5,3,New Customer,16.8223
2802,67,1,2972.79,13,4.166666666666667,12.166666666666666,1241.5,5,3,New Customer,31.727899999999998
2803,103,0,0.0,3,4.0,17.0,1282.0,1,0,Regular,0.0
2804,75,1,2572.61,15,3.6666666666666665,12.833333333333334,660.1666666666666,4,3,New Customer,27.726100000000002
2805,45,0,0.0,2,4.0,17.0,868.0,1,0,Regular,0.0
2806,85,0,0.0,2,4.0,6.0,1526.0,1,0,Regular,0.0
2807,69,0,0.0,1,4.0,16.0,524.0,0,0,Regular,0.0
2808,37,0,0.0,7,4.0,13.333333333333334,1397.3333333333333,2,0,Regular,0.0
2809,77,0,0.0,3,4.0,14.0,1097.0,0,0,Regular,0.0
2810,182,2,3787.02,8,4.0,15.333333333333334,534.6666666666666,3,1,At Risk,41.8702
2811,108,1,2227.05,7,4.0,18.0,1088.75,2,3,New Customer,24.270500000000002
2812,95,1,1791.55,4,4.0,10.5,1709.0,1,3,New Customer,19.915499999999998
2813,105,1,609.45,13,3.7142857142857144,14.285714285714286,1138.0,4,3,New Customer,8.0945
2814,78,2,6410.81,9,4.0,11.333333333333334,1049.0,3,2,VIP,68.10810000000001
2815,148,0,0.0,10,4.0,13.0,1242.3333333333333,3,0,Regular,0.0
2816,10,1,2391.37,17,4.166666666666667,13.166666666666666,644.3333333333334,3,3,New Customer,25.9137
2817,19,1,1364.4,7,4.333333333333333,15.666666666666666,911.6666666666666,1,3,New Customer,15.644
2818,63,2,6011.61,11,4.0,7.75,795.25,3,2,VIP,64.11609999999999
2819,55,1,427.93,7,3.75,10.5,971.0,4,3,New Customer,6.2793
2820,79,0,0.0,6,4.0,11.0,285.5,1,0,Regular,0.0
2821,31,3,8288.779999999999,17,3.7142857142857144,17.142857142857142,962.1428571428571,4,2,VIP,88.88779999999998
2822,2,0,0.0,5,4.0,18.0,769.3333333333334,1,0,Regular,0.0
2823,117,0,0.0,2,4.0,14.0,997.0,0,0,Regular,0.0
2824,84,3,7341.73,22,4.142857142857143,13.857142857142858,870.8571428571429,5,2,VIP,79.4173
2825,34,0,0.0,15,4.0,6.25,998.0,2,0,Regular,0.0
2826,34,0,0.0,11,4.0,10.333333333333334,699.6666666666666,1,0,Regular,0.0
2827,63,0,0.0,6,4.0,11.5,898.5,1,0,Regular,0.0
2828,187,0,0.0,4,4.0,21.0,571.0,0,4,Lost,0.0
2829,28,1,643.17,2,4.5,21.5,1341.5,1,3,New Customer,8.4317
2830,79,0,0.0,7,4.0,17.0,1276.5,0,0,Regular,0.0
2831,89,1,805.68,6,4.5,18.5,1208.0,2,3,New Customer,10.056799999999999
2832,326,1,4980.84,3,5.0,7.0,1715.0,1,1,At Risk,51.8084
2833,79,1,2638.71,11,3.8,11.8,678.2,4,3,New Customer,28.3871
2834,30,0,0.0,4,4.0,4.0,1679.0,1,0,Regular,0.0
2835,268,1,941.6,5,4.0,16.5,1265.5,2,1,At Risk,11.416
2836,338,0,0.0,3,4.0,1.0,1182.0,1,4,Lost,0.0
2837,128,0,0.0,4,4.0,2.0,1571.0,1,0,Regular,0.0
2838,39,1,2397.51,8,4.5,11.5,749.5,2,3,New Customer,25.9751
2839,133,0,0.0,12,4.0,18.0,1044.0,2,0,Regular,0.0
2840,124,1,1597.05,16,4.0,12.666666666666666,934.6666666666666,5,3,New Customer,17.9705
2841,143,1,3929.76,5,2.5,13.5,1263.5,2,1,At Risk,41.2976
2842,56,2,3089.34,8,4.333333333333333,14.0,1136.3333333333333,3,2,VIP,34.8934
2843,140,0,0.0,4,4.0,2.5,775.0,2,0,Regular,0.0
2844,114,0,0.0,1,4.0,11.0,463.0,0,0,Regular,0.0
2845,4,1,1238.5,11,4.25,14.0,822.75,2,3,New Customer,14.385
2847,75,1,4613.8,14,3.8,12.0,884.4,2,2,VIP,48.138000000000005
2848,128,1,2121.01,3,4.0,20.5,497.0,2,3,New Customer,23.2101
2849,264,0,0.0,8,4.0,4.5,1142.5,0,4,Lost,0.0
2850,115,0,0.0,3,4.0,14.0,1329.0,0,0,Regular,0.0
2851,228,0,0.0,5,4.0,12.5,825.5,0,4,Lost,0.0
2852,72,0,0.0,12,4.0,8.8,423.2,4,0,Regular,0.0
2853,42,0,0.0,10,4.0,14.5,741.0,3,0,Regular,0.0
2854,206,0,0.0,10,4.0,12.75,563.25,1,4,Lost,0.0
2855,168,1,2712.04,10,3.6666666666666665,11.333333333333334,1243.0,2,1,At Risk,29.1204
2856,69,0,0.0,4,4.0,23.0,203.0,1,0,Regular,0.0
2857,88,0,0.0,1,4.0,10.0,1488.0,0,0,Regular,0.0
2858,185,1,3152.38,4,4.0,14.0,677.0,1,1,At Risk,33.5238
2859,75,1,4138.96,5,4.0,14.5,406.0,1,3,New Customer,43.3896
2860,355,0,0.0,3,4.0,12.0,326.0,0,4,Lost,0.0
2861,65,0,0.0,20,4.0,15.714285714285714,1064.857142857143,4,0,Regular,0.0
2862,157,0,0.0,10,4.0,11.25,515.75,3,4,Lost,0.0
2863,286,1,924.69,1,5.0,16.0,551.0,1,1,At Risk,11.2469
2864,177,0,0.0,1,4.0,22.0,162.0,0,4,Lost,0.0
2865,105,1,146.24,10,4.0,10.333333333333334,1001.0,3,3,New Customer,3.4624
2866,205,0,0.0,2,4.0,6.5,1451.0,0,4,Lost,0.0
2867,122,1,847.85,6,4.0,12.0,638.0,1,3,New Customer,10.4785
2868,122,0,0.0,5,4.0,18.0,960.0,0,0,Regular,0.0
2869,44,1,454.2,6,4.333333333333333,12.0,612.3333333333334,1,3,New Customer,6.542
2870,174,0,0.0,4,4.0,13.5,923.5,1,4,Lost,0.0
2871,191,2,4114.53,8,4.0,13.666666666666666,788.0,3,2,VIP,45.1453
2872,28,0,0.0,4,4.0,11.0,723.0,1,0,Regular,0.0
2873,264,0,0.0,3,4.0,10.0,1267.0,0,4,Lost,0.0
2874,99,0,0.0,5,4.0,6.0,1048.5,1,0,Regular,0.0
2875,341,1,930.17,4,3.5,11.0,202.5,2,1,At Risk,11.3017
2876,241,0,0.0,1,4.0,11.0,562.0,1,4,Lost,0.0
2877,142,0,0.0,4,4.0,12.5,965.5,0,0,Regular,0.0
2878,221,0,0.0,5,4.0,14.0,898.3333333333334,1,4,Lost,0.0
2879,36,0,0.0,5,4.0,22.5,1093.5,2,0,Regular,0.0
2880,55,0,0.0,5,4.0,10.5,726.0,2,0,Regular,0.0
2881,1,0,0.0,2,4.0,6.5,415.5,0,0,Regular,0.0
2882,289,1,763.25,5,4.0,12.0,160.5,1,1,At Risk,9.6325
2883,30,1,478.52,10,3.8333333333333335,10.0,550.5,3,3,New Customer,6.7852
2884,153,1,617.88,7,4.333333333333333,9.333333333333334,835.0,2,1,At Risk,8.178799999999999
2885,123,0,0.0,5,4.0,10.0,1416.5,2,0,Regular,0.0
2886,145,1,1603.0,3,4.5,16.5,1006.5,1,1,At Risk,18.03
2887,200,1,1927.85,3,4.0,18.0,1339.0,1,1,At Risk,21.278499999999998
2888,146,1,1966.66,8,4.25,13.25,650.75,4,1,At Risk,21.666600000000003
2889,47,2,4884.33,25,3.9,16.3,727.0,6,2,VIP,52.8433
2890,254,0,0.0,6,4.0,18.0,778.0,1,4,Lost,0.0
2891,311,1,1406.27,6,4.5,5.5,669.0,1,1,At Risk,16.0627
2892,112,1,342.8,12,4.0,11.6,1130.2,3,3,New Customer,5.428
2894,16,1,2382.92,11,3.75,15.0,1046.75,2,3,New Customer,25.8292
2895,89,0,0.0,10,4.0,13.666666666666666,820.0,3,0,Regular,0.0
2896,138,1,3365.4,7,3.5,12.5,1402.5,1,1,At Risk,35.654
2897,67,1,823.77,6,4.5,9.0,866.5,2,3,New Customer,10.2377
2898,61,0,0.0,11,4.0,8.75,1294.5,2,0,Regular,0.0
2899,124,0,0.0,3,4.0,9.0,1271.0,1,0,Regular,0.0
2900,73,0,0.0,14,4.0,12.4,1049.6,4,0,Regular,0.0
2901,47,0,0.0,4,4.0,6.0,887.0,1,0,Regular,0.0
2902,40,0,0.0,3,4.0,13.0,984.0,0,0,Regular,0.0
2903,127,1,1175.54,12,4.0,15.75,694.75,3,3,New Customer,13.7554
2904,168,0,0.0,11,4.0,9.5,912.5,4,4,Lost,0.0
2905,80,1,1739.54,18,4.2,10.0,911.8,3,3,New Customer,19.3954
2906,4,0,0.0,10,4.0,10.666666666666666,1141.0,3,0,Regular,0.0
2907,43,0,0.0,9,4.0,9.5,811.0,3,0,Regular,0.0
2908,35,1,3074.4,5,4.0,21.5,1157.0,2,3,New Customer,32.744
2909,70,1,1826.85,13,3.25,12.25,1025.25,3,3,New Customer,20.2685
2910,278,0,0.0,4,4.0,24.0,1551.0,1,4,Lost,0.0
2912,12,0,0.0,5,4.0,11.0,944.0,1,0,Regular,0.0
2913,189,2,1228.38,9,4.333333333333333,6.666666666666667,610.0,2,1,At Risk,16.2838
2914,103,1,461.23,3,3.6666666666666665,4.333333333333333,997.6666666666666,2,3,New Customer,6.6123
2915,102,0,0.0,7,4.0,9.0,1038.5,0,0,Regular,0.0
2916,1,2,4901.32,8,3.6666666666666665,11.666666666666666,1072.6666666666667,3,2,VIP,53.0132
2917,130,0,0.0,16,4.0,16.6,659.6,5,0,Regular,0.0
2918,106,0,0.0,3,4.0,11.0,1102.0,0,0,Regular,0.0
2919,108,2,1208.96,6,3.3333333333333335,8.666666666666666,1396.0,2,3,New Customer,16.0896
2920,39,1,391.61,1,5.0,8.0,1665.0,1,3,New Customer,5.9161
2924,30,1,907.07,8,3.6666666666666665,12.0,1164.3333333333333,3,3,New Customer,11.0707
2925,72,0,0.0,4,4.0,9.666666666666666,1289.6666666666667,3,0,Regular,0.0
2926,60,0,0.0,1,4.0,2.0,436.0,1,0,Regular,0.0
2927,264,0,0.0,3,4.0,16.0,254.0,0,4,Lost,0.0
2928,80,2,372.48,10,4.25,15.25,840.0,3,3,New Customer,7.7248
2929,5,0,0.0,11,4.0,7.2,826.8,4,0,Regular,0.0
2930,85,1,2868.06,7,3.3333333333333335,11.0,574.0,2,3,New Customer,30.6806
2931,7,1,4104.24,16,4.0,9.4,1359.0,4,3,New Customer,43.0424
2932,50,1,790.8,4,3.0,17.5,239.0,1,3,New Customer,9.908
2933,3,1,255.36,8,4.0,10.666666666666666,1230.0,3,3,New Customer,4.5536
2934,79,1,873.0,6,4.0,12.0,870.0,1,3,New Customer,10.73
2935,29,1,2615.72,11,3.75,13.75,752.0,3,3,New Customer,28.1572
2936,140,3,3655.1000000000004,10,4.25,15.5,1297.0,3,2,VIP,42.551
2937,238,0,0.0,3,4.0,15.0,1514.0,0,4,Lost,0.0
2938,193,1,1864.33,7,3.75,11.0,1187.5,1,1,At Risk,20.6433
2939,14,5,10970.79,19,4.0,13.714285714285714,807.4285714285714,7,2,VIP,119.70790000000001
2940,120,1,262.75,8,4.333333333333333,13.666666666666666,822.0,1,3,New Customer,4.6274999999999995
2941,131,1,1301.2,4,3.5,16.5,436.0,2,3,New Customer,15.012
2943,75,0,0.0,7,4.0,11.25,1199.25,0,0,Regular,0.0
2944,34,1,629.29,6,4.25,8.0,861.5,3,3,New Customer,8.2929
2945,114,0,0.0,9,4.0,17.0,82.0,0,0,Regular,0.0
2946,84,0,0.0,10,4.0,13.25,1011.5,2,0,Regular,0.0
2947,178,0,0.0,10,4.0,20.666666666666668,429.6666666666667,2,4,Lost,0.0
2949,133,2,3033.5,15,3.25,14.25,1014.0,3,1,At Risk,34.335
2950,98,1,7273.84,12,4.25,8.25,625.25,4,2,VIP,74.7384
2951,143,0,0.0,6,4.0,15.0,1379.0,2,0,Regular,0.0
2952,253,1,251.28,6,3.3333333333333335,11.0,899.0,2,1,At Risk,4.5128
2953,84,0,0.0,5,4.0,8.5,1098.0,1,0,Regular,0.0
2954,192,0,0.0,5,4.0,22.5,465.5,1,4,Lost,0.0
2955,35,2,5796.3,8,4.0,10.666666666666666,454.6666666666667,3,2,VIP,61.963
2956,55,0,0.0,7,4.0,12.0,1134.5,1,0,Regular,0.0
2957,364,1,584.86,1,4.0,2.0,1391.0,1,1,At Risk,7.8486
2958,124,0,0.0,8,4.0,16.333333333333332,861.0,0,0,Regular,0.0
2959,363,0,0.0,1,4.0,17.0,1174.0,0,4,Lost,0.0
2960,4,1,1527.31,9,4.2,17.6,830.6,3,3,New Customer,17.2731
2961,26,0,0.0,2,4.0,12.0,206.0,1,0,Regular,0.0
2962,131,1,2069.36,6,4.0,8.5,686.5,2,1,At Risk,22.6936
2963,198,0,0.0,8,4.0,1.5,848.0,2,4,Lost,0.0
2964,228,1,1198.49,6,3.6666666666666665,16.333333333333332,1129.6666666666667,2,1,At Risk,13.9849
2965,18,0,0.0,11,4.0,11.75,771.75,1,0,Regular,0.0
2967,34,1,821.97,8,4.0,6.333333333333333,467.0,2,3,New Customer,10.2197
2968,54,0,0.0,3,4.0,18.0,1149.6666666666667,1,0,Regular,0.0
2969,126,0,0.0,9,4.0,13.25,699.75,3,0,Regular,0.0
2970,198,1,3120.36,6,4.5,8.5,569.0,1,1,At Risk,33.2036
2971,18,1,2426.64,11,4.0,5.6,753.0,5,3,New Customer,26.266399999999997
2972,25,1,363.71,6,4.25,13.25,1263.25,3,3,New Customer,5.6371
2973,7,3,5777.7,11,3.6,10.4,983.4,4,2,VIP,63.777
2974,77,1,890.53,3,4.0,5.0,942.5,2,3,New Customer,10.9053
2975,23,0,0.0,8,4.0,13.25,1128.0,2,0,Regular,0.0
2976,177,1,1399.04,4,3.0,10.0,1360.0,1,1,At Risk,15.9904
2977,47,1,2622.92,4,4.5,12.0,434.5,2,3,New Customer,28.229200000000002
2978,137,1,395.35,6,4.333333333333333,9.666666666666666,858.3333333333334,2,3,New Customer,5.9535
2979,262,0,0.0,2,4.0,6.5,723.5,1,4,Lost,0.0
2980,56,2,2601.2,14,4.166666666666667,14.333333333333334,1064.0,5,3,New Customer,30.011999999999997
2981,248,0,0.0,3,4.0,3.0,407.0,0,4,Lost,0.0
2982,66,0,0.0,3,4.0,9.0,627.0,1,0,Regular,0.0
2983,281,0,0.0,3,4.0,4.0,283.0,0,4,Lost,0.0
2984,30,0,0.0,5,4.0,9.5,1568.5,2,0,Regular,0.0
2985,15,0,0.0,4,4.0,20.0,1173.0,1,0,Regular,0.0
2986,124,1,569.71,2,4.5,18.0,393.5,1,3,New Customer,7.697100000000001
2987,363,0,0.0,2,4.0,7.0,1650.0,1,4,Lost,0.0
2988,228,2,537.24,5,2.3333333333333335,11.333333333333334,1061.0,3,1,At Risk,9.372399999999999
2989,171,0,0.0,1,4.0,6.0,1682.0,0,4,Lost,0.0
2990,9,1,299.85,16,4.142857142857143,9.0,541.5714285714286,4,3,New Customer,4.9985
2991,207,0,0.0,2,4.0,12.0,268.0,0,4,Lost,0.0
2992,6,2,1485.57,9,4.0,14.333333333333334,627.0,2,3,New Customer,18.8557
2993,74,1,934.68,14,3.8,7.6,1193.2,4,3,New Customer,11.3468
2994,46,3,12989.279999999999,20,4.166666666666667,14.166666666666666,495.6666666666667,3,2,VIP,135.8928
2995,54,1,736.83,6,3.6666666666666665,5.333333333333333,867.3333333333334,2,3,New Customer,9.368300000000001
2996,2,0,0.0,12,4.0,6.25,1276.5,2,0,Regular,0.0
2997,1,0,0.0,11,4.0,9.0,838.75,3,0,Regular,0.0
2998,62,0,0.0,3,4.0,20.5,628.5,2,0,Regular,0.0
2999,5,0,0.0,4,4.0,4.0,1139.0,1,0,Regular,0.0
3000,8,2,2312.56,7,3.5,13.75,1559.75,3,3,New Customer,27.1256
3001,12,0,0.0,14,4.0,10.0,719.6666666666666,5,0,Regular,0.0
3002,21,1,1464.6,13,4.0,15.0,732.8,2,3,New Customer,16.646
3003,44,0,0.0,7,4.0,11.0,1482.3333333333333,3,0,Regular,0.0
3004,162,0,0.0,1,4.0,12.0,1238.0,1,4,Lost,0.0
3005,104,1,720.4,11,4.0,7.25,862.0,3,3,New Customer,9.204
3006,1,0,0.0,10,4.0,11.75,696.25,2,0,Regular,0.0
3007,220,0,0.0,8,4.0,13.333333333333334,789.3333333333334,1,4,Lost,0.0
3008,121,0,0.0,2,4.0,9.0,361.0,0,0,Regular,0.0
3009,171,1,1952.78,5,4.0,18.666666666666668,563.3333333333334,2,1,At Risk,21.5278
3010,41,0,0.0,12,4.0,11.25,988.25,4,0,Regular,0.0
3011,48,0,0.0,14,4.0,7.8,1419.6,3,0,Regular,0.0
3012,236,0,0.0,7,4.0,11.75,594.75,1,4,Lost,0.0
3013,18,1,180.62,9,4.25,10.0,1008.0,2,3,New Customer,3.8062
3015,11,2,3544.8,18,3.3333333333333335,10.5,616.1666666666666,4,2,VIP,39.448
3017,312,0,0.0,4,4.0,22.0,1596.0,0,4,Lost,0.0
3018,76,0,0.0,12,4.0,10.5,520.75,3,0,Regular,0.0
3019,172,1,805.68,4,3.6666666666666665,15.333333333333334,912.3333333333334,3,1,At Risk,10.056799999999999
3020,61,1,707.3,16,4.2,9.4,529.8,4,3,New Customer,9.073
3021,93,2,3663.0899999999997,5,4.0,7.0,701.0,2,2,VIP,40.6309
3022,152,1,3718.5,8,4.0,16.333333333333332,595.0,2,1,At Risk,39.185
3023,51,0,0.0,2,4.0,10.5,486.5,1,0,Regular,0.0
3024,140,2,2757.8900000000003,12,4.2,12.0,1287.0,4,1,At Risk,31.578900000000004
3025,88,0,0.0,8,4.0,11.5,784.5,2,0,Regular,0.0
3026,111,0,0.0,7,4.0,7.0,228.0,2,0,Regular,0.0
3027,89,1,1859.91,11,3.3333333333333335,7.333333333333333,775.6666666666666,1,3,New Customer,20.5991
3028,17,0,0.0,5,4.0,16.333333333333332,209.33333333333334,3,0,Regular,0.0
3029,60,1,3623.36,8,4.0,17.666666666666668,584.6666666666666,3,3,New Customer,38.2336
3030,28,1,836.96,11,4.0,13.2,1125.0,3,3,New Customer,10.3696
3031,35,0,0.0,2,4.0,18.5,1707.0,1,0,Regular,0.0
3032,91,0,0.0,7,4.0,16.5,865.0,0,0,Regular,0.0
3033,33,0,0.0,11,4.0,14.5,919.75,2,0,Regular,0.0
3035,193,0,0.0,8,4.0,16.5,1289.5,1,4,Lost,0.0
3036,12,2,3871.66,3,4.5,21.5,394.0,2,2,VIP,42.7166
3037,181,0,0.0,9,4.0,15.666666666666666,998.3333333333334,0,4,Lost,0.0
3038,30,1,1149.52,9,3.75,4.75,594.5,4,3,New Customer,13.4952
3039,342,0,0.0,2,4.0,23.0,813.0,1,4,Lost,0.0
3040,1,0,0.0,14,4.0,15.0,439.3333333333333,1,0,Regular,0.0
3041,53,0,0.0,6,4.0,10.0,857.6666666666666,2,0,Regular,0.0
3043,190,0,0.0,4,4.0,3.0,203.0,1,4,Lost,0.0
3044,92,0,0.0,3,4.0,8.5,655.0,2,0,Regular,0.0
3045,14,1,1281.66,4,3.0,11.0,812.5,2,3,New Customer,14.816600000000001
3046,13,1,1960.17,7,4.333333333333333,13.666666666666666,686.0,3,3,New Customer,21.6017
3047,263,0,0.0,3,4.0,18.0,403.0,0,4,Lost,0.0
3048,89,1,354.54,13,4.0,9.25,1226.25,2,3,New Customer,5.545400000000001
3049,58,2,2610.6,14,4.0,16.2,861.8,4,3,New Customer,30.105999999999998
3050,116,0,0.0,6,4.0,14.666666666666666,1184.0,2,0,Regular,0.0
3051,108,0,0.0,4,4.0,9.0,414.0,1,0,Regular,0.0
3052,179,3,6955.42,13,3.5,18.5,718.0,3,2,VIP,75.5542
3053,10,0,0.0,10,4.0,11.333333333333334,1207.3333333333333,2,0,Regular,0.0
3054,279,0,0.0,7,4.0,14.0,991.0,3,4,Lost,0.0
3055,43,0,0.0,10,4.0,16.75,813.75,1,0,Regular,0.0
3056,272,0,0.0,5,4.0,16.5,1063.5,2,4,Lost,0.0
3057,110,1,2733.19,2,5.0,22.0,638.0,1,3,New Customer,29.3319
3058,182,0,0.0,6,4.0,10.5,848.5,1,4,Lost,0.0
3059,86,1,913.98,7,4.0,10.5,1159.75,4,3,New Customer,11.139800000000001
3060,6,0,0.0,8,4.0,18.333333333333332,472.0,1,0,Regular,0.0
3061,11,1,3134.76,6,4.0,13.0,1163.3333333333333,2,3,New Customer,33.3476
3062,171,0,0.0,4,4.0,23.0,701.0,0,4,Lost,0.0
3063,43,0,0.0,6,4.0,12.0,809.5,2,0,Regular,0.0
3065,166,1,1164.46,3,5.0,4.0,1103.0,1,1,At Risk,13.6446
3066,62,0,0.0,6,4.0,13.0,1094.0,1,0,Regular,0.0
3067,249,1,1071.75,7,3.0,6.333333333333333,1094.3333333333333,3,1,At Risk,12.7175
3068,68,1,887.56,8,4.25,4.25,843.0,2,3,New Customer,10.875599999999999
3069,51,1,676.4,5,4.0,8.5,1025.0,2,3,New Customer,8.764
3070,19,0,0.0,6,4.0,6.0,723.5,2,0,Regular,0.0
3071,135,1,1649.41,10,4.333333333333333,14.333333333333334,842.3333333333334,2,1,At Risk,18.4941
3072,50,2,4101.24,8,4.0,17.666666666666668,1135.3333333333333,3,2,VIP,45.0124
3073,140,1,4979.55,7,4.5,18.0,1414.0,2,2,VIP,51.795500000000004
3074,111,0,0.0,4,4.0,9.5,914.0,2,0,Regular,0.0
3075,237,0,0.0,15,4.0,13.5,822.0,5,4,Lost,0.0
3076,126,0,0.0,11,4.0,13.0,1025.6666666666667,1,0,Regular,0.0
3077,39,1,2031.59,16,3.857142857142857,15.0,1061.0,4,3,New Customer,22.3159
3078,113,1,224.83,1,3.0,12.0,300.0,1,3,New Customer,4.2483
3079,131,1,3527.74,10,4.0,8.0,1120.0,1,1,At Risk,37.2774
3080,133,0,0.0,3,4.0,15.0,213.0,1,0,Regular,0.0
3081,6,1,1658.87,5,3.6666666666666665,9.666666666666666,1069.0,3,3,New Customer,18.5887
3082,4,0,0.0,19,4.0,13.0,622.0,2,0,Regular,0.0
3084,161,0,0.0,2,4.0,11.0,1708.0,1,4,Lost,0.0
3085,74,0,0.0,12,4.0,9.666666666666666,827.3333333333334,3,0,Regular,0.0
3086,348,0,0.0,4,4.0,11.0,712.0,1,4,Lost,0.0
3087,80,2,967.83,8,4.333333333333333,6.333333333333333,682.0,3,3,New Customer,13.6783
3088,343,1,246.29,1,5.0,7.0,1553.0,1,4,Lost,4.462899999999999
3089,281,0,0.0,4,4.0,13.5,619.0,2,4,Lost,0.0
3090,63,1,734.66,5,4.5,18.5,456.5,1,3,New Customer,9.346599999999999
3092,81,2,7062.03,20,4.0,11.833333333333334,1059.3333333333333,3,2,VIP,74.6203
3093,47,0,0.0,9,4.0,14.25,667.75,4,0,Regular,0.0
3094,49,1,2375.11,13,3.8,12.0,1190.4,3,3,New Customer,25.7511
3095,255,0,0.0,6,4.0,5.5,1141.5,1,4,Lost,0.0
3097,62,0,0.0,3,4.0,9.0,373.5,2,0,Regular,0.0
3098,140,0,0.0,10,4.0,12.0,766.0,1,0,Regular,0.0
3100,235,0,0.0,3,4.0,15.5,275.5,2,4,Lost,0.0
3101,338,1,1956.67,4,5.0,16.0,502.0,1,1,At Risk,21.5667
3102,124,0,0.0,2,4.0,12.0,1057.0,1,0,Regular,0.0
3103,145,0,0.0,5,4.0,16.0,1308.5,0,0,Regular,0.0
3104,216,0,0.0,5,4.0,15.0,797.0,2,4,Lost,0.0
3105,156,1,821.18,7,4.333333333333333,8.0,540.3333333333334,2,1,At Risk,10.2118
3106,92,1,2749.36,8,4.0,12.666666666666666,1075.6666666666667,2,3,New Customer,29.4936
3107,192,1,1754.48,8,3.0,14.5,372.0,2,1,At Risk,19.5448
3108,107,0,0.0,4,4.0,8.5,412.5,1,0,Regular,0.0
3109,152,0,0.0,8,4.0,10.5,517.5,2,4,Lost,0.0
3110,91,0,0.0,3,4.0,20.0,957.0,2,0,Regular,0.0
3111,90,1,169.29,8,4.0,17.0,1115.0,2,3,New Customer,3.6929
3112,22,0,0.0,8,4.0,10.5,574.0,2,0,Regular,0.0
3113,101,1,1879.1,5,4.0,11.0,707.0,1,3,New Customer,20.791
3114,66,0,0.0,8,4.0,11.333333333333334,880.6666666666666,2,0,Regular,0.0
3115,82,0,0.0,9,4.0,15.333333333333334,430.3333333333333,2,0,Regular,0.0
3116,16,2,2318.0699999999997,16,4.166666666666667,14.833333333333334,1203.5,4,3,New Customer,27.180699999999998
3117,49,1,1065.5,1,4.0,11.0,1313.0,1,3,New Customer,12.655
3118,84,2,2332.74,11,3.25,14.0,1081.5,2,3,New Customer,27.327399999999997
3119,28,2,4961.79,8,3.6666666666666665,6.0,1131.0,2,2,VIP,53.6179
3120,69,0,0.0,5,4.0,10.666666666666666,589.0,1,0,Regular,0.0
3121,30,2,4383.87,10,4.666666666666667,17.0,946.6666666666666,2,2,VIP,47.838699999999996
3122,38,1,2434.09,15,4.0,10.4,1134.6,5,3,New Customer,26.3409
3123,81,1,403.01,10,3.8,9.2,1138.8,3,3,New Customer,6.0301
3124,97,1,240.26,1,3.0,11.0,1731.0,1,3,New Customer,4.4026
3125,268,0,0.0,1,4.0,21.0,652.0,1,4,Lost,0.0
3126,0,1,724.99,4,4.0,16.666666666666668,973.3333333333334,3,3,New Customer,9.2499
3127,84,0,0.0,15,4.0,11.75,1222.25,2,0,Regular,0.0
3128,160,3,2478.08,9,3.4,16.6,311.8,4,2,VIP,30.7808
3129,26,1,2074.68,10,4.2,11.0,703.8,3,3,New Customer,22.746799999999997
3130,45,0,0.0,11,4.0,13.25,970.0,3,0,Regular,0.0
3131,33,1,881.86,11,4.0,10.8,1304.8,4,3,New Customer,10.8186
3132,236,0,0.0,3,4.0,21.0,1677.0,1,4,Lost,0.0
3133,48,1,1733.53,11,4.0,12.0,1056.0,3,3,New Customer,19.3353
3134,119,1,604.0,8,4.0,17.0,718.3333333333334,2,3,New Customer,8.04
3135,25,2,1976.2,9,4.2,8.8,650.2,2,3,New Customer,23.762
3137,85,1,3071.68,5,3.5,8.0,632.5,2,3,New Customer,32.7168
3138,124,0,0.0,1,4.0,23.0,873.0,1,0,Regular,0.0
3139,147,1,2161.92,6,4.0,14.5,768.0,1,1,At Risk,23.6192
3140,18,2,3433.88,14,3.8,14.8,717.8,4,2,VIP,38.3388
3141,35,1,893.18,7,3.4,11.2,897.6,3,3,New Customer,10.931799999999999
3142,187,2,965.03,7,3.6666666666666665,17.333333333333332,761.0,2,1,At Risk,13.6503
3144,193,1,2964.06,14,4.0,19.75,917.75,3,1,At Risk,31.6406
3145,55,1,2348.29,18,4.0,11.4,746.6,3,3,New Customer,25.4829
3146,133,0,0.0,5,4.0,17.0,1053.0,0,0,Regular,0.0
3147,246,0,0.0,1,4.0,5.0,1210.0,1,4,Lost,0.0
3148,1,0,0.0,11,4.0,14.8,337.4,4,0,Regular,0.0
3149,336,0,0.0,3,4.0,8.0,1340.0,1,4,Lost,0.0
3150,119,1,351.11,7,3.75,15.75,595.75,4,3,New Customer,5.511100000000001
3151,9,1,3652.0,4,4.0,14.0,1089.5,2,3,New Customer,38.52
3152,65,0,0.0,5,4.0,16.0,913.5,1,0,Regular,0.0
3154,135,0,0.0,6,4.0,4.0,1020.5,1,0,Regular,0.0
3155,1,1,257.28,4,4.0,18.75,983.25,4,3,New Customer,4.572799999999999
3156,252,0,0.0,1,4.0,23.0,1168.0,0,4,Lost,0.0
3157,37,0,0.0,9,4.0,18.333333333333332,1218.0,2,0,Regular,0.0
3158,98,0,0.0,11,4.0,13.75,712.0,3,0,Regular,0.0
3159,33,0,0.0,8,4.0,14.333333333333334,1100.0,3,0,Regular,0.0
3160,31,1,825.21,10,3.75,13.5,563.75,3,3,New Customer,10.2521
3161,349,0,0.0,2,4.0,10.0,127.0,1,4,Lost,0.0
3162,21,2,5189.4400000000005,16,4.0,14.666666666666666,818.1666666666666,4,2,VIP,55.894400000000005
3163,261,0,0.0,5,4.0,9.5,555.5,1,4,Lost,0.0
3164,216,0,0.0,10,4.0,11.333333333333334,479.3333333333333,1,4,Lost,0.0
3165,9,0,0.0,7,4.0,9.5,915.5,1,0,Regular,0.0
3166,19,1,165.26,12,4.25,14.0,441.5,3,3,New Customer,3.6525999999999996
3167,24,0,0.0,4,4.0,4.0,65.0,1,0,Regular,0.0
3168,2,0,0.0,20,4.0,14.75,802.375,6,0,Regular,0.0
3169,53,0,0.0,4,4.0,10.0,1262.0,1,0,Regular,0.0
3170,5,1,1152.64,7,4.25,12.25,1238.5,2,3,New Customer,13.5264
3171,63,0,0.0,8,4.0,14.5,987.5,4,0,Regular,0.0
3172,62,0,0.0,4,4.0,6.0,594.0,2,0,Regular,0.0
3173,60,1,1159.81,13,4.0,10.666666666666666,678.3333333333334,2,3,New Customer,13.598099999999999
3174,18,0,0.0,8,4.0,16.666666666666668,917.0,2,0,Regular,0.0
3175,5,0,0.0,8,4.0,7.5,825.5,1,0,Regular,0.0
3176,0,1,1004.96,8,4.333333333333333,8.333333333333334,1377.3333333333333,3,3,New Customer,12.0496
3177,194,0,0.0,5,4.0,10.666666666666666,215.33333333333334,1,4,Lost,0.0
3178,58,0,0.0,8,4.0,12.0,840.3333333333334,3,0,Regular,0.0
3179,10,0,0.0,2,4.0,6.0,928.0,0,0,Regular,0.0
3180,229,1,119.71,1,3.0,20.0,1638.0,1,1,At Risk,3.1971
3181,241,0,0.0,6,4.0,7.5,1162.5,2,4,Lost,0.0
3182,7,1,1050.62,8,3.75,9.75,1000.25,3,3,New Customer,12.5062
3183,61,1,401.2,15,4.0,13.333333333333334,632.8333333333334,5,3,New Customer,6.012
3184,71,1,1203.93,5,3.3333333333333335,20.333333333333332,854.6666666666666,1,3,New Customer,14.0393
3186,153,0,0.0,4,4.0,14.0,1042.5,2,4,Lost,0.0
3187,43,0,0.0,12,4.0,7.25,730.75,1,0,Regular,0.0
3188,47,2,2043.6399999999999,5,3.6666666666666665,11.666666666666666,632.0,2,3,New Customer,24.4364
3189,184,1,653.14,5,3.5,3.0,722.5,1,1,At Risk,8.5314
3190,278,0,0.0,4,4.0,8.0,223.0,0,4,Lost,0.0
3191,81,2,4114.66,6,5.0,8.5,738.5,2,2,VIP,45.1466
3192,21,2,3772.46,8,4.0,10.0,774.6666666666666,2,2,VIP,41.7246
3193,280,2,6477.18,10,4.0,12.25,999.5,3,2,VIP,68.7718
3194,200,0,0.0,4,4.0,20.5,680.0,1,4,Lost,0.0
3195,165,0,0.0,2,4.0,15.0,1625.0,0,4,Lost,0.0
3196,161,1,796.46,6,3.6666666666666665,9.333333333333334,841.3333333333334,1,1,At Risk,9.9646
3197,93,1,2187.33,7,4.5,21.0,899.0,1,3,New Customer,23.8733
3198,35,0,0.0,5,4.0,21.0,686.5,1,0,Regular,0.0
3199,172,1,113.04,8,4.333333333333333,10.666666666666666,479.3333333333333,3,1,At Risk,3.1304
3200,45,3,4233.42,21,4.125,13.875,1119.0,5,2,VIP,48.3342
3201,16,0,0.0,6,4.0,14.5,128.5,1,0,Regular,0.0
3202,119,1,1859.47,12,3.8333333333333335,17.333333333333332,1262.5,4,3,New Customer,20.5947
3203,10,1,438.66,11,4.0,13.6,901.4,2,3,New Customer,6.3866000000000005
3204,190,1,3017.0,6,4.333333333333333,7.0,1467.3333333333333,1,1,At Risk,32.17
3205,116,1,2309.84,7,4.0,12.666666666666666,342.3333333333333,3,3,New Customer,25.0984
3206,64,1,2005.05,9,4.333333333333333,21.666666666666668,612.6666666666666,2,3,New Customer,22.0505
3207,234,2,7242.75,17,3.5,13.333333333333334,798.0,3,2,VIP,76.4275
3208,20,0,0.0,2,4.0,12.0,1162.5,2,0,Regular,0.0
3209,192,0,0.0,8,4.0,14.333333333333334,763.0,2,4,Lost,0.0
3210,311,0,0.0,2,4.0,10.0,311.0,1,4,Lost,0.0
3211,41,1,5794.96,9,4.333333333333333,8.0,1211.0,3,2,VIP,59.949600000000004
3212,170,0,0.0,8,4.0,18.0,559.6666666666666,2,4,Lost,0.0
3213,38,2,3030.91,19,4.0,8.857142857142858,1119.7142857142858,3,3,New Customer,34.3091
3214,132,1,634.7,6,4.5,7.5,109.0,2,3,New Customer,8.347000000000001
3215,167,0,0.0,3,4.0,8.0,423.0,1,4,Lost,0.0
3216,170,1,2933.06,3,3.5,15.5,639.5,2,1,At Risk,31.3306
3217,171,0,0.0,4,4.0,24.0,1250.0,1,4,Lost,0.0
3218,110,1,4502.4,10,4.333333333333333,11.666666666666666,578.6666666666666,3,2,VIP,47.023999999999994
3219,11,0,0.0,10,4.0,6.666666666666667,1073.6666666666667,0,0,Regular,0.0
3220,102,0,0.0,8,4.0,13.75,922.25,2,0,Regular,0.0
3221,76,2,3051.3599999999997,13,3.75,14.5,1335.0,4,3,New Customer,34.5136
3222,129,1,2717.68,11,4.25,13.5,676.0,2,1,At Risk,29.1768
3223,65,0,0.0,3,4.0,19.666666666666668,331.3333333333333,1,0,Regular,0.0
3224,64,0,0.0,2,4.0,3.5,1556.0,2,0,Regular,0.0
3225,39,3,4888.14,17,3.4,13.2,952.0,3,2,VIP,54.881400000000006
3226,228,0,0.0,2,4.0,9.0,1044.0,1,4,Lost,0.0
3227,307,0,0.0,5,4.0,8.0,779.5,1,4,Lost,0.0
3228,103,1,1034.3,6,3.5,24.0,469.0,1,3,New Customer,12.343
3229,75,1,2260.08,11,4.2,16.2,1140.4,5,3,New Customer,24.6008
3230,16,0,0.0,8,4.0,5.0,1202.6666666666667,2,0,Regular,0.0
3231,53,0,0.0,4,4.0,11.0,746.5,0,0,Regular,0.0
3232,71,0,0.0,5,4.0,8.5,346.5,2,0,Regular,0.0
3233,34,0,0.0,3,4.0,5.5,823.5,0,0,Regular,0.0
3234,72,0,0.0,4,4.0,8.0,912.0,1,0,Regular,0.0
3235,134,0,0.0,12,4.0,4.666666666666667,1320.6666666666667,1,0,Regular,0.0
3236,206,0,0.0,7,4.0,13.0,1284.5,1,4,Lost,0.0
3237,108,1,1911.91,7,4.333333333333333,12.0,662.6666666666666,2,3,New Customer,21.1191
3238,202,1,3150.44,10,4.0,6.75,683.5,2,1,At Risk,33.504400000000004
3239,269,1,3147.62,9,4.333333333333333,9.0,889.3333333333334,2,1,At Risk,33.4762
3240,38,2,5949.87,8,3.3333333333333335,8.666666666666666,626.6666666666666,3,2,VIP,63.4987
3241,176,1,1005.99,3,5.0,6.0,1514.0,1,1,At Risk,12.0599
3243,127,1,993.0,11,4.25,9.5,602.75,3,3,New Customer,11.93
3244,180,1,1171.08,9,4.0,17.666666666666668,1217.0,3,1,At Risk,13.710799999999999
3245,5,2,5923.93,16,3.142857142857143,12.142857142857142,1227.857142857143,3,2,VIP,63.2393
3246,15,0,0.0,4,4.0,15.0,883.5,2,0,Regular,0.0
3247,90,1,997.77,13,3.8,6.8,1357.0,4,3,New Customer,11.9777
3248,178,0,0.0,7,4.0,17.333333333333332,1229.0,3,4,Lost,0.0
3249,101,0,0.0,17,4.0,13.333333333333334,817.6666666666666,4,0,Regular,0.0
3250,96,0,0.0,4,4.0,15.0,1391.0,2,0,Regular,0.0
3251,169,1,1336.07,3,4.5,18.0,206.5,2,1,At Risk,15.3607
3252,70,2,2312.12,12,3.5,12.5,1016.75,4,3,New Customer,27.121199999999998
3253,56,2,1151.15,14,4.166666666666667,9.0,1119.6666666666667,4,3,New Customer,15.511500000000002
3254,44,0,0.0,3,4.0,16.0,1786.5,1,0,Regular,0.0
3255,20,0,0.0,9,4.0,14.75,502.5,2,0,Regular,0.0
3256,103,0,0.0,8,4.0,8.666666666666666,1013.0,3,0,Regular,0.0
3257,45,0,0.0,14,4.0,16.8,1323.6,0,0,Regular,0.0
3258,69,1,4411.99,7,4.0,14.0,724.5,2,2,VIP,46.1199
3259,106,1,533.81,1,4.0,15.0,1032.0,1,3,New Customer,7.3381
3261,119,0,0.0,5,4.0,10.0,862.0,0,0,Regular,0.0
3262,19,0,0.0,7,4.0,14.333333333333334,1122.3333333333333,2,0,Regular,0.0
3263,8,2,4747.86,12,4.0,10.333333333333334,1140.0,2,2,VIP,51.4786
3264,66,0,0.0,7,4.0,8.5,402.5,2,0,Regular,0.0
3265,117,0,0.0,7,4.0,15.333333333333334,1266.0,1,0,Regular,0.0
3266,95,0,0.0,8,4.0,18.333333333333332,734.0,2,0,Regular,0.0
3267,18,1,798.8,1,5.0,14.0,1282.0,1,3,New Customer,9.988
3268,104,0,0.0,4,4.0,8.0,1780.0,1,0,Regular,0.0
3269,7,0,0.0,10,4.0,12.666666666666666,769.3333333333334,2,0,Regular,0.0
3270,49,0,0.0,3,4.0,17.0,1538.0,1,0,Regular,0.0
3271,126,0,0.0,11,4.0,8.75,1317.75,4,0,Regular,0.0
3273,48,1,423.2,5,3.5,12.0,1053.0,1,3,New Customer,6.232
3275,109,0,0.0,3,4.0,4.0,369.0,1,0,Regular,0.0
3276,75,0,0.0,4,4.0,10.5,1283.5,1,0,Regular,0.0
3277,2,2,2710.45,15,4.0,16.0,1133.8,4,3,New Customer,31.104499999999998
3278,127,0,0.0,15,4.0,12.0,631.6,2,0,Regular,0.0
3279,94,1,240.42,4,4.0,16.333333333333332,752.3333333333334,2,3,New Customer,4.4041999999999994
3280,74,1,386.38,6,2.5,10.5,1194.5,1,3,New Customer,5.8637999999999995
3281,35,1,644.69,5,3.0,15.333333333333334,613.0,1,3,New Customer,8.4469
3282,126,1,2087.93,7,4.5,16.5,1086.5,2,3,New Customer,22.879299999999997
3283,44,1,4274.84,4,5.0,9.0,633.0,1,3,New Customer,44.748400000000004
3284,96,1,2739.08,3,4.5,18.0,799.0,2,3,New Customer,29.3908
3285,81,1,1263.83,8,4.25,11.0,1095.5,3,3,New Customer,14.6383
3286,288,0,0.0,8,4.0,10.666666666666666,1328.6666666666667,2,4,Lost,0.0
3287,56,1,147.91,6,3.6666666666666665,15.666666666666666,1236.3333333333333,2,3,New Customer,3.4791
3288,237,0,0.0,5,4.0,12.5,1104.0,2,4,Lost,0.0
3289,7,0,0.0,5,4.0,13.0,765.0,1,0,Regular,0.0
3290,92,0,0.0,10,4.0,23.0,925.25,3,0,Regular,0.0
3291,56,2,5370.21,18,4.2,16.8,521.2,4,2,VIP,57.7021
3292,32,1,1468.34,19,4.0,11.142857142857142,897.4285714285714,4,3,New Customer,16.6834
3293,101,1,521.76,7,3.6666666666666665,10.333333333333334,1049.6666666666667,1,3,New Customer,7.2176
3294,20,0,0.0,9,4.0,12.0,807.0,3,0,Regular,0.0
3295,75,0,0.0,7,4.0,11.0,949.0,2,0,Regular,0.0
3296,80,1,625.81,12,4.25,11.5,624.75,3,3,New Customer,8.258099999999999
3297,32,0,0.0,12,4.0,10.25,1181.0,3,0,Regular,0.0
3298,2,0,0.0,7,4.0,22.5,598.0,2,0,Regular,0.0
3299,137,0,0.0,4,4.0,4.0,412.0,0,0,Regular,0.0
3300,92,3,4454.7300000000005,10,3.8,9.2,740.2,4,2,VIP,50.54730000000001
3301,26,1,3925.78,10,3.6,19.6,1436.4,3,3,New Customer,41.2578
3302,7,0,0.0,6,4.0,8.0,892.0,1,0,Regular,0.0
3303,91,0,0.0,8,4.0,18.666666666666668,637.3333333333334,1,0,Regular,0.0
3304,5,0,0.0,3,4.0,14.0,1714.0,1,0,Regular,0.0
3305,14,0,0.0,1,4.0,10.0,1763.0,0,0,Regular,0.0
3306,86,0,0.0,7,4.0,18.0,658.6666666666666,2,0,Regular,0.0
3307,191,1,1220.33,6,4.5,12.5,477.0,2,1,At Risk,14.203299999999999
3308,53,0,0.0,4,4.0,13.0,1050.0,1,0,Regular,0.0
3309,77,0,0.0,7,4.0,10.0,980.6666666666666,1,0,Regular,0.0
3310,107,2,5221.030000000001,6,4.0,16.5,485.0,2,2,VIP,56.210300000000004
3311,23,1,685.27,7,4.0,9.75,749.75,3,3,New Customer,8.852699999999999
3312,89,0,0.0,4,4.0,12.0,816.0,1,0,Regular,0.0
3313,206,0,0.0,2,4.0,5.0,1309.0,0,4,Lost,0.0
3314,11,0,0.0,8,4.0,13.0,633.25,2,0,Regular,0.0
3315,82,1,2191.24,9,3.25,8.0,918.75,4,3,New Customer,23.912399999999998
3316,99,1,137.74,12,4.2,13.0,677.8,4,3,New Customer,3.3774
3317,16,0,0.0,14,4.0,15.75,678.5,2,0,Regular,0.0
3318,71,1,3604.26,16,3.75,14.25,293.75,2,3,New Customer,38.0426
3319,139,0,0.0,1,4.0,21.0,1783.0,1,0,Regular,0.0
3320,81,1,2607.94,12,4.25,11.0,996.0,3,3,New Customer,28.0794
3321,153,0,0.0,3,4.0,20.0,1293.0,1,4,Lost,0.0
3322,6,2,1001.37,17,3.857142857142857,17.571428571428573,511.7142857142857,4,3,New Customer,14.0137
3324,255,0,0.0,1,4.0,9.0,1283.0,0,4,Lost,0.0
3325,259,0,0.0,1,4.0,16.0,147.0,1,4,Lost,0.0
3326,41,3,3405.75,8,3.8,9.8,810.0,3,2,VIP,40.0575
3327,18,0,0.0,3,4.0,9.0,862.5,2,0,Regular,0.0
3328,21,0,0.0,6,4.0,9.5,407.5,1,0,Regular,0.0
3329,141,0,0.0,9,4.0,14.5,634.25,2,0,Regular,0.0
3330,217,0,0.0,1,4.0,5.0,886.0,0,4,Lost,0.0
3331,107,0,0.0,6,4.0,14.0,1003.5,0,0,Regular,0.0
3332,138,1,1074.4,15,4.0,12.75,292.0,4,1,At Risk,12.744000000000002
3333,0,1,1789.48,9,3.6666666666666665,10.0,790.0,1,3,New Customer,19.8948
3334,131,1,59.89,5,3.0,22.0,1050.3333333333333,1,3,New Customer,2.5989
3335,304,0,0.0,3,4.0,12.5,508.5,1,4,Lost,0.0
3336,109,1,705.1,5,4.5,20.0,254.5,1,3,New Customer,9.051
3337,49,0,0.0,11,4.0,8.5,803.5,3,0,Regular,0.0
3338,153,1,492.48,4,3.0,14.0,229.0,1,1,At Risk,6.9248
3339,200,1,721.76,5,4.0,18.5,355.5,2,1,At Risk,9.217600000000001
3341,4,0,0.0,15,4.0,15.8,895.0,1,0,Regular,0.0
3342,2,1,5903.34,12,3.6,15.8,1157.8,1,2,VIP,61.0334
3343,16,1,910.42,2,3.5,18.5,828.5,1,3,New Customer,11.104199999999999
3344,17,1,505.66,3,3.5,16.5,1395.5,2,3,New Customer,7.0566
3345,143,1,600.6,5,3.6666666666666665,18.333333333333332,843.0,2,1,At Risk,8.006
3346,93,1,3470.25,4,3.5,13.0,398.5,2,3,New Customer,36.7025
3347,106,1,1242.62,2,4.0,21.5,623.5,1,3,New Customer,14.4262
3348,123,0,0.0,5,4.0,15.5,1604.0,0,0,Regular,0.0
3349,25,0,0.0,4,4.0,10.0,1485.0,0,0,Regular,0.0
3350,61,2,1715.62,10,4.25,9.0,580.0,3,3,New Customer,21.1562
3351,41,0,0.0,8,4.0,15.25,852.0,2,0,Regular,0.0
3352,34,1,3358.76,9,3.8333333333333335,15.0,1015.8333333333334,4,3,New Customer,35.5876
3354,138,0,0.0,11,4.0,10.333333333333334,1055.6666666666667,0,0,Regular,0.0
3355,187,0,0.0,4,4.0,3.0,679.0,1,4,Lost,0.0
3356,234,0,0.0,4,4.0,13.0,476.0,1,4,Lost,0.0
3357,342,1,1420.48,1,2.0,9.0,528.0,1,1,At Risk,16.2048
3358,33,1,4474.89,9,4.333333333333333,11.333333333333334,1178.3333333333333,1,2,VIP,46.748900000000006
3360,24,0,0.0,13,4.0,8.0,802.25,1,0,Regular,0.0
3361,66,1,2519.24,12,4.0,12.75,920.5,3,3,New Customer,27.1924
3362,102,1,279.9,15,4.2,11.2,501.2,4,3,New Customer,4.7989999999999995
3364,115,0,0.0,11,4.0,11.0,808.3333333333334,0,0,Regular,0.0
3365,75,0,0.0,6,4.0,18.0,337.5,2,0,Regular,0.0
3366,16,2,2239.67,9,4.0,14.25,899.25,2,3,New Customer,26.3967
3367,70,0,0.0,10,4.0,9.666666666666666,765.3333333333334,1,0,Regular,0.0
3368,37,1,394.78,6,4.0,15.0,1091.6666666666667,3,3,New Customer,5.947799999999999
3369,152,0,0.0,9,4.0,20.0,939.3333333333334,3,4,Lost,0.0
3370,85,0,0.0,8,4.0,10.0,1109.0,1,0,Regular,0.0
3371,53,0,0.0,12,4.0,14.25,746.5,2,0,Regular,0.0
3372,305,0,0.0,1,4.0,8.0,692.0,1,4,Lost,0.0
3373,263,0,0.0,3,4.0,22.0,924.0,0,4,Lost,0.0
3374,12,2,2421.4700000000003,4,3.0,7.0,970.5,2,3,New Customer,28.214700000000004
3375,66,1,856.0,6,4.0,13.75,453.25,2,3,New Customer,10.56
3376,130,1,1505.65,6,4.0,15.0,1327.3333333333333,2,3,New Customer,17.0565
3377,342,1,6388.2,7,4.0,15.0,861.3333333333334,2,1,At Risk,65.882
3378,80,0,0.0,8,4.0,13.0,1028.3333333333333,0,0,Regular,0.0
3379,131,0,0.0,3,4.0,13.0,1105.5,2,0,Regular,0.0
3380,80,0,0.0,9,4.0,8.0,939.3333333333334,2,0,Regular,0.0
3381,80,2,969.0799999999999,5,4.333333333333333,6.666666666666667,1131.3333333333333,3,3,New Customer,13.6908
3382,45,1,391.84,11,4.25,16.0,986.25,3,3,New Customer,5.9184
3383,19,2,5576.62,14,4.0,8.2,459.0,3,2,VIP,59.7662
3384,77,1,251.7,5,4.25,9.5,1355.75,3,3,New Customer,4.5169999999999995
3385,6,0,0.0,6,4.0,5.5,1460.0,1,0,Regular,0.0
3386,12,2,4699.51,8,3.6666666666666665,6.666666666666667,1070.3333333333333,2,2,VIP,50.9951
3387,124,1,3658.96,5,3.0,13.0,1057.5,2,1,At Risk,38.5896
3388,119,0,0.0,13,4.0,13.25,1057.75,0,0,Regular,0.0
3389,128,0,0.0,7,4.0,15.5,518.0,1,0,Regular,0.0
3390,187,0,0.0,2,4.0,13.0,422.5,2,4,Lost,0.0
3391,49,1,2749.4,4,4.0,16.0,1277.0,1,3,New Customer,29.494
3392,25,1,372.63,10,4.0,13.75,1006.5,3,3,New Customer,5.7263
3393,75,1,3370.34,10,4.0,9.333333333333334,1337.6666666666667,2,3,New Customer,35.7034
3394,180,1,196.74,5,4.5,13.0,699.5,1,1,At Risk,3.9674
3395,73,0,0.0,5,4.0,5.0,980.5,2,0,Regular,0.0
3396,186,0,0.0,3,4.0,22.0,694.0,0,4,Lost,0.0
3397,18,0,0.0,2,4.0,4.0,659.0,1,0,Regular,0.0
3398,50,1,3165.84,4,3.0,23.0,513.0,1,3,New Customer,33.6584
3399,242,0,0.0,9,4.0,8.333333333333334,969.6666666666666,3,4,Lost,0.0
3400,98,0,0.0,7,4.0,8.5,722.0,2,0,Regular,0.0
3401,84,0,0.0,8,4.0,15.666666666666666,1012.6666666666666,2,0,Regular,0.0
3402,14,4,4704.38,18,4.142857142857143,11.857142857142858,1034.7142857142858,5,2,VIP,55.043800000000005
3403,89,2,6197.36,9,3.6666666666666665,10.0,622.3333333333334,3,2,VIP,65.9736
3404,28,1,1355.7,3,4.0,14.0,1178.5,2,3,New Customer,15.557
3405,16,1,1821.53,13,3.8,10.4,876.6,3,3,New Customer,20.2153
3406,166,1,1057.37,7,4.0,13.333333333333334,443.0,3,1,At Risk,12.573699999999999
3407,51,2,1278.8899999999999,6,3.5,14.0,983.5,2,3,New Customer,16.788899999999998
3408,5,0,0.0,15,4.0,9.75,1382.25,2,0,Regular,0.0
3409,65,2,1790.9299999999998,7,4.0,13.333333333333334,516.3333333333334,3,3,New Customer,21.909299999999998
3410,64,0,0.0,5,4.0,11.5,1249.0,1,0,Regular,0.0
3411,52,0,0.0,6,4.0,18.5,673.0,1,0,Regular,0.0
3412,50,2,6989.15,16,4.0,17.4,726.6,3,2,VIP,73.8915
3413,14,0,0.0,5,4.0,9.5,374.5,1,0,Regular,0.0
3414,228,1,592.12,5,4.0,15.5,1228.0,1,1,At Risk,7.9212
3415,16,1,961.2,5,3.75,5.75,510.25,3,3,New Customer,11.612
3416,328,0,0.0,1,4.0,13.0,271.0,1,4,Lost,0.0
3417,127,0,0.0,4,4.0,12.5,1305.5,2,0,Regular,0.0
3418,58,1,638.0,7,4.333333333333333,12.333333333333334,357.0,2,3,New Customer,8.379999999999999
3419,28,2,3938.33,7,3.75,7.0,1116.25,3,2,VIP,43.3833
3420,134,1,2290.18,6,4.0,7.0,258.5,1,1,At Risk,24.901799999999998
3421,149,0,0.0,5,4.0,15.5,516.0,2,0,Regular,0.0
3422,122,1,1727.88,4,3.0,1.0,980.0,1,3,New Customer,19.2788
3423,201,1,207.01,3,5.0,12.0,760.0,1,1,At Risk,4.0701
3424,71,1,3025.64,6,4.5,16.0,1055.5,2,3,New Customer,32.2564
3425,105,2,1945.23,5,3.3333333333333335,10.666666666666666,1336.0,3,3,New Customer,23.4523
3426,9,0,0.0,9,4.0,17.666666666666668,615.6666666666666,2,0,Regular,0.0
3428,13,0,0.0,5,4.0,9.5,1014.0,1,0,Regular,0.0
3429,72,0,0.0,8,4.0,11.5,1432.25,1,0,Regular,0.0
3430,273,0,0.0,1,4.0,24.0,73.0,1,4,Lost,0.0
3431,305,0,0.0,2,4.0,11.0,860.0,1,4,Lost,0.0
3432,188,2,4211.07,9,3.3333333333333335,9.333333333333334,760.3333333333334,2,2,VIP,46.110699999999994
3433,290,0,0.0,3,4.0,24.0,1783.0,1,4,Lost,0.0
3434,62,1,648.62,8,4.333333333333333,14.0,236.66666666666666,2,3,New Customer,8.4862
3435,288,1,1218.84,6,3.5,19.5,1068.0,2,1,At Risk,14.1884
3436,128,2,2152.7,10,3.6,11.4,1153.6,5,3,New Customer,25.526999999999997
3437,26,2,3057.62,12,3.75,12.75,831.25,3,3,New Customer,34.5762
3438,156,3,4428.71,10,4.0,12.25,417.5,3,2,VIP,50.2871
3439,38,1,920.65,14,4.0,12.0,833.8,4,3,New Customer,11.2065
3440,58,1,3063.96,13,3.75,10.5,952.25,3,3,New Customer,32.6396
3441,9,3,10079.25,11,3.6666666666666665,15.0,941.6666666666666,3,2,VIP,106.7925
3442,266,0,0.0,6,4.0,14.333333333333334,1182.3333333333333,1,4,Lost,0.0
3443,276,0,0.0,1,4.0,6.0,169.0,0,4,Lost,0.0
3444,138,1,356.44,1,3.0,19.0,1453.0,1,1,At Risk,5.5644
3446,86,0,0.0,1,4.0,14.0,1521.0,0,0,Regular,0.0
3447,117,0,0.0,6,4.0,10.0,689.5,2,0,Regular,0.0
3448,43,1,2963.9,8,3.75,6.5,766.25,2,3,New Customer,31.639
3449,34,1,1049.52,1,2.0,5.0,1511.0,1,3,New Customer,12.4952
3450,142,0,0.0,1,4.0,17.0,1659.0,1,0,Regular,0.0
3452,161,1,886.34,6,3.6666666666666665,14.666666666666666,1213.6666666666667,1,1,At Risk,10.8634
3453,213,1,405.05,10,3.6666666666666665,14.666666666666666,735.3333333333334,3,1,At Risk,6.0505
3454,316,0,0.0,6,4.0,4.0,1322.0,0,4,Lost,0.0
3455,253,0,0.0,4,4.0,23.0,627.0,1,4,Lost,0.0
3456,23,3,2437.7,17,4.285714285714286,7.0,934.4285714285714,6,2,VIP,30.377
3457,50,1,2720.07,9,4.0,7.666666666666667,1305.0,1,3,New Customer,29.2007
3458,44,1,3372.98,7,4.333333333333333,14.666666666666666,928.3333333333334,1,3,New Customer,35.7298
3459,113,0,0.0,13,4.0,16.0,543.0,2,0,Regular,0.0
3460,90,1,727.54,5,3.5,7.5,432.5,1,3,New Customer,9.2754
3461,88,1,442.26,5,3.3333333333333335,14.0,493.0,3,3,New Customer,6.4226
3462,75,2,3136.1400000000003,7,4.25,6.0,499.75,3,2,VIP,35.3614
3463,281,0,0.0,8,4.0,10.5,613.5,0,4,Lost,0.0
3464,29,0,0.0,12,4.0,11.4,975.6,1,0,Regular,0.0
3465,175,1,2744.0,6,3.6666666666666665,11.333333333333334,364.3333333333333,3,1,At Risk,29.44
3466,122,1,4520.0,11,4.25,5.75,683.75,1,2,VIP,47.2
3467,2,1,3949.23,11,4.0,15.4,696.6,3,3,New Customer,41.4923
3469,1,0,0.0,7,4.0,12.0,1082.0,3,0,Regular,0.0
3470,17,0,0.0,11,4.0,10.666666666666666,859.0,1,0,Regular,0.0
3471,104,0,0.0,8,4.0,11.0,1239.0,2,0,Regular,0.0
3472,169,0,0.0,6,4.0,15.5,709.5,1,4,Lost,0.0
3473,1,4,4706.65,15,4.0,19.0,750.1666666666666,5,2,VIP,55.0665
3474,59,1,1513.84,9,4.0,13.0,1088.3333333333333,3,3,New Customer,17.138399999999997
3475,210,1,257.44,15,4.0,13.333333333333334,1122.6666666666667,2,1,At Risk,4.5744
3476,13,0,0.0,7,4.0,10.0,1611.3333333333333,0,0,Regular,0.0
3477,124,0,0.0,9,4.0,15.0,978.6666666666666,3,0,Regular,0.0
3479,336,0,0.0,2,4.0,10.0,353.0,0,4,Lost,0.0
3480,30,0,0.0,10,4.0,11.25,1068.75,4,0,Regular,0.0
3481,141,1,174.59,8,4.0,13.5,804.25,3,1,At Risk,3.7459
3482,129,1,2203.12,6,4.0,16.0,850.5,2,3,New Customer,24.0312
3483,83,1,3297.71,10,4.0,17.0,1329.6666666666667,1,3,New Customer,34.9771
3484,35,0,0.0,13,4.0,10.25,1111.0,3,0,Regular,0.0
3485,247,0,0.0,7,4.0,13.333333333333334,426.3333333333333,3,4,Lost,0.0
3486,250,1,5275.04,8,4.0,15.333333333333334,813.3333333333334,2,1,At Risk,54.7504
3487,249,0,0.0,5,4.0,9.0,1579.0,2,4,Lost,0.0
3488,104,1,2360.82,10,4.2,17.0,1127.2,2,3,New Customer,25.6082
3489,39,0,0.0,2,4.0,15.0,46.0,0,0,Regular,0.0
3490,73,0,0.0,11,4.0,14.75,1003.0,2,0,Regular,0.0
3491,178,0,0.0,6,4.0,9.5,1405.0,2,4,Lost,0.0
3492,150,0,0.0,7,4.0,13.0,462.5,2,0,Regular,0.0
3493,25,1,1731.48,5,3.5,11.5,249.0,2,3,New Customer,19.3148
3494,103,0,0.0,5,4.0,15.333333333333334,401.3333333333333,2,0,Regular,0.0
3495,79,0,0.0,7,4.0,16.25,868.5,4,0,Regular,0.0
3496,71,0,0.0,1,4.0,2.0,1195.0,1,0,Regular,0.0
3497,17,0,0.0,3,4.0,6.5,906.0,1,0,Regular,0.0
3499,185,1,250.58,11,4.25,6.5,1340.25,2,1,At Risk,4.505800000000001
3500,319,0,0.0,3,4.0,11.0,857.0,0,4,Lost,0.0
3501,169,0,0.0,1,4.0,4.0,215.0,1,4,Lost,0.0
3502,1,1,1859.06,16,3.857142857142857,11.0,1131.0,3,3,New Customer,20.5906
3503,129,1,305.54,10,4.0,10.75,782.5,1,3,New Customer,5.055400000000001
3505,5,0,0.0,5,4.0,6.0,1200.0,2,0,Regular,0.0
3506,244,0,0.0,1,4.0,21.0,1724.0,1,4,Lost,0.0
3507,11,1,2470.9,11,3.8,15.0,686.4,2,3,New Customer,26.709
3508,43,1,436.31,5,3.3333333333333335,14.666666666666666,1290.0,3,3,New Customer,6.3631
3509,19,0,0.0,3,4.0,15.0,888.0,1,0,Regular,0.0
3510,54,1,273.54,5,4.0,10.5,476.0,2,3,New Customer,4.7354
3512,290,0,0.0,3,4.0,1.0,1269.0,0,4,Lost,0.0
3513,6,3,1897.7,7,4.666666666666667,8.333333333333334,767.3333333333334,3,2,VIP,24.977
3514,15,1,2836.86,9,4.0,7.75,837.0,2,3,New Customer,30.3686
3515,117,1,2332.66,5,4.0,11.0,804.5,2,3,New Customer,25.3266
3516,141,0,0.0,2,4.0,19.0,1479.0,0,0,Regular,0.0
3517,48,0,0.0,4,4.0,12.0,840.0,1,0,Regular,0.0
3518,46,0,0.0,9,4.0,17.666666666666668,498.6666666666667,1,0,Regular,0.0
3519,79,0,0.0,6,4.0,10.0,1314.3333333333333,2,0,Regular,0.0
3520,7,1,2173.56,14,3.6,13.8,587.0,2,3,New Customer,23.735599999999998
3521,5,1,516.03,9,4.0,10.666666666666666,1465.6666666666667,1,3,New Customer,7.160299999999999
3522,105,0,0.0,9,4.0,21.0,1189.6666666666667,2,0,Regular,0.0
3523,147,1,2151.97,3,5.0,18.0,437.0,1,1,At Risk,23.519699999999997
3524,7,1,2757.08,20,3.875,14.75,801.375,7,3,New Customer,29.5708
3525,43,0,0.0,10,4.0,6.8,1113.6,2,0,Regular,0.0
3526,170,0,0.0,2,4.0,14.5,1352.0,0,4,Lost,0.0
3527,106,0,0.0,7,4.0,18.5,591.0,2,0,Regular,0.0
3528,35,1,3108.08,11,4.0,9.5,646.0,2,3,New Customer,33.080799999999996
3529,36,0,0.0,10,4.0,11.0,434.0,2,0,Regular,0.0
3530,54,0,0.0,9,4.0,12.0,886.3333333333334,2,0,Regular,0.0
3531,50,1,296.31,6,4.0,18.333333333333332,1006.0,2,3,New Customer,4.9631
3532,218,0,0.0,1,4.0,1.0,55.0,0,4,Lost,0.0
3533,127,0,0.0,3,4.0,3.0,349.0,1,0,Regular,0.0
3534,23,2,4984.02,12,4.25,9.75,1047.25,4,2,VIP,53.8402
3535,55,2,3622.63,9,3.3333333333333335,11.666666666666666,1126.3333333333333,2,2,VIP,40.2263
3537,36,2,3244.62,7,4.0,14.0,1588.3333333333333,2,2,VIP,36.4462
3538,218,0,0.0,3,4.0,12.0,1528.0,0,4,Lost,0.0
3539,11,1,1041.32,4,4.0,3.5,982.0,1,3,New Customer,12.4132
3540,186,0,0.0,4,4.0,21.5,1545.0,0,4,Lost,0.0
3541,163,1,1572.76,6,3.0,12.0,1064.5,2,1,At Risk,17.727600000000002
3542,97,0,0.0,4,4.0,24.0,1770.0,1,0,Regular,0.0
3543,56,3,6348.01,19,3.5714285714285716,18.714285714285715,979.4285714285714,6,2,VIP,69.4801
3544,61,2,1812.22,7,4.0,10.5,707.0,2,3,New Customer,22.1222
3545,47,1,2429.0,15,4.2,19.4,1149.6,2,3,New Customer,26.29
3546,4,0,0.0,6,4.0,9.0,1225.0,1,0,Regular,0.0
3547,248,0,0.0,4,4.0,13.5,903.0,2,4,Lost,0.0
3548,117,0,0.0,5,4.0,9.5,1069.5,1,0,Regular,0.0
3549,229,0,0.0,4,4.0,7.5,576.5,1,4,Lost,0.0
3550,137,1,6604.36,7,3.3333333333333335,6.333333333333333,966.3333333333334,2,2,VIP,68.0436
3551,8,2,5448.4,12,4.0,16.25,622.75,3,2,VIP,58.483999999999995
3552,34,0,0.0,14,4.0,8.857142857142858,741.8571428571429,6,0,Regular,0.0
3553,100,0,0.0,9,4.0,17.333333333333332,664.3333333333334,1,0,Regular,0.0
3554,85,0,0.0,2,4.0,5.0,770.0,0,0,Regular,0.0
3555,20,1,3296.3,3,3.0,10.0,306.0,1,3,New Customer,34.963
3556,129,0,0.0,10,4.0,18.0,1291.6666666666667,0,0,Regular,0.0
3557,132,0,0.0,4,4.0,10.0,823.0,1,0,Regular,0.0
3558,8,2,3705.1299999999997,9,3.75,10.5,951.25,3,2,VIP,41.0513
3559,29,2,5479.88,11,4.2,12.8,1113.4,4,2,VIP,58.7988
3560,0,1,576.52,18,4.111111111111111,12.444444444444445,912.2222222222222,6,3,New Customer,7.7652
3561,132,1,254.86,8,4.0,14.0,1086.6666666666667,3,3,New Customer,4.5486
3562,4,1,3824.88,23,4.0,11.625,907.625,7,3,New Customer,40.2488
3563,13,0,0.0,2,4.0,14.0,1400.0,0,0,Regular,0.0
3565,0,1,848.64,14,3.5,14.5,513.75,1,3,New Customer,10.4864
3566,28,1,1955.35,8,4.0,9.75,636.25,3,3,New Customer,21.5535
3567,8,1,694.84,6,3.5,7.5,1384.5,2,3,New Customer,8.9484
3568,72,0,0.0,8,4.0,15.0,1625.5,0,0,Regular,0.0
3569,18,0,0.0,8,4.0,10.333333333333334,859.6666666666666,1,0,Regular,0.0
3571,65,1,1518.45,2,3.0,4.5,329.5,1,3,New Customer,17.1845
3573,8,1,2340.42,7,4.0,18.0,537.6666666666666,2,3,New Customer,25.4042
3574,23,0,0.0,7,4.0,13.333333333333334,835.3333333333334,3,0,Regular,0.0
3575,44,1,735.45,2,5.0,8.0,1269.0,1,3,New Customer,9.354500000000002
3576,6,1,1079.81,4,3.5,8.0,867.0,1,3,New Customer,12.7981
3577,0,1,2658.4,8,3.6666666666666665,10.0,810.0,2,3,New Customer,28.584
3578,194,1,1727.02,4,3.0,19.0,869.5,2,1,At Risk,19.2702
3579,11,0,0.0,6,4.0,16.333333333333332,928.3333333333334,1,0,Regular,0.0
3580,45,1,1473.45,8,3.3333333333333335,6.333333333333333,1242.6666666666667,3,3,New Customer,16.7345
3581,13,2,2547.36,13,4.0,16.6,1052.6,3,3,New Customer,29.4736
3582,56,1,1015.69,9,4.0,11.333333333333334,613.6666666666666,3,3,New Customer,12.1569
3583,83,0,0.0,3,4.0,14.0,689.0,2,0,Regular,0.0
3584,255,1,478.91,4,3.0,17.0,1751.0,1,1,At Risk,6.7891
3585,42,0,0.0,5,4.0,14.0,979.5,1,0,Regular,0.0
3586,2,1,3007.06,13,3.75,14.75,1213.0,3,3,New Customer,32.0706
3587,281,0,0.0,4,4.0,15.0,461.0,1,4,Lost,0.0
3588,323,0,0.0,1,4.0,22.0,1500.0,0,4,Lost,0.0
3589,100,0,0.0,5,4.0,10.5,904.5,2,0,Regular,0.0
3590,25,1,996.11,8,3.6666666666666665,11.0,1065.6666666666667,1,3,New Customer,11.9611
3591,69,0,0.0,3,4.0,15.0,398.0,2,0,Regular,0.0
3592,116,1,263.01,12,4.166666666666667,18.0,684.1666666666666,5,3,New Customer,4.6301000000000005
3593,9,3,3994.54,7,3.8,8.8,669.0,4,2,VIP,45.9454
3594,9,1,839.79,5,3.6666666666666665,14.0,1010.0,2,3,New Customer,10.3979
3595,157,1,544.64,8,4.333333333333333,9.666666666666666,852.3333333333334,2,1,At Risk,7.4464
3596,86,0,0.0,8,4.0,5.75,1230.0,3,0,Regular,0.0
3597,20,2,2591.53,4,4.0,13.5,184.5,2,3,New Customer,29.915300000000002
3598,68,1,940.04,7,4.0,8.75,859.5,2,3,New Customer,11.4004
3599,12,1,187.98,5,4.0,6.666666666666667,767.3333333333334,3,3,New Customer,3.8798
3600,116,2,1794.19,10,4.5,9.5,824.75,3,3,New Customer,21.9419
3601,130,0,0.0,9,4.0,13.666666666666666,673.3333333333334,0,0,Regular,0.0
3602,146,0,0.0,2,4.0,6.0,1527.0,0,0,Regular,0.0
3603,34,0,0.0,6,4.0,15.0,1444.0,2,0,Regular,0.0
3604,231,0,0.0,6,4.0,14.0,895.0,2,4,Lost,0.0
3605,179,1,341.07,5,3.5,14.0,796.0,2,1,At Risk,5.4107
3606,6,0,0.0,9,4.0,10.0,1439.0,1,0,Regular,0.0
3607,35,0,0.0,15,4.0,13.6,824.4,0,0,Regular,0.0
3608,6,1,620.78,21,4.125,14.5,727.5,5,3,New Customer,8.207799999999999
3609,93,2,3116.0299999999997,9,3.3333333333333335,5.666666666666667,1064.0,2,2,VIP,35.16029999999999
3610,236,0,0.0,4,4.0,10.5,517.0,2,4,Lost,0.0
3612,92,0,0.0,7,4.0,5.0,339.5,2,0,Regular,0.0
3613,311,2,5662.04,6,4.5,9.5,913.0,2,1,At Risk,60.6204
3614,151,0,0.0,7,4.0,20.0,716.5,1,4,Lost,0.0
3616,204,0,0.0,6,4.0,23.5,872.5,1,4,Lost,0.0
3617,118,1,2846.45,9,4.0,7.0,670.0,2,3,New Customer,30.464499999999997
3618,79,0,0.0,10,4.0,10.6,865.0,3,0,Regular,0.0
3619,5,2,3243.06,14,3.6666666666666665,12.0,883.3333333333334,4,2,VIP,36.4306
3620,145,0,0.0,3,4.0,14.0,1016.0,1,0,Regular,0.0
3621,108,2,6670.0,11,3.75,18.5,927.75,2,2,VIP,70.7
3622,7,1,224.89,13,3.8,11.8,1095.6,3,3,New Customer,4.2489
3623,69,1,3065.9,3,4.0,18.5,711.5,2,3,New Customer,32.659000000000006
3624,211,1,168.82,3,4.0,6.5,283.5,2,1,At Risk,3.6882
3625,111,0,0.0,8,4.0,7.333333333333333,617.6666666666666,1,0,Regular,0.0
3626,48,1,1101.24,7,4.5,15.5,826.0,2,3,New Customer,13.0124
3627,81,1,4768.74,6,4.0,6.5,1186.5,2,2,VIP,49.6874
3628,309,0,0.0,6,4.0,12.0,1099.0,2,4,Lost,0.0
3629,267,1,4764.84,7,4.0,19.0,1033.5,2,1,At Risk,49.6484
3630,18,2,9547.78,21,4.166666666666667,6.0,670.8333333333334,4,2,VIP,99.4778
3631,7,0,0.0,12,4.0,6.25,453.5,3,0,Regular,0.0
3632,123,1,1977.56,8,4.25,4.75,886.5,3,3,New Customer,21.7756
3633,255,0,0.0,10,4.0,19.333333333333332,690.3333333333334,0,4,Lost,0.0
3634,74,1,317.66,4,4.5,8.0,234.5,2,3,New Customer,5.1766000000000005
3635,87,1,1303.14,12,4.0,16.25,739.0,4,3,New Customer,15.031400000000001
3636,277,0,0.0,5,4.0,15.0,873.0,1,4,Lost,0.0
3637,59,0,0.0,10,4.0,16.333333333333332,924.0,1,0,Regular,0.0
3638,18,3,9572.16,17,4.0,6.333333333333333,1163.8333333333333,5,2,VIP,101.7216
3639,100,2,6934.1900000000005,8,3.3333333333333335,9.0,1133.3333333333333,3,2,VIP,73.34190000000001
3640,14,1,640.66,6,4.0,14.0,1063.0,2,3,New Customer,8.406600000000001
3641,10,0,0.0,4,4.0,11.0,350.5,0,0,Regular,0.0
3642,130,2,3481.49,13,3.6,9.6,1322.2,4,2,VIP,38.814899999999994
3643,64,0,0.0,10,4.0,13.333333333333334,1090.3333333333333,1,0,Regular,0.0
3644,287,0,0.0,3,4.0,10.0,1589.0,0,4,Lost,0.0
3645,7,2,11806.82,13,3.5,10.5,1150.25,3,2,VIP,122.06819999999999
3646,18,0,0.0,11,4.0,10.25,1067.5,2,0,Regular,0.0
3647,123,1,1677.22,5,2.5,13.0,806.0,1,3,New Customer,18.7722
3648,9,0,0.0,7,4.0,9.25,860.25,3,0,Regular,0.0
3649,75,1,3040.89,8,4.0,10.0,767.0,2,3,New Customer,32.4089
3650,52,0,0.0,5,4.0,12.0,1037.0,3,0,Regular,0.0
3651,41,1,317.03,5,3.0,8.0,1092.5,2,3,New Customer,5.170299999999999
3652,80,0,0.0,6,4.0,14.666666666666666,868.6666666666666,2,0,Regular,0.0
3653,24,0,0.0,6,4.0,9.333333333333334,1269.6666666666667,3,0,Regular,0.0
3654,28,1,3644.12,9,3.75,13.5,455.25,4,3,New Customer,38.4412
3655,155,0,0.0,11,4.0,12.0,462.5,4,4,Lost,0.0
3656,69,2,2618.1800000000003,10,4.0,6.0,1047.0,3,3,New Customer,30.181800000000003
3657,39,1,2605.69,11,3.25,11.5,848.25,2,3,New Customer,28.0569
3658,155,3,4867.0,7,3.75,16.5,450.5,3,2,VIP,54.67
3659,204,0,0.0,6,4.0,13.0,1160.0,2,4,Lost,0.0
3660,5,1,747.12,10,3.6666666666666665,14.333333333333334,659.0,2,3,New Customer,9.4712
3661,62,1,947.05,4,4.5,6.0,730.5,1,3,New Customer,11.4705
3662,31,1,6559.04,7,4.333333333333333,11.333333333333334,752.6666666666666,2,2,VIP,67.5904
3663,14,0,0.0,2,4.0,19.0,1680.0,1,0,Regular,0.0
3664,162,0,0.0,10,4.0,11.25,817.75,2,4,Lost,0.0
3665,189,2,7405.12,6,2.0,7.5,732.0,2,2,VIP,78.0512
3666,14,2,1620.78,10,4.0,15.2,969.6,3,3,New Customer,20.2078
3667,54,1,1210.41,11,4.0,14.75,622.75,2,3,New Customer,14.1041
3668,276,0,0.0,1,4.0,8.0,822.0,1,4,Lost,0.0
3669,233,1,962.27,7,4.5,17.5,1211.5,2,1,At Risk,11.6227
3671,112,0,0.0,9,4.0,12.25,617.0,3,0,Regular,0.0
3672,49,1,559.71,9,4.25,12.75,955.25,3,3,New Customer,7.5971
3673,15,0,0.0,2,4.0,5.0,541.0,0,0,Regular,0.0
3675,91,0,0.0,4,4.0,13.333333333333334,1085.6666666666667,2,0,Regular,0.0
3676,250,1,1690.0,4,4.0,9.5,1120.0,2,1,At Risk,18.9
3677,328,0,0.0,5,4.0,17.0,666.5,0,4,Lost,0.0
3678,126,0,0.0,7,4.0,13.333333333333334,683.3333333333334,0,0,Regular,0.0
3679,37,0,0.0,5,4.0,23.0,1072.5,1,0,Regular,0.0
3680,12,2,3406.58,10,3.6666666666666665,14.666666666666666,1219.0,5,2,VIP,38.065799999999996
3681,127,1,3297.92,10,3.6666666666666665,8.0,517.6666666666666,2,1,At Risk,34.9792
3682,16,1,2922.6,12,4.2,10.2,246.0,3,3,New Customer,31.226
3683,164,0,0.0,6,4.0,11.5,1180.0,1,4,Lost,0.0
3684,65,0,0.0,5,4.0,6.5,371.5,0,0,Regular,0.0
3685,79,0,0.0,5,4.0,6.0,767.5,1,0,Regular,0.0
3686,76,1,1174.43,7,4.0,21.0,886.0,2,3,New Customer,13.7443
3687,113,0,0.0,4,4.0,10.0,989.5,2,0,Regular,0.0
3688,42,1,504.6,13,4.0,10.333333333333334,790.6666666666666,4,3,New Customer,7.046
3690,203,1,5307.62,10,4.0,16.666666666666668,1090.0,2,1,At Risk,55.0762
3691,36,2,1492.97,4,4.0,21.333333333333332,1102.6666666666667,3,3,New Customer,18.9297
3692,90,0,0.0,8,4.0,12.666666666666666,949.0,1,0,Regular,0.0
3693,55,1,3024.68,7,3.6666666666666665,8.666666666666666,640.0,2,3,New Customer,32.24679999999999
3694,159,0,0.0,16,4.0,13.857142857142858,708.8571428571429,2,4,Lost,0.0
3695,17,0,0.0,12,4.0,10.8,488.6,2,0,Regular,0.0
3696,66,0,0.0,11,4.0,13.5,1228.5,3,0,Regular,0.0
3697,49,1,2325.48,15,3.8333333333333335,13.333333333333334,718.3333333333334,4,3,New Customer,25.2548
3698,12,0,0.0,6,4.0,23.0,1104.5,1,0,Regular,0.0
3699,78,1,318.05,12,3.5,16.25,932.75,3,3,New Customer,5.1805
3701,89,1,542.49,12,4.0,11.25,1177.75,4,3,New Customer,7.4249
3702,158,0,0.0,4,4.0,12.0,470.0,0,4,Lost,0.0
3703,283,0,0.0,2,4.0,23.0,1661.0,0,4,Lost,0.0
3705,135,1,232.75,5,4.333333333333333,11.333333333333334,1076.6666666666667,3,3,New Customer,4.327500000000001
3706,63,1,1081.96,9,3.0,12.333333333333334,877.0,3,3,New Customer,12.819600000000001
3707,100,0,0.0,9,4.0,2.6666666666666665,366.6666666666667,3,0,Regular,0.0
3708,231,0,0.0,5,4.0,7.5,1267.5,1,4,Lost,0.0
3710,135,0,0.0,6,4.0,11.5,1219.5,0,0,Regular,0.0
3711,84,1,202.3,26,4.0,12.555555555555555,898.5555555555555,6,3,New Customer,4.023
3712,264,0,0.0,6,4.0,12.5,592.5,2,4,Lost,0.0
3713,72,1,1173.89,11,3.8,10.0,896.2,3,3,New Customer,13.738900000000001
3714,251,0,0.0,13,4.0,13.5,704.0,2,4,Lost,0.0
3715,36,2,5040.16,20,4.0,16.428571428571427,795.1428571428571,4,2,VIP,54.4016
3716,58,1,1167.95,6,4.333333333333333,7.0,453.0,1,3,New Customer,13.6795
3717,45,1,701.42,8,4.0,12.0,1020.25,2,3,New Customer,9.014199999999999
3718,43,2,1744.21,8,4.333333333333333,18.0,892.3333333333334,3,3,New Customer,21.4421
3719,113,0,0.0,4,4.0,12.0,491.5,1,0,Regular,0.0
3720,54,2,3747.54,10,4.666666666666667,15.666666666666666,1172.6666666666667,3,2,VIP,41.4754
3721,89,0,0.0,2,4.0,3.0,979.0,0,0,Regular,0.0
3722,52,1,3429.88,9,3.5,13.75,370.5,3,3,New Customer,36.2988
3723,39,0,0.0,8,4.0,19.0,1078.5,2,0,Regular,0.0
3724,58,0,0.0,8,4.0,18.0,1264.6666666666667,3,0,Regular,0.0
3725,206,1,676.94,2,5.0,2.0,21.0,1,1,At Risk,8.769400000000001
3726,17,1,6909.44,12,4.25,16.0,727.5,2,2,VIP,71.0944
3727,188,1,2799.69,6,4.0,11.5,1141.5,2,1,At Risk,29.9969
3728,114,1,254.29,4,4.333333333333333,10.666666666666666,1697.0,2,3,New Customer,4.5428999999999995
3729,39,0,0.0,9,4.0,3.0,662.0,1,0,Regular,0.0
3730,1,0,0.0,4,4.0,7.333333333333333,694.0,1,0,Regular,0.0
3731,52,0,0.0,6,4.0,14.0,847.5,0,0,Regular,0.0
3732,15,1,1229.92,12,4.0,9.0,1156.25,4,3,New Customer,14.2992
3733,224,1,807.14,2,4.5,18.0,1516.0,2,1,At Risk,10.0714
3735,122,1,110.17,8,3.25,10.5,1051.25,2,3,New Customer,3.1017
3736,5,0,0.0,10,4.0,10.25,813.75,2,0,Regular,0.0
3737,16,0,0.0,1,4.0,9.0,103.0,0,0,Regular,0.0
3738,130,0,0.0,2,4.0,18.0,1299.0,0,0,Regular,0.0
3739,276,0,0.0,2,4.0,2.0,195.0,0,4,Lost,0.0
3740,286,0,0.0,2,4.0,13.0,874.0,0,4,Lost,0.0
3741,26,3,6094.389999999999,11,4.75,15.25,940.5,3,2,VIP,66.94389999999999
3742,25,1,1125.14,5,4.0,20.5,514.0,2,3,New Customer,13.2514
3743,123,0,0.0,6,4.0,11.333333333333334,779.6666666666666,3,0,Regular,0.0
3744,100,0,0.0,8,4.0,15.333333333333334,608.3333333333334,2,0,Regular,0.0
3745,58,1,896.08,12,4.0,8.25,604.5,2,3,New Customer,10.9608
3746,75,2,9284.9,9,3.3333333333333335,13.333333333333334,1158.3333333333333,2,2,VIP,96.84899999999999
3747,143,0,0.0,2,4.0,10.0,785.0,1,0,Regular,0.0
3748,38,0,0.0,6,4.0,17.0,720.5,1,0,Regular,0.0
3749,47,0,0.0,7,4.0,20.0,734.5,1,0,Regular,0.0
3750,84,1,650.18,10,4.333333333333333,13.666666666666666,1243.3333333333333,3,3,New Customer,8.5018
3751,59,1,2637.54,3,4.0,16.0,1647.0,1,3,New Customer,28.3754
3752,72,2,3028.48,8,2.5,16.0,811.5,4,3,New Customer,34.284800000000004
3753,10,1,569.7,9,4.0,9.75,280.0,3,3,New Customer,7.697
3754,37,1,623.83,5,4.25,9.5,855.75,2,3,New Customer,8.2383
3756,147,0,0.0,6,4.0,7.0,1387.6666666666667,1,0,Regular,0.0
3757,227,0,0.0,2,4.0,18.5,240.5,0,4,Lost,0.0
3758,102,0,0.0,7,4.0,3.0,797.5,1,0,Regular,0.0
3759,191,0,0.0,7,4.0,12.0,991.0,1,4,Lost,0.0
3760,111,0,0.0,8,4.0,9.8,1483.8,3,0,Regular,0.0
3761,0,2,2952.99,10,4.0,9.4,504.6,4,3,New Customer,33.5299
3762,67,0,0.0,13,4.0,17.25,611.25,4,0,Regular,0.0
3763,60,1,915.39,6,4.0,13.0,934.6666666666666,2,3,New Customer,11.1539
3764,26,0,0.0,8,4.0,13.5,515.0,2,0,Regular,0.0
3765,37,2,2730.73,9,4.666666666666667,10.666666666666666,431.6666666666667,2,3,New Customer,31.3073
3766,317,0,0.0,2,4.0,1.0,1435.0,1,4,Lost,0.0
3767,185,3,7697.549999999999,10,3.6666666666666665,12.666666666666666,1000.6666666666666,3,2,VIP,82.9755
3768,22,1,2236.3,15,3.8333333333333335,14.333333333333334,935.1666666666666,5,3,New Customer,24.363000000000003
3769,44,2,1289.6499999999999,14,3.25,8.5,870.25,2,3,New Customer,16.896499999999996
3770,80,0,0.0,4,4.0,15.5,372.5,1,0,Regular,0.0
3771,246,0,0.0,2,4.0,9.5,821.5,0,4,Lost,0.0
3772,3,1,674.32,13,3.5,6.25,1168.0,2,3,New Customer,8.743200000000002
3773,174,1,437.63,1,4.0,15.0,1719.0,1,1,At Risk,6.3763
3774,222,1,2699.41,4,3.5,16.0,543.0,1,1,At Risk,28.9941
3775,109,2,4084.83,8,4.4,8.0,922.2,4,2,VIP,44.8483
3776,100,0,0.0,2,4.0,15.5,1082.0,1,0,Regular,0.0
3777,176,2,3038.35,14,3.25,4.5,1332.5,2,1,At Risk,34.3835
3778,341,0,0.0,4,4.0,10.0,1109.0,1,4,Lost,0.0
3779,74,1,2386.57,5,3.6666666666666665,8.333333333333334,972.3333333333334,1,3,New Customer,25.8657
3780,13,0,0.0,5,4.0,6.0,1310.0,1,0,Regular,0.0
3781,9,0,0.0,3,4.0,11.0,610.0,0,0,Regular,0.0
3782,141,0,0.0,4,4.0,11.5,983.5,1,0,Regular,0.0
3783,46,1,604.38,4,4.5,17.5,935.0,1,3,New Customer,8.043800000000001
3784,85,2,1658.4,12,4.0,18.0,1337.5,4,3,New Customer,20.584
3785,17,0,0.0,7,4.0,15.75,879.75,2,0,Regular,0.0
3786,69,0,0.0,6,4.0,10.0,745.3333333333334,2,0,Regular,0.0
3787,247,0,0.0,4,4.0,10.0,1272.0,1,4,Lost,0.0
3788,143,1,929.44,6,4.0,18.0,485.5,1,1,At Risk,11.294400000000001
3789,37,0,0.0,13,4.0,13.833333333333334,932.5,2,0,Regular,0.0
3790,234,1,1459.87,6,4.333333333333333,7.333333333333333,1170.3333333333333,3,1,At Risk,16.5987
3791,171,0,0.0,3,4.0,24.0,88.0,1,4,Lost,0.0
3792,167,2,3030.7200000000003,8,4.666666666666667,13.333333333333334,1211.6666666666667,2,1,At Risk,34.3072
3793,5,3,3480.98,9,4.2,12.0,748.6,3,2,VIP,40.8098
3794,62,0,0.0,3,4.0,17.5,900.0,1,0,Regular,0.0
3795,179,0,0.0,4,4.0,8.5,592.5,1,4,Lost,0.0
3796,306,1,2238.27,3,3.5,19.5,1063.5,2,1,At Risk,24.3827
3797,116,0,0.0,4,4.0,13.0,1446.0,1,0,Regular,0.0
3798,158,1,205.98,15,4.0,12.0,725.0,4,1,At Risk,4.0598
3799,57,2,6810.64,16,3.4,14.6,651.6,3,2,VIP,72.10640000000001
3800,42,0,0.0,8,4.0,13.666666666666666,872.6666666666666,1,0,Regular,0.0
3801,314,1,821.75,7,3.3333333333333335,16.0,1457.3333333333333,2,1,At Risk,10.2175
3802,7,1,2927.54,8,3.75,13.5,1183.5,3,3,New Customer,31.2754
3803,141,2,3018.73,5,4.0,13.5,1221.5,2,1,At Risk,34.1873
3804,197,1,1918.85,4,3.5,8.0,620.0,2,1,At Risk,21.188499999999998
3805,248,0,0.0,2,4.0,23.0,287.0,0,4,Lost,0.0
3806,7,2,3081.5,9,3.3333333333333335,6.0,592.0,2,3,New Customer,34.815
3808,7,0,0.0,15,4.0,17.8,969.6,1,0,Regular,0.0
3809,18,0,0.0,5,4.0,3.0,471.5,2,0,Regular,0.0
3810,165,0,0.0,3,4.0,18.0,1543.5,1,4,Lost,0.0
3811,41,0,0.0,7,4.0,13.5,510.75,0,0,Regular,0.0
3812,125,2,2872.67,5,4.0,10.0,641.5,2,3,New Customer,32.7267
3813,26,1,744.09,10,4.25,12.25,802.5,3,3,New Customer,9.4409
3815,119,0,0.0,10,4.0,15.0,908.3333333333334,2,0,Regular,0.0
3816,145,1,3193.45,11,4.333333333333333,12.333333333333334,964.3333333333334,1,1,At Risk,33.9345
3817,190,0,0.0,7,4.0,13.0,966.3333333333334,3,4,Lost,0.0
3818,43,1,3395.26,7,4.5,16.5,504.0,2,3,New Customer,35.952600000000004
3819,132,0,0.0,7,4.0,2.5,494.5,1,0,Regular,0.0
3821,47,2,2830.43,10,4.333333333333333,14.0,906.0,2,3,New Customer,32.3043
3822,27,1,505.58,9,3.3333333333333335,8.666666666666666,851.3333333333334,1,3,New Customer,7.0558
3823,71,1,2194.52,5,4.0,18.0,1022.0,2,3,New Customer,23.9452
3824,48,3,3904.47,12,3.8,10.0,690.8,5,2,VIP,45.0447
3825,54,0,0.0,4,4.0,12.0,858.0,1,0,Regular,0.0
3826,16,0,0.0,6,4.0,16.5,976.5,1,0,Regular,0.0
3827,46,3,6372.849999999999,11,3.8,11.8,1057.8,4,2,VIP,69.7285
3828,237,1,950.18,8,2.5,4.0,875.5,1,1,At Risk,11.5018
3829,82,1,564.28,9,4.0,13.25,667.5,2,3,New Customer,7.642799999999999
3830,21,1,1358.58,5,4.333333333333333,16.333333333333332,725.0,3,3,New Customer,15.585799999999999
3831,11,1,7265.12,18,4.0,15.666666666666666,1175.6666666666667,4,2,VIP,74.6512
3832,130,1,6699.59,8,4.333333333333333,18.333333333333332,1062.3333333333333,1,2,VIP,68.9959
3833,67,1,5109.3,7,3.5,8.0,344.5,2,2,VIP,53.093
3834,68,1,968.5,4,4.0,13.5,373.5,1,3,New Customer,11.685
3835,121,1,3122.06,3,4.0,2.0,13.0,1,3,New Customer,33.220600000000005
3836,41,0,0.0,6,4.0,13.0,124.66666666666667,1,0,Regular,0.0
3838,191,0,0.0,4,4.0,11.0,898.5,1,4,Lost,0.0
3839,102,1,903.92,8,4.333333333333333,11.333333333333334,613.0,2,3,New Customer,11.0392
3840,41,0,0.0,8,4.0,6.25,642.25,3,0,Regular,0.0
3841,202,0,0.0,5,4.0,23.5,1086.5,1,4,Lost,0.0
3842,361,0,0.0,3,4.0,13.0,1191.0,0,4,Lost,0.0
3843,265,0,0.0,7,4.0,14.5,456.0,2,4,Lost,0.0
3844,52,1,2859.8,8,4.0,15.666666666666666,850.6666666666666,3,3,New Customer,30.598000000000003
3845,33,2,2819.12,15,4.0,9.8,522.2,4,3,New Customer,32.191199999999995
3846,95,1,1652.19,7,3.6666666666666665,14.666666666666666,217.33333333333334,1,3,New Customer,18.521900000000002
3847,86,1,4909.18,6,3.0,13.5,1301.0,2,2,VIP,51.091800000000006
3848,115,2,5083.42,14,4.2,18.4,764.2,5,2,VIP,54.8342
3849,171,1,2315.04,5,4.5,16.5,1014.5,2,1,At Risk,25.1504
3850,120,1,3675.3,3,4.5,18.5,788.0,1,3,New Customer,38.753
3851,166,1,2101.57,8,4.333333333333333,14.666666666666666,1476.0,2,1,At Risk,23.015700000000002
3852,183,1,1110.02,5,4.0,18.0,1245.0,2,1,At Risk,13.1002
3853,14,0,0.0,16,4.0,9.714285714285714,669.2857142857143,3,0,Regular,0.0
3854,26,1,652.25,8,4.0,12.0,1116.5,3,3,New Customer,8.5225
3855,126,0,0.0,11,4.0,7.0,1184.0,1,0,Regular,0.0
3856,86,0,0.0,2,4.0,21.0,661.0,0,0,Regular,0.0
3857,1,1,2698.49,6,4.333333333333333,9.333333333333334,427.6666666666667,3,3,New Customer,28.984899999999996
3858,125,1,1594.4,8,3.6666666666666665,8.0,764.3333333333334,1,3,New Customer,17.944000000000003
3859,60,0,0.0,9,4.0,9.0,1155.5,3,0,Regular,0.0
3860,175,1,2441.37,10,4.0,12.666666666666666,299.3333333333333,1,1,At Risk,26.4137
3861,137,1,470.39,4,4.0,19.0,397.5,1,3,New Customer,6.7039
3862,150,1,3433.82,4,4.333333333333333,9.0,907.0,2,1,At Risk,36.3382
3863,193,1,244.54,8,3.3333333333333335,10.666666666666666,559.0,2,1,At Risk,4.445399999999999
3864,286,0,0.0,2,4.0,6.0,736.0,0,4,Lost,0.0
3865,11,0,0.0,6,4.0,12.0,1272.3333333333333,1,0,Regular,0.0
3866,98,0,0.0,3,4.0,23.0,810.0,0,0,Regular,0.0
3867,328,0,0.0,4,4.0,1.0,1515.0,1,4,Lost,0.0
3868,70,0,0.0,7,4.0,6.0,1353.0,2,0,Regular,0.0
3869,76,0,0.0,14,4.0,9.0,1220.1666666666667,4,0,Regular,0.0
3870,142,1,6415.09,7,4.0,9.666666666666666,777.6666666666666,3,2,VIP,66.15090000000001
3871,93,0,0.0,3,4.0,12.5,710.5,0,0,Regular,0.0
3872,79,1,3073.8,5,4.0,9.0,669.5,1,3,New Customer,32.738
3873,55,0,0.0,6,4.0,11.0,1052.6666666666667,2,0,Regular,0.0
3874,45,1,1674.7,18,4.142857142857143,15.857142857142858,1132.7142857142858,5,3,New Customer,18.747
3875,93,0,0.0,7,4.0,17.5,1032.5,2,0,Regular,0.0
3876,124,1,4145.45,10,4.0,9.5,500.5,3,1,At Risk,43.454499999999996
3877,1,0,0.0,5,4.0,13.0,1365.0,1,0,Regular,0.0
3878,52,0,0.0,8,4.0,12.333333333333334,1189.6666666666667,1,0,Regular,0.0
3879,91,0,0.0,1,4.0,19.0,1335.0,1,0,Regular,0.0
3880,315,1,461.33,4,4.5,15.0,508.0,1,1,At Risk,6.6133
3881,106,1,4236.88,12,4.0,12.5,692.5,3,3,New Customer,44.3688
3883,43,2,4394.8,20,4.0,6.333333333333333,626.6666666666666,4,2,VIP,47.948
3884,25,1,4545.56,11,4.0,8.25,912.0,4,2,VIP,47.455600000000004
3885,101,1,3134.36,9,3.75,9.75,666.75,2,3,New Customer,33.3436
3886,132,1,2776.48,7,3.6666666666666665,7.0,653.0,2,1,At Risk,29.7648
3887,96,1,4259.91,10,3.5,11.5,764.0,4,3,New Customer,44.5991
3888,124,2,1600.38,9,4.25,7.0,871.25,3,3,New Customer,20.003800000000002
3889,230,1,1150.2,8,4.5,16.0,1590.5,2,1,At Risk,13.502
3890,99,1,3330.18,11,4.0,7.5,535.75,1,3,New Customer,35.3018
3891,17,1,1779.52,8,4.333333333333333,11.333333333333334,823.6666666666666,3,3,New Customer,19.7952
3892,72,2,2469.43,10,4.25,11.0,792.75,2,3,New Customer,28.6943
3893,8,1,413.16,22,4.111111111111111,15.222222222222221,791.3333333333334,2,3,New Customer,6.131600000000001
3894,218,1,4068.51,8,3.6666666666666665,8.666666666666666,1038.3333333333333,2,1,At Risk,42.685100000000006
3895,317,0,0.0,3,4.0,3.0,1534.0,0,4,Lost,0.0
3896,29,0,0.0,9,4.0,19.0,1115.3333333333333,2,0,Regular,0.0
3897,12,2,1052.3000000000002,11,4.2,11.8,927.6,3,3,New Customer,14.523000000000001
3898,44,0,0.0,7,4.0,9.333333333333334,1342.6666666666667,1,0,Regular,0.0
3899,62,0,0.0,1,4.0,4.0,83.0,0,0,Regular,0.0
3900,120,0,0.0,14,4.0,6.0,1128.6,3,0,Regular,0.0
3901,129,0,0.0,10,4.0,11.333333333333334,596.0,1,0,Regular,0.0
3902,233,0,0.0,8,4.0,6.75,776.25,2,4,Lost,0.0
3903,114,0,0.0,1,4.0,3.0,310.0,0,0,Regular,0.0
3904,59,0,0.0,2,4.0,20.0,692.0,2,0,Regular,0.0
3906,61,0,0.0,6,4.0,14.5,899.0,1,0,Regular,0.0
3907,144,2,2540.27,11,4.25,12.75,590.5,4,1,At Risk,29.4027
3908,228,1,1345.32,1,4.0,20.0,624.0,1,1,At Risk,15.453199999999999
3909,110,1,3640.35,6,3.5,14.0,462.5,2,3,New Customer,38.4035
3910,171,2,2581.38,8,3.3333333333333335,6.0,572.3333333333334,3,1,At Risk,29.8138
3911,121,0,0.0,4,4.0,14.5,1285.5,1,0,Regular,0.0
3912,106,0,0.0,3,4.0,7.0,1022.0,1,0,Regular,0.0
3913,170,0,0.0,7,4.0,11.0,749.6666666666666,2,4,Lost,0.0
3914,140,1,4176.51,5,4.5,15.0,1557.0,2,1,At Risk,43.765100000000004
3915,113,1,1288.01,10,4.333333333333333,11.333333333333334,1068.6666666666667,3,3,New Customer,14.8801
3916,201,1,2369.47,10,4.0,4.25,981.25,3,1,At Risk,25.694699999999997
3917,331,0,0.0,1,4.0,9.0,553.0,1,4,Lost,0.0
3918,14,1,1907.28,4,5.0,14.0,663.0,1,3,New Customer,21.0728
3919,1,0,0.0,4,4.0,14.5,1183.5,2,0,Regular,0.0
3920,128,1,1047.76,4,2.0,18.0,1099.0,1,3,New Customer,12.4776
3921,97,1,1324.54,9,4.0,6.666666666666667,468.0,3,3,New Customer,15.2454
3922,148,1,1124.12,6,4.0,4.666666666666667,1152.0,1,1,At Risk,13.2412
3923,53,1,318.92,12,3.8,11.2,772.0,3,3,New Customer,5.1892
3924,7,2,2837.02,7,3.6666666666666665,19.0,1274.0,3,3,New Customer,32.3702
3925,141,0,0.0,8,4.0,9.0,596.6666666666666,1,0,Regular,0.0
3926,125,0,0.0,5,4.0,19.0,1115.5,2,0,Regular,0.0
3927,64,2,8560.119999999999,10,4.333333333333333,17.0,776.0,2,2,VIP,89.60119999999999
3928,268,1,490.16,1,5.0,2.0,1651.0,1,1,At Risk,6.9016
3929,246,0,0.0,4,4.0,19.0,463.0,1,4,Lost,0.0
3930,115,1,1088.14,4,4.0,11.5,483.5,1,3,New Customer,12.881400000000001
3931,18,1,1234.71,6,4.0,15.333333333333334,884.3333333333334,2,3,New Customer,14.347100000000001
3932,227,0,0.0,4,4.0,7.0,1035.5,0,4,Lost,0.0
3933,20,1,1443.76,13,3.75,10.5,983.75,3,3,New Customer,16.4376
3934,136,3,5505.83,11,4.5,8.0,625.25,4,2,VIP,61.0583
3935,113,1,6430.12,14,4.166666666666667,17.0,808.6666666666666,3,2,VIP,66.3012
3936,38,2,1458.47,6,3.5,18.0,745.5,2,3,New Customer,18.584699999999998
3937,211,1,464.54,4,4.0,7.0,1143.5,1,1,At Risk,6.6454
3938,37,1,3931.06,15,4.166666666666667,17.0,899.8333333333334,4,3,New Customer,41.3106
3939,113,1,4369.58,4,1.0,11.0,1312.0,1,2,VIP,45.6958
3940,314,0,0.0,3,4.0,4.0,1643.0,1,4,Lost,0.0
3941,23,1,1630.36,12,3.4,13.6,1320.6,4,3,New Customer,18.3036
3942,6,1,730.25,13,4.0,20.6,619.6,4,3,New Customer,9.3025
3943,53,1,1311.95,8,4.333333333333333,15.666666666666666,1416.3333333333333,3,3,New Customer,15.1195
3944,120,1,683.05,8,4.0,12.25,877.25,4,3,New Customer,8.8305
3945,283,1,427.77,5,2.5,12.0,572.5,2,1,At Risk,6.277699999999999
3946,151,0,0.0,12,4.0,14.5,569.5,4,4,Lost,0.0
3947,171,1,543.58,4,3.0,17.0,1259.5,2,1,At Risk,7.4358
3948,204,1,2062.9,2,4.0,20.0,284.0,1,1,At Risk,22.629
3949,214,0,0.0,5,4.0,8.666666666666666,1072.3333333333333,1,4,Lost,0.0
3950,33,2,9031.64,15,4.0,6.6,726.2,3,2,VIP,94.31639999999999
3951,283,0,0.0,2,4.0,24.0,399.0,1,4,Lost,0.0
3952,9,0,0.0,15,4.0,15.142857142857142,653.2857142857143,4,0,Regular,0.0
3953,19,0,0.0,6,4.0,8.0,1026.3333333333333,1,0,Regular,0.0
3954,258,0,0.0,4,4.0,11.0,763.3333333333334,2,4,Lost,0.0
3955,268,0,0.0,2,4.0,8.5,1120.5,1,4,Lost,0.0
3956,207,1,378.45,5,4.5,13.5,975.5,1,1,At Risk,5.7844999999999995
3957,43,0,0.0,2,4.0,8.0,1498.5,0,0,Regular,0.0
3958,35,0,0.0,7,4.0,14.333333333333334,1093.0,1,0,Regular,0.0
3959,97,0,0.0,3,4.0,13.0,784.5,0,0,Regular,0.0
3960,210,0,0.0,8,4.0,12.0,991.0,1,4,Lost,0.0
3961,61,1,862.45,6,3.5,8.0,651.0,2,3,New Customer,10.624500000000001
3962,43,2,3816.76,11,3.6,11.6,946.4,5,2,VIP,42.1676
3963,278,0,0.0,1,4.0,21.0,1566.0,0,4,Lost,0.0
3964,185,1,404.17,3,4.0,5.5,1342.0,1,1,At Risk,6.0417000000000005
3965,197,0,0.0,1,4.0,23.0,87.0,0,4,Lost,0.0
3966,143,2,4789.88,9,4.333333333333333,12.333333333333334,920.0,2,2,VIP,51.8988
3967,71,1,680.25,15,4.2,7.6,1030.4,4,3,New Customer,8.8025
3968,129,1,199.8,14,4.0,9.5,763.25,1,3,New Customer,3.998
3969,73,0,0.0,9,4.0,8.0,1163.0,2,0,Regular,0.0
3970,29,1,1755.35,5,4.0,17.0,366.0,1,3,New Customer,19.5535
3971,141,0,0.0,11,4.0,14.5,656.1666666666666,1,0,Regular,0.0
3972,329,0,0.0,4,4.0,8.0,981.0,0,4,Lost,0.0
3973,58,2,1321.01,11,4.166666666666667,15.166666666666666,911.8333333333334,4,3,New Customer,17.2101
3975,110,1,1413.24,9,3.5,9.25,753.5,2,3,New Customer,16.1324
3976,195,2,6368.5599999999995,11,3.5,15.25,739.0,4,2,VIP,67.6856
3977,20,0,0.0,2,4.0,14.0,876.5,1,0,Regular,0.0
3978,12,1,1462.08,9,4.25,8.5,987.5,3,3,New Customer,16.6208
3979,95,1,1357.1,3,2.0,19.0,192.0,1,3,New Customer,15.571
3980,206,2,5666.77,11,3.4,13.0,542.0,4,2,VIP,60.6677
3981,17,0,0.0,8,4.0,19.5,405.5,1,0,Regular,0.0
3982,51,1,2393.76,8,4.0,12.0,1057.3333333333333,2,3,New Customer,25.937600000000003
3983,159,0,0.0,5,4.0,14.0,667.0,3,4,Lost,0.0
3985,122,1,2319.93,16,3.6,15.2,573.0,4,3,New Customer,25.199299999999997
3986,137,0,0.0,5,4.0,13.5,532.5,1,0,Regular,0.0
3988,46,2,4183.2,14,3.75,10.0,1262.75,4,2,VIP,45.832
3989,88,2,4387.52,12,4.166666666666667,14.0,636.0,3,2,VIP,47.87520000000001
3990,10,1,911.58,2,1.0,23.0,1752.0,1,3,New Customer,11.1158
3991,141,1,2342.56,10,3.75,9.0,558.75,4,1,At Risk,25.4256
3992,2,1,337.88,8,4.0,22.333333333333332,758.6666666666666,3,3,New Customer,5.3788
3994,355,0,0.0,1,4.0,19.0,1414.0,1,4,Lost,0.0
3995,34,0,0.0,14,4.0,12.8,728.6,3,0,Regular,0.0
3997,13,0,0.0,9,4.0,9.75,940.0,2,0,Regular,0.0
3998,180,0,0.0,3,4.0,11.0,1735.0,1,4,Lost,0.0
3999,23,1,2157.54,18,4.0,7.166666666666667,592.1666666666666,2,3,New Customer,23.5754
4000,16,0,0.0,4,4.0,17.0,814.0,0,0,Regular,0.0
4001,347,0,0.0,3,4.0,2.0,1546.0,0,4,Lost,0.0
4002,71,0,0.0,14,4.0,11.333333333333334,1006.8333333333334,3,0,Regular,0.0
4003,336,1,899.28,4,2.0,21.0,357.0,1,1,At Risk,10.992799999999999
4004,185,3,11708.76,11,3.25,4.75,1251.5,4,2,VIP,123.08760000000001
4006,65,0,0.0,13,4.0,8.0,695.0,3,0,Regular,0.0
4007,61,1,2343.08,15,4.166666666666667,12.833333333333334,990.8333333333334,3,3,New Customer,25.430799999999998
4008,218,0,0.0,15,4.0,17.0,1208.8,1,4,Lost,0.0
4009,129,1,4003.56,7,3.6666666666666665,11.666666666666666,938.3333333333334,2,1,At Risk,42.0356
4010,6,0,0.0,4,4.0,9.0,608.0,1,0,Regular,0.0
4011,96,0,0.0,2,4.0,8.0,1306.0,0,0,Regular,0.0
4012,273,1,3915.48,4,3.5,14.0,856.0,2,1,At Risk,41.1548
4013,12,2,1972.88,7,4.666666666666667,11.666666666666666,428.3333333333333,2,3,New Customer,23.7288
4015,276,1,1574.48,5,4.0,18.0,1016.5,1,1,At Risk,17.744799999999998
4016,183,0,0.0,3,4.0,20.0,987.0,0,4,Lost,0.0
4017,44,1,1952.4,5,3.5,6.0,1133.0,2,3,New Customer,21.524
4018,95,1,249.86,9,3.75,19.75,1109.75,3,3,New Customer,4.4986
4019,2,3,6437.1900000000005,18,4.166666666666667,11.0,1137.5,4,2,VIP,70.37190000000001
4020,68,0,0.0,11,4.0,13.8,1380.0,3,0,Regular,0.0
4021,335,1,52.83,1,2.0,18.0,1648.0,1,4,Lost,2.5282999999999998
4022,87,0,0.0,3,4.0,7.0,200.0,0,0,Regular,0.0
4023,51,0,0.0,1,4.0,3.0,1475.0,1,0,Regular,0.0
4024,5,1,2207.74,9,3.6666666666666665,18.666666666666668,1094.0,2,3,New Customer,24.077399999999997
4025,222,0,0.0,3,4.0,18.0,798.0,0,4,Lost,0.0
4026,30,2,1639.45,9,3.3333333333333335,9.666666666666666,944.3333333333334,2,3,New Customer,20.3945
4027,1,1,1179.36,10,3.25,10.75,629.0,3,3,New Customer,13.7936
4028,116,2,5048.360000000001,7,3.0,7.5,1003.0,2,2,VIP,54.4836
4029,206,1,1469.52,9,4.25,13.0,888.75,2,1,At Risk,16.6952
4030,89,0,0.0,1,4.0,8.0,455.0,1,0,Regular,0.0
4031,44,0,0.0,12,4.0,6.6,761.0,1,0,Regular,0.0
4032,49,0,0.0,14,4.0,14.428571428571429,1167.5714285714287,2,0,Regular,0.0
4033,22,0,0.0,2,4.0,16.0,961.0,0,0,Regular,0.0
4034,237,1,571.17,4,4.0,20.0,227.0,1,1,At Risk,7.7116999999999996
4035,9,0,0.0,5,4.0,7.5,1368.0,1,0,Regular,0.0
4036,286,0,0.0,2,4.0,11.0,873.0,1,4,Lost,0.0
4037,3,1,664.41,6,4.333333333333333,14.0,562.6666666666666,3,3,New Customer,8.6441
4038,86,0,0.0,3,4.0,11.0,763.0,1,0,Regular,0.0
4040,272,0,0.0,4,4.0,18.0,1359.5,0,4,Lost,0.0
4041,28,0,0.0,12,4.0,12.25,803.25,1,0,Regular,0.0
4042,79,0,0.0,5,4.0,11.0,1094.0,0,0,Regular,0.0
4043,48,1,2557.87,2,1.0,15.0,129.0,1,3,New Customer,27.578699999999998
4044,130,0,0.0,3,4.0,2.5,565.5,1,0,Regular,0.0
4045,123,0,0.0,5,4.0,17.666666666666668,619.6666666666666,2,0,Regular,0.0
4046,14,0,0.0,3,4.0,20.0,743.0,0,0,Regular,0.0
4047,57,0,0.0,15,4.0,13.0,733.8,3,0,Regular,0.0
4049,186,1,1857.63,13,3.5,10.25,454.5,3,1,At Risk,20.5763
4050,52,1,556.25,18,3.625,14.375,698.5,6,3,New Customer,7.5625
4051,60,0,0.0,9,4.0,13.75,970.25,2,0,Regular,0.0
4052,49,1,1791.86,13,4.25,8.0,1141.0,3,3,New Customer,19.918599999999998
4053,45,1,741.15,15,4.0,11.2,779.2,4,3,New Customer,9.4115
4054,75,2,1499.75,9,3.75,14.5,1165.5,3,3,New Customer,18.997500000000002
4055,99,0,0.0,4,4.0,20.0,1062.0,2,0,Regular,0.0
4056,0,1,1388.4,20,3.7142857142857144,14.428571428571429,632.7142857142857,4,3,New Customer,15.884
4057,42,3,1832.0,13,4.25,19.5,576.75,4,2,VIP,24.32
4059,149,2,4818.08,7,3.6666666666666665,13.666666666666666,417.3333333333333,3,2,VIP,52.1808
4060,3,1,1658.27,19,3.6,13.8,766.8,3,3,New Customer,18.5827
4061,129,1,3396.89,9,3.3333333333333335,11.333333333333334,1298.6666666666667,2,1,At Risk,35.9689
4062,60,1,1836.99,15,3.75,12.875,1106.625,7,3,New Customer,20.3699
4063,12,0,0.0,2,4.0,11.0,1368.5,1,0,Regular,0.0
4064,2,0,0.0,7,4.0,17.75,885.0,3,0,Regular,0.0
4065,187,1,1786.8,7,4.333333333333333,14.666666666666666,685.6666666666666,2,1,At Risk,19.868
4066,46,0,0.0,8,4.0,11.666666666666666,529.3333333333334,3,0,Regular,0.0
4067,16,1,3567.62,5,3.3333333333333335,10.666666666666666,1294.0,1,3,New Customer,37.6762
4068,85,0,0.0,2,4.0,6.0,421.0,1,0,Regular,0.0
4069,168,0,0.0,8,4.0,12.333333333333334,584.0,0,4,Lost,0.0
4070,26,1,6676.36,8,4.5,10.5,1383.5,1,2,VIP,68.7636
4071,25,2,2540.1,9,3.3333333333333335,17.0,299.0,2,3,New Customer,29.401
4072,71,1,3269.61,14,3.6666666666666665,14.833333333333334,1483.3333333333333,5,3,New Customer,34.6961
4073,71,0,0.0,12,4.0,5.6,865.4,1,0,Regular,0.0
4074,60,1,1346.17,7,4.0,6.666666666666667,820.3333333333334,2,3,New Customer,15.4617
4075,199,0,0.0,4,4.0,23.0,1141.0,1,4,Lost,0.0
4076,13,0,0.0,8,4.0,13.5,1033.5,0,0,Regular,0.0
4077,47,1,210.68,6,3.75,12.75,1298.5,2,3,New Customer,4.1068
4079,40,2,3955.5099999999998,14,4.0,11.333333333333334,961.6666666666666,3,2,VIP,43.555099999999996
4080,16,1,4065.77,14,3.5,20.25,1014.25,3,3,New Customer,42.6577
4081,60,0,0.0,6,4.0,10.0,851.0,1,0,Regular,0.0
4082,159,0,0.0,7,4.0,18.0,825.0,2,4,Lost,0.0
4083,13,5,8232.84,20,3.7777777777777777,12.333333333333334,889.6666666666666,9,2,VIP,92.3284
4084,59,0,0.0,10,4.0,12.0,694.6666666666666,2,0,Regular,0.0
4085,36,1,3217.4,10,3.6666666666666665,12.333333333333334,648.0,2,3,New Customer,34.174
4086,9,0,0.0,3,4.0,4.0,913.0,0,0,Regular,0.0
4087,21,1,741.99,8,3.75,6.0,723.75,1,3,New Customer,9.4199
4088,78,0,0.0,11,4.0,5.75,1096.75,3,0,Regular,0.0
4089,56,1,5932.46,22,4.142857142857143,5.714285714285714,779.8571428571429,4,2,VIP,61.324600000000004
4090,260,1,1444.09,4,3.3333333333333335,14.666666666666666,983.0,2,1,At Risk,16.4409
4091,137,0,0.0,1,4.0,17.0,535.0,0,0,Regular,0.0
4092,167,1,3916.67,10,4.2,9.6,809.8,4,1,At Risk,41.1667
4093,76,0,0.0,10,4.0,8.0,1316.6,2,0,Regular,0.0
4094,113,1,588.27,7,3.75,13.75,669.0,2,3,New Customer,7.8827
4095,6,0,0.0,9,4.0,5.333333333333333,1235.0,2,0,Regular,0.0
4096,32,1,4301.07,5,3.5,9.5,682.0,2,3,New Customer,45.0107
4097,347,0,0.0,3,4.0,11.5,358.0,2,4,Lost,0.0
4098,86,1,5001.84,4,2.0,23.0,1411.0,1,2,VIP,52.0184
4099,152,1,2414.06,6,4.0,6.5,1062.0,1,1,At Risk,26.1406
4100,0,0,0.0,14,4.0,13.75,958.75,2,0,Regular,0.0
4101,318,0,0.0,4,4.0,8.0,775.0,1,4,Lost,0.0
4102,117,0,0.0,10,4.0,11.5,737.5,1,0,Regular,0.0
4103,152,0,0.0,9,4.0,21.5,748.25,3,4,Lost,0.0
4104,60,2,4315.97,13,3.8,11.4,1329.6,4,2,VIP,47.1597
4105,136,2,4288.38,8,4.333333333333333,12.333333333333334,584.6666666666666,3,2,VIP,46.8838
4106,358,0,0.0,3,4.0,14.0,1328.0,1,4,Lost,0.0
4107,119,0,0.0,4,4.0,16.5,1230.0,0,0,Regular,0.0
4108,38,1,1312.99,8,4.0,19.666666666666668,480.3333333333333,1,3,New Customer,15.1299
4109,76,0,0.0,6,4.0,7.666666666666667,1195.3333333333333,1,0,Regular,0.0
4110,146,0,0.0,8,4.0,9.0,1185.3333333333333,0,0,Regular,0.0
4111,274,0,0.0,3,4.0,17.0,1644.0,1,4,Lost,0.0
4112,9,0,0.0,16,4.0,9.4,491.4,5,0,Regular,0.0
4113,102,0,0.0,9,4.0,11.0,1303.6666666666667,2,0,Regular,0.0
4114,132,0,0.0,6,4.0,8.0,1373.0,2,0,Regular,0.0
4115,43,0,0.0,5,4.0,11.0,965.0,2,0,Regular,0.0
4116,315,0,0.0,1,4.0,20.0,1278.0,1,4,Lost,0.0
4117,99,0,0.0,9,4.0,7.666666666666667,1221.0,2,0,Regular,0.0
4118,19,1,2096.38,5,4.0,15.75,585.0,3,3,New Customer,22.963800000000003
4119,350,0,0.0,3,4.0,19.5,506.5,1,4,Lost,0.0
4120,32,0,0.0,10,4.0,17.666666666666668,1525.0,2,0,Regular,0.0
4121,204,0,0.0,2,4.0,12.0,1667.0,1,4,Lost,0.0
4122,96,2,3769.7599999999998,19,3.6,13.6,982.6,2,2,VIP,41.697599999999994
4123,45,0,0.0,8,4.0,6.0,344.0,0,0,Regular,0.0
4124,179,1,1192.32,7,4.0,7.5,485.5,2,1,At Risk,13.9232
4125,161,0,0.0,3,4.0,11.0,927.0,0,4,Lost,0.0
4127,4,0,0.0,5,4.0,19.5,800.0,1,0,Regular,0.0
4128,107,0,0.0,7,4.0,17.25,753.75,3,0,Regular,0.0
4130,9,2,3697.2200000000003,9,3.8,9.0,630.4,3,2,VIP,40.9722
4131,45,1,607.71,7,4.0,12.666666666666666,1200.3333333333333,2,3,New Customer,8.077100000000002
4132,50,1,1157.08,5,3.0,3.5,1280.5,1,3,New Customer,13.570799999999998
4133,22,0,0.0,8,4.0,8.0,887.75,3,0,Regular,0.0
4134,327,0,0.0,3,4.0,18.0,1175.0,2,4,Lost,0.0
4135,23,0,0.0,9,4.0,14.666666666666666,1386.3333333333333,2,0,Regular,0.0
4136,94,2,1630.75,6,3.6666666666666665,14.333333333333334,1107.6666666666667,3,3,New Customer,20.3075
4137,330,0,0.0,3,4.0,11.0,831.0,1,4,Lost,0.0
4138,23,2,2299.74,6,4.333333333333333,15.333333333333334,983.6666666666666,2,3,New Customer,26.9974
4139,260,1,1271.76,5,4.0,13.5,1171.5,1,1,At Risk,14.7176
4140,134,1,3213.84,13,3.75,14.75,900.5,3,1,At Risk,34.138400000000004
4141,17,0,0.0,5,4.0,10.0,690.6666666666666,2,0,Regular,0.0
4143,7,1,3290.92,15,4.0,13.166666666666666,619.6666666666666,4,3,New Customer,34.9092
4144,57,0,0.0,4,4.0,15.5,703.5,1,0,Regular,0.0
4145,33,1,1245.78,6,4.0,12.0,831.5,2,3,New Customer,14.457799999999999
4146,61,1,6681.54,17,3.8,12.4,997.2,3,2,VIP,68.8154
4147,158,0,0.0,8,4.0,14.0,611.0,0,4,Lost,0.0
4148,148,1,1473.2,4,4.0,8.0,1577.0,1,1,At Risk,16.732
4149,77,0,0.0,12,4.0,14.5,1155.75,2,0,Regular,0.0
4150,42,1,1815.75,9,4.2,8.4,807.0,3,3,New Customer,20.1575
4151,3,0,0.0,6,4.0,9.8,412.0,1,0,Regular,0.0
4152,29,2,8320.56,13,3.4,16.6,1111.4,4,2,VIP,87.20559999999999
4153,117,1,1728.76,6,4.0,6.5,382.5,2,3,New Customer,19.2876
4154,130,0,0.0,8,4.0,9.0,988.3333333333334,2,0,Regular,0.0
4155,330,0,0.0,3,4.0,3.0,893.0,1,4,Lost,0.0
4156,195,0,0.0,5,4.0,22.0,1154.0,1,4,Lost,0.0
4157,95,0,0.0,6,4.0,8.0,1240.0,1,0,Regular,0.0
4158,123,1,596.49,6,3.5,17.75,748.5,2,3,New Customer,7.9649
4160,54,0,0.0,5,4.0,11.5,534.5,1,0,Regular,0.0
4161,63,1,5184.08,9,4.0,13.0,451.6666666666667,3,2,VIP,53.8408
4162,23,3,8425.67,12,4.2,15.4,1144.4,4,2,VIP,90.2567
4163,305,0,0.0,1,4.0,12.0,295.0,0,4,Lost,0.0
4164,8,1,542.22,4,3.0,15.5,422.0,1,3,New Customer,7.4222
4165,53,1,3750.87,7,4.5,21.5,735.5,1,3,New Customer,39.5087
4167,17,2,868.72,5,4.0,20.333333333333332,1106.6666666666667,2,3,New Customer,12.6872
4168,27,2,6306.76,11,3.8333333333333335,8.833333333333334,543.6666666666666,6,2,VIP,67.0676
4169,108,3,3673.29,14,3.6,15.2,1166.8,5,2,VIP,42.7329
4170,175,1,2308.1,8,4.333333333333333,11.666666666666666,597.3333333333334,1,1,At Risk,25.081
4171,179,0,0.0,4,4.0,12.0,912.5,2,4,Lost,0.0
4172,178,0,0.0,3,4.0,7.0,1616.0,0,4,Lost,0.0
4173,223,0,0.0,11,4.0,13.333333333333334,1345.0,1,4,Lost,0.0
4174,16,0,0.0,14,4.0,14.8,963.2,1,0,Regular,0.0
4175,26,1,4287.3,10,3.6666666666666665,10.333333333333334,877.0,3,3,New Customer,44.873000000000005
4176,59,1,496.25,6,4.0,17.0,1123.0,1,3,New Customer,6.9625
4177,262,1,2418.4,6,4.0,17.0,265.0,1,1,At Risk,26.184
4178,3,1,1395.26,12,3.8,15.2,957.4,5,3,New Customer,15.9526
4179,293,2,2921.35,6,4.666666666666667,5.666666666666667,1314.3333333333333,2,1,At Risk,33.213499999999996
4180,34,1,1669.84,9,4.333333333333333,11.333333333333334,755.0,3,3,New Customer,18.6984
4182,85,0,0.0,10,4.0,11.5,839.75,2,0,Regular,0.0
4183,40,0,0.0,3,4.0,15.0,943.0,0,0,Regular,0.0
4184,53,1,1930.11,4,5.0,9.0,117.0,1,3,New Customer,21.301099999999998
4185,359,1,5984.71,4,3.0,24.0,1618.0,1,1,At Risk,61.8471
4187,85,2,4956.900000000001,15,3.8333333333333335,13.666666666666666,490.8333333333333,6,2,VIP,53.569
4188,199,0,0.0,2,4.0,17.0,754.0,1,4,Lost,0.0
4190,48,2,2516.34,9,4.333333333333333,10.333333333333334,793.0,2,3,New Customer,29.163400000000003
4191,122,0,0.0,4,4.0,10.0,1465.5,2,0,Regular,0.0
4192,43,2,2515.1,10,3.6,13.0,532.2,3,3,New Customer,29.151
4193,13,1,2965.89,15,4.0,16.833333333333332,929.8333333333334,2,3,New Customer,31.6589
4194,8,0,0.0,1,4.0,22.0,246.0,1,0,Regular,0.0
4195,104,1,1201.96,7,4.333333333333333,8.0,1187.3333333333333,2,3,New Customer,14.0196
4196,13,0,0.0,16,4.0,15.0,1001.0,6,0,Regular,0.0
4197,51,0,0.0,14,4.0,16.0,1021.2,3,0,Regular,0.0
4198,12,0,0.0,1,4.0,12.0,512.0,0,0,Regular,0.0
4199,16,1,7250.68,18,4.0,9.8,483.8,4,2,VIP,74.5068
4201,142,0,0.0,1,4.0,5.0,346.0,1,0,Regular,0.0
4203,4,1,1047.03,6,4.333333333333333,12.333333333333334,752.0,1,3,New Customer,12.4703
4205,83,1,926.28,5,3.5,12.0,166.5,1,3,New Customer,11.2628
4206,36,0,0.0,10,4.0,17.5,1390.75,2,0,Regular,0.0
4207,97,0,0.0,2,4.0,10.0,1778.0,1,0,Regular,0.0
4208,95,0,0.0,2,4.0,10.0,713.5,1,0,Regular,0.0
4209,185,1,1557.32,6,4.0,9.0,796.0,2,1,At Risk,17.5732
4210,104,1,462.73,8,4.333333333333333,17.666666666666668,833.6666666666666,2,3,New Customer,6.6273
4211,76,1,2203.68,16,3.8,11.2,1040.0,4,3,New Customer,24.0368
4212,229,1,1973.96,6,4.0,7.666666666666667,310.6666666666667,1,1,At Risk,21.7396
4213,278,1,688.26,6,3.0,12.0,544.5,2,1,At Risk,8.8826
4215,163,1,3273.55,11,3.5,16.75,1366.5,3,1,At Risk,34.7355
4217,182,0,0.0,3,4.0,7.0,119.0,1,4,Lost,0.0
4218,131,2,2586.7,9,3.75,9.75,943.0,3,3,New Customer,29.866999999999997
4219,82,1,868.6,14,4.166666666666667,11.666666666666666,826.0,3,3,New Customer,10.686
4220,203,0,0.0,3,4.0,5.0,1389.0,0,4,Lost,0.0
4221,22,1,1375.28,6,4.0,15.0,282.6666666666667,2,3,New Customer,15.7528
4222,11,0,0.0,11,4.0,17.666666666666668,1233.3333333333333,1,0,Regular,0.0
4223,12,1,302.58,13,4.0,11.5,792.5,3,3,New Customer,5.0258
4225,61,0,0.0,10,4.0,14.75,880.0,1,0,Regular,0.0
4226,70,1,3746.3,4,4.0,20.0,225.0,2,3,New Customer,39.463
4227,145,1,3564.21,7,4.0,15.666666666666666,1328.3333333333333,2,1,At Risk,37.6421
4228,259,1,977.43,6,2.5,20.0,923.0,2,1,At Risk,11.7743
4229,108,1,1200.71,1,1.0,8.0,1293.0,1,3,New Customer,14.007100000000001
4230,275,0,0.0,9,4.0,11.666666666666666,1037.0,2,4,Lost,0.0
4231,67,0,0.0,2,4.0,17.0,1461.0,0,0,Regular,0.0
4232,103,0,0.0,18,4.0,11.8,418.4,1,0,Regular,0.0
4233,44,0,0.0,12,4.0,8.0,764.0,2,0,Regular,0.0
4234,35,1,636.91,5,3.3333333333333335,8.666666666666666,1203.0,1,3,New Customer,8.3691
4235,187,0,0.0,6,4.0,15.5,890.5,1,4,Lost,0.0
4236,21,1,3526.62,9,3.3333333333333335,13.333333333333334,670.6666666666666,2,3,New Customer,37.2662
4237,23,1,509.78,14,3.5714285714285716,12.142857142857142,541.8571428571429,3,3,New Customer,7.097799999999999
4238,81,3,7986.4,7,4.0,14.333333333333334,1133.6666666666667,3,2,VIP,85.86399999999999
4239,32,0,0.0,15,4.0,17.6,865.8,1,0,Regular,0.0
4240,125,1,2616.22,6,4.5,13.5,666.0,1,3,New Customer,28.1622
4241,17,0,0.0,8,4.0,9.333333333333334,646.0,1,0,Regular,0.0
4242,299,1,1817.49,3,4.0,20.0,1403.0,1,1,At Risk,20.1749
4243,163,2,4260.97,13,3.75,16.25,1018.25,4,2,VIP,46.609700000000004
4244,39,1,2282.56,14,4.2,15.2,1170.0,3,3,New Customer,24.825599999999998
4245,58,3,1619.72,9,4.2,11.8,1178.2,3,3,New Customer,22.1972
4246,101,1,1663.83,6,4.333333333333333,10.666666666666666,1229.0,1,3,New Customer,18.6383
4247,123,1,1152.74,8,3.6666666666666665,14.0,881.3333333333334,2,3,New Customer,13.5274
4248,90,0,0.0,6,4.0,15.0,1364.5,1,0,Regular,0.0
4249,90,1,1963.58,5,4.5,7.0,1112.5,2,3,New Customer,21.6358
4250,119,0,0.0,8,4.0,20.333333333333332,535.3333333333334,2,0,Regular,0.0
4251,26,2,5128.53,9,4.0,16.5,1051.25,4,2,VIP,55.2853
4252,209,1,1997.42,6,4.5,10.0,1657.0,2,1,At Risk,21.9742
4253,81,0,0.0,3,4.0,7.0,981.0,1,0,Regular,0.0
4254,4,4,4072.35,14,4.0,10.4,1206.2,5,2,VIP,48.7235
4255,15,0,0.0,2,4.0,16.0,695.5,0,0,Regular,0.0
4256,238,0,0.0,1,4.0,6.0,67.0,0,4,Lost,0.0
4257,58,0,0.0,6,4.0,13.5,882.5,0,0,Regular,0.0
4258,58,1,2097.84,10,4.0,8.0,614.6666666666666,2,3,New Customer,22.9784
4259,189,0,0.0,11,4.0,5.75,1036.5,4,4,Lost,0.0
4260,59,0,0.0,12,4.0,4.666666666666667,571.6666666666666,0,0,Regular,0.0
4261,354,0,0.0,4,4.0,24.0,1370.0,0,4,Lost,0.0
4262,64,1,2245.91,8,4.0,13.25,1014.5,2,3,New Customer,24.4591
4263,19,1,1729.49,10,3.8,14.4,648.2,4,3,New Customer,19.2949
4264,76,0,0.0,6,4.0,14.666666666666666,1008.0,2,0,Regular,0.0
4265,105,1,6237.02,4,5.0,24.0,1526.0,1,2,VIP,64.37020000000001
4267,44,0,0.0,1,4.0,5.0,1114.0,0,0,Regular,0.0
4268,7,1,2126.4,5,3.0,12.5,512.0,1,3,New Customer,23.264
4269,17,2,823.76,6,4.5,12.5,1118.25,3,3,New Customer,12.2376
4270,186,1,2175.73,9,3.3333333333333335,15.0,1309.6666666666667,3,1,At Risk,23.7573
4271,58,0,0.0,5,4.0,13.0,364.5,0,0,Regular,0.0
4272,182,1,1733.94,7,3.5,2.0,851.5,2,1,At Risk,19.3394
4273,41,1,1424.13,7,3.6666666666666665,12.0,339.3333333333333,2,3,New Customer,16.241300000000003
4274,337,0,0.0,7,4.0,9.0,1111.5,1,4,Lost,0.0
4276,2,0,0.0,1,4.0,11.0,998.0,1,0,Regular,0.0
4277,217,0,0.0,11,4.0,12.666666666666666,1213.6666666666667,2,4,Lost,0.0
4278,76,1,1409.9,7,3.75,14.25,1029.25,3,3,New Customer,16.099
4279,57,0,0.0,14,4.0,18.4,1209.0,3,0,Regular,0.0
4280,131,0,0.0,6,4.0,10.0,660.6666666666666,2,0,Regular,0.0
4281,174,0,0.0,4,4.0,13.0,1084.5,1,4,Lost,0.0
4282,84,0,0.0,10,4.0,13.25,727.5,0,0,Regular,0.0
4283,41,2,4764.04,13,4.166666666666667,13.5,588.3333333333334,5,2,VIP,51.6404
4284,235,0,0.0,6,4.0,11.0,920.5,2,4,Lost,0.0
4285,212,1,1462.23,5,4.5,7.5,898.5,1,1,At Risk,16.622300000000003
4286,255,0,0.0,6,4.0,21.333333333333332,722.6666666666666,2,4,Lost,0.0
4287,15,0,0.0,3,4.0,10.5,732.0,1,0,Regular,0.0
4288,14,0,0.0,5,4.0,14.0,879.5,1,0,Regular,0.0
4289,75,0,0.0,5,4.0,5.0,1043.5,2,0,Regular,0.0
4290,0,1,2518.56,4,3.0,7.0,1607.0,1,3,New Customer,27.1856
4291,302,0,0.0,1,4.0,1.0,346.0,1,4,Lost,0.0
4292,44,1,650.52,8,3.6666666666666665,12.0,993.6666666666666,2,3,New Customer,8.505199999999999
4293,10,0,0.0,2,4.0,22.0,1081.0,0,0,Regular,0.0
4294,96,1,1101.18,6,4.0,6.0,326.0,2,3,New Customer,13.011800000000001
4295,87,1,2481.93,12,4.25,14.25,1337.0,4,3,New Customer,26.8193
4296,240,1,4806.65,10,3.6666666666666665,10.0,1030.3333333333333,3,1,At Risk,50.0665
4297,1,3,6885.57,14,3.0,15.2,734.0,5,2,VIP,74.8557
4298,167,0,0.0,2,4.0,4.0,1378.0,0,4,Lost,0.0
4299,156,1,1944.66,5,3.6666666666666665,15.333333333333334,1036.0,2,1,At Risk,21.4466
4300,111,1,2458.92,13,4.25,14.75,1075.25,1,3,New Customer,26.5892
4301,155,1,700.53,4,3.3333333333333335,14.333333333333334,508.0,2,1,At Risk,9.0053
4302,83,0,0.0,5,4.0,13.0,872.5,2,0,Regular,0.0
4303,142,0,0.0,6,4.0,6.0,1250.0,1,0,Regular,0.0
4304,281,1,2436.72,3,5.0,1.0,823.0,1,1,At Risk,26.367199999999997
4305,7,0,0.0,5,4.0,12.666666666666666,972.0,1,0,Regular,0.0
4306,212,0,0.0,8,4.0,19.0,1028.5,1,4,Lost,0.0
4307,79,2,2687.38,11,4.25,11.25,1080.25,3,3,New Customer,30.873800000000003
4308,90,0,0.0,2,4.0,16.0,1234.0,1,0,Regular,0.0
4309,8,1,1238.01,13,4.0,12.6,690.6,4,3,New Customer,14.3801
4310,100,2,5213.93,8,2.0,14.666666666666666,1199.3333333333333,2,2,VIP,56.139300000000006
4311,248,1,232.62,1,2.0,1.0,868.0,1,1,At Risk,4.3262
4312,10,0,0.0,5,4.0,18.0,1289.0,2,0,Regular,0.0
4313,167,0,0.0,8,4.0,4.666666666666667,1371.6666666666667,3,4,Lost,0.0
4314,208,1,1841.14,6,3.5,15.5,434.5,1,1,At Risk,20.4114
4315,98,1,1811.52,6,4.0,17.333333333333332,1121.3333333333333,3,3,New Customer,20.1152
4316,6,0,0.0,1,4.0,17.0,398.0,1,0,Regular,0.0
4317,12,3,5285.85,9,4.0,5.75,682.5,4,2,VIP,58.85850000000001
4318,179,2,4225.06,5,3.0,10.0,728.0,3,2,VIP,46.250600000000006
4319,49,2,1502.8600000000001,6,4.0,16.333333333333332,1140.6666666666667,3,3,New Customer,19.0286
4320,148,0,0.0,6,4.0,7.666666666666667,793.3333333333334,1,0,Regular,0.0
4321,153,0,0.0,1,4.0,13.0,750.0,1,4,Lost,0.0
4322,2,0,0.0,4,4.0,17.0,930.0,1,0,Regular,0.0
4323,57,2,1299.37,7,3.6666666666666665,10.0,1311.3333333333333,2,3,New Customer,16.993699999999997
4324,47,0,0.0,7,4.0,8.333333333333334,445.3333333333333,1,0,Regular,0.0
4325,59,1,2445.17,9,4.0,11.0,604.6666666666666,3,3,New Customer,26.451700000000002
4326,280,0,0.0,4,4.0,18.0,753.0,1,4,Lost,0.0
4327,144,1,994.55,7,4.0,4.333333333333333,458.6666666666667,3,1,At Risk,11.9455
4328,107,0,0.0,4,4.0,4.0,231.0,1,0,Regular,0.0
4329,67,0,0.0,8,4.0,11.75,711.25,1,0,Regular,0.0
4330,55,3,6137.64,7,2.3333333333333335,11.333333333333334,742.6666666666666,3,2,VIP,67.3764
4331,35,0,0.0,2,4.0,21.0,1103.0,0,0,Regular,0.0
4332,49,2,2045.28,16,4.0,11.8,1001.6,3,3,New Customer,24.4528
4333,127,2,731.19,5,4.666666666666667,13.0,825.6666666666666,3,3,New Customer,11.311900000000001
4334,133,2,6667.530000000001,13,4.0,16.2,957.4,4,2,VIP,70.67530000000001
4335,58,0,0.0,8,4.0,15.25,1063.0,2,0,Regular,0.0
4336,275,1,5997.12,9,4.0,15.333333333333334,1309.0,3,1,At Risk,61.971199999999996
4337,26,2,6784.42,19,3.3333333333333335,11.833333333333334,897.5,4,2,VIP,71.8442
4338,145,2,1376.1299999999999,3,3.5,14.5,1394.5,2,1,At Risk,17.7613
4339,89,1,1984.44,3,4.0,15.0,1278.0,1,3,New Customer,21.8444
4340,140,2,2141.76,18,3.5,9.0,1190.8333333333333,3,1,At Risk,25.417600000000004
4341,196,1,1294.19,3,4.0,10.0,1052.0,1,1,At Risk,14.9419
4342,40,1,2480.58,7,2.5,20.5,1773.5,2,3,New Customer,26.805799999999998
4343,31,0,0.0,15,4.0,9.2,864.8,3,0,Regular,0.0
4344,171,0,0.0,5,4.0,5.0,1089.5,1,4,Lost,0.0
4345,36,0,0.0,3,4.0,13.5,815.5,2,0,Regular,0.0
4347,104,0,0.0,4,4.0,8.666666666666666,1232.6666666666667,3,0,Regular,0.0
4348,10,0,0.0,5,4.0,10.0,1056.3333333333333,2,0,Regular,0.0
4349,203,1,4420.73,6,2.5,16.0,415.5,1,1,At Risk,46.2073
4350,245,1,3135.84,2,3.0,13.0,1698.0,1,1,At Risk,33.3584
4351,59,1,1947.43,8,4.0,14.0,1003.5,2,3,New Customer,21.4743
4352,170,1,2243.24,7,4.0,16.666666666666668,741.0,2,1,At Risk,24.432399999999998
4353,177,0,0.0,2,4.0,11.0,395.0,1,4,Lost,0.0
4354,172,0,0.0,6,4.0,16.333333333333332,535.3333333333334,2,4,Lost,0.0
4355,70,1,1341.51,8,4.333333333333333,8.333333333333334,863.0,2,3,New Customer,15.4151
4356,183,1,844.92,9,4.0,11.333333333333334,1403.0,2,1,At Risk,10.4492
4357,240,0,0.0,2,4.0,24.0,211.0,0,4,Lost,0.0
4358,363,0,0.0,4,4.0,24.0,300.0,0,4,Lost,0.0
4359,131,1,314.25,14,4.25,10.25,713.75,2,3,New Customer,5.1425
4360,39,3,7021.110000000001,8,4.5,14.0,1004.5,4,2,VIP,76.2111
4361,81,1,238.8,2,3.5,6.0,998.5,1,3,New Customer,4.388
4362,80,0,0.0,4,4.0,8.5,1150.0,0,0,Regular,0.0
4363,138,1,1721.16,4,4.0,10.5,350.0,2,1,At Risk,19.2116
4364,14,2,7837.120000000001,11,4.25,16.0,943.5,3,2,VIP,82.3712
4365,148,0,0.0,7,4.0,9.666666666666666,884.0,1,0,Regular,0.0
4366,115,2,881.91,7,4.25,13.0,368.75,2,3,New Customer,12.819099999999999
4367,216,0,0.0,4,4.0,4.0,284.0,1,4,Lost,0.0
4368,185,0,0.0,5,4.0,7.5,995.5,1,4,Lost,0.0
4369,179,0,0.0,4,4.0,16.5,1255.5,2,4,Lost,0.0
4370,257,0,0.0,5,4.0,3.0,896.5,1,4,Lost,0.0
4371,23,0,0.0,4,4.0,12.0,467.5,1,0,Regular,0.0
4372,114,0,0.0,2,4.0,14.0,441.5,2,0,Regular,0.0
4373,141,0,0.0,4,4.0,6.0,284.0,1,0,Regular,0.0
4374,53,1,613.03,3,3.5,5.0,894.5,2,3,New Customer,8.1303
4375,69,0,0.0,9,4.0,14.75,994.5,1,0,Regular,0.0
4376,67,0,0.0,7,4.0,3.5,902.5,0,0,Regular,0.0
4377,39,0,0.0,8,4.0,12.333333333333334,1211.6666666666667,2,0,Regular,0.0
4378,156,1,497.05,2,3.0,18.0,348.0,1,1,At Risk,6.9705
4379,102,1,4067.38,7,3.6666666666666665,7.333333333333333,1305.0,3,3,New Customer,42.6738
4380,38,0,0.0,4,4.0,19.0,1568.0,0,0,Regular,0.0
4381,94,1,2339.8,3,4.5,4.5,1267.5,2,3,New Customer,25.398000000000003
4382,172,0,0.0,3,4.0,8.0,1618.0,0,4,Lost,0.0
4383,152,0,0.0,4,4.0,18.0,999.0,0,4,Lost,0.0
4385,138,0,0.0,1,4.0,24.0,585.0,1,0,Regular,0.0
4386,29,0,0.0,9,4.0,14.8,1047.2,4,0,Regular,0.0
4387,60,1,1003.8,10,4.0,14.4,948.8,4,3,New Customer,12.038
4388,30,1,1246.36,7,3.6666666666666665,14.333333333333334,1514.0,3,3,New Customer,14.4636
4389,37,0,0.0,7,4.0,14.0,598.0,1,0,Regular,0.0
4390,61,2,1222.6399999999999,13,3.6,14.4,799.6,3,3,New Customer,16.226399999999998
4391,38,2,3928.09,4,3.6666666666666665,14.0,669.0,2,2,VIP,43.2809
4392,24,3,2719.58,10,4.5,5.666666666666667,813.3333333333334,6,2,VIP,33.1958
4393,12,0,0.0,7,4.0,18.666666666666668,932.0,1,0,Regular,0.0
4394,4,1,980.67,19,4.0,15.714285714285714,955.7142857142857,5,3,New Customer,11.8067
4395,25,0,0.0,15,4.0,14.75,729.5,2,0,Regular,0.0
4396,81,1,2756.07,10,4.0,12.666666666666666,759.3333333333334,2,3,New Customer,29.5607
4398,277,0,0.0,4,4.0,2.0,1650.0,1,4,Lost,0.0
4399,113,2,2117.3,7,4.333333333333333,14.333333333333334,1100.0,3,3,New Customer,25.173000000000002
4400,42,0,0.0,4,4.0,16.0,1109.0,0,0,Regular,0.0
4401,260,0,0.0,8,4.0,11.666666666666666,602.3333333333334,2,4,Lost,0.0
4403,19,0,0.0,7,4.0,12.5,859.0,1,0,Regular,0.0
4404,86,0,0.0,19,4.0,10.5,693.1666666666666,2,0,Regular,0.0
4405,9,2,4808.39,15,4.0,17.8,863.6,4,2,VIP,52.0839
4406,132,1,3534.66,4,4.0,17.5,630.5,1,1,At Risk,37.346599999999995
4407,5,0,0.0,6,4.0,10.0,914.0,2,0,Regular,0.0
4409,111,1,6970.42,13,3.5,13.75,1289.5,1,2,VIP,71.7042
4410,116,2,2222.85,7,4.25,12.25,728.25,4,3,New Customer,26.2285
4411,13,2,1267.95,12,4.0,12.2,1045.6,4,3,New Customer,16.6795
4412,171,1,2063.49,4,3.5,8.5,1191.0,1,1,At Risk,22.6349
4413,2,1,4710.4,4,5.0,11.0,1000.0,1,2,VIP,49.104
4414,17,0,0.0,14,4.0,14.8,927.0,3,0,Regular,0.0
4415,0,0,0.0,6,4.0,14.0,1239.0,1,0,Regular,0.0
4417,90,0,0.0,10,4.0,13.0,336.0,3,0,Regular,0.0
4418,175,0,0.0,1,4.0,10.0,578.0,0,4,Lost,0.0
4419,14,1,1521.7,11,4.0,18.0,683.4,4,3,New Customer,17.217
4420,19,0,0.0,13,4.0,11.4,1321.0,2,0,Regular,0.0
4421,140,0,0.0,10,4.0,16.0,821.3333333333334,2,0,Regular,0.0
4422,181,0,0.0,4,4.0,20.0,811.0,1,4,Lost,0.0
4423,28,0,0.0,3,4.0,12.0,824.5,1,0,Regular,0.0
4425,22,0,0.0,6,4.0,17.0,1063.6666666666667,2,0,Regular,0.0
4426,67,2,1065.17,15,4.0,10.333333333333334,670.3333333333334,5,3,New Customer,14.6517
4427,73,1,334.12,4,4.0,15.0,1002.5,2,3,New Customer,5.341200000000001
4428,129,0,0.0,15,4.0,12.5,1329.5,1,0,Regular,0.0
4430,281,1,1693.71,3,5.0,17.0,132.0,1,1,At Risk,18.9371
4431,32,3,3672.6099999999997,8,4.5,10.0,651.25,4,2,VIP,42.726099999999995
4432,28,1,1791.32,6,4.0,19.0,916.5,1,3,New Customer,19.9132
4433,17,3,5489.330000000001,10,3.8,11.4,1103.0,3,2,VIP,60.89330000000001
4434,259,1,1345.54,3,4.5,3.0,536.5,2,1,At Risk,15.4554
4435,53,0,0.0,6,4.0,10.666666666666666,774.6666666666666,2,0,Regular,0.0
4436,72,0,0.0,7,4.0,15.666666666666666,1120.6666666666667,2,0,Regular,0.0
4437,97,0,0.0,6,4.0,18.5,1110.5,0,0,Regular,0.0
4438,58,1,2820.69,3,3.0,6.0,1763.0,1,3,New Customer,30.2069
4439,236,0,0.0,3,4.0,17.0,954.0,0,4,Lost,0.0
4440,358,0,0.0,2,4.0,9.0,1286.0,0,4,Lost,0.0
4441,142,0,0.0,11,4.0,9.0,571.3333333333334,3,0,Regular,0.0
4442,43,2,652.86,7,3.6666666666666665,21.666666666666668,743.3333333333334,2,3,New Customer,10.5286
4443,64,4,6934.299999999999,9,3.0,20.75,989.25,4,2,VIP,77.34299999999999
4444,34,2,6973.95,15,3.8,12.0,1278.6,5,2,VIP,73.73949999999999
4445,48,0,0.0,5,4.0,11.5,374.0,2,0,Regular,0.0
4446,112,0,0.0,6,4.0,14.0,771.0,2,0,Regular,0.0
4447,292,0,0.0,6,4.0,20.0,1103.5,1,4,Lost,0.0
4448,90,0,0.0,3,4.0,13.0,732.0,1,0,Regular,0.0
4449,63,0,0.0,10,4.0,14.2,792.0,2,0,Regular,0.0
4450,20,0,0.0,13,4.0,17.2,1081.4,2,0,Regular,0.0
4451,186,0,0.0,5,4.0,13.5,801.5,1,4,Lost,0.0
4452,26,0,0.0,6,4.0,16.666666666666668,940.0,1,0,Regular,0.0
4453,140,0,0.0,2,4.0,8.0,1729.0,0,0,Regular,0.0
4454,180,1,480.07,6,4.25,7.0,795.75,2,1,At Risk,6.8007
4455,20,0,0.0,6,4.0,6.0,685.3333333333334,2,0,Regular,0.0
4456,197,0,0.0,1,4.0,1.0,995.0,1,4,Lost,0.0
4457,11,0,0.0,8,4.0,11.5,1101.5,2,0,Regular,0.0
4458,109,0,0.0,4,4.0,14.0,237.0,2,0,Regular,0.0
4459,123,2,6336.02,6,4.0,18.0,701.5,2,2,VIP,67.3602
4460,126,0,0.0,12,4.0,12.25,805.5,3,0,Regular,0.0
4461,47,0,0.0,7,4.0,10.0,879.6666666666666,0,0,Regular,0.0
4462,164,0,0.0,4,4.0,6.5,261.5,2,4,Lost,0.0
4463,211,0,0.0,9,4.0,9.0,753.75,3,4,Lost,0.0
4464,190,1,2895.1,6,3.5,14.5,1720.0,2,1,At Risk,30.951
4465,26,0,0.0,9,4.0,14.666666666666666,1516.3333333333333,1,0,Regular,0.0
4466,122,1,770.69,9,4.333333333333333,16.666666666666668,1270.3333333333333,2,3,New Customer,9.706900000000001
4467,224,0,0.0,1,4.0,16.0,533.0,0,4,Lost,0.0
4468,217,0,0.0,3,4.0,3.0,1444.0,0,4,Lost,0.0
4469,26,1,1458.63,3,4.5,12.0,1538.0,2,3,New Customer,16.5863
4471,33,0,0.0,3,4.0,10.0,787.5,0,0,Regular,0.0
4472,22,1,3625.96,11,3.75,10.25,1015.75,3,3,New Customer,38.2596
4473,110,1,4621.36,8,4.0,16.0,303.0,2,2,VIP,48.2136
4474,258,1,599.22,2,5.0,13.0,692.0,1,1,At Risk,7.9922
4475,282,0,0.0,2,4.0,12.0,520.0,1,4,Lost,0.0
4476,1,2,1663.8899999999999,6,4.0,12.666666666666666,731.0,2,3,New Customer,20.6389
4477,80,1,774.38,4,3.0,12.5,1176.5,2,3,New Customer,9.7438
4478,27,1,2363.85,9,4.25,11.0,1219.75,2,3,New Customer,25.6385
4479,4,2,8329.7,10,3.0,8.0,699.6666666666666,2,2,VIP,87.29700000000001
4481,93,0,0.0,11,4.0,16.75,941.5,4,0,Regular,0.0
4482,31,0,0.0,10,4.0,10.5,1110.5,2,0,Regular,0.0
4483,55,0,0.0,4,4.0,6.5,721.0,2,0,Regular,0.0
4485,123,0,0.0,4,4.0,8.5,695.0,2,0,Regular,0.0
4486,15,1,664.62,18,4.166666666666667,14.5,815.8333333333334,4,3,New Customer,8.6462
4487,34,1,521.72,9,4.0,11.75,496.0,2,3,New Customer,7.2172
4488,5,0,0.0,4,4.0,17.5,1064.0,2,0,Regular,0.0
4489,248,0,0.0,3,4.0,10.0,141.0,0,4,Lost,0.0
4490,76,0,0.0,12,4.0,6.25,1242.0,4,0,Regular,0.0
4492,15,2,2056.4300000000003,11,4.0,12.0,750.2,4,3,New Customer,24.564300000000003
4493,103,1,596.07,9,4.0,11.5,963.5,3,3,New Customer,7.9607
4494,279,0,0.0,1,4.0,1.0,1135.0,0,4,Lost,0.0
4495,304,1,3321.72,4,3.0,22.0,225.0,1,1,At Risk,35.2172
4496,7,1,739.44,13,4.25,13.75,1251.75,2,3,New Customer,9.394400000000001
4497,8,0,0.0,10,4.0,12.6,1014.2,3,0,Regular,0.0
4499,322,0,0.0,3,4.0,10.0,190.5,1,4,Lost,0.0
4500,110,0,0.0,5,4.0,17.0,637.5,2,0,Regular,0.0
4501,54,0,0.0,13,4.0,14.166666666666666,1249.8333333333333,4,0,Regular,0.0
4502,338,1,714.18,2,4.0,14.0,996.0,1,1,At Risk,9.1418
4503,67,0,0.0,8,4.0,11.25,860.0,2,0,Regular,0.0
4504,153,1,173.14,3,4.5,8.0,615.5,1,1,At Risk,3.7314
4505,251,0,0.0,5,4.0,16.5,1082.0,2,4,Lost,0.0
4506,36,0,0.0,5,4.0,8.0,493.0,2,0,Regular,0.0
4507,28,1,2014.81,14,3.8,16.2,604.0,3,3,New Customer,22.1481
4508,29,0,0.0,13,4.0,7.25,797.0,3,0,Regular,0.0
4509,168,1,2263.75,6,4.0,19.5,623.0,2,1,At Risk,24.6375
4510,11,1,1570.05,7,3.0,22.0,1088.5,2,3,New Customer,17.700499999999998
4511,0,0,0.0,9,4.0,12.75,714.5,1,0,Regular,0.0
4512,136,1,4512.32,9,4.0,15.25,913.25,3,1,At Risk,47.1232
4513,100,0,0.0,9,4.0,14.333333333333334,661.0,1,0,Regular,0.0
4514,197,2,3893.09,6,5.0,10.5,1435.5,2,1,At Risk,42.9309
4515,363,0,0.0,4,4.0,15.0,835.0,1,4,Lost,0.0
4516,162,0,0.0,3,4.0,10.0,546.0,1,4,Lost,0.0
4517,78,2,2295.0299999999997,3,4.0,6.0,525.0,2,3,New Customer,26.9503
4518,39,1,1527.33,10,4.0,8.4,797.2,5,3,New Customer,17.2733
4519,64,0,0.0,4,4.0,11.0,608.0,1,0,Regular,0.0
4521,91,0,0.0,6,4.0,13.25,945.5,1,0,Regular,0.0
4522,59,1,4767.7,8,3.5,12.0,1206.5,2,2,VIP,49.677
4523,119,1,5779.32,14,4.2,13.2,1432.2,3,2,VIP,59.7932
4525,326,0,0.0,1,4.0,4.0,739.0,1,4,Lost,0.0
4526,81,0,0.0,10,4.0,8.0,747.4,3,0,Regular,0.0
4527,37,1,1290.7,16,3.857142857142857,9.714285714285714,652.8571428571429,4,3,New Customer,14.907
4528,36,0,0.0,5,4.0,14.333333333333334,1182.3333333333333,2,0,Regular,0.0
4529,138,2,6720.13,10,4.0,16.666666666666668,1192.0,3,2,VIP,71.2013
4530,11,0,0.0,15,4.0,7.6,1134.2,3,0,Regular,0.0
4531,28,0,0.0,17,4.0,15.6,1077.4,3,0,Regular,0.0
4532,58,1,931.34,8,3.6666666666666665,13.666666666666666,705.6666666666666,2,3,New Customer,11.3134
4533,20,0,0.0,5,4.0,12.5,1352.5,2,0,Regular,0.0
4534,36,0,0.0,9,4.0,16.0,986.25,2,0,Regular,0.0
4535,113,0,0.0,9,4.0,9.8,958.2,4,0,Regular,0.0
4536,170,0,0.0,5,4.0,15.5,1138.5,1,4,Lost,0.0
4537,1,0,0.0,6,4.0,9.0,646.0,2,0,Regular,0.0
4538,62,1,863.99,6,3.0,14.0,1137.6666666666667,3,3,New Customer,10.6399
4539,2,1,961.02,19,3.8333333333333335,13.666666666666666,1018.5,3,3,New Customer,11.610199999999999
4540,64,0,0.0,5,4.0,10.5,1666.0,1,0,Regular,0.0
4541,26,0,0.0,13,4.0,16.25,1027.25,1,0,Regular,0.0
4542,94,3,2648.98,7,3.6666666666666665,11.666666666666666,659.6666666666666,3,2,VIP,32.4898
4543,31,1,800.04,4,3.0,15.5,700.0,1,3,New Customer,10.000399999999999
4544,145,1,2742.6,7,4.333333333333333,10.333333333333334,845.6666666666666,2,1,At Risk,29.426
4545,42,0,0.0,4,4.0,4.0,209.0,1,0,Regular,0.0
4546,94,3,5091.650000000001,21,3.5555555555555554,12.444444444444445,795.4444444444445,7,2,VIP,56.916500000000006
4547,50,0,0.0,5,4.0,19.0,1379.0,0,0,Regular,0.0
4548,56,1,1570.77,9,4.0,11.666666666666666,1120.0,2,3,New Customer,17.7077
4549,45,0,0.0,4,4.0,12.5,1209.5,1,0,Regular,0.0
4550,190,0,0.0,3,4.0,1.0,433.0,1,4,Lost,0.0
4551,172,0,0.0,15,4.0,18.0,1316.0,3,4,Lost,0.0
4552,120,0,0.0,2,4.0,17.0,53.0,1,0,Regular,0.0
4553,364,0,0.0,4,4.0,17.0,1538.0,1,4,Lost,0.0
4554,62,2,3604.8500000000004,12,3.75,19.0,891.5,4,2,VIP,40.048500000000004
4555,53,1,4871.5,14,3.25,17.0,684.25,3,2,VIP,50.715
4556,26,0,0.0,12,4.0,14.25,981.25,3,0,Regular,0.0
4557,78,0,0.0,7,4.0,16.666666666666668,1608.3333333333333,2,0,Regular,0.0
4558,331,0,0.0,3,4.0,18.0,1478.0,0,4,Lost,0.0
4560,159,0,0.0,5,4.0,11.5,1347.5,1,4,Lost,0.0
4561,165,1,2660.36,5,4.5,13.5,880.5,1,1,At Risk,28.6036
4562,23,0,0.0,11,4.0,14.25,875.75,2,0,Regular,0.0
4563,239,1,639.9,6,4.0,13.0,812.75,4,1,At Risk,8.399000000000001
4564,94,3,4397.78,13,4.4,11.0,1109.0,4,2,VIP,49.977799999999995
4565,198,0,0.0,1,4.0,10.0,319.0,1,4,Lost,0.0
4566,178,0,0.0,8,4.0,14.0,308.5,1,4,Lost,0.0
4567,67,0,0.0,5,4.0,10.75,1241.25,3,0,Regular,0.0
4568,273,0,0.0,6,4.0,21.0,1458.6666666666667,2,4,Lost,0.0
4569,19,1,2062.38,13,4.0,7.2,965.4,2,3,New Customer,22.623800000000003
4571,104,2,3554.92,8,4.333333333333333,17.0,518.3333333333334,3,2,VIP,39.5492
4572,123,2,2226.78,5,4.0,5.666666666666667,688.6666666666666,3,3,New Customer,26.2678
4573,1,0,0.0,12,4.0,13.0,812.6,4,0,Regular,0.0
4574,160,0,0.0,2,4.0,7.5,700.0,2,4,Lost,0.0
4575,11,1,6218.53,10,4.333333333333333,10.666666666666666,731.0,1,2,VIP,64.1853
4576,232,0,0.0,8,4.0,6.666666666666667,1071.3333333333333,1,4,Lost,0.0
4577,98,2,2289.94,12,3.6,12.2,945.2,3,3,New Customer,26.8994
4578,30,0,0.0,2,4.0,16.0,1621.0,1,0,Regular,0.0
4579,30,1,1203.75,14,4.166666666666667,12.666666666666666,862.1666666666666,4,3,New Customer,14.0375
4580,231,0,0.0,6,4.0,15.5,652.5,0,4,Lost,0.0
4581,153,1,3190.78,3,4.0,9.0,793.0,2,1,At Risk,33.9078
4582,118,1,381.47,5,4.0,18.0,645.0,1,3,New Customer,5.8147
4584,60,1,1095.97,9,3.5,15.5,1410.5,1,3,New Customer,12.9597
4585,65,0,0.0,10,4.0,12.5,317.25,4,0,Regular,0.0
4586,136,0,0.0,6,4.0,10.0,575.6666666666666,2,0,Regular,0.0
4587,7,1,3850.44,8,4.25,10.5,767.75,3,3,New Customer,40.504400000000004
4588,167,0,0.0,3,4.0,5.0,1106.0,0,4,Lost,0.0
4589,208,1,383.64,3,4.0,6.0,1003.5,1,1,At Risk,5.836399999999999
4590,3,1,6133.61,9,4.333333333333333,15.0,1093.0,1,2,VIP,63.336099999999995
4591,43,1,611.71,2,4.5,11.0,614.0,2,3,New Customer,8.1171
4592,47,0,0.0,8,4.0,13.333333333333334,225.33333333333334,0,0,Regular,0.0
4593,188,0,0.0,3,4.0,23.0,1303.0,1,4,Lost,0.0
4594,276,0,0.0,2,4.0,23.0,1336.0,1,4,Lost,0.0
4595,107,2,4245.41,5,4.5,4.0,1006.0,2,2,VIP,46.4541
4596,210,2,6535.43,7,3.5,22.0,815.0,2,2,VIP,69.35430000000001
4597,313,1,3567.6,8,4.5,10.0,1696.5,2,1,At Risk,37.676
4598,128,1,1289.91,9,3.0,9.0,806.6666666666666,2,3,New Customer,14.8991
4599,210,1,184.9,9,3.3333333333333335,8.0,396.0,2,1,At Risk,3.849
4600,27,1,259.79,10,4.0,16.25,660.0,3,3,New Customer,4.5979
4601,65,0,0.0,10,4.0,7.333333333333333,723.6666666666666,3,0,Regular,0.0
4602,38,0,0.0,6,4.0,14.666666666666666,441.6666666666667,0,0,Regular,0.0
4603,69,0,0.0,6,4.0,11.333333333333334,1138.0,2,0,Regular,0.0
4604,313,1,305.32,1,5.0,16.0,1505.0,1,1,At Risk,5.0532
4605,37,1,873.84,4,4.5,7.0,903.0,2,3,New Customer,10.7384
4606,78,0,0.0,13,4.0,8.2,1109.8,3,0,Regular,0.0
4607,187,0,0.0,1,4.0,8.0,148.0,1,4,Lost,0.0
4608,122,1,5934.75,7,2.5,12.5,1397.5,1,2,VIP,61.3475
4609,219,1,1378.16,9,3.5,7.5,685.0,2,1,At Risk,15.781600000000001
4610,175,1,260.97,1,5.0,20.0,1323.0,1,1,At Risk,4.6097
4611,95,1,3040.3,6,3.0,10.333333333333334,950.0,2,3,New Customer,32.403000000000006
4612,87,0,0.0,5,4.0,22.0,823.0,2,0,Regular,0.0
4613,202,0,0.0,4,4.0,18.5,381.0,0,4,Lost,0.0
4614,30,1,2116.93,14,4.0,13.666666666666666,1241.6666666666667,5,3,New Customer,23.1693
4615,108,0,0.0,6,4.0,17.0,889.5,2,0,Regular,0.0
4617,131,0,0.0,2,4.0,19.0,709.5,1,0,Regular,0.0
4618,80,1,2309.25,8,4.0,9.75,1348.5,4,3,New Customer,25.0925
4619,69,1,2335.77,7,4.0,13.0,1527.0,2,3,New Customer,25.3577
4620,141,0,0.0,6,4.0,10.0,248.5,0,0,Regular,0.0
4621,38,1,2842.54,5,3.0,13.5,613.0,2,3,New Customer,30.4254
4622,134,2,4269.92,8,4.333333333333333,13.0,917.3333333333334,3,2,VIP,46.6992
4623,80,1,1094.55,10,4.0,18.25,648.5,3,3,New Customer,12.9455
4624,298,1,2266.72,12,4.0,8.0,946.3333333333334,3,1,At Risk,24.667199999999998
4625,40,3,5667.76,19,3.625,8.125,1386.0,5,2,VIP,62.677600000000005
4626,151,0,0.0,9,4.0,10.6,959.0,3,4,Lost,0.0
4627,97,0,0.0,9,4.0,14.0,426.0,1,0,Regular,0.0
4628,52,0,0.0,5,4.0,15.5,1355.5,1,0,Regular,0.0
4629,56,1,615.47,14,3.8,10.4,1011.4,2,3,New Customer,8.1547
4630,88,0,0.0,2,4.0,5.0,405.0,0,0,Regular,0.0
4631,52,4,7725.790000000001,16,3.857142857142857,15.571428571428571,879.8571428571429,6,2,VIP,85.2579
4632,241,1,4713.37,9,4.25,15.5,703.75,2,1,At Risk,49.1337
4633,317,1,1445.38,2,4.0,11.0,203.0,1,1,At Risk,16.4538
4634,28,1,2452.52,10,4.0,15.666666666666666,976.0,2,3,New Customer,26.525199999999998
4635,300,1,6233.48,11,3.3333333333333335,17.0,1181.6666666666667,1,1,At Risk,64.3348
4636,128,1,739.65,6,4.25,13.5,555.0,1,3,New Customer,9.3965
4637,57,0,0.0,6,4.0,8.5,627.5,2,0,Regular,0.0
4638,0,2,1778.41,12,4.4,12.2,1278.8,3,3,New Customer,21.784100000000002
4639,229,1,975.59,5,3.0,7.0,1102.0,1,1,At Risk,11.7559
4640,61,0,0.0,10,4.0,18.0,1518.0,3,0,Regular,0.0
4641,151,0,0.0,7,4.0,15.333333333333334,965.0,1,4,Lost,0.0
4642,20,1,1548.43,9,4.0,15.666666666666666,662.0,2,3,New Customer,17.4843
4643,32,1,483.06,6,4.0,12.0,642.6666666666666,2,3,New Customer,6.8306000000000004
4644,38,0,0.0,3,4.0,8.0,1357.0,2,0,Regular,0.0
4645,59,0,0.0,9,4.0,11.666666666666666,675.6666666666666,1,0,Regular,0.0
4646,35,0,0.0,3,4.0,7.0,1147.0,1,0,Regular,0.0
4647,205,1,595.87,8,3.0,6.0,1107.5,1,1,At Risk,7.9587
4648,283,1,2733.66,3,4.0,15.0,876.0,1,1,At Risk,29.336599999999997
4649,248,2,1861.74,5,4.5,11.5,678.5,2,1,At Risk,22.6174
4650,180,0,0.0,3,4.0,22.0,251.0,0,4,Lost,0.0
4651,85,0,0.0,8,4.0,9.666666666666666,1316.6666666666667,2,0,Regular,0.0
4653,80,1,387.64,6,4.0,12.0,715.75,4,3,New Customer,5.8764
4654,175,1,921.82,5,3.6666666666666665,8.333333333333334,497.6666666666667,3,1,At Risk,11.218200000000001
4655,247,0,0.0,3,4.0,7.0,1408.0,0,4,Lost,0.0
4656,343,0,0.0,2,4.0,5.0,1363.0,0,4,Lost,0.0
4657,299,1,3754.47,3,4.0,11.0,189.0,1,1,At Risk,39.5447
4658,206,0,0.0,3,4.0,7.5,401.0,1,4,Lost,0.0
4659,353,0,0.0,1,4.0,11.0,1196.0,1,4,Lost,0.0
4660,97,1,1366.91,9,3.5,14.5,1417.5,1,3,New Customer,15.6691
4661,83,0,0.0,4,4.0,9.0,1113.0,2,0,Regular,0.0
4663,76,0,0.0,10,4.0,12.0,1298.6666666666667,3,0,Regular,0.0
4664,102,0,0.0,3,4.0,13.0,687.5,1,0,Regular,0.0
4665,59,1,2427.4,10,3.75,12.0,800.5,2,3,New Customer,26.274
4666,101,0,0.0,8,4.0,10.666666666666666,1276.6666666666667,1,0,Regular,0.0
4667,63,0,0.0,7,4.0,10.0,1073.0,1,0,Regular,0.0
4668,119,0,0.0,5,4.0,17.0,574.5,0,0,Regular,0.0
4669,182,0,0.0,12,4.0,17.5,1384.25,2,4,Lost,0.0
4670,112,1,866.48,5,4.0,19.0,1083.0,1,3,New Customer,10.6648
4671,281,0,0.0,4,4.0,13.0,270.0,1,4,Lost,0.0
4672,213,0,0.0,2,4.0,8.0,1652.0,1,4,Lost,0.0
4673,35,0,0.0,2,4.0,2.0,31.0,1,0,Regular,0.0
4674,48,2,898.15,12,4.0,9.25,1214.75,2,3,New Customer,12.9815
4675,48,0,0.0,5,4.0,11.5,1073.0,0,0,Regular,0.0
4676,31,1,745.51,8,4.0,8.666666666666666,1186.3333333333333,1,3,New Customer,9.4551
4677,5,1,4654.66,5,3.0,13.0,614.0,1,2,VIP,48.5466
4678,84,0,0.0,5,4.0,15.0,70.0,1,0,Regular,0.0
4679,190,0,0.0,11,4.0,13.0,497.25,3,4,Lost,0.0
4680,91,1,205.97,7,4.25,13.25,350.5,2,3,New Customer,4.059699999999999
4681,21,0,0.0,7,4.0,9.0,1204.6666666666667,3,0,Regular,0.0
4682,275,0,0.0,3,4.0,21.0,751.0,0,4,Lost,0.0
4683,326,0,0.0,3,4.0,23.0,899.0,1,4,Lost,0.0
4684,335,0,0.0,3,4.0,5.5,160.5,0,4,Lost,0.0
4685,16,0,0.0,3,4.0,9.5,1594.0,1,0,Regular,0.0
4686,3,0,0.0,6,4.0,15.5,1385.0,0,0,Regular,0.0
4687,110,1,914.64,3,3.0,11.0,1242.0,1,3,New Customer,11.1464
4688,134,2,8653.130000000001,9,4.0,13.333333333333334,1053.0,2,2,VIP,90.53130000000002
4689,75,0,0.0,10,4.0,13.0,823.5,1,0,Regular,0.0
4690,19,0,0.0,13,4.0,16.0,841.0,4,0,Regular,0.0
4691,131,0,0.0,1,4.0,23.0,245.0,0,0,Regular,0.0
4692,4,2,4754.51,5,2.0,6.5,740.0,2,2,VIP,51.545100000000005
4693,70,1,164.45,4,4.5,9.5,1131.5,2,3,New Customer,3.6445
4694,125,1,276.81,1,3.0,14.0,651.0,1,3,New Customer,4.7681000000000004
4695,112,0,0.0,4,4.0,10.0,1128.6666666666667,2,0,Regular,0.0
4696,36,0,0.0,5,4.0,10.5,488.0,1,0,Regular,0.0
4697,197,0,0.0,6,4.0,12.5,977.5,2,4,Lost,0.0
4698,13,0,0.0,10,4.0,11.5,808.75,3,0,Regular,0.0
4699,46,0,0.0,6,4.0,4.5,478.0,0,0,Regular,0.0
4700,134,0,0.0,4,4.0,5.0,444.0,1,0,Regular,0.0
4701,152,0,0.0,6,4.0,10.5,1195.0,1,4,Lost,0.0
4702,41,0,0.0,1,4.0,13.0,1648.0,0,0,Regular,0.0
4703,65,1,1713.57,15,3.8,8.0,681.6,3,3,New Customer,19.1357
4704,20,1,2722.9,14,4.0,9.8,612.8,3,3,New Customer,29.229
4705,70,1,2530.89,4,3.5,14.0,529.0,2,3,New Customer,27.308899999999998
4706,114,1,1093.93,11,3.75,20.75,826.0,2,3,New Customer,12.939300000000001
4707,117,1,1013.44,15,4.0,15.2,770.4,3,3,New Customer,12.134400000000001
4708,114,0,0.0,1,4.0,5.0,1743.0,0,0,Regular,0.0
4709,8,1,2622.78,6,3.5,6.0,988.0,2,3,New Customer,28.227800000000002
4710,12,1,794.66,8,4.0,7.0,628.0,2,3,New Customer,9.9466
4711,15,1,244.78,7,4.0,13.666666666666666,1269.6666666666667,2,3,New Customer,4.4478
4712,89,0,0.0,3,4.0,20.5,1208.0,1,0,Regular,0.0
4713,83,0,0.0,3,4.0,13.5,1152.0,0,0,Regular,0.0
4714,13,2,4254.76,4,4.5,2.5,1484.5,2,2,VIP,46.5476
4715,38,0,0.0,3,4.0,15.5,1080.0,1,0,Regular,0.0
4716,152,2,1149.72,10,3.25,15.25,1050.25,3,1,At Risk,15.4972
4717,201,0,0.0,8,4.0,11.666666666666666,1149.6666666666667,1,4,Lost,0.0
4718,246,0,0.0,4,4.0,17.5,467.5,0,4,Lost,0.0
4719,6,0,0.0,12,4.0,15.75,986.25,1,0,Regular,0.0
4720,154,1,858.28,4,3.0,19.0,1531.0,1,1,At Risk,10.582799999999999
4721,60,2,4242.63,18,4.2,10.2,796.2,4,2,VIP,46.4263
4722,0,0,0.0,11,4.0,6.5,1156.5,0,0,Regular,0.0
4723,24,0,0.0,9,4.0,11.0,1146.25,1,0,Regular,0.0
4724,97,0,0.0,18,4.0,13.666666666666666,823.1666666666666,3,0,Regular,0.0
4725,123,2,6865.23,12,3.6,13.2,1197.2,4,2,VIP,72.6523
4726,20,1,1633.54,2,2.0,7.0,725.0,1,3,New Customer,18.3354
4727,237,1,998.24,8,4.5,9.5,1151.5,1,1,At Risk,11.9824
4728,65,1,6321.76,12,4.0,8.5,761.25,1,2,VIP,65.2176
4729,2,0,0.0,9,4.0,13.0,917.0,1,0,Regular,0.0
4730,145,1,902.54,4,4.0,4.0,838.5,2,1,At Risk,11.0254
4731,258,1,1767.68,4,5.0,23.0,242.0,1,1,At Risk,19.6768
4732,11,1,1245.51,13,3.75,12.0,1056.25,2,3,New Customer,14.4551
4733,95,1,2331.11,7,3.5,15.75,1305.0,4,3,New Customer,25.3111
4734,101,0,0.0,9,4.0,14.0,971.6666666666666,0,0,Regular,0.0
4735,16,1,1084.0,12,4.0,14.6,1106.0,3,3,New Customer,12.84
4736,91,0,0.0,5,4.0,8.333333333333334,977.3333333333334,1,0,Regular,0.0
4737,229,0,0.0,3,4.0,11.5,654.5,1,4,Lost,0.0
4738,109,0,0.0,10,4.0,18.0,465.6666666666667,3,0,Regular,0.0
4739,70,0,0.0,6,4.0,12.333333333333334,571.0,2,0,Regular,0.0
4740,13,1,1905.8,10,3.0,11.666666666666666,537.6666666666666,2,3,New Customer,21.058
4741,108,1,2471.74,7,3.6666666666666665,8.333333333333334,674.3333333333334,2,3,New Customer,26.717399999999998
4742,75,0,0.0,12,4.0,14.75,1069.75,1,0,Regular,0.0
4743,243,0,0.0,9,4.0,12.0,1282.0,3,4,Lost,0.0
4744,48,1,1725.16,4,3.5,15.0,1642.0,1,3,New Customer,19.2516
4745,101,1,183.36,12,4.0,11.5,778.5,4,3,New Customer,3.8336
4746,65,0,0.0,7,4.0,10.0,1184.6666666666667,3,0,Regular,0.0
4747,48,2,2332.3900000000003,7,3.6666666666666665,13.666666666666666,1040.3333333333333,2,3,New Customer,27.323900000000002
4748,183,0,0.0,1,4.0,1.0,1766.0,1,4,Lost,0.0
4749,105,2,1955.46,13,3.2857142857142856,13.285714285714286,794.1428571428571,6,3,New Customer,23.5546
4750,1,1,4305.24,7,4.333333333333333,5.666666666666667,1137.3333333333333,2,3,New Customer,45.0524
4751,0,0,0.0,13,4.0,10.0,438.4,2,0,Regular,0.0
4752,46,1,2768.64,11,4.0,11.5,1475.25,1,3,New Customer,29.6864
4753,41,1,3126.12,10,3.75,8.5,1193.75,3,3,New Customer,33.2612
4754,142,0,0.0,4,4.0,12.0,677.5,1,0,Regular,0.0
4755,9,0,0.0,10,4.0,9.666666666666666,972.6666666666666,2,0,Regular,0.0
4756,185,0,0.0,5,4.0,10.5,1510.0,2,4,Lost,0.0
4757,102,0,0.0,6,4.0,15.25,836.5,1,0,Regular,0.0
4758,44,0,0.0,5,4.0,5.5,1064.5,1,0,Regular,0.0
4759,113,0,0.0,9,4.0,10.5,858.25,2,0,Regular,0.0
4760,45,0,0.0,3,4.0,13.0,1137.5,2,0,Regular,0.0
4761,330,0,0.0,3,4.0,24.0,1159.0,0,4,Lost,0.0
4762,109,0,0.0,2,4.0,2.0,999.0,1,0,Regular,0.0
4763,322,0,0.0,1,4.0,4.0,1225.0,1,4,Lost,0.0
4764,42,1,751.09,8,4.0,10.5,893.0,1,3,New Customer,9.5109
4765,68,0,0.0,17,4.0,16.0,781.8,3,0,Regular,0.0
4766,10,2,885.63,16,3.5,10.833333333333334,1144.5,4,3,New Customer,12.8563
4767,42,0,0.0,6,4.0,14.666666666666666,1253.0,0,0,Regular,0.0
4768,210,0,0.0,4,4.0,17.0,782.5,1,4,Lost,0.0
4769,35,0,0.0,16,4.0,9.833333333333334,811.5,4,0,Regular,0.0
4770,125,2,942.8,7,4.333333333333333,14.0,585.3333333333334,2,3,New Customer,13.427999999999999
4771,324,0,0.0,4,4.0,15.0,1458.0,0,4,Lost,0.0
4772,101,0,0.0,4,4.0,4.0,841.0,1,0,Regular,0.0
4773,24,0,0.0,14,4.0,11.2,535.2,5,0,Regular,0.0
4774,89,1,786.74,7,4.0,5.0,1000.0,1,3,New Customer,9.8674
4775,149,0,0.0,1,4.0,7.0,280.0,1,0,Regular,0.0
4776,108,0,0.0,5,4.0,12.0,621.5,2,0,Regular,0.0
4777,80,0,0.0,9,4.0,11.8,1189.0,2,0,Regular,0.0
4778,287,0,0.0,2,4.0,1.0,1556.0,1,4,Lost,0.0
4779,168,0,0.0,11,4.0,8.75,1318.5,1,4,Lost,0.0
4780,31,2,3309.3,9,3.5,14.0,828.0,4,2,VIP,37.093
4781,6,0,0.0,10,4.0,14.6,1202.2,1,0,Regular,0.0
4783,297,0,0.0,5,4.0,13.0,1059.0,1,4,Lost,0.0
4784,132,0,0.0,8,4.0,16.666666666666668,703.3333333333334,2,0,Regular,0.0
4785,295,0,0.0,1,4.0,9.0,737.0,0,4,Lost,0.0
4786,156,3,5536.85,16,3.3333333333333335,10.333333333333334,1034.3333333333333,3,2,VIP,61.368500000000004
4787,10,1,7657.8,7,3.6666666666666665,18.666666666666668,1055.0,2,2,VIP,78.578
4788,29,0,0.0,12,4.0,14.25,1209.75,3,0,Regular,0.0
4789,15,1,273.35,3,4.5,7.5,866.0,1,3,New Customer,4.7335
4790,199,0,0.0,8,4.0,8.666666666666666,310.6666666666667,1,4,Lost,0.0
4791,159,0,0.0,7,4.0,14.0,474.0,3,4,Lost,0.0
4792,204,0,0.0,3,4.0,5.0,653.0,1,4,Lost,0.0
4793,141,0,0.0,2,4.0,6.5,695.5,1,0,Regular,0.0
4794,139,0,0.0,9,4.0,12.0,1041.0,3,0,Regular,0.0
4795,32,0,0.0,2,4.0,17.5,1479.0,1,0,Regular,0.0
4796,78,1,735.32,6,4.25,12.5,1568.5,1,3,New Customer,9.353200000000001
4797,221,1,1116.86,5,3.3333333333333335,15.333333333333334,447.6666666666667,2,1,At Risk,13.1686
4798,52,2,9076.93,11,3.3333333333333335,8.666666666666666,691.3333333333334,3,2,VIP,94.7693
4799,19,0,0.0,14,4.0,15.75,1254.75,2,0,Regular,0.0
4800,122,1,1995.76,4,3.0,8.5,489.5,1,3,New Customer,21.9576
4801,160,0,0.0,6,4.0,8.333333333333334,943.3333333333334,2,4,Lost,0.0
4802,43,0,0.0,4,4.0,6.5,813.5,0,0,Regular,0.0
4803,229,0,0.0,2,4.0,18.0,902.5,1,4,Lost,0.0
4804,134,2,1535.82,13,3.4,11.2,601.4,4,3,New Customer,19.3582
4805,41,1,792.16,19,4.0,12.666666666666666,880.5,5,3,New Customer,9.9216
4806,72,0,0.0,6,4.0,12.0,989.3333333333334,0,0,Regular,0.0
4807,348,0,0.0,2,4.0,11.0,203.0,1,4,Lost,0.0
4809,185,1,3851.35,12,4.25,8.75,991.5,3,1,At Risk,40.5135
4810,164,2,1880.1,9,3.6666666666666665,12.0,870.3333333333334,3,1,At Risk,22.801
4811,67,1,1429.28,9,4.0,17.25,761.75,4,3,New Customer,16.2928
4812,48,0,0.0,9,4.0,12.666666666666666,489.6666666666667,2,0,Regular,0.0
4813,3,1,3862.44,10,4.25,6.75,1237.25,2,3,New Customer,40.6244
4814,220,1,1264.95,5,3.0,12.0,704.5,2,1,At Risk,14.6495
4815,97,0,0.0,12,4.0,13.0,1098.25,3,0,Regular,0.0
4816,221,1,6170.93,9,3.6666666666666665,18.0,867.0,2,2,VIP,63.709300000000006
4817,182,0,0.0,1,4.0,22.0,634.0,0,4,Lost,0.0
4818,15,4,6372.86,18,3.8333333333333335,7.166666666666667,906.5,4,2,VIP,71.7286
4819,24,1,1279.72,12,3.8,7.6,1026.6,3,3,New Customer,14.7972
4820,105,1,2950.38,5,4.0,15.0,1195.0,2,3,New Customer,31.503800000000002
4821,95,1,1836.24,4,5.0,20.0,1685.0,1,3,New Customer,20.3624
4822,122,2,8346.199999999999,11,4.25,17.0,738.75,3,2,VIP,87.46199999999999
4823,0,0,0.0,5,4.0,13.0,1679.0,2,0,Regular,0.0
4824,87,0,0.0,6,4.0,14.666666666666666,1144.6666666666667,2,0,Regular,0.0
4825,56,2,1490.6,10,4.0,13.0,776.6666666666666,2,3,New Customer,18.906
4826,145,0,0.0,7,4.0,7.0,1565.5,1,0,Regular,0.0
4827,43,1,2221.98,8,4.333333333333333,9.333333333333334,628.6666666666666,3,3,New Customer,24.2198
4828,0,0,0.0,11,4.0,11.833333333333334,523.0,4,0,Regular,0.0
4829,14,1,568.17,8,4.0,5.333333333333333,1434.0,2,3,New Customer,7.681699999999999
4830,37,2,1547.7,16,3.8,13.2,306.4,4,3,New Customer,19.477
4831,23,0,0.0,6,4.0,16.666666666666668,1085.3333333333333,1,0,Regular,0.0
4832,220,2,1990.24,8,4.0,7.333333333333333,817.6666666666666,2,1,At Risk,23.9024
4833,5,3,3596.5999999999995,11,4.0,7.25,1128.25,3,2,VIP,41.965999999999994
4834,261,0,0.0,2,4.0,14.0,1482.0,1,4,Lost,0.0
4835,53,0,0.0,5,4.0,6.5,806.0,0,0,Regular,0.0
4836,48,2,666.77,7,2.3333333333333335,21.333333333333332,923.0,2,3,New Customer,10.6677
4837,33,0,0.0,4,4.0,5.0,670.0,0,0,Regular,0.0
4839,276,0,0.0,6,4.0,16.5,1017.0,0,4,Lost,0.0
4840,14,0,0.0,7,4.0,13.5,941.5,0,0,Regular,0.0
4841,12,2,2304.5699999999997,5,2.6666666666666665,11.333333333333334,797.0,3,3,New Customer,27.045699999999997
4842,15,1,676.41,6,4.0,11.0,1291.5,1,3,New Customer,8.7641
4843,233,0,0.0,4,4.0,13.0,497.0,0,4,Lost,0.0
4844,14,0,0.0,3,4.0,22.0,1525.0,0,0,Regular,0.0
4846,42,2,4914.88,11,4.25,20.0,823.0,4,2,VIP,53.1488
4847,147,1,4287.6,6,3.5,7.0,139.5,2,1,At Risk,44.876000000000005
4848,318,0,0.0,3,4.0,15.0,838.0,0,4,Lost,0.0
4849,108,0,0.0,4,4.0,11.5,467.0,2,0,Regular,0.0
4850,115,1,1923.75,17,3.5,16.833333333333332,843.5,3,3,New Customer,21.2375
4851,57,2,2957.42,14,3.8,10.2,781.8,4,3,New Customer,33.574200000000005
4852,46,1,1511.68,6,3.5,14.0,244.5,2,3,New Customer,17.1168
4853,25,1,1440.87,15,4.0,10.333333333333334,895.8333333333334,3,3,New Customer,16.4087
4854,60,1,1240.29,11,3.8,15.4,657.2,3,3,New Customer,14.402899999999999
4855,38,0,0.0,14,4.0,12.2,801.4,5,0,Regular,0.0
4856,11,1,1059.04,14,3.8,10.4,639.2,3,3,New Customer,12.590399999999999
4857,47,1,5463.21,11,4.0,18.75,942.75,1,2,VIP,56.6321
4858,34,1,404.22,9,4.0,8.5,623.5,2,3,New Customer,6.0422
4860,246,1,1047.66,1,5.0,23.0,238.0,1,1,At Risk,12.476600000000001
4861,147,2,2796.2,13,4.25,19.25,850.25,4,1,At Risk,31.962
4862,74,1,488.26,7,4.0,14.0,1072.75,3,3,New Customer,6.8826
4863,138,2,4157.91,9,4.25,7.5,1032.25,3,2,VIP,45.5791
4864,29,2,2406.74,13,3.3333333333333335,15.5,1282.3333333333333,2,3,New Customer,28.0674
4865,167,1,1068.18,3,5.0,5.0,506.0,1,1,At Risk,12.6818
4866,175,2,6544.44,7,4.333333333333333,7.0,1030.6666666666667,3,2,VIP,69.4444
4867,140,0,0.0,1,4.0,22.0,972.0,0,0,Regular,0.0
4868,0,0,0.0,6,4.0,9.333333333333334,579.0,2,0,Regular,0.0
4869,151,1,2169.25,13,4.0,12.75,911.0,2,1,At Risk,23.6925
4870,218,1,898.68,1,5.0,19.0,1751.0,1,1,At Risk,10.986799999999999
4871,34,0,0.0,5,4.0,18.5,820.0,1,0,Regular,0.0
4873,192,0,0.0,3,4.0,8.0,1554.0,0,4,Lost,0.0
4874,60,0,0.0,7,4.0,10.5,774.5,1,0,Regular,0.0
4875,19,1,2180.9,8,3.5,12.25,819.75,3,3,New Customer,23.809
4876,131,2,1527.08,7,2.3333333333333335,8.333333333333334,1494.6666666666667,3,3,New Customer,19.2708
4877,186,1,2775.81,5,4.333333333333333,14.666666666666666,536.0,1,1,At Risk,29.7581
4878,127,0,0.0,4,4.0,9.5,637.0,1,0,Regular,0.0
4879,111,2,8158.59,10,4.5,10.5,1032.5,3,2,VIP,85.5859
4880,85,0,0.0,1,4.0,9.0,570.0,0,0,Regular,0.0
4881,37,0,0.0,14,4.0,12.0,757.2,2,0,Regular,0.0
4882,13,1,1967.73,10,4.0,14.75,1094.25,3,3,New Customer,21.6773
4883,101,2,2364.35,3,4.5,4.5,321.0,2,3,New Customer,27.6435
4884,67,4,3392.8900000000003,15,3.8333333333333335,12.166666666666666,544.8333333333334,5,2,VIP,41.928900000000006
4886,91,2,1225.46,14,4.0,18.5,959.25,3,3,New Customer,16.2546
4887,0,2,3840.1899999999996,13,3.8333333333333335,14.5,768.8333333333334,4,2,VIP,42.4019
4888,54,0,0.0,11,4.0,9.0,518.75,3,0,Regular,0.0
4889,35,0,0.0,3,4.0,21.0,1684.0,0,0,Regular,0.0
4890,2,1,568.79,8,4.0,11.0,795.75,3,3,New Customer,7.6879
4891,64,1,1709.76,8,4.5,9.5,886.0,2,3,New Customer,19.0976
4892,110,1,1010.33,3,3.3333333333333335,18.666666666666668,942.0,3,3,New Customer,12.1033
4893,268,0,0.0,2,4.0,20.0,1684.0,1,4,Lost,0.0
4895,316,0,0.0,2,4.0,7.0,1150.0,0,4,Lost,0.0
4896,7,1,1024.17,12,4.0,13.75,1012.5,3,3,New Customer,12.241700000000002
4897,92,1,551.66,7,4.0,13.0,696.6666666666666,2,3,New Customer,7.5165999999999995
4898,108,0,0.0,9,4.0,9.666666666666666,972.0,2,0,Regular,0.0
4899,78,1,600.81,1,4.0,9.0,1563.0,1,3,New Customer,8.008099999999999
4900,45,2,1777.66,6,4.333333333333333,9.0,969.6666666666666,3,3,New Customer,21.776600000000002
4901,188,1,3558.64,8,2.5,14.0,127.0,2,1,At Risk,37.5864
4902,160,0,0.0,13,4.0,16.666666666666668,565.3333333333334,4,4,Lost,0.0
4903,68,2,4042.13,14,3.4,16.0,941.8,3,2,VIP,44.4213
4904,39,1,1223.08,7,3.3333333333333335,17.333333333333332,758.6666666666666,2,3,New Customer,14.230799999999999
4905,5,0,0.0,4,4.0,14.0,864.25,3,0,Regular,0.0
4906,6,2,1877.35,10,3.75,14.75,837.5,3,3,New Customer,22.7735
4907,207,1,1197.76,5,2.5,14.0,1700.5,2,1,At Risk,13.9776
4908,51,3,1773.8400000000001,4,3.5,11.5,606.25,3,2,VIP,23.738400000000002
4909,11,0,0.0,11,4.0,16.0,984.75,2,0,Regular,0.0
4910,8,1,1676.0,4,4.333333333333333,13.333333333333334,678.3333333333334,3,3,New Customer,18.76
4911,55,0,0.0,12,4.0,9.5,1104.75,2,0,Regular,0.0
4912,11,2,5631.179999999999,20,4.142857142857143,11.857142857142858,854.2857142857143,4,2,VIP,60.31179999999999
4913,20,0,0.0,4,4.0,10.5,1275.5,2,0,Regular,0.0
4914,141,0,0.0,10,4.0,17.25,468.25,2,0,Regular,0.0
4915,60,2,3262.0,11,3.4,10.0,991.6,3,2,VIP,36.62
4916,19,0,0.0,5,4.0,11.5,915.5,1,0,Regular,0.0
4917,241,0,0.0,7,4.0,10.0,710.5,1,4,Lost,0.0
4918,20,0,0.0,9,4.0,9.666666666666666,645.3333333333334,1,0,Regular,0.0
4919,23,0,0.0,5,4.0,5.0,683.5,1,0,Regular,0.0
4920,12,1,1679.13,4,3.5,17.5,920.5,1,3,New Customer,18.7913
4921,159,0,0.0,4,4.0,7.333333333333333,794.0,2,4,Lost,0.0
4922,321,1,483.1,1,3.0,22.0,1285.0,1,1,At Risk,6.831
4923,122,0,0.0,3,4.0,22.0,718.5,1,0,Regular,0.0
4924,108,0,0.0,9,4.0,9.0,1026.3333333333333,1,0,Regular,0.0
4925,49,1,484.65,7,4.0,16.5,1064.5,1,3,New Customer,6.8465
4926,143,0,0.0,10,4.0,7.0,623.6666666666666,2,0,Regular,0.0
4927,7,2,3224.07,10,3.6,7.2,1016.8,3,2,VIP,36.240700000000004
4928,140,0,0.0,3,4.0,18.0,299.0,0,0,Regular,0.0
4929,124,1,687.46,12,3.4,10.4,1092.8,3,3,New Customer,8.874600000000001
4930,48,1,2446.4,16,4.25,7.0,663.75,2,3,New Customer,26.464000000000002
4931,44,0,0.0,2,4.0,16.5,1579.0,1,0,Regular,0.0
4932,64,0,0.0,11,4.0,10.75,790.75,1,0,Regular,0.0
4933,64,1,2719.84,18,4.166666666666667,12.0,900.3333333333334,3,3,New Customer,29.198400000000003
4934,271,0,0.0,4,4.0,6.0,1620.0,0,4,Lost,0.0
4935,257,0,0.0,4,4.0,13.0,36.0,1,4,Lost,0.0
4936,63,0,0.0,10,4.0,16.25,998.0,3,0,Regular,0.0
4937,240,1,3209.76,7,4.0,16.0,802.5,2,1,At Risk,34.0976
4938,194,1,1386.1,6,4.0,5.0,1097.0,3,1,At Risk,15.860999999999999
4939,20,2,6339.5,7,4.666666666666667,8.666666666666666,948.0,2,2,VIP,67.39500000000001
4940,85,1,1604.26,18,4.142857142857143,13.571428571428571,943.1428571428571,6,3,New Customer,18.0426
4941,68,2,1640.37,7,4.5,12.5,596.25,4,3,New Customer,20.4037
4942,326,0,0.0,2,4.0,17.0,1605.0,1,4,Lost,0.0
4943,10,1,2549.12,16,3.6,10.8,1204.2,2,3,New Customer,27.4912
4944,10,2,1870.42,4,2.3333333333333335,8.666666666666666,767.3333333333334,2,3,New Customer,22.7042
4945,49,0,0.0,12,4.0,16.25,879.5,4,0,Regular,0.0
4946,101,0,0.0,7,4.0,17.5,990.0,1,0,Regular,0.0
4948,52,0,0.0,12,4.0,10.4,1332.8,2,0,Regular,0.0
4949,19,2,8753.49,11,4.0,12.5,1059.25,3,2,VIP,91.5349
4950,20,2,5362.47,5,5.0,10.0,1196.5,2,2,VIP,57.624700000000004
4951,84,0,0.0,6,4.0,21.5,915.5,1,0,Regular,0.0
4952,13,1,1834.4,10,3.6,11.8,958.8,5,3,New Customer,20.344
4953,16,1,3283.82,8,4.25,14.25,1294.5,2,3,New Customer,34.8382
4954,37,0,0.0,9,4.0,7.5,573.25,3,0,Regular,0.0
4955,102,0,0.0,6,4.0,10.5,1153.5,1,0,Regular,0.0
4956,108,1,1199.66,8,3.3333333333333335,10.333333333333334,1424.6666666666667,2,3,New Customer,13.9966
4957,169,0,0.0,7,4.0,11.666666666666666,1018.0,1,4,Lost,0.0
4958,57,0,0.0,9,4.0,9.75,859.25,3,0,Regular,0.0
4959,33,2,7128.1900000000005,9,2.6666666666666665,11.666666666666666,990.3333333333334,2,2,VIP,75.28190000000001
4960,18,2,2946.5,13,3.4,19.0,967.4,4,3,New Customer,33.465
4961,76,0,0.0,4,4.0,24.0,141.0,1,0,Regular,0.0
4962,1,0,0.0,12,4.0,13.333333333333334,1111.3333333333333,4,0,Regular,0.0
4963,263,0,0.0,2,4.0,16.0,1565.0,0,4,Lost,0.0
4964,42,1,772.32,9,3.6666666666666665,11.333333333333334,930.3333333333334,2,3,New Customer,9.7232
4965,136,1,5348.71,10,4.25,12.75,1208.75,3,2,VIP,55.4871
4966,22,0,0.0,8,4.0,14.0,1559.5,1,0,Regular,0.0
4967,352,0,0.0,4,4.0,12.0,1225.0,0,4,Lost,0.0
4968,30,0,0.0,15,4.0,9.4,552.8,4,0,Regular,0.0
4969,133,0,0.0,10,4.0,8.666666666666666,1179.6666666666667,2,0,Regular,0.0
4970,17,0,0.0,12,4.0,17.2,723.6,4,0,Regular,0.0
4971,261,0,0.0,2,4.0,24.0,1627.0,1,4,Lost,0.0
4972,269,1,150.38,3,5.0,22.0,1779.0,1,1,At Risk,3.5038
4973,18,0,0.0,12,4.0,11.5,869.75,2,0,Regular,0.0
4974,92,0,0.0,5,4.0,4.5,378.0,1,0,Regular,0.0
4975,95,0,0.0,7,4.0,16.0,583.5,2,0,Regular,0.0
4976,35,0,0.0,4,4.0,23.0,188.0,0,0,Regular,0.0
4977,191,0,0.0,1,4.0,24.0,1383.0,0,4,Lost,0.0
4978,158,0,0.0,9,4.0,16.0,1560.6666666666667,1,4,Lost,0.0
4979,257,0,0.0,1,4.0,5.0,527.0,1,4,Lost,0.0
4980,111,1,1369.58,4,4.5,12.5,449.5,1,3,New Customer,15.695799999999998
4981,5,1,458.07,1,3.0,23.0,1710.0,1,3,New Customer,6.5807
4982,109,1,3112.16,8,4.0,18.5,1356.0,2,3,New Customer,33.1216
4983,135,1,79.71,12,4.0,15.666666666666666,510.0,5,3,New Customer,2.7971
4984,2,2,5128.49,9,3.0,21.333333333333332,1032.0,3,2,VIP,55.2849
4985,112,1,1006.89,10,3.75,15.5,1059.75,3,3,New Customer,12.0689
4986,114,2,6459.74,6,2.5,19.0,772.5,2,2,VIP,68.5974
4987,236,0,0.0,2,4.0,8.0,587.0,0,4,Lost,0.0
4988,61,0,0.0,6,4.0,11.666666666666666,693.0,1,0,Regular,0.0
4989,84,0,0.0,5,4.0,17.0,1192.0,1,0,Regular,0.0
4990,179,0,0.0,1,4.0,1.0,1503.0,1,4,Lost,0.0
4991,124,0,0.0,5,4.0,19.0,238.0,1,0,Regular,0.0
4992,40,0,0.0,2,4.0,9.0,644.0,1,0,Regular,0.0
4993,118,1,3796.27,18,3.857142857142857,12.142857142857142,707.2857142857143,4,3,New Customer,39.9627
4995,14,1,1183.12,5,3.75,8.5,986.75,3,3,New Customer,13.831199999999999
4996,248,0,0.0,3,4.0,10.0,857.0,0,4,Lost,0.0
4998,111,1,1850.24,5,4.0,2.5,889.0,2,3,New Customer,20.5024
4999,19,1,3064.19,14,3.6,20.0,1099.2,4,3,New Customer,32.6419
5000,158,0,0.0,3,4.0,11.0,899.0,1,4,Lost,0.0
5001,22,1,1028.84,8,4.333333333333333,21.333333333333332,1365.3333333333333,1,3,New Customer,12.2884
5002,184,0,0.0,3,4.0,20.0,649.0,0,4,Lost,0.0
5003,59,0,0.0,16,4.0,11.0,874.8,3,0,Regular,0.0
5004,2,2,8443.94,13,3.5,17.25,1207.25,4,2,VIP,88.4394
5005,142,0,0.0,9,4.0,12.333333333333334,574.6666666666666,2,0,Regular,0.0
5006,62,0,0.0,11,4.0,16.0,1004.75,2,0,Regular,0.0
5008,128,0,0.0,5,4.0,9.666666666666666,1338.6666666666667,2,0,Regular,0.0
5009,43,0,0.0,8,4.0,13.333333333333334,789.6666666666666,0,0,Regular,0.0
5010,112,2,4216.62,5,2.5,21.0,1190.5,2,2,VIP,46.166199999999996
5011,17,0,0.0,7,4.0,9.0,669.3333333333334,3,0,Regular,0.0
5012,2,1,333.74,4,4.0,11.5,1238.0,2,3,New Customer,5.337400000000001
5013,65,2,4122.15,10,4.0,8.666666666666666,923.6666666666666,3,2,VIP,45.2215
5014,68,1,152.16,7,4.25,12.0,800.0,2,3,New Customer,3.5216000000000003
5015,94,1,529.96,6,4.5,18.5,920.0,2,3,New Customer,7.299600000000001
5016,199,0,0.0,10,4.0,9.333333333333334,1119.6666666666667,1,4,Lost,0.0
5017,26,0,0.0,4,4.0,17.5,449.5,1,0,Regular,0.0
5018,13,2,4148.030000000001,18,4.0,12.166666666666666,715.0,5,2,VIP,45.48030000000001
5020,82,0,0.0,15,4.0,18.6,1063.0,2,0,Regular,0.0
5021,4,0,0.0,1,4.0,19.0,1095.0,1,0,Regular,0.0
5022,11,1,474.8,18,4.0,12.25,1322.5,4,3,New Customer,6.748
5023,111,0,0.0,7,4.0,5.5,896.5,1,0,Regular,0.0
5024,46,0,0.0,10,4.0,14.2,1211.8,3,0,Regular,0.0
5025,119,0,0.0,6,4.0,17.5,320.5,1,0,Regular,0.0
5026,46,2,2539.03,9,3.3333333333333335,14.333333333333334,772.6666666666666,3,3,New Customer,29.390300000000003
5027,52,0,0.0,5,4.0,22.5,524.0,0,0,Regular,0.0
5028,41,1,2863.78,9,4.0,8.25,902.5,4,3,New Customer,30.637800000000002
5030,117,1,2261.92,5,3.0,11.5,402.5,2,3,New Customer,24.6192
5031,23,0,0.0,3,4.0,18.0,1386.5,2,0,Regular,0.0
5032,19,2,5641.2699999999995,5,3.5,8.0,241.0,2,2,VIP,60.412699999999994
5033,80,1,868.47,13,3.8333333333333335,11.5,842.1666666666666,3,3,New Customer,10.6847
5034,59,1,784.35,15,4.2,8.2,1325.8,4,3,New Customer,9.8435
5035,363,0,0.0,4,4.0,9.0,1130.0,1,4,Lost,0.0
5036,11,0,0.0,7,4.0,6.5,785.0,2,0,Regular,0.0
5037,4,2,1138.6,12,4.0,10.333333333333334,643.5,4,3,New Customer,15.386
5038,13,2,2512.57,16,3.888888888888889,13.88888888888889,1152.5555555555557,6,3,New Customer,29.125700000000002
5039,291,1,5867.1,3,4.0,2.0,1534.0,1,1,At Risk,60.67100000000001
5040,108,0,0.0,11,4.0,8.0,896.3333333333334,1,0,Regular,0.0
5041,7,0,0.0,13,4.0,10.5,551.25,1,0,Regular,0.0
5043,41,0,0.0,17,4.0,18.8,896.0,3,0,Regular,0.0
5044,7,0,0.0,10,4.0,12.75,772.25,3,0,Regular,0.0
5045,200,1,1715.42,11,3.5,11.5,1375.75,4,1,At Risk,19.1542
5046,130,1,3983.36,5,4.5,16.0,882.0,1,1,At Risk,41.833600000000004
5047,231,1,2393.85,4,1.0,13.0,235.0,1,1,At Risk,25.938499999999998
5048,217,2,3428.31,4,3.0,23.5,1008.5,2,1,At Risk,38.2831
5049,267,0,0.0,1,4.0,5.0,1020.0,1,4,Lost,0.0
5050,261,1,2751.56,4,5.0,9.0,1153.0,1,1,At Risk,29.5156
5051,29,0,0.0,1,4.0,24.0,295.0,0,0,Regular,0.0
5053,28,0,0.0,18,4.0,18.857142857142858,1052.0,5,0,Regular,0.0
5054,28,1,335.14,11,4.25,13.25,984.25,4,3,New Customer,5.3514
5055,308,1,356.62,4,4.0,14.0,765.0,1,1,At Risk,5.5662
5056,91,1,1225.19,7,4.5,13.5,902.0,1,3,New Customer,14.251900000000001
5057,5,0,0.0,15,4.0,11.4,648.2,2,0,Regular,0.0
5058,8,0,0.0,9,4.0,12.666666666666666,859.0,2,0,Regular,0.0
5059,22,3,3399.3100000000004,15,3.6,7.8,942.6,5,2,VIP,39.993100000000005
5060,17,1,5304.18,9,3.75,10.75,764.75,3,2,VIP,55.0418
5061,64,1,1104.81,7,4.0,13.0,1017.0,1,3,New Customer,13.0481
5062,20,0,0.0,7,4.0,6.0,671.3333333333334,0,0,Regular,0.0
5063,112,0,0.0,10,4.0,6.5,910.25,2,0,Regular,0.0
5064,33,1,685.66,7,3.3333333333333335,9.333333333333334,822.3333333333334,2,3,New Customer,8.8566
5065,25,0,0.0,7,4.0,12.333333333333334,1105.0,1,0,Regular,0.0
5066,120,1,6746.0,5,3.5,1.0,1439.0,2,2,VIP,69.46
5067,119,1,1183.0,3,4.0,16.5,808.5,2,3,New Customer,13.83
5068,79,0,0.0,4,4.0,10.0,1700.0,1,0,Regular,0.0
5069,117,1,1020.28,18,4.166666666666667,12.833333333333334,1273.0,4,3,New Customer,12.2028
5070,233,0,0.0,3,4.0,17.0,1124.5,2,4,Lost,0.0
5071,85,1,1725.08,9,3.25,18.0,949.5,2,3,New Customer,19.250799999999998
5072,117,0,0.0,9,4.0,14.0,421.0,3,0,Regular,0.0
5073,113,0,0.0,3,4.0,15.0,1018.5,1,0,Regular,0.0
5074,150,1,105.26,2,4.0,17.0,1111.0,1,1,At Risk,3.0526
5075,91,1,1648.8,11,3.6,16.2,762.2,4,3,New Customer,18.488
5076,113,0,0.0,2,4.0,1.0,349.0,1,0,Regular,0.0
5077,10,0,0.0,4,4.0,5.0,746.0,0,0,Regular,0.0
5078,75,0,0.0,2,4.0,18.0,1635.0,1,0,Regular,0.0
5079,33,2,1421.5500000000002,18,4.0,10.75,815.25,7,3,New Customer,18.215500000000002
5081,226,1,2189.33,3,5.0,3.0,614.0,1,1,At Risk,23.8933
5082,252,2,2299.04,5,4.0,12.666666666666666,485.3333333333333,3,1,At Risk,26.9904
5083,308,1,286.18,1,3.0,1.0,400.0,1,1,At Risk,4.861800000000001
5084,33,0,0.0,5,4.0,7.333333333333333,757.0,3,0,Regular,0.0
5085,59,0,0.0,4,4.0,18.0,946.5,1,0,Regular,0.0
5086,116,0,0.0,4,4.0,20.5,971.5,1,0,Regular,0.0
5087,4,1,2965.56,9,4.25,13.25,628.0,2,3,New Customer,31.6556
5088,149,1,1046.38,14,3.8333333333333335,12.0,742.3333333333334,2,1,At Risk,12.4638
5089,0,0,0.0,18,4.0,8.166666666666666,1100.3333333333333,3,0,Regular,0.0
5090,275,1,1895.4,2,2.0,14.0,510.0,1,1,At Risk,20.954
5091,108,1,912.44,11,3.6666666666666665,16.166666666666668,1060.8333333333333,5,3,New Customer,11.124400000000001
5092,105,2,5768.9,19,3.6666666666666665,12.833333333333334,791.6666666666666,3,2,VIP,61.68899999999999
5093,129,1,4636.12,11,4.0,13.75,599.25,2,2,VIP,48.3612
5094,20,0,0.0,7,4.0,11.0,1640.25,4,0,Regular,0.0
5095,116,0,0.0,7,4.0,20.0,800.5,0,0,Regular,0.0
5096,267,0,0.0,6,4.0,12.5,1285.5,2,4,Lost,0.0
5097,25,0,0.0,7,4.0,17.75,1232.75,3,0,Regular,0.0
5098,103,1,757.4,6,4.333333333333333,13.0,866.0,2,3,New Customer,9.574
5099,54,0,0.0,6,4.0,11.666666666666666,370.0,1,0,Regular,0.0
5100,230,0,0.0,14,4.0,15.5,478.25,3,4,Lost,0.0
5101,25,0,0.0,10,4.0,11.0,1352.3333333333333,0,0,Regular,0.0
5102,334,0,0.0,1,4.0,9.0,55.0,1,4,Lost,0.0
5103,33,1,285.07,7,3.75,12.25,641.25,2,3,New Customer,4.8507
5104,97,0,0.0,2,4.0,4.0,1687.0,0,0,Regular,0.0
5105,21,1,407.7,5,4.0,11.5,1092.0,3,3,New Customer,6.077
5106,101,0,0.0,4,4.0,8.0,809.6666666666666,1,0,Regular,0.0
5107,101,1,1424.89,8,4.25,15.0,1057.75,3,3,New Customer,16.2489
5108,13,1,1140.74,6,4.5,14.5,288.5,2,3,New Customer,13.4074
5109,49,2,3145.08,6,4.0,9.0,1087.5,2,2,VIP,35.4508
5110,93,0,0.0,3,4.0,18.0,387.0,0,0,Regular,0.0
5111,36,1,275.99,4,4.0,12.5,665.5,2,3,New Customer,4.7599
5112,124,0,0.0,2,4.0,15.5,190.5,1,0,Regular,0.0
5113,49,1,469.93,5,4.333333333333333,8.666666666666666,1313.3333333333333,2,3,New Customer,6.6993
5114,206,0,0.0,1,4.0,9.0,165.0,1,4,Lost,0.0
5115,189,1,3400.42,6,2.5,9.5,949.0,1,1,At Risk,36.0042
5116,310,0,0.0,2,4.0,11.0,421.0,1,4,Lost,0.0
5117,20,0,0.0,1,4.0,2.0,1010.0,0,0,Regular,0.0
5118,100,1,1688.7,1,2.0,19.0,915.0,1,3,New Customer,18.887
5119,62,2,3172.1499999999996,12,4.0,15.4,742.8,4,2,VIP,35.72149999999999
5120,259,2,2992.91,5,3.5,10.5,615.0,2,1,At Risk,33.9291
5121,84,0,0.0,13,4.0,11.0,567.0,2,0,Regular,0.0
5122,56,0,0.0,4,4.0,3.0,1342.0,1,0,Regular,0.0
5123,150,1,140.4,6,4.5,5.5,737.5,2,1,At Risk,3.404
5124,12,0,0.0,4,4.0,8.0,557.0,2,0,Regular,0.0
5125,90,0,0.0,6,4.0,13.5,977.0,1,0,Regular,0.0
5126,76,1,4094.21,11,4.0,19.75,634.75,2,3,New Customer,42.9421
5127,291,1,2613.52,5,4.0,15.5,899.0,1,1,At Risk,28.1352
5128,356,1,2595.81,3,4.0,7.0,809.0,1,1,At Risk,27.958099999999998
5129,23,0,0.0,16,4.0,16.333333333333332,862.1666666666666,5,0,Regular,0.0
5130,43,0,0.0,2,4.0,13.0,1089.5,1,0,Regular,0.0
5131,40,0,0.0,2,4.0,12.0,1248.5,1,0,Regular,0.0
5132,63,1,1352.01,4,4.0,5.5,231.5,1,3,New Customer,15.5201
5133,171,1,586.87,3,5.0,10.0,813.0,1,1,At Risk,7.8687000000000005
5135,172,0,0.0,4,4.0,10.0,160.0,1,4,Lost,0.0
5136,7,0,0.0,6,4.0,10.5,1117.0,0,0,Regular,0.0
5138,25,1,2891.82,3,4.0,10.5,641.5,2,3,New Customer,30.918200000000002
5139,31,0,0.0,8,4.0,13.0,341.0,1,0,Regular,0.0
5140,242,1,1418.33,5,4.0,8.0,1335.5,2,1,At Risk,16.1833
5141,47,1,940.71,13,4.0,17.0,746.6,2,3,New Customer,11.4071
5143,15,2,1620.78,13,4.2,10.8,1203.4,4,3,New Customer,20.2078
5144,133,1,879.59,1,5.0,20.0,1657.0,1,3,New Customer,10.7959
5146,37,1,1760.28,13,3.75,13.0,1078.5,2,3,New Customer,19.6028
5147,83,1,446.38,8,3.75,11.25,531.5,3,3,New Customer,6.4638
5148,162,3,6018.0599999999995,7,3.6666666666666665,12.0,1067.6666666666667,3,2,VIP,66.1806
5149,66,0,0.0,1,4.0,9.0,1726.0,0,0,Regular,0.0
5150,137,0,0.0,7,4.0,20.5,1075.5,1,0,Regular,0.0
5151,133,1,4337.17,6,4.0,11.0,717.0,3,1,At Risk,45.371700000000004
5152,0,0,0.0,5,4.0,18.5,1291.0,2,0,Regular,0.0
5153,310,1,1722.1,9,4.0,18.666666666666668,1134.6666666666667,3,1,At Risk,19.221
5154,54,0,0.0,4,4.0,19.0,1001.3333333333334,1,0,Regular,0.0
5155,18,0,0.0,15,4.0,14.714285714285714,1052.142857142857,0,0,Regular,0.0
5156,51,0,0.0,4,4.0,16.0,1032.5,1,0,Regular,0.0
5158,266,0,0.0,7,4.0,21.0,321.3333333333333,0,4,Lost,0.0
5159,163,0,0.0,4,4.0,20.0,1547.0,1,4,Lost,0.0
5160,13,0,0.0,8,4.0,8.333333333333334,886.3333333333334,2,0,Regular,0.0
5161,105,1,58.43,5,4.0,13.5,918.25,3,3,New Customer,2.5843
5162,7,1,1248.08,8,4.0,13.25,675.0,3,3,New Customer,14.480799999999999
5163,132,1,2251.19,10,3.75,15.25,728.25,4,1,At Risk,24.5119
5164,0,0,0.0,10,4.0,11.8,904.6,3,0,Regular,0.0
5165,101,0,0.0,2,4.0,19.0,663.0,1,0,Regular,0.0
5166,49,1,1061.77,22,4.125,14.25,791.125,5,3,New Customer,12.6177
5167,116,0,0.0,8,4.0,19.0,814.0,0,0,Regular,0.0
5168,14,0,0.0,3,4.0,12.0,1454.0,0,0,Regular,0.0
5169,243,0,0.0,4,4.0,17.0,967.0,0,4,Lost,0.0
5170,285,0,0.0,5,4.0,8.0,1175.0,1,4,Lost,0.0
5171,0,0,0.0,6,4.0,11.0,746.3333333333334,1,0,Regular,0.0
5172,162,1,903.48,15,3.8,11.2,788.4,4,1,At Risk,11.0348
5173,43,0,0.0,11,4.0,14.0,651.75,3,0,Regular,0.0
5174,31,2,1503.4,17,4.0,12.0,884.0,5,3,New Customer,19.034
5175,92,0,0.0,6,4.0,10.0,570.3333333333334,2,0,Regular,0.0
5176,35,4,15955.15,13,4.333333333333333,16.666666666666668,744.8333333333334,5,2,VIP,167.5515
5177,182,0,0.0,2,4.0,24.0,281.0,1,4,Lost,0.0
5178,249,0,0.0,5,4.0,10.0,1622.0,0,4,Lost,0.0
5179,112,1,1319.44,7,4.0,15.5,1404.5,2,3,New Customer,15.1944
5180,94,1,3580.77,7,4.0,10.666666666666666,1211.3333333333333,2,3,New Customer,37.8077
5181,62,0,0.0,15,4.0,13.75,1028.75,2,0,Regular,0.0
5183,120,1,991.8,7,4.0,12.0,1303.0,1,3,New Customer,11.918
5184,21,0,0.0,15,4.0,12.6,1269.4,3,0,Regular,0.0
5185,93,0,0.0,5,4.0,11.0,533.0,0,0,Regular,0.0
5186,153,0,0.0,12,4.0,20.0,826.0,1,4,Lost,0.0
5187,242,0,0.0,1,4.0,17.0,681.0,0,4,Lost,0.0
5188,62,1,4880.26,11,4.0,11.25,877.0,3,2,VIP,50.802600000000005
5189,130,0,0.0,1,4.0,15.0,926.0,0,0,Regular,0.0
5190,16,0,0.0,1,4.0,16.0,1289.0,0,0,Regular,0.0
5191,30,0,0.0,6,4.0,12.333333333333334,963.6666666666666,2,0,Regular,0.0
5192,7,0,0.0,8,4.0,14.0,1745.5,1,0,Regular,0.0
5193,24,0,0.0,6,4.0,20.5,1046.0,1,0,Regular,0.0
5194,212,1,769.59,4,3.0,6.0,406.5,1,1,At Risk,9.6959
5195,162,0,0.0,6,4.0,14.0,987.0,1,4,Lost,0.0
5196,59,0,0.0,7,4.0,10.333333333333334,1090.6666666666667,1,0,Regular,0.0
5197,0,0,0.0,1,4.0,9.0,1458.0,0,0,Regular,0.0
5198,11,0,0.0,10,4.0,5.0,856.5,1,0,Regular,0.0
5199,90,1,880.7,6,4.333333333333333,19.333333333333332,270.6666666666667,2,3,New Customer,10.807
5200,5,1,178.74,8,4.0,7.5,932.75,4,3,New Customer,3.7874
5201,318,0,0.0,3,4.0,2.0,1121.0,1,4,Lost,0.0
5202,78,1,861.31,4,4.0,6.333333333333333,951.6666666666666,3,3,New Customer,10.6131
5203,101,0,0.0,1,4.0,21.0,63.0,1,0,Regular,0.0
5204,121,0,0.0,5,4.0,5.5,1246.5,1,0,Regular,0.0
5205,190,0,0.0,7,4.0,7.5,1277.5,2,4,Lost,0.0
5206,67,1,4256.56,7,4.0,10.5,1243.0,1,3,New Customer,44.5656
5207,30,0,0.0,4,4.0,13.5,1230.0,1,0,Regular,0.0
5208,208,0,0.0,4,4.0,19.5,1341.0,2,4,Lost,0.0
5209,129,0,0.0,5,4.0,3.3333333333333335,956.6666666666666,2,0,Regular,0.0
5210,39,0,0.0,2,4.0,8.0,120.0,1,0,Regular,0.0
5211,66,1,4036.14,7,4.0,8.25,148.0,2,3,New Customer,42.361399999999996
5212,34,1,1241.29,6,4.333333333333333,15.666666666666666,868.0,2,3,New Customer,14.4129
5213,57,3,4566.01,9,4.0,14.6,1230.8,4,2,VIP,51.6601
5214,58,0,0.0,6,4.0,16.75,867.5,3,0,Regular,0.0
5215,121,0,0.0,12,4.0,18.25,636.75,2,0,Regular,0.0
5216,212,0,0.0,5,4.0,14.5,1392.5,2,4,Lost,0.0
5217,160,1,2023.81,10,3.6666666666666665,13.666666666666666,606.3333333333334,2,1,At Risk,22.2381
5218,19,1,390.54,7,4.0,12.0,1064.75,3,3,New Customer,5.9054
5219,54,0,0.0,5,4.0,7.0,1055.6666666666667,1,0,Regular,0.0
5220,0,1,1020.52,11,3.6666666666666665,11.333333333333334,590.6666666666666,2,3,New Customer,12.2052
5221,140,3,4751.84,17,4.166666666666667,9.666666666666666,766.6666666666666,6,2,VIP,53.5184
5222,235,1,1258.38,4,4.5,12.0,1764.0,2,1,At Risk,14.583800000000002
5223,310,0,0.0,8,4.0,7.0,772.6666666666666,2,4,Lost,0.0
5224,172,1,824.3,5,4.0,4.5,1126.0,1,1,At Risk,10.243
5225,13,2,935.03,9,4.5,10.0,1554.0,4,3,New Customer,13.350299999999999
5226,33,0,0.0,3,4.0,20.0,1326.0,1,0,Regular,0.0
5227,154,1,633.0,13,4.0,10.0,473.6,2,1,At Risk,8.33
5228,68,1,1246.53,3,4.0,2.0,1047.0,1,3,New Customer,14.4653
5229,197,2,2889.7799999999997,15,4.142857142857143,11.428571428571429,891.5714285714286,3,1,At Risk,32.8978
5231,80,0,0.0,15,4.0,15.4,931.0,1,0,Regular,0.0
5232,69,1,43.35,3,3.5,22.0,118.0,1,3,New Customer,2.4335
5235,225,0,0.0,2,4.0,20.0,1489.0,0,4,Lost,0.0
5237,111,0,0.0,4,4.0,15.0,1047.0,2,0,Regular,0.0
5238,133,1,787.17,11,4.25,10.0,367.25,2,3,New Customer,9.8717
5239,79,1,594.6,4,2.5,12.0,934.0,2,3,New Customer,7.946000000000001
5240,261,0,0.0,1,4.0,1.0,29.0,1,4,Lost,0.0
5241,97,1,1445.98,6,4.333333333333333,9.666666666666666,1093.6666666666667,3,3,New Customer,16.4598
5242,34,2,916.84,10,4.4,9.8,963.4,4,3,New Customer,13.1684
5243,25,0,0.0,7,4.0,13.666666666666666,1692.0,3,0,Regular,0.0
5244,129,1,863.44,12,4.0,17.75,1101.5,2,3,New Customer,10.634400000000001
5245,97,2,6146.6,16,3.6,11.0,797.2,4,2,VIP,65.46600000000001
5246,56,1,2238.2,10,4.0,14.25,907.25,2,3,New Customer,24.381999999999998
5247,112,0,0.0,11,4.0,9.75,599.0,3,0,Regular,0.0
5248,71,0,0.0,9,4.0,15.666666666666666,1192.0,2,0,Regular,0.0
5249,358,1,926.31,3,5.0,23.0,1082.0,1,1,At Risk,11.2631
5251,118,0,0.0,9,4.0,10.0,641.0,3,0,Regular,0.0
5252,102,2,2427.33,16,3.6666666666666665,14.0,914.5,3,3,New Customer,28.2733
5253,144,1,1474.56,4,4.333333333333333,13.333333333333334,941.3333333333334,1,1,At Risk,16.7456
5254,75,0,0.0,2,4.0,11.5,939.5,1,0,Regular,0.0
5255,119,2,2754.84,9,4.25,18.25,317.75,3,3,New Customer,31.5484
5256,51,0,0.0,10,4.0,14.75,1208.0,3,0,Regular,0.0
5257,66,0,0.0,6,4.0,15.333333333333334,852.3333333333334,0,0,Regular,0.0
5258,26,0,0.0,2,4.0,13.0,1176.5,0,0,Regular,0.0
5259,69,0,0.0,10,4.0,11.666666666666666,737.3333333333334,1,0,Regular,0.0
5260,185,0,0.0,10,4.0,9.333333333333334,614.3333333333334,1,4,Lost,0.0
5262,71,0,0.0,3,4.0,16.0,1035.0,1,0,Regular,0.0
5263,57,0,0.0,5,4.0,5.5,1369.0,1,0,Regular,0.0
5264,42,1,472.87,11,3.8,17.4,546.8,2,3,New Customer,6.7287
5265,34,1,591.32,11,4.0,19.0,637.3333333333334,3,3,New Customer,7.913200000000001
5266,32,1,2223.78,10,3.3333333333333335,16.0,1463.0,3,3,New Customer,24.237800000000004
5267,116,0,0.0,11,4.0,9.25,1433.0,3,0,Regular,0.0
5268,40,0,0.0,8,4.0,14.333333333333334,238.0,2,0,Regular,0.0
5269,6,0,0.0,7,4.0,15.333333333333334,1084.0,1,0,Regular,0.0
5270,87,1,2493.64,11,4.333333333333333,14.333333333333334,1210.6666666666667,3,3,New Customer,26.9364
5271,334,0,0.0,3,4.0,19.0,110.0,0,4,Lost,0.0
5272,25,0,0.0,9,4.0,9.5,1069.75,3,0,Regular,0.0
5273,58,0,0.0,6,4.0,13.333333333333334,155.0,2,0,Regular,0.0
5274,203,2,1383.16,15,4.166666666666667,13.666666666666666,1096.0,3,1,At Risk,17.8316
5275,2,0,0.0,9,4.0,9.666666666666666,755.3333333333334,0,0,Regular,0.0
5276,156,2,3381.56,4,4.0,15.0,531.5,2,1,At Risk,37.815599999999996
5277,221,0,0.0,4,4.0,7.0,204.0,2,4,Lost,0.0
5278,100,1,4951.04,12,3.25,10.25,933.25,2,2,VIP,51.5104
5279,49,2,1914.4099999999999,9,4.25,14.75,1502.5,2,3,New Customer,23.144099999999998
5280,26,2,2874.03,14,4.2,11.0,949.6,4,3,New Customer,32.740300000000005
5281,66,2,1360.48,10,3.75,12.25,997.0,4,3,New Customer,17.6048
5282,12,0,0.0,6,4.0,15.75,225.75,1,0,Regular,0.0
5283,219,0,0.0,3,4.0,9.0,1454.0,1,4,Lost,0.0
5284,17,1,1169.3,13,4.0,11.833333333333334,860.1666666666666,5,3,New Customer,13.693
5285,9,2,2528.77,9,3.8,12.2,1263.0,3,3,New Customer,29.2877
5286,41,0,0.0,7,4.0,17.333333333333332,1464.0,1,0,Regular,0.0
5287,78,0,0.0,5,4.0,16.666666666666668,808.3333333333334,2,0,Regular,0.0
5288,51,2,5552.33,14,4.333333333333333,13.166666666666666,673.8333333333334,5,2,VIP,59.5233
5290,75,0,0.0,5,4.0,14.0,933.3333333333334,0,0,Regular,0.0
5291,73,1,1186.63,7,4.0,11.0,842.0,2,3,New Customer,13.8663
5292,22,1,1072.87,8,4.333333333333333,17.333333333333332,632.6666666666666,3,3,New Customer,12.728699999999998
5293,115,0,0.0,12,4.0,12.5,923.25,4,0,Regular,0.0
5294,28,1,555.14,14,4.0,13.2,917.8,4,3,New Customer,7.5514
5295,71,1,444.02,6,3.0,18.0,1393.0,2,3,New Customer,6.4402
5296,179,0,0.0,5,4.0,15.0,840.0,1,4,Lost,0.0
5297,250,1,1252.05,6,4.0,15.5,1145.5,1,1,At Risk,14.5205
5298,37,2,2981.79,10,4.0,11.666666666666666,855.6666666666666,3,3,New Customer,33.817899999999995
5299,36,1,1387.8,5,4.333333333333333,8.0,417.6666666666667,2,3,New Customer,15.878
5300,24,1,1095.1,18,3.8,15.4,886.6,3,3,New Customer,12.950999999999999
5301,33,2,1802.29,8,4.25,16.75,1328.5,4,3,New Customer,22.0229
5302,78,1,3899.16,5,4.0,9.0,999.5,2,3,New Customer,40.9916
5303,260,1,1001.53,7,3.3333333333333335,15.666666666666666,607.0,2,1,At Risk,12.0153
5304,238,0,0.0,2,4.0,21.0,987.0,0,4,Lost,0.0
5305,98,0,0.0,8,4.0,13.333333333333334,640.3333333333334,3,0,Regular,0.0
5306,24,0,0.0,8,4.0,11.333333333333334,529.0,3,0,Regular,0.0
5307,63,0,0.0,7,4.0,12.0,913.5,1,0,Regular,0.0
5308,174,1,1357.89,2,4.0,11.5,1299.0,2,1,At Risk,15.5789
5309,19,0,0.0,10,4.0,16.8,996.4,4,0,Regular,0.0
5310,58,1,3534.4,10,4.0,12.333333333333334,456.3333333333333,3,3,New Customer,37.344
5311,96,0,0.0,4,4.0,9.0,284.0,1,0,Regular,0.0
5312,115,2,2660.37,11,3.6,13.6,839.8,5,3,New Customer,30.6037
5313,48,1,1620.68,7,3.5,14.5,1011.5,2,3,New Customer,18.2068
5314,49,0,0.0,4,4.0,7.333333333333333,1222.0,1,0,Regular,0.0
5316,229,0,0.0,6,4.0,9.0,312.0,1,4,Lost,0.0
5317,119,1,1178.38,2,2.0,12.0,689.0,1,3,New Customer,13.783800000000001
5318,274,0,0.0,5,4.0,19.0,490.0,0,4,Lost,0.0
5319,337,1,837.3,2,5.0,19.0,1372.0,1,1,At Risk,10.373
5320,27,0,0.0,8,4.0,15.0,857.3333333333334,3,0,Regular,0.0
5321,1,0,0.0,7,4.0,11.5,723.5,2,0,Regular,0.0
5322,48,1,3699.76,6,4.0,8.666666666666666,967.6666666666666,3,3,New Customer,38.997600000000006
5323,131,1,3361.66,15,4.0,17.0,1307.0,4,1,At Risk,35.6166
5324,26,0,0.0,10,4.0,13.666666666666666,1064.3333333333333,1,0,Regular,0.0
5325,332,0,0.0,1,4.0,18.0,62.0,0,4,Lost,0.0
5326,338,0,0.0,3,4.0,8.0,94.0,0,4,Lost,0.0
5327,35,1,1477.92,12,4.2,14.2,524.4,3,3,New Customer,16.779200000000003
5328,21,1,3805.9,6,3.5,19.0,1069.5,1,3,New Customer,40.059
5329,114,0,0.0,6,4.0,13.5,917.5,0,0,Regular,0.0
5330,270,0,0.0,4,4.0,9.0,1770.0,1,4,Lost,0.0
5331,74,0,0.0,4,4.0,12.0,1065.0,0,0,Regular,0.0
5332,77,1,1275.4,10,4.0,11.333333333333334,614.6666666666666,2,3,New Customer,14.754000000000001
5333,299,0,0.0,2,4.0,14.0,62.0,0,4,Lost,0.0
5334,195,1,1727.08,6,4.0,11.5,955.0,2,1,At Risk,19.270799999999998
5335,102,1,1113.81,1,5.0,24.0,1545.0,1,3,New Customer,13.1381
5336,335,0,0.0,3,4.0,10.0,1160.0,1,4,Lost,0.0
5337,179,2,3008.5699999999997,17,4.0,8.6,1115.0,2,1,At Risk,34.085699999999996
5338,111,0,0.0,6,4.0,6.5,1096.5,0,0,Regular,0.0
5339,173,1,3675.57,11,4.0,16.0,1000.25,3,1,At Risk,38.755700000000004
5340,23,1,4948.2,8,3.6666666666666665,10.333333333333334,1166.3333333333333,3,2,VIP,51.482
5342,46,1,532.5,7,4.0,15.0,1168.0,3,3,New Customer,7.325
5343,188,1,776.36,6,4.0,18.0,533.5,1,1,At Risk,9.7636
5344,223,0,0.0,1,4.0,8.0,30.0,0,4,Lost,0.0
5345,62,0,0.0,14,4.0,11.75,1577.0,2,0,Regular,0.0
5346,344,0,0.0,4,4.0,7.0,1141.0,1,4,Lost,0.0
5347,148,0,0.0,1,4.0,22.0,13.0,0,0,Regular,0.0
5348,268,0,0.0,8,4.0,14.666666666666666,1288.6666666666667,1,4,Lost,0.0
5349,192,1,431.06,12,4.0,16.5,648.5,4,1,At Risk,6.3106
5350,9,0,0.0,10,4.0,18.25,1278.5,3,0,Regular,0.0
5351,2,1,1644.67,6,4.0,12.0,390.3333333333333,3,3,New Customer,18.4467
5352,80,1,2582.32,4,3.5,21.5,839.0,1,3,New Customer,27.8232
5354,137,0,0.0,4,4.0,13.0,1188.0,1,0,Regular,0.0
5355,1,0,0.0,4,4.0,7.666666666666667,1229.6666666666667,3,0,Regular,0.0
5356,188,0,0.0,3,4.0,13.0,330.0,1,4,Lost,0.0
5357,128,0,0.0,7,4.0,10.0,1150.0,0,0,Regular,0.0
5358,137,1,831.26,5,4.5,10.0,394.5,1,1,At Risk,10.3126
5359,198,0,0.0,2,4.0,19.0,28.0,0,4,Lost,0.0
5361,322,0,0.0,2,4.0,7.0,1395.0,1,4,Lost,0.0
5362,154,1,3331.59,7,3.3333333333333335,11.666666666666666,1556.3333333333333,1,1,At Risk,35.3159
5364,47,1,147.89,4,4.5,13.0,865.5,2,3,New Customer,3.4789
5365,319,0,0.0,4,4.0,1.0,977.0,1,4,Lost,0.0
5367,324,0,0.0,1,4.0,19.0,298.0,1,4,Lost,0.0
5368,354,0,0.0,4,4.0,19.0,526.0,1,4,Lost,0.0
5369,4,0,0.0,7,4.0,10.333333333333334,563.0,1,0,Regular,0.0
5370,231,0,0.0,3,4.0,20.0,259.0,1,4,Lost,0.0
5371,178,1,2112.24,4,1.0,21.0,1358.0,1,1,At Risk,23.1224
5372,277,2,3448.7400000000002,5,4.0,17.0,1517.5,2,1,At Risk,38.4874
5373,26,0,0.0,9,4.0,15.0,802.0,0,0,Regular,0.0
5374,14,0,0.0,6,4.0,15.5,992.75,2,0,Regular,0.0
5375,5,1,336.52,8,3.75,14.25,851.75,2,3,New Customer,5.3652
5376,10,2,5905.45,10,4.0,13.25,760.25,3,2,VIP,63.0545
5377,190,0,0.0,2,4.0,9.0,567.0,0,4,Lost,0.0
5378,11,1,3867.51,11,4.0,16.25,1213.75,4,3,New Customer,40.6751
5379,32,1,1235.02,12,3.8,14.6,620.6,3,3,New Customer,14.3502
5382,63,3,3372.62,10,2.75,12.0,1065.75,4,2,VIP,39.7262
5383,76,0,0.0,5,4.0,12.5,1052.5,1,0,Regular,0.0
5385,86,0,0.0,4,4.0,20.0,835.0,0,0,Regular,0.0
5386,181,0,0.0,3,4.0,4.5,357.0,0,4,Lost,0.0
5387,42,0,0.0,11,4.0,11.6,1551.0,2,0,Regular,0.0
5388,267,0,0.0,2,4.0,10.5,1135.0,1,4,Lost,0.0
5389,122,0,0.0,1,4.0,4.0,61.0,1,0,Regular,0.0
5390,119,0,0.0,6,4.0,15.0,1406.6666666666667,1,0,Regular,0.0
5391,55,0,0.0,5,4.0,19.0,661.0,1,0,Regular,0.0
5393,191,0,0.0,11,4.0,5.0,1043.25,2,4,Lost,0.0
5394,58,0,0.0,3,4.0,21.0,1578.5,1,0,Regular,0.0
5395,206,1,2786.42,3,3.0,2.0,907.0,1,1,At Risk,29.8642
5396,44,0,0.0,7,4.0,10.333333333333334,1473.0,1,0,Regular,0.0
5397,134,1,4361.91,9,4.333333333333333,12.0,1291.3333333333333,1,1,At Risk,45.619099999999996
5398,140,1,1835.82,2,4.0,6.0,857.0,1,1,At Risk,20.3582
5399,37,1,3984.39,13,3.25,8.75,1248.75,1,3,New Customer,41.8439
5400,112,1,590.27,7,4.25,9.75,876.0,4,3,New Customer,7.902699999999999
5401,35,0,0.0,2,4.0,11.0,809.0,0,0,Regular,0.0
5402,2,2,1546.35,8,4.0,12.0,910.0,4,3,New Customer,19.4635
5403,90,2,9428.04,10,2.6666666666666665,3.0,196.0,3,2,VIP,98.28040000000001
5404,26,0,0.0,8,4.0,9.0,950.75,2,0,Regular,0.0
5405,28,0,0.0,13,4.0,12.75,1044.5,2,0,Regular,0.0
5406,86,2,4037.97,10,4.25,12.75,1205.0,3,2,VIP,44.3797
5407,5,0,0.0,8,4.0,10.333333333333334,1172.0,1,0,Regular,0.0
5408,127,0,0.0,12,4.0,5.5,540.25,2,0,Regular,0.0
5409,77,1,2449.83,8,4.0,12.0,1254.0,3,3,New Customer,26.4983
5410,102,0,0.0,3,4.0,5.0,714.0,1,0,Regular,0.0
5411,158,0,0.0,5,4.0,17.0,625.0,1,4,Lost,0.0
5412,125,0,0.0,4,4.0,13.0,1038.0,0,0,Regular,0.0
5413,164,1,2911.58,2,5.0,21.0,1649.0,1,1,At Risk,31.1158
5414,114,0,0.0,8,4.0,15.25,800.25,1,0,Regular,0.0
5415,176,2,3356.38,5,3.6666666666666665,13.666666666666666,1418.0,2,1,At Risk,37.5638
5416,27,3,4996.34,10,4.2,16.0,969.2,4,2,VIP,55.9634
5417,77,0,0.0,10,4.0,17.333333333333332,285.6666666666667,2,0,Regular,0.0
5418,28,1,5081.0,10,3.75,14.0,604.75,4,2,VIP,52.81
5419,8,1,364.26,14,4.0,12.2,916.0,5,3,New Customer,5.6426
5420,94,0,0.0,13,4.0,10.5,954.75,2,0,Regular,0.0
5421,319,1,1156.78,3,3.0,13.0,1488.0,1,1,At Risk,13.5678
5422,108,1,906.09,5,4.0,14.0,1115.0,2,3,New Customer,11.0609
5423,65,0,0.0,12,4.0,15.6,616.2,4,0,Regular,0.0
5424,179,1,365.8,1,4.0,16.0,1456.0,1,1,At Risk,5.6579999999999995
5425,113,1,4752.42,4,3.0,19.0,1202.0,1,2,VIP,49.5242
5426,196,1,720.48,6,3.3333333333333335,15.333333333333334,791.3333333333334,2,1,At Risk,9.2048
5427,112,1,1361.9,10,4.0,17.8,957.6,5,3,New Customer,15.619000000000002
5428,78,0,0.0,10,4.0,18.0,795.75,2,0,Regular,0.0
5429,66,1,1303.03,5,3.3333333333333335,15.0,1068.6666666666667,2,3,New Customer,15.0303
5430,21,1,533.86,6,3.0,13.0,1410.0,1,3,New Customer,7.3386000000000005
5431,276,1,3757.12,7,4.0,15.5,452.0,1,1,At Risk,39.5712
5432,92,1,1113.82,6,3.3333333333333335,14.666666666666666,743.3333333333334,1,3,New Customer,13.1382
5433,181,0,0.0,1,4.0,19.0,1585.0,0,4,Lost,0.0
5434,66,2,2254.5699999999997,7,4.666666666666667,17.0,1346.6666666666667,2,3,New Customer,26.545699999999997
5435,3,1,695.71,6,4.5,5.5,895.0,1,3,New Customer,8.9571
5436,228,0,0.0,4,4.0,12.0,1035.0,2,4,Lost,0.0
5437,50,0,0.0,5,4.0,11.5,184.5,1,0,Regular,0.0
5438,100,0,0.0,8,4.0,10.666666666666666,594.3333333333334,3,0,Regular,0.0
5439,78,0,0.0,8,4.0,16.5,397.0,2,0,Regular,0.0
5440,94,0,0.0,5,4.0,9.5,314.0,2,0,Regular,0.0
5441,293,0,0.0,1,4.0,11.0,668.0,0,4,Lost,0.0
5442,103,2,937.58,16,3.6,10.6,873.8,3,3,New Customer,13.3758
5443,182,1,2294.12,8,4.5,8.5,699.0,2,1,At Risk,24.9412
5444,89,0,0.0,4,4.0,4.0,880.0,1,0,Regular,0.0
5445,151,0,0.0,8,4.0,12.5,843.0,1,4,Lost,0.0
5446,28,3,3457.06,13,3.7142857142857144,10.142857142857142,650.4285714285714,4,2,VIP,40.5706
5447,159,0,0.0,6,4.0,11.0,1552.0,2,4,Lost,0.0
5448,67,1,1576.32,15,4.2,10.4,1282.0,4,3,New Customer,17.763199999999998
5450,263,1,3222.07,6,4.0,13.5,980.0,2,1,At Risk,34.2207
5452,119,0,0.0,9,4.0,13.666666666666666,870.0,1,0,Regular,0.0
5453,16,1,434.92,9,4.0,8.333333333333334,890.3333333333334,3,3,New Customer,6.3492
5455,15,0,0.0,6,4.0,18.0,919.5,2,0,Regular,0.0
5457,261,0,0.0,7,4.0,10.0,380.3333333333333,2,4,Lost,0.0
5458,11,0,0.0,4,4.0,4.0,732.0,0,0,Regular,0.0
5459,74,2,3951.57,10,4.2,13.8,788.2,3,2,VIP,43.5157
5460,7,1,1026.87,9,4.0,14.25,963.5,2,3,New Customer,12.268699999999999
5461,119,1,262.45,9,4.333333333333333,13.0,841.6666666666666,3,3,New Customer,4.624499999999999
5462,170,0,0.0,2,4.0,8.0,437.0,0,4,Lost,0.0
5463,15,3,1868.11,7,3.8,9.8,1277.8,3,2,VIP,24.6811
5464,155,1,5860.0,7,3.0,12.0,608.5,1,2,VIP,60.6
5465,45,0,0.0,4,4.0,17.0,1340.0,0,0,Regular,0.0
5466,36,2,4672.51,12,4.25,17.25,1031.75,4,2,VIP,50.725100000000005
5467,1,1,1604.38,10,4.0,11.333333333333334,1092.0,3,3,New Customer,18.0438
5468,77,1,567.43,10,4.0,13.25,401.75,3,3,New Customer,7.6743
5469,21,1,930.92,6,3.6666666666666665,5.0,1341.6666666666667,3,3,New Customer,11.309199999999999
5470,29,1,167.16,12,4.2,11.8,789.8,2,3,New Customer,3.6715999999999998
5471,85,2,2483.94,13,3.8,10.6,1030.8,5,3,New Customer,28.8394
5472,103,0,0.0,6,4.0,18.666666666666668,910.3333333333334,1,0,Regular,0.0
5473,303,0,0.0,1,4.0,24.0,534.0,1,4,Lost,0.0
5475,35,1,1787.51,11,4.0,17.0,962.5,1,3,New Customer,19.8751
5476,118,0,0.0,8,4.0,15.333333333333334,771.3333333333334,3,0,Regular,0.0
5477,172,0,0.0,5,4.0,10.5,800.0,1,4,Lost,0.0
5478,86,1,1465.94,9,4.0,3.25,527.75,3,3,New Customer,16.659399999999998
5479,203,1,2663.02,6,4.5,14.5,330.5,2,1,At Risk,28.6302
5480,188,1,1075.73,13,3.8,10.0,844.6,4,1,At Risk,12.7573
5481,38,0,0.0,6,4.0,16.333333333333332,1583.3333333333333,1,0,Regular,0.0
5483,94,0,0.0,3,4.0,15.0,424.0,1,0,Regular,0.0
5484,38,2,4552.2,7,3.6666666666666665,9.666666666666666,771.0,2,2,VIP,49.522
5485,281,2,2295.85,4,3.0,17.5,673.0,2,1,At Risk,26.9585
5486,52,1,859.6,8,3.6666666666666665,12.0,787.6666666666666,1,3,New Customer,10.596
5487,122,0,0.0,5,4.0,17.0,1359.5,1,0,Regular,0.0
5488,55,1,943.28,7,4.333333333333333,10.333333333333334,948.6666666666666,2,3,New Customer,11.4328
5489,325,1,4844.2,7,4.0,7.0,1334.0,1,1,At Risk,50.442
5490,101,1,626.14,5,4.333333333333333,12.333333333333334,1339.6666666666667,1,3,New Customer,8.2614
5491,194,0,0.0,7,4.0,11.333333333333334,1068.6666666666667,1,4,Lost,0.0
5492,138,0,0.0,10,4.0,16.2,822.0,3,0,Regular,0.0
5493,38,1,1158.28,10,4.0,8.25,1050.25,3,3,New Customer,13.582799999999999
5494,78,0,0.0,4,4.0,10.333333333333334,339.6666666666667,0,0,Regular,0.0
5495,343,0,0.0,3,4.0,13.0,1221.0,1,4,Lost,0.0
5496,228,1,3870.3,5,4.5,3.5,1009.5,2,1,At Risk,40.703
5498,79,1,5022.84,6,4.5,22.5,468.0,2,2,VIP,52.2284
5499,122,0,0.0,8,4.0,20.0,461.6666666666667,2,0,Regular,0.0
5500,101,1,1184.51,8,4.0,17.0,1474.5,1,3,New Customer,13.8451
5501,56,0,0.0,13,4.0,12.833333333333334,820.3333333333334,4,0,Regular,0.0
5502,20,1,1496.63,9,3.6666666666666665,13.333333333333334,894.0,3,3,New Customer,16.9663
5503,43,1,442.61,5,3.6666666666666665,13.333333333333334,1266.3333333333333,2,3,New Customer,6.4261
5504,44,1,2470.05,11,3.8,14.8,701.2,5,3,New Customer,26.7005
5505,47,2,2380.4700000000003,15,4.0,15.166666666666666,691.6666666666666,5,3,New Customer,27.804700000000004
5506,103,0,0.0,4,4.0,14.0,1365.0,0,0,Regular,0.0
5507,132,0,0.0,5,4.0,14.0,941.0,1,0,Regular,0.0
5508,38,2,4799.0599999999995,9,4.666666666666667,15.0,962.0,2,2,VIP,51.99059999999999
5509,107,1,316.54,5,3.0,11.0,793.0,1,3,New Customer,5.1654
5510,128,0,0.0,10,4.0,13.0,355.0,3,0,Regular,0.0
5511,149,0,0.0,7,4.0,10.333333333333334,780.0,1,0,Regular,0.0
5512,133,0,0.0,1,4.0,18.0,1129.0,1,0,Regular,0.0
5513,94,1,3092.52,7,4.5,11.5,893.0,1,3,New Customer,32.925200000000004
5514,29,2,5784.89,23,4.285714285714286,9.0,880.7142857142857,5,2,VIP,61.8489
5515,177,1,3339.2,10,3.75,19.5,1008.5,3,1,At Risk,35.391999999999996
5516,313,1,950.89,2,5.0,18.0,695.0,1,1,At Risk,11.5089
5517,42,0,0.0,5,4.0,15.0,409.5,0,0,Regular,0.0
5518,21,2,4699.67,17,3.7142857142857144,12.428571428571429,1118.4285714285713,6,2,VIP,50.996700000000004
5519,55,1,1929.7,4,3.5,12.5,944.5,1,3,New Customer,21.297
5520,277,0,0.0,4,4.0,20.0,352.0,1,4,Lost,0.0
5521,122,1,2050.89,10,4.0,17.333333333333332,875.6666666666666,3,3,New Customer,22.508899999999997
5522,164,2,1226.31,6,3.6666666666666665,3.6666666666666665,766.6666666666666,3,1,At Risk,16.2631
5523,168,0,0.0,1,4.0,9.0,1279.0,0,4,Lost,0.0
5524,67,0,0.0,2,4.0,23.0,1365.0,0,0,Regular,0.0
5525,223,1,4709.6,12,4.2,13.2,649.2,4,1,At Risk,49.096000000000004
5526,7,1,395.05,4,4.333333333333333,14.333333333333334,882.0,1,3,New Customer,5.9505
5527,97,1,3662.71,9,3.6666666666666665,17.0,953.0,3,3,New Customer,38.6271
5528,41,1,1233.59,8,4.0,9.4,746.2,2,3,New Customer,14.335899999999999
5529,184,1,6006.6,13,3.5,16.25,977.5,4,2,VIP,62.066
5531,173,1,508.56,2,5.0,20.0,1141.0,1,1,At Risk,7.0856
5532,139,1,3069.25,8,4.333333333333333,13.666666666666666,811.0,2,1,At Risk,32.692499999999995
5533,45,3,4167.73,10,4.4,7.4,994.8,4,2,VIP,47.677299999999995
5534,29,2,5666.76,8,4.0,10.666666666666666,1647.0,2,2,VIP,60.6676
5535,43,0,0.0,3,4.0,2.0,1006.0,1,0,Regular,0.0
5536,0,0,0.0,1,4.0,9.0,149.0,0,0,Regular,0.0
5537,133,1,1249.43,8,4.0,13.25,576.25,4,3,New Customer,14.4943
5538,80,2,940.72,12,4.5,10.0,1213.0,3,3,New Customer,13.4072
5539,348,0,0.0,4,4.0,12.0,1215.0,1,4,Lost,0.0
5540,5,1,580.56,11,4.25,11.25,842.5,3,3,New Customer,7.805599999999999
5541,111,1,643.98,13,3.25,14.25,1252.0,2,3,New Customer,8.4398
5542,48,0,0.0,4,4.0,5.5,1619.5,0,0,Regular,0.0
5543,112,0,0.0,1,4.0,8.0,1562.0,1,0,Regular,0.0
5544,45,1,591.86,8,4.0,18.0,1367.0,2,3,New Customer,7.9186000000000005
5545,68,1,644.84,5,3.0,15.5,1053.0,2,3,New Customer,8.4484
5546,205,0,0.0,4,4.0,17.0,838.0,1,4,Lost,0.0
5547,167,0,0.0,6,4.0,14.0,1085.5,1,4,Lost,0.0
5548,19,0,0.0,4,4.0,5.5,1135.0,1,0,Regular,0.0
5549,162,0,0.0,10,4.0,14.75,570.25,3,4,Lost,0.0
5550,149,0,0.0,4,4.0,8.0,746.0,1,0,Regular,0.0
5551,33,0,0.0,14,4.0,10.666666666666666,753.1666666666666,4,0,Regular,0.0
5552,162,1,1091.95,2,4.0,1.0,1359.0,1,1,At Risk,12.919500000000001
5553,13,2,7667.139999999999,21,4.125,9.5,824.5,4,2,VIP,80.67139999999999
5554,23,0,0.0,8,4.0,7.0,349.3333333333333,1,0,Regular,0.0
5555,189,0,0.0,5,4.0,15.5,1659.0,0,4,Lost,0.0
5556,27,0,0.0,11,4.0,11.0,1164.75,3,0,Regular,0.0
5557,14,4,6930.64,16,3.8333333333333335,9.166666666666666,906.5,5,2,VIP,77.3064
5558,157,1,330.65,9,3.8,11.8,734.0,4,1,At Risk,5.3065
5559,20,0,0.0,8,4.0,21.5,1347.0,2,0,Regular,0.0
5560,66,1,2349.4,20,4.0,11.333333333333334,959.3333333333334,3,3,New Customer,25.494
5561,54,2,3559.89,8,4.0,18.0,331.6666666666667,2,2,VIP,39.5989
5562,1,0,0.0,9,4.0,15.0,896.0,2,0,Regular,0.0
5563,83,0,0.0,7,4.0,16.666666666666668,782.6666666666666,2,0,Regular,0.0
5564,12,0,0.0,12,4.0,8.8,954.2,3,0,Regular,0.0
5565,153,0,0.0,3,4.0,21.0,465.0,1,4,Lost,0.0
5566,286,0,0.0,4,4.0,5.5,513.5,1,4,Lost,0.0
5567,47,0,0.0,4,4.0,12.0,149.0,1,0,Regular,0.0
5568,58,1,791.84,15,3.857142857142857,13.428571428571429,1144.7142857142858,5,3,New Customer,9.9184
5569,125,1,1486.43,10,4.25,15.5,634.0,4,3,New Customer,16.8643
5570,24,0,0.0,6,4.0,14.0,931.0,3,0,Regular,0.0
5571,119,0,0.0,5,4.0,10.0,855.5,1,0,Regular,0.0
5572,256,0,0.0,2,4.0,15.0,654.0,1,4,Lost,0.0
5573,66,2,3589.67,11,4.0,13.5,471.3333333333333,5,2,VIP,39.8967
5574,111,2,3038.9300000000003,14,3.8,17.2,875.0,4,2,VIP,34.389300000000006
5575,288,0,0.0,3,4.0,15.0,917.0,1,4,Lost,0.0
5576,59,0,0.0,6,4.0,3.0,875.0,2,0,Regular,0.0
5577,17,0,0.0,13,4.0,9.6,1226.4,3,0,Regular,0.0
5578,92,1,3571.08,10,4.0,12.666666666666666,459.6666666666667,2,3,New Customer,37.7108
5579,122,0,0.0,10,4.0,16.25,704.75,3,0,Regular,0.0
5580,118,1,1790.6,9,4.0,6.333333333333333,1357.3333333333333,2,3,New Customer,19.906
5581,201,2,7678.41,9,2.6666666666666665,6.0,1232.6666666666667,3,2,VIP,80.7841
5582,14,0,0.0,17,4.0,18.2,569.2,4,0,Regular,0.0
5583,28,0,0.0,7,4.0,12.666666666666666,453.0,3,0,Regular,0.0
5584,3,0,0.0,14,4.0,10.75,892.0,1,0,Regular,0.0
5585,176,0,0.0,2,4.0,21.0,1071.0,1,4,Lost,0.0
5586,270,0,0.0,3,4.0,20.0,1199.0,1,4,Lost,0.0
5587,23,2,1328.86,7,4.0,9.5,1043.25,3,3,New Customer,17.2886
5588,79,0,0.0,5,4.0,20.0,973.0,2,0,Regular,0.0
5589,109,0,0.0,11,4.0,7.25,695.5,2,0,Regular,0.0
5590,61,0,0.0,3,4.0,19.0,1405.0,1,0,Regular,0.0
5592,87,0,0.0,7,4.0,11.333333333333334,461.6666666666667,2,0,Regular,0.0
5593,107,1,3227.0,8,4.25,10.0,885.5,3,3,New Customer,34.27
5595,95,3,3271.27,9,3.8,14.0,1252.0,4,2,VIP,38.7127
5596,55,1,2303.3,9,3.6666666666666665,13.0,946.3333333333334,3,3,New Customer,25.033
5597,35,2,1570.8000000000002,5,4.333333333333333,5.666666666666667,653.0,3,3,New Customer,19.708000000000002
5598,15,0,0.0,7,4.0,17.333333333333332,645.0,1,0,Regular,0.0
5599,300,1,390.62,4,2.0,22.0,1159.0,1,1,At Risk,5.9062
5600,40,0,0.0,15,4.0,8.0,730.0,2,0,Regular,0.0
5601,213,2,5046.88,11,4.0,7.25,251.0,3,2,VIP,54.4688
5602,176,0,0.0,7,4.0,18.5,1280.0,1,4,Lost,0.0
5603,41,0,0.0,11,4.0,14.5,1394.0,3,0,Regular,0.0
5604,5,0,0.0,8,4.0,8.5,940.0,1,0,Regular,0.0
5605,2,1,1793.48,5,3.6666666666666665,13.333333333333334,519.3333333333334,3,3,New Customer,19.9348
5606,293,1,1151.22,1,4.0,23.0,824.0,1,1,At Risk,13.5122
5607,195,1,1332.66,6,3.5,12.0,1228.5,1,1,At Risk,15.326600000000001
5608,21,0,0.0,2,4.0,12.5,847.5,1,0,Regular,0.0
5609,61,1,2748.3,9,4.0,10.25,989.75,4,3,New Customer,29.483
5610,297,1,277.34,1,3.0,15.0,479.0,1,1,At Risk,4.7734
5611,166,1,1745.14,9,4.0,8.0,1205.0,1,1,At Risk,19.4514
5612,122,1,475.44,12,3.4,15.4,1084.2,5,3,New Customer,6.7544
5613,111,0,0.0,6,4.0,18.5,1182.0,0,0,Regular,0.0
5614,162,1,563.73,9,4.0,5.75,907.25,4,1,At Risk,7.6373
5615,191,2,2101.19,8,4.5,8.5,811.25,3,1,At Risk,25.0119
5616,229,0,0.0,8,4.0,11.5,187.5,1,4,Lost,0.0
5617,38,1,278.64,14,3.8,9.4,579.8,2,3,New Customer,4.7864
5618,196,0,0.0,3,4.0,9.0,387.5,2,4,Lost,0.0
5619,128,0,0.0,1,4.0,5.0,300.0,0,0,Regular,0.0
5620,73,0,0.0,3,4.0,14.0,146.0,1,0,Regular,0.0
5621,331,0,0.0,4,4.0,3.0,699.0,0,4,Lost,0.0
5622,3,0,0.0,9,4.0,10.25,824.0,3,0,Regular,0.0
5623,263,0,0.0,4,4.0,5.0,1378.0,0,4,Lost,0.0
5624,95,0,0.0,4,4.0,5.5,1124.5,0,0,Regular,0.0
5625,75,0,0.0,13,4.0,12.75,869.25,2,0,Regular,0.0
5626,267,0,0.0,3,4.0,1.0,1563.0,0,4,Lost,0.0
5627,19,1,3737.79,14,4.2,14.6,1319.8,3,3,New Customer,39.3779
5628,13,0,0.0,8,4.0,17.333333333333332,839.3333333333334,1,0,Regular,0.0
5629,219,0,0.0,4,4.0,2.0,969.0,1,4,Lost,0.0
5630,21,2,1151.0900000000001,4,4.0,20.666666666666668,599.6666666666666,2,3,New Customer,15.510900000000001
5631,80,1,499.9,5,3.6666666666666665,14.666666666666666,485.3333333333333,2,3,New Customer,6.999
5632,2,0,0.0,1,4.0,22.0,644.0,1,0,Regular,0.0
5633,21,0,0.0,14,4.0,13.166666666666666,1035.3333333333333,2,0,Regular,0.0
5634,27,1,254.67,1,3.0,18.0,1054.0,1,3,New Customer,4.5466999999999995
5635,196,2,8180.68,9,3.75,10.75,780.75,3,2,VIP,85.80680000000001
5636,61,0,0.0,10,4.0,9.666666666666666,997.3333333333334,0,0,Regular,0.0
5637,288,0,0.0,1,4.0,24.0,333.0,0,4,Lost,0.0
5638,149,0,0.0,7,4.0,5.0,818.0,2,0,Regular,0.0
5639,121,1,1712.44,8,4.333333333333333,10.0,1225.0,2,3,New Customer,19.1244
5640,250,1,459.4,2,3.0,1.0,1259.0,1,1,At Risk,6.593999999999999
5641,245,0,0.0,5,4.0,8.0,1073.6666666666667,1,4,Lost,0.0
5642,157,1,548.44,8,4.0,13.75,1016.0,3,1,At Risk,7.484400000000001
5643,31,2,1160.69,7,3.6666666666666665,13.666666666666666,902.6666666666666,2,3,New Customer,15.606900000000001
5644,77,1,1070.96,9,4.25,13.75,862.5,4,3,New Customer,12.7096
5646,193,0,0.0,7,4.0,15.0,685.3333333333334,1,4,Lost,0.0
5647,28,0,0.0,12,4.0,12.6,1197.8,2,0,Regular,0.0
5648,146,1,216.78,9,3.6666666666666665,21.0,819.6666666666666,2,1,At Risk,4.1678
5650,34,0,0.0,13,4.0,15.2,601.0,1,0,Regular,0.0
5651,66,1,876.37,6,4.333333333333333,8.333333333333334,1146.0,3,3,New Customer,10.7637
5652,17,2,2492.8999999999996,6,4.25,9.25,473.25,3,3,New Customer,28.928999999999995
5653,28,0,0.0,4,4.0,8.0,1280.0,0,0,Regular,0.0
5654,183,0,0.0,3,4.0,16.0,259.0,0,4,Lost,0.0
5656,173,0,0.0,4,4.0,11.0,1674.0,1,4,Lost,0.0
5657,20,0,0.0,11,4.0,15.5,1048.25,3,0,Regular,0.0
5658,55,0,0.0,4,4.0,10.5,752.5,0,0,Regular,0.0
5659,56,1,1153.28,13,4.2,15.6,786.2,2,3,New Customer,13.5328
5660,70,0,0.0,6,4.0,10.5,1250.5,1,0,Regular,0.0
5661,201,1,2823.96,8,4.0,17.333333333333332,958.3333333333334,3,1,At Risk,30.2396
5662,118,0,0.0,1,4.0,8.0,1735.0,0,0,Regular,0.0
5663,31,0,0.0,9,4.0,14.75,847.0,2,0,Regular,0.0
5664,75,0,0.0,13,4.0,12.25,425.25,2,0,Regular,0.0
5665,36,1,469.09,5,4.0,17.666666666666668,484.3333333333333,3,3,New Customer,6.6909
5666,52,1,946.73,13,4.0,14.166666666666666,1061.5,4,3,New Customer,11.4673
5667,13,1,2610.47,16,4.2,13.2,1176.0,3,3,New Customer,28.104699999999998
5668,70,1,2285.5,10,3.6,16.6,808.6,5,3,New Customer,24.855
5669,82,3,4882.39,13,3.6666666666666665,12.833333333333334,962.1666666666666,5,2,VIP,54.8239
5671,109,1,1765.91,15,4.0,6.4,1194.8,4,3,New Customer,19.659100000000002
5672,105,0,0.0,4,4.0,4.5,385.0,2,0,Regular,0.0
5673,211,1,1062.0,9,3.8,12.6,865.8,4,1,At Risk,12.62
5674,233,2,1245.6399999999999,6,4.0,15.0,413.6666666666667,2,1,At Risk,16.4564
5675,34,1,1180.09,15,4.0,12.833333333333334,686.6666666666666,2,3,New Customer,13.800899999999999
5676,57,1,907.08,3,3.6666666666666665,12.666666666666666,1073.6666666666667,2,3,New Customer,11.0708
5677,38,1,370.56,10,4.0,9.75,1297.5,2,3,New Customer,5.7056000000000004
5679,26,1,3437.48,10,3.8,11.6,924.8,4,3,New Customer,36.3748
5680,32,0,0.0,4,4.0,23.0,1792.0,0,0,Regular,0.0
5681,67,1,3379.94,17,4.2,15.2,910.6,3,3,New Customer,35.7994
5682,25,1,1529.45,11,4.0,14.4,716.8,3,3,New Customer,17.2945
5683,31,0,0.0,9,4.0,21.0,571.6666666666666,2,0,Regular,0.0
5684,111,2,3551.24,9,2.6666666666666665,16.0,843.6666666666666,3,2,VIP,39.5124
5685,182,0,0.0,7,4.0,13.666666666666666,780.0,2,4,Lost,0.0
5686,111,1,2532.53,13,4.25,18.5,850.75,2,3,New Customer,27.325300000000002
5687,4,1,862.64,10,4.25,15.75,845.75,3,3,New Customer,10.6264
5688,56,2,3969.02,13,3.3333333333333335,12.666666666666666,1139.8333333333333,6,2,VIP,43.6902
5689,327,0,0.0,1,4.0,20.0,1085.0,0,4,Lost,0.0
5690,16,1,920.54,2,3.5,14.5,803.0,2,3,New Customer,11.2054
5691,111,0,0.0,16,4.0,9.5,1116.0,2,0,Regular,0.0
5692,233,0,0.0,12,4.0,12.25,370.5,2,4,Lost,0.0
5693,105,0,0.0,7,4.0,11.0,914.0,1,0,Regular,0.0
5694,8,1,2481.91,13,4.0,16.25,693.75,3,3,New Customer,26.8191
5695,2,0,0.0,4,4.0,21.0,1154.0,1,0,Regular,0.0
5696,109,1,3156.37,10,4.0,9.25,931.5,2,3,New Customer,33.5637
5697,48,1,345.63,13,4.166666666666667,10.666666666666666,741.0,1,3,New Customer,5.456300000000001
5698,11,1,2775.34,17,4.0,14.666666666666666,675.3333333333334,4,3,New Customer,29.753400000000003
5699,82,0,0.0,7,4.0,9.0,487.0,3,0,Regular,0.0
5700,131,0,0.0,8,4.0,17.0,749.5,2,0,Regular,0.0
5701,257,0,0.0,3,4.0,13.0,690.0,1,4,Lost,0.0
5702,96,1,294.26,5,4.0,9.0,1416.5,2,3,New Customer,4.9426000000000005
5703,125,1,1401.94,5,4.5,21.5,41.0,1,3,New Customer,16.0194
5704,84,0,0.0,9,4.0,8.0,1085.5,2,0,Regular,0.0
5706,269,0,0.0,3,4.0,16.0,386.5,1,4,Lost,0.0
5707,6,1,2424.23,9,4.0,13.25,651.25,2,3,New Customer,26.2423
5708,60,0,0.0,2,4.0,7.0,1148.5,2,0,Regular,0.0
5709,16,2,3759.04,9,3.0,18.333333333333332,1333.3333333333333,2,2,VIP,41.5904
5710,58,2,6117.19,16,3.6,10.2,1291.4,3,2,VIP,65.1719
5711,341,0,0.0,1,4.0,23.0,278.0,1,4,Lost,0.0
5712,349,0,0.0,1,4.0,15.0,1063.0,1,4,Lost,0.0
5713,59,0,0.0,13,4.0,14.0,264.0,4,0,Regular,0.0
5714,13,1,422.94,16,3.8333333333333335,12.333333333333334,1083.1666666666667,4,3,New Customer,6.2294
5715,126,0,0.0,8,4.0,5.666666666666667,644.3333333333334,3,0,Regular,0.0
5716,265,0,0.0,1,4.0,13.0,154.0,0,4,Lost,0.0
5717,215,0,0.0,3,4.0,22.0,1491.0,1,4,Lost,0.0
5719,184,0,0.0,12,4.0,10.333333333333334,1083.0,2,4,Lost,0.0
5720,37,2,5847.68,10,3.0,11.5,851.25,2,2,VIP,62.476800000000004
5721,54,0,0.0,5,4.0,18.25,950.25,3,0,Regular,0.0
5722,99,1,1102.16,6,3.5,9.75,803.5,4,3,New Customer,13.021600000000001
5723,213,1,1612.0,9,3.6666666666666665,18.666666666666668,1355.6666666666667,1,1,At Risk,18.12
5724,89,1,854.45,5,4.5,10.0,1389.5,2,3,New Customer,10.544500000000001
5725,25,2,4757.410000000001,20,3.8,10.1,710.8,10,2,VIP,51.57410000000001
5726,131,0,0.0,8,4.0,10.0,906.5,1,0,Regular,0.0
5727,22,1,750.8,6,4.333333333333333,7.666666666666667,592.6666666666666,1,3,New Customer,9.508
5728,21,0,0.0,7,4.0,9.5,691.0,1,0,Regular,0.0
5729,122,1,992.72,6,4.0,8.0,606.5,2,3,New Customer,11.927200000000001
5730,108,1,761.88,9,4.0,16.666666666666668,930.3333333333334,1,3,New Customer,9.6188
5731,122,0,0.0,2,4.0,5.0,1261.0,1,0,Regular,0.0
5732,171,0,0.0,4,4.0,23.0,1515.0,0,4,Lost,0.0
5733,121,0,0.0,7,4.0,14.5,1137.0,0,0,Regular,0.0
5734,123,0,0.0,3,4.0,8.0,1251.5,1,0,Regular,0.0
5735,16,0,0.0,11,4.0,13.5,1214.75,1,0,Regular,0.0
5736,206,1,361.68,11,3.6,8.0,552.8,5,1,At Risk,5.6168
5737,221,1,1497.16,9,3.25,14.0,1111.0,2,1,At Risk,16.971600000000002
5738,0,1,728.72,8,4.0,8.333333333333334,1366.0,2,3,New Customer,9.2872
5739,49,0,0.0,7,4.0,12.0,900.5,1,0,Regular,0.0
5740,96,3,7861.7,12,4.4,15.4,727.0,5,2,VIP,84.617
5742,12,1,2210.87,12,3.75,9.75,912.5,3,3,New Customer,24.1087
5743,25,0,0.0,7,4.0,16.0,426.3333333333333,0,0,Regular,0.0
5744,345,0,0.0,2,4.0,18.0,137.0,0,4,Lost,0.0
5745,49,1,257.17,4,3.5,15.0,1624.0,2,3,New Customer,4.5717
5746,167,0,0.0,18,4.0,8.4,788.6,2,4,Lost,0.0
5747,84,1,712.32,7,4.25,10.75,975.25,3,3,New Customer,9.1232
5748,179,2,2531.29,16,4.0,9.2,653.0,5,1,At Risk,29.3129
5749,63,2,1525.8200000000002,8,3.8,10.4,933.4,3,3,New Customer,19.258200000000002
5750,92,0,0.0,6,4.0,6.333333333333333,754.6666666666666,0,0,Regular,0.0
5751,32,2,1727.17,13,4.0,12.6,853.6,2,3,New Customer,21.2717
5752,167,0,0.0,1,4.0,20.0,121.0,1,4,Lost,0.0
5753,50,0,0.0,8,4.0,10.25,571.75,3,0,Regular,0.0
5754,4,2,2924.19,10,3.8,9.4,646.6,4,3,New Customer,33.2419
5755,30,2,3578.55,7,4.333333333333333,9.666666666666666,550.0,3,2,VIP,39.7855
5756,6,2,6746.84,18,3.8333333333333335,11.333333333333334,665.5,5,2,VIP,71.4684
5757,49,2,6397.4,18,4.0,12.333333333333334,881.6666666666666,4,2,VIP,67.97399999999999
5758,27,0,0.0,6,4.0,10.5,748.0,2,0,Regular,0.0
5759,78,0,0.0,3,4.0,13.0,945.0,1,0,Regular,0.0
5760,5,2,7326.25,14,4.0,12.428571428571429,794.5714285714286,4,2,VIP,77.2625
5762,35,0,0.0,5,4.0,12.0,1197.5,1,0,Regular,0.0
5763,58,2,3507.06,14,4.25,14.25,1008.25,4,2,VIP,39.0706
5764,79,1,617.48,7,4.333333333333333,12.0,585.0,3,3,New Customer,8.174800000000001
5765,134,0,0.0,3,4.0,20.5,1511.5,1,0,Regular,0.0
5766,0,1,774.99,7,4.333333333333333,6.666666666666667,1134.6666666666667,3,3,New Customer,9.7499
5767,48,2,2244.07,15,3.875,12.25,850.125,5,3,New Customer,26.440700000000003
5770,253,2,5324.23,8,3.0,13.666666666666666,686.3333333333334,3,2,VIP,57.24229999999999
5771,14,2,4523.67,6,3.5,18.5,899.0,2,2,VIP,49.2367
5772,126,0,0.0,4,4.0,18.5,566.5,1,0,Regular,0.0
5773,275,0,0.0,3,4.0,7.666666666666667,1475.3333333333333,2,4,Lost,0.0
5774,50,1,357.36,9,4.0,11.0,1351.25,3,3,New Customer,5.573600000000001
5775,47,1,186.55,5,3.6666666666666665,12.0,606.6666666666666,2,3,New Customer,3.8655
5776,97,2,3154.48,9,3.5,12.5,571.25,3,2,VIP,35.544799999999995
5777,110,1,2031.06,3,3.0,9.5,913.5,2,3,New Customer,22.3106
5778,35,2,6754.82,14,4.0,11.0,775.0,3,2,VIP,71.5482
5779,41,1,5844.78,3,5.0,2.0,1394.0,1,2,VIP,60.4478
5780,67,1,3272.59,7,3.0,17.0,1527.0,2,3,New Customer,34.7259
5781,20,2,2517.3900000000003,21,3.875,13.5,1106.625,8,3,New Customer,29.173900000000003
5782,78,1,2711.56,17,3.8333333333333335,11.166666666666666,1377.3333333333333,5,3,New Customer,29.1156
5783,66,0,0.0,6,4.0,5.666666666666667,1293.6666666666667,1,0,Regular,0.0
5784,83,0,0.0,9,4.0,17.333333333333332,785.3333333333334,1,0,Regular,0.0
5785,129,1,865.06,9,4.25,7.0,835.25,3,3,New Customer,10.650599999999999
5786,89,0,0.0,7,4.0,11.333333333333334,445.0,1,0,Regular,0.0
5787,59,1,2778.81,2,4.0,7.0,1007.0,1,3,New Customer,29.7881
5788,272,0,0.0,3,4.0,11.0,1151.5,2,4,Lost,0.0
5789,6,0,0.0,4,4.0,19.5,249.5,1,0,Regular,0.0
5791,8,1,1268.46,16,4.0,14.666666666666666,486.1666666666667,3,3,New Customer,14.6846
5792,40,1,958.41,9,4.25,14.0,1002.5,3,3,New Customer,11.5841
5793,61,3,7953.709999999999,18,4.142857142857143,14.0,773.0,4,2,VIP,85.5371
5794,228,0,0.0,6,4.0,14.0,1474.0,0,4,Lost,0.0
5796,208,0,0.0,4,4.0,11.5,1145.0,1,4,Lost,0.0
5797,55,0,0.0,5,4.0,18.0,1349.6666666666667,1,0,Regular,0.0
5798,10,3,4788.68,15,3.5,16.5,615.8333333333334,6,2,VIP,53.8868
5799,3,1,361.09,11,4.0,8.8,635.2,4,3,New Customer,5.610899999999999
5800,203,1,419.94,3,4.5,13.5,941.0,1,1,At Risk,6.1994
5801,66,1,495.59,7,4.0,8.75,830.5,3,3,New Customer,6.9559
5802,101,0,0.0,3,4.0,18.0,1519.0,1,0,Regular,0.0
5803,84,0,0.0,2,4.0,6.5,660.5,1,0,Regular,0.0
5804,243,2,2556.78,9,4.0,15.666666666666666,1234.3333333333333,2,1,At Risk,29.567800000000002
5805,143,1,384.64,2,1.0,14.0,1303.0,1,1,At Risk,5.8464
5806,77,0,0.0,10,4.0,12.25,833.0,3,0,Regular,0.0
5807,39,0,0.0,8,4.0,12.0,1645.0,1,0,Regular,0.0
5808,20,2,6736.77,19,4.2,16.4,1248.2,3,2,VIP,71.3677
5809,216,0,0.0,6,4.0,5.0,1250.0,0,4,Lost,0.0
5810,98,0,0.0,8,4.0,10.25,668.0,4,0,Regular,0.0
5811,58,0,0.0,6,4.0,20.0,1540.0,1,0,Regular,0.0
5812,8,1,171.39,7,4.0,14.333333333333334,1175.6666666666667,2,3,New Customer,3.7138999999999998
5813,109,1,1580.76,9,4.333333333333333,10.333333333333334,685.6666666666666,3,3,New Customer,17.8076
5814,76,0,0.0,1,4.0,21.0,374.0,1,0,Regular,0.0
5816,170,0,0.0,4,4.0,6.0,425.0,0,4,Lost,0.0
5817,125,1,742.07,3,3.5,20.5,756.0,2,3,New Customer,9.4207
5818,54,0,0.0,11,4.0,15.0,874.75,3,0,Regular,0.0
5820,83,0,0.0,18,4.0,12.5,1010.8333333333334,2,0,Regular,0.0
5823,200,1,250.03,1,3.0,8.0,525.0,1,1,At Risk,4.5003
5824,21,1,1914.12,15,4.0,12.4,870.8,3,3,New Customer,21.141199999999998
5825,6,2,1723.68,9,3.25,8.25,1229.0,2,3,New Customer,21.236800000000002
5826,115,1,1313.32,15,3.8,16.6,780.2,4,3,New Customer,15.133199999999999
5827,26,1,6661.28,11,3.3333333333333335,14.0,382.0,2,2,VIP,68.6128
5828,7,0,0.0,8,4.0,16.75,344.75,0,0,Regular,0.0
5830,130,1,1014.56,8,4.333333333333333,8.0,826.0,2,3,New Customer,12.1456
5831,354,0,0.0,1,4.0,14.0,442.0,0,4,Lost,0.0
5832,56,0,0.0,1,4.0,24.0,1425.0,0,0,Regular,0.0
5833,169,0,0.0,8,4.0,12.25,830.25,2,4,Lost,0.0
5834,26,1,1543.69,15,3.8333333333333335,12.5,822.0,1,3,New Customer,17.4369
5835,248,0,0.0,4,4.0,15.0,877.5,2,4,Lost,0.0
5836,147,0,0.0,12,4.0,18.25,959.75,0,0,Regular,0.0
5837,125,1,187.52,5,3.3333333333333335,8.666666666666666,1121.3333333333333,2,3,New Customer,3.8752000000000004
5838,52,2,4807.65,10,4.0,14.333333333333334,965.3333333333334,2,2,VIP,52.076499999999996
5839,78,1,660.25,2,3.0,8.0,205.0,1,3,New Customer,8.6025
5840,276,1,1668.56,5,4.5,8.0,1274.5,2,1,At Risk,18.6856
5841,13,0,0.0,7,4.0,12.666666666666666,1302.3333333333333,1,0,Regular,0.0
5842,82,0,0.0,3,4.0,5.0,1147.0,1,0,Regular,0.0
5843,233,0,0.0,3,4.0,22.0,1649.0,1,4,Lost,0.0
5844,102,0,0.0,5,4.0,6.0,1264.0,1,0,Regular,0.0
5845,17,1,2803.58,4,4.333333333333333,13.666666666666666,702.3333333333334,3,3,New Customer,30.0358
5846,335,0,0.0,2,4.0,23.0,621.0,0,4,Lost,0.0
5847,42,1,1229.98,5,3.6666666666666665,6.666666666666667,934.3333333333334,1,3,New Customer,14.2998
5848,28,1,515.5,5,4.333333333333333,15.333333333333334,868.0,1,3,New Customer,7.155
5849,26,0,0.0,8,4.0,11.333333333333334,1608.3333333333333,3,0,Regular,0.0
5850,13,1,1276.46,6,3.0,12.0,956.0,2,3,New Customer,14.7646
5851,308,0,0.0,4,4.0,14.0,105.0,0,4,Lost,0.0
5852,3,3,8973.34,22,3.7777777777777777,12.222222222222221,884.8888888888889,6,2,VIP,95.7334
5853,298,0,0.0,2,4.0,3.0,332.0,1,4,Lost,0.0
5854,118,0,0.0,10,4.0,17.0,1121.5,2,0,Regular,0.0
5855,136,0,0.0,6,4.0,8.0,1076.0,1,0,Regular,0.0
5856,361,0,0.0,4,4.0,10.0,131.0,0,4,Lost,0.0
5857,239,0,0.0,3,4.0,8.0,512.0,1,4,Lost,0.0
5858,4,2,5974.68,13,3.4,15.2,939.8,3,2,VIP,63.7468
5859,49,0,0.0,4,4.0,12.5,1321.5,0,0,Regular,0.0
5860,6,2,4225.01,7,4.333333333333333,11.666666666666666,1361.3333333333333,2,2,VIP,46.2501
5861,40,0,0.0,8,4.0,15.666666666666666,976.6666666666666,3,0,Regular,0.0
5862,201,0,0.0,10,4.0,13.5,873.0,3,4,Lost,0.0
5863,2,2,3859.38,13,3.4,10.2,698.4,3,2,VIP,42.5938
5864,75,2,1423.8500000000001,14,4.0,12.0,721.5,3,3,New Customer,18.238500000000002
5865,18,0,0.0,3,4.0,20.0,912.0,0,0,Regular,0.0
5866,225,0,0.0,6,4.0,11.5,831.5,1,4,Lost,0.0
5867,90,0,0.0,5,4.0,12.0,871.0,2,0,Regular,0.0
5868,262,0,0.0,4,4.0,21.0,85.0,0,4,Lost,0.0
5869,230,1,5321.72,4,5.0,3.0,1367.0,1,1,At Risk,55.217200000000005
5870,301,0,0.0,2,4.0,7.0,1236.0,1,4,Lost,0.0
5872,59,1,1639.93,12,4.0,17.0,925.25,2,3,New Customer,18.3993
5873,220,0,0.0,3,4.0,8.0,1127.0,0,4,Lost,0.0
5874,317,0,0.0,4,4.0,6.0,330.0,1,4,Lost,0.0
5875,200,1,4387.44,7,4.0,9.0,856.0,1,1,At Risk,45.874399999999994
5876,7,1,2264.48,6,4.333333333333333,11.666666666666666,1068.6666666666667,3,3,New Customer,24.6448
5877,167,1,554.03,3,4.0,7.0,927.5,1,1,At Risk,7.540299999999999
5878,12,0,0.0,6,4.0,13.333333333333334,590.0,1,0,Regular,0.0
5879,185,0,0.0,5,4.0,6.0,211.5,1,4,Lost,0.0
5880,74,2,4883.01,13,3.2,17.0,967.4,2,2,VIP,52.8301
5882,79,0,0.0,3,4.0,8.0,1170.0,1,0,Regular,0.0
5883,7,0,0.0,8,4.0,15.25,1133.25,2,0,Regular,0.0
5884,86,1,684.24,3,4.5,11.0,1759.5,2,3,New Customer,8.842400000000001
5885,190,1,84.96,14,3.6666666666666665,15.333333333333334,705.8333333333334,3,1,At Risk,2.8495999999999997
5886,64,1,1609.88,11,4.0,12.333333333333334,804.3333333333334,2,3,New Customer,18.0988
5887,250,0,0.0,7,4.0,7.5,1099.5,0,4,Lost,0.0
5888,142,1,464.76,2,5.0,21.0,1135.0,1,1,At Risk,6.6476
5889,55,3,5474.77,11,3.25,8.25,1027.0,4,2,VIP,60.7477
5890,95,0,0.0,12,4.0,16.0,668.0,1,0,Regular,0.0
5891,185,0,0.0,4,4.0,4.0,72.0,1,4,Lost,0.0
5892,16,0,0.0,11,4.0,10.0,1315.0,1,0,Regular,0.0
5893,87,1,574.56,9,4.2,14.2,648.2,1,3,New Customer,7.7456
5894,84,1,1318.08,6,3.0,11.666666666666666,1004.3333333333334,3,3,New Customer,15.1808
5895,66,2,2113.96,7,4.333333333333333,13.0,756.3333333333334,2,3,New Customer,25.1396
5896,71,0,0.0,12,4.0,12.6,831.2,3,0,Regular,0.0
5897,20,0,0.0,4,4.0,5.0,1192.0,0,0,Regular,0.0
5899,30,0,0.0,5,4.0,10.0,800.5,2,0,Regular,0.0
5900,96,0,0.0,13,4.0,7.6,474.4,2,0,Regular,0.0
5901,92,0,0.0,4,4.0,4.0,1447.0,0,0,Regular,0.0
5902,7,1,2075.62,8,3.0,10.666666666666666,1609.6666666666667,2,3,New Customer,22.7562
5903,116,1,1424.99,9,4.333333333333333,12.0,761.3333333333334,2,3,New Customer,16.2499
5904,63,2,2455.31,10,4.0,11.5,903.5,3,3,New Customer,28.5531
5905,178,1,1440.58,9,3.6666666666666665,8.666666666666666,820.6666666666666,3,1,At Risk,16.4058
5906,51,1,250.93,8,4.25,8.5,1112.5,2,3,New Customer,4.5093
5907,76,0,0.0,8,4.0,21.333333333333332,314.0,1,0,Regular,0.0
5908,189,0,0.0,8,4.0,16.5,1000.0,1,4,Lost,0.0
5909,243,2,6184.5,13,4.5,12.0,704.75,4,2,VIP,65.845
5910,24,1,796.09,7,3.6666666666666665,17.0,1134.0,3,3,New Customer,9.9609
5911,97,0,0.0,12,4.0,10.75,851.5,2,0,Regular,0.0
5913,91,0,0.0,12,4.0,20.25,735.25,1,0,Regular,0.0
5914,36,0,0.0,3,4.0,4.0,42.0,0,0,Regular,0.0
5915,6,1,5287.19,4,4.0,15.0,789.5,1,2,VIP,54.8719
5917,301,0,0.0,1,4.0,24.0,1468.0,1,4,Lost,0.0
5918,94,2,3059.07,4,4.5,13.0,1376.0,2,2,VIP,34.5907
5919,157,0,0.0,5,4.0,14.5,264.5,2,4,Lost,0.0
5920,104,2,4470.3,7,4.333333333333333,18.0,995.6666666666666,3,2,VIP,48.703
5921,63,2,7634.02,6,4.0,9.5,1671.0,2,2,VIP,80.34020000000001
5922,57,0,0.0,16,4.0,13.5,680.5,2,0,Regular,0.0
5923,39,1,1037.8,16,4.0,15.4,1046.8,1,3,New Customer,12.378
5924,0,3,3255.02,12,4.25,14.25,805.5,3,2,VIP,38.5502
5925,186,1,184.5,2,4.0,9.0,915.0,2,1,At Risk,3.8449999999999998
5926,7,3,3734.0,8,4.0,15.5,1348.25,4,2,VIP,43.34
5928,231,0,0.0,1,4.0,17.0,1505.0,0,4,Lost,0.0
5929,134,0,0.0,12,4.0,18.333333333333332,890.0,1,0,Regular,0.0
5930,102,0,0.0,4,4.0,11.333333333333334,850.0,2,0,Regular,0.0
5931,289,0,0.0,4,4.0,19.0,419.0,1,4,Lost,0.0
5932,313,1,909.21,3,3.0,21.0,1279.0,1,1,At Risk,11.0921
5933,1,1,2290.32,23,4.0,16.25,1348.125,4,3,New Customer,24.903200000000002
5934,254,1,1934.72,6,4.0,15.666666666666666,725.0,2,1,At Risk,21.3472
5935,118,0,0.0,6,4.0,21.0,1280.0,1,0,Regular,0.0
5936,124,1,1344.64,12,4.0,13.5,497.25,3,3,New Customer,15.4464
5938,95,1,2953.72,9,3.6666666666666665,9.333333333333334,979.6666666666666,3,3,New Customer,31.5372
5939,44,1,4156.23,5,4.333333333333333,9.666666666666666,978.3333333333334,3,3,New Customer,43.56229999999999
5940,24,0,0.0,8,4.0,14.333333333333334,548.0,1,0,Regular,0.0
5941,29,1,2470.8,8,3.6666666666666665,13.666666666666666,830.3333333333334,1,3,New Customer,26.708000000000002
5942,43,2,6460.49,6,3.0,8.0,1087.5,2,2,VIP,68.6049
5943,35,1,475.63,8,4.0,15.5,1600.5,2,3,New Customer,6.7562999999999995
5944,83,3,2372.7200000000003,13,4.2,17.2,686.0,5,2,VIP,29.727200000000003
5945,110,0,0.0,8,4.0,19.5,1011.0,2,0,Regular,0.0
5946,26,1,2888.49,18,3.8333333333333335,11.833333333333334,1386.5,5,3,New Customer,30.8849
5947,288,0,0.0,1,4.0,1.0,734.0,0,4,Lost,0.0
5949,25,1,1833.37,2,3.5,19.0,708.5,2,3,New Customer,20.3337
5950,114,0,0.0,9,4.0,7.0,567.6666666666666,1,0,Regular,0.0
5951,86,0,0.0,7,4.0,12.0,638.6666666666666,2,0,Regular,0.0
5952,58,3,10124.29,12,4.4,10.4,785.2,3,2,VIP,107.2429
5953,85,0,0.0,11,4.0,9.333333333333334,459.0,1,0,Regular,0.0
5954,283,0,0.0,2,4.0,9.0,804.0,1,4,Lost,0.0
5955,36,0,0.0,4,4.0,8.0,833.0,0,0,Regular,0.0
5956,0,1,5080.54,13,4.2,11.6,1190.4,2,2,VIP,52.8054
5957,119,0,0.0,5,4.0,17.0,970.0,1,0,Regular,0.0
5958,48,1,1965.47,7,4.333333333333333,19.333333333333332,1112.6666666666667,2,3,New Customer,21.654700000000002
5959,168,0,0.0,6,4.0,11.333333333333334,595.0,1,4,Lost,0.0
5960,29,1,5352.26,9,4.333333333333333,12.0,368.6666666666667,2,2,VIP,55.522600000000004
5961,11,1,5472.29,10,4.0,11.333333333333334,1109.0,2,2,VIP,56.7229
5962,33,0,0.0,5,4.0,12.0,853.0,0,0,Regular,0.0
5963,183,0,0.0,2,4.0,8.5,563.5,1,4,Lost,0.0
5964,174,0,0.0,4,4.0,22.0,415.0,0,4,Lost,0.0
5965,31,1,950.8,2,3.0,7.0,1282.0,2,3,New Customer,11.508
5966,209,0,0.0,4,4.0,8.0,1426.0,1,4,Lost,0.0
5967,10,0,0.0,6,4.0,18.0,999.5,2,0,Regular,0.0
5968,183,0,0.0,6,4.0,15.5,274.5,0,4,Lost,0.0
5969,34,0,0.0,12,4.0,13.75,936.5,3,0,Regular,0.0
5970,11,1,1772.96,6,4.0,17.0,1330.6666666666667,3,3,New Customer,19.7296
5971,323,0,0.0,1,4.0,7.0,628.0,1,4,Lost,0.0
5972,10,1,1660.75,10,4.0,13.25,643.25,2,3,New Customer,18.6075
5973,141,2,1992.8,6,4.0,7.666666666666667,749.6666666666666,3,1,At Risk,23.928
5974,82,0,0.0,2,4.0,15.5,742.0,2,0,Regular,0.0
5975,2,1,704.02,15,4.0,10.25,553.375,6,3,New Customer,9.040199999999999
5976,11,1,173.72,16,4.0,15.714285714285714,1030.7142857142858,2,3,New Customer,3.7372
5977,53,1,2180.96,9,4.0,13.666666666666666,684.6666666666666,3,3,New Customer,23.8096
5978,202,0,0.0,3,4.0,15.0,1153.0,1,4,Lost,0.0
5979,138,3,2977.09,10,4.0,16.75,555.25,3,2,VIP,35.7709
5980,142,0,0.0,8,4.0,13.0,668.3333333333334,2,0,Regular,0.0
5981,136,2,3929.55,6,2.6666666666666665,14.333333333333334,876.6666666666666,3,2,VIP,43.295500000000004
5982,150,1,1115.64,7,4.0,10.0,318.6666666666667,1,1,At Risk,13.156400000000001
5983,301,0,0.0,6,4.0,13.5,683.5,0,4,Lost,0.0
5984,108,0,0.0,13,4.0,10.2,1055.0,2,0,Regular,0.0
5985,122,1,1616.39,6,4.333333333333333,15.666666666666666,744.3333333333334,1,3,New Customer,18.1639
5986,23,0,0.0,8,4.0,17.5,793.5,1,0,Regular,0.0
5988,117,0,0.0,7,4.0,8.333333333333334,341.3333333333333,3,0,Regular,0.0
5989,5,2,1368.8200000000002,14,4.142857142857143,10.285714285714286,602.1428571428571,6,3,New Customer,17.688200000000002
5990,128,0,0.0,7,4.0,10.5,594.0,0,0,Regular,0.0
5991,190,0,0.0,10,4.0,8.75,597.75,3,4,Lost,0.0
5992,137,0,0.0,9,4.0,17.0,706.75,3,0,Regular,0.0
5993,17,1,1566.6,7,3.3333333333333335,8.333333333333334,619.3333333333334,3,3,New Customer,17.665999999999997
5994,8,1,684.72,16,4.2,13.6,771.2,2,3,New Customer,8.8472
5995,193,0,0.0,5,4.0,12.5,1141.0,1,4,Lost,0.0
5996,122,2,2586.74,4,4.0,16.5,1692.0,2,3,New Customer,29.867399999999996
5997,23,1,319.13,11,4.166666666666667,13.666666666666666,808.3333333333334,4,3,New Customer,5.1913
5998,159,0,0.0,4,4.0,1.0,699.0,0,4,Lost,0.0
5999,1,3,4053.8099999999995,26,4.111111111111111,11.88888888888889,425.77777777777777,7,2,VIP,46.53809999999999
6000,27,1,588.74,8,4.333333333333333,14.666666666666666,1121.6666666666667,2,3,New Customer,7.8874
6001,113,0,0.0,8,4.0,15.25,985.0,3,0,Regular,0.0
6002,126,0,0.0,1,4.0,10.0,577.0,0,0,Regular,0.0
6003,188,0,0.0,7,4.0,4.5,1666.0,1,4,Lost,0.0
6004,41,0,0.0,6,4.0,21.0,749.0,1,0,Regular,0.0
6005,19,3,3645.11,7,4.0,7.75,928.5,4,2,VIP,42.451100000000004
6006,71,1,766.38,2,5.0,11.0,84.0,1,3,New Customer,9.6638
6007,182,1,1908.3,5,4.0,3.5,1021.0,2,1,At Risk,21.083
6008,113,0,0.0,11,4.0,12.666666666666666,681.3333333333334,3,0,Regular,0.0
6009,45,0,0.0,12,4.0,9.2,756.0,2,0,Regular,0.0
6010,61,1,377.58,4,4.0,14.5,877.5,2,3,New Customer,5.7758
6011,3,1,3368.28,6,3.25,14.25,1153.75,2,3,New Customer,35.6828
6012,108,0,0.0,14,4.0,16.0,1068.8,4,0,Regular,0.0
6013,111,1,621.54,2,4.0,19.5,1100.5,1,3,New Customer,8.215399999999999
6015,27,0,0.0,3,4.0,15.666666666666666,827.6666666666666,3,0,Regular,0.0
6016,14,0,0.0,1,4.0,13.0,1001.0,1,0,Regular,0.0
6017,40,0,0.0,7,4.0,10.5,921.5,2,0,Regular,0.0
6018,27,1,843.21,3,4.0,24.0,801.0,1,3,New Customer,10.4321
6019,62,2,1951.97,3,3.0,20.0,784.5,2,3,New Customer,23.5197
6020,270,1,821.05,6,3.3333333333333335,11.333333333333334,779.0,2,1,At Risk,10.2105
6021,41,1,2497.51,12,3.8,16.8,744.8,4,3,New Customer,26.9751
6022,161,0,0.0,2,4.0,6.0,975.0,1,4,Lost,0.0
6023,251,0,0.0,1,4.0,4.0,97.0,1,4,Lost,0.0
6024,227,1,1407.37,7,4.333333333333333,7.0,865.6666666666666,2,1,At Risk,16.0737
6025,113,1,2584.7,9,4.0,8.0,701.75,3,3,New Customer,27.846999999999998
6026,108,1,776.79,5,4.0,12.666666666666666,501.0,1,3,New Customer,9.767900000000001
6027,166,1,704.19,3,4.0,12.0,1347.0,1,1,At Risk,9.041900000000002
6028,3,2,2721.99,10,3.6666666666666665,9.0,595.3333333333334,2,3,New Customer,31.2199
6030,166,0,0.0,3,4.0,14.0,187.0,0,4,Lost,0.0
6031,18,1,805.05,7,4.0,20.0,466.5,1,3,New Customer,10.0505
6032,211,0,0.0,8,4.0,18.666666666666668,945.0,2,4,Lost,0.0
6033,10,0,0.0,4,4.0,5.0,1271.0,0,0,Regular,0.0
6034,134,0,0.0,2,4.0,19.0,743.0,1,0,Regular,0.0
6035,5,1,2649.55,10,4.2,11.6,730.0,4,3,New Customer,28.495500000000003
6036,318,1,2799.21,3,3.0,3.0,1594.0,1,1,At Risk,29.9921
6038,12,2,5932.62,11,4.333333333333333,16.0,704.0,2,2,VIP,63.3262
6039,318,0,0.0,4,4.0,14.0,1475.0,0,4,Lost,0.0
6041,204,0,0.0,11,4.0,13.5,764.25,2,4,Lost,0.0
6042,58,1,955.96,4,3.3333333333333335,9.333333333333334,482.0,3,3,New Customer,11.5596
6043,99,0,0.0,6,4.0,11.5,672.5,2,0,Regular,0.0
6044,87,0,0.0,12,4.0,16.25,630.75,3,0,Regular,0.0
6045,75,2,2783.81,16,3.5714285714285716,9.285714285714286,843.5714285714286,6,3,New Customer,31.8381
6046,185,1,846.77,2,4.0,19.0,1614.0,1,1,At Risk,10.4677
6047,27,1,3983.08,10,4.0,14.2,1181.8,2,3,New Customer,41.830799999999996
6048,346,0,0.0,2,4.0,23.0,1740.0,0,4,Lost,0.0
6049,25,0,0.0,1,4.0,20.0,127.0,1,0,Regular,0.0
6050,7,1,3225.6,12,3.4,10.0,1051.6,4,3,New Customer,34.256
6051,151,0,0.0,1,4.0,2.0,975.0,1,4,Lost,0.0
6052,84,1,1180.78,5,3.75,19.25,475.25,3,3,New Customer,13.8078
6053,147,1,202.98,2,3.0,17.0,1514.0,1,1,At Risk,4.0298
6054,153,1,454.09,4,4.0,19.5,1116.0,2,1,At Risk,6.5409
6055,78,0,0.0,5,4.0,12.5,1315.0,2,0,Regular,0.0
6056,313,1,1512.9,10,4.0,17.333333333333332,709.6666666666666,2,1,At Risk,17.129
6057,60,1,738.37,11,4.0,13.25,1088.25,3,3,New Customer,9.383700000000001
6058,5,3,5955.150000000001,8,3.6666666666666665,11.666666666666666,850.6666666666666,3,2,VIP,65.5515
6059,255,0,0.0,6,4.0,20.0,1370.0,1,4,Lost,0.0
6060,208,0,0.0,1,4.0,16.0,375.0,1,4,Lost,0.0
6061,209,0,0.0,5,4.0,8.0,728.0,2,4,Lost,0.0
6062,3,0,0.0,11,4.0,12.0,1411.6666666666667,1,0,Regular,0.0
6063,83,1,1693.91,8,4.25,17.0,683.75,4,3,New Customer,18.9391
6064,311,0,0.0,4,4.0,8.0,198.0,0,4,Lost,0.0
6065,11,1,1849.16,7,4.0,14.0,869.6666666666666,2,3,New Customer,20.491600000000002
6066,18,2,3142.15,16,3.875,12.0,956.125,7,2,VIP,35.4215
6067,25,1,4645.32,12,4.2,10.2,905.6,4,2,VIP,48.453199999999995
6068,31,0,0.0,14,4.0,12.5,1006.5,4,0,Regular,0.0
6069,36,0,0.0,3,4.0,12.0,663.0,0,0,Regular,0.0
6070,52,0,0.0,11,4.0,10.5,1079.5,2,0,Regular,0.0
6071,16,1,345.57,6,4.0,9.666666666666666,967.3333333333334,2,3,New Customer,5.4557
6072,196,0,0.0,3,4.0,7.0,202.0,0,4,Lost,0.0
6073,0,0,0.0,5,4.0,6.0,1097.0,1,0,Regular,0.0
6074,253,0,0.0,6,4.0,11.5,1634.0,2,4,Lost,0.0
6076,36,0,0.0,2,4.0,14.5,153.5,2,0,Regular,0.0
6077,47,1,812.71,5,4.0,11.0,361.5,1,3,New Customer,10.1271
6078,7,0,0.0,11,4.0,12.0,963.4,2,0,Regular,0.0
6079,258,0,0.0,1,4.0,1.0,687.0,1,4,Lost,0.0
6080,44,1,1041.35,8,3.5,13.5,1011.0,1,3,New Customer,12.413499999999999
6081,43,1,1117.0,13,4.25,17.0,887.5,2,3,New Customer,13.17
6082,56,1,311.67,8,3.0,15.333333333333334,1001.6666666666666,1,3,New Customer,5.1167
6083,12,0,0.0,12,4.0,17.25,834.75,0,0,Regular,0.0
6084,63,1,975.51,9,4.0,10.5,931.25,3,3,New Customer,11.7551
6085,21,3,11545.2,18,4.2,18.0,819.4,4,2,VIP,121.45200000000001
6086,43,2,7884.4400000000005,10,4.333333333333333,16.0,655.3333333333334,2,2,VIP,82.84440000000001
6087,59,2,1206.27,9,3.75,7.5,698.0,3,3,New Customer,16.0627
6088,24,4,6311.89,17,3.7142857142857144,12.142857142857142,944.1428571428571,5,2,VIP,71.1189
6089,6,0,0.0,11,4.0,18.666666666666668,309.3333333333333,2,0,Regular,0.0
6091,203,0,0.0,7,4.0,17.666666666666668,929.0,0,4,Lost,0.0
6092,87,1,1973.55,10,4.0,17.0,910.25,3,3,New Customer,21.7355
6093,267,1,97.93,1,4.0,11.0,1130.0,1,1,At Risk,2.9793000000000003
6095,65,0,0.0,3,4.0,11.0,1006.0,2,0,Regular,0.0
6096,142,1,1136.62,8,4.0,8.0,650.0,1,1,At Risk,13.3662
6097,47,1,1135.33,11,4.0,17.5,618.25,2,3,New Customer,13.353299999999999
6098,23,1,276.84,5,4.333333333333333,11.333333333333334,640.3333333333334,3,3,New Customer,4.7684
6099,317,0,0.0,3,4.0,23.0,1214.0,1,4,Lost,0.0
6100,26,0,0.0,4,4.0,6.0,514.0,0,0,Regular,0.0
6101,9,2,669.14,8,4.0,11.0,1060.6,5,3,New Customer,10.6914
6103,14,0,0.0,4,4.0,15.0,508.0,2,0,Regular,0.0
6104,17,3,5695.15,10,4.6,8.2,943.4,4,2,VIP,62.951499999999996
6105,147,0,0.0,15,4.0,11.4,954.0,3,0,Regular,0.0
6106,49,0,0.0,20,4.0,14.714285714285714,557.5714285714286,6,0,Regular,0.0
6107,324,1,4978.23,3,4.0,4.0,713.0,1,1,At Risk,51.78229999999999
6108,191,0,0.0,1,4.0,16.0,571.0,0,4,Lost,0.0
6109,54,1,767.02,21,3.75,12.625,876.625,3,3,New Customer,9.6702
6110,11,0,0.0,9,4.0,12.666666666666666,981.0,1,0,Regular,0.0
6111,18,2,6919.66,13,4.0,10.25,1035.75,4,2,VIP,73.1966
6112,113,1,461.97,3,4.0,9.0,221.0,1,3,New Customer,6.6197
6113,27,0,0.0,9,4.0,13.333333333333334,1306.3333333333333,2,0,Regular,0.0
6115,28,0,0.0,10,4.0,10.0,1244.75,1,0,Regular,0.0
6116,38,4,8182.58,15,4.0,7.6,634.6,4,2,VIP,89.8258
6117,179,0,0.0,6,4.0,10.666666666666666,1416.6666666666667,1,4,Lost,0.0
6118,198,2,1146.08,9,4.25,13.5,874.75,2,1,At Risk,15.460799999999999
6119,80,1,374.3,8,4.5,15.5,400.0,2,3,New Customer,5.743
6120,227,0,0.0,3,4.0,12.0,117.0,1,4,Lost,0.0
6121,104,1,4633.45,8,4.333333333333333,14.0,273.0,2,2,VIP,48.3345
6122,137,0,0.0,3,4.0,5.0,521.0,0,0,Regular,0.0
6123,140,0,0.0,5,4.0,20.5,720.0,2,0,Regular,0.0
6124,28,0,0.0,2,4.0,17.0,1070.0,0,0,Regular,0.0
6125,81,1,1299.33,2,4.0,11.0,666.0,1,3,New Customer,14.9933
6126,226,2,8373.25,12,3.5,16.25,1133.25,4,2,VIP,87.7325
6127,215,1,552.51,4,3.6666666666666665,7.333333333333333,512.3333333333334,3,1,At Risk,7.5251
6128,10,1,1845.74,8,4.333333333333333,16.666666666666668,1047.3333333333333,2,3,New Customer,20.4574
6129,254,1,3389.65,3,3.5,12.5,722.5,1,1,At Risk,35.8965
6130,38,0,0.0,12,4.0,16.666666666666668,1068.3333333333333,1,0,Regular,0.0
6131,167,0,0.0,1,4.0,20.0,1481.0,1,4,Lost,0.0
6132,200,0,0.0,2,4.0,11.0,1261.0,1,4,Lost,0.0
6133,120,0,0.0,5,4.0,11.0,827.0,2,0,Regular,0.0
6134,122,0,0.0,6,4.0,8.5,361.0,2,0,Regular,0.0
6135,189,3,7899.21,12,4.25,8.75,1224.0,4,2,VIP,84.9921
6136,318,0,0.0,2,4.0,4.0,207.0,1,4,Lost,0.0
6137,211,0,0.0,3,4.0,20.0,1021.0,0,4,Lost,0.0
6138,162,1,1580.56,7,4.5,22.5,452.0,2,1,At Risk,17.8056
6139,134,0,0.0,11,4.0,15.0,727.0,4,0,Regular,0.0
6140,8,0,0.0,10,4.0,15.5,538.25,2,0,Regular,0.0
6141,56,1,356.04,8,4.0,16.666666666666668,754.3333333333334,2,3,New Customer,5.5604
6142,24,1,1956.35,8,4.0,13.0,1174.5,2,3,New Customer,21.563499999999998
6143,115,0,0.0,6,4.0,22.0,1153.5,1,0,Regular,0.0
6144,129,1,874.13,4,4.0,16.0,432.0,2,3,New Customer,10.7413
6145,137,1,3296.76,3,4.0,15.5,763.5,2,1,At Risk,34.967600000000004
6146,1,0,0.0,11,4.0,10.25,1057.5,2,0,Regular,0.0
6147,167,0,0.0,7,4.0,12.5,1433.0,0,4,Lost,0.0
6148,44,2,2677.02,15,4.0,18.666666666666668,1063.6666666666667,4,3,New Customer,30.7702
6149,2,0,0.0,8,4.0,6.0,651.6666666666666,1,0,Regular,0.0
6151,20,2,1626.8,25,4.125,12.625,1054.375,4,3,New Customer,20.268
6152,253,0,0.0,2,4.0,23.0,987.0,1,4,Lost,0.0
6153,73,1,5532.55,18,3.8333333333333335,13.833333333333334,886.3333333333334,5,2,VIP,57.325500000000005
6154,235,1,967.94,2,2.5,11.5,1072.5,2,1,At Risk,11.679400000000001
6155,266,1,3630.6,3,5.0,5.0,1142.0,1,1,At Risk,38.306
6156,23,1,4108.1,8,3.6666666666666665,13.666666666666666,1128.6666666666667,2,3,New Customer,43.081
6157,22,0,0.0,5,4.0,14.0,973.0,1,0,Regular,0.0
6158,217,0,0.0,6,4.0,16.5,935.0,0,4,Lost,0.0
6159,14,0,0.0,5,4.0,12.5,1444.0,0,0,Regular,0.0
6160,40,0,0.0,2,4.0,24.0,1381.0,0,0,Regular,0.0
6161,279,0,0.0,2,4.0,21.5,1046.5,1,4,Lost,0.0
6162,154,0,0.0,14,4.0,11.5,1263.75,4,4,Lost,0.0
6163,0,1,1755.32,12,3.25,13.75,1552.75,2,3,New Customer,19.5532
6164,24,1,362.7,8,3.6666666666666665,18.333333333333332,1287.3333333333333,1,3,New Customer,5.627
6165,84,1,1419.34,7,4.333333333333333,13.0,698.0,2,3,New Customer,16.193399999999997
6166,21,2,597.67,6,3.6666666666666665,9.666666666666666,738.3333333333334,3,3,New Customer,9.9767
6167,29,0,0.0,9,4.0,9.25,974.75,1,0,Regular,0.0
6168,11,0,0.0,13,4.0,7.75,1351.0,1,0,Regular,0.0
6169,79,0,0.0,3,4.0,12.5,937.0,0,0,Regular,0.0
6170,74,1,409.22,13,3.75,9.75,960.25,2,3,New Customer,6.0922
6171,34,1,1563.53,2,4.0,8.0,1048.5,2,3,New Customer,17.6353
6172,223,0,0.0,9,4.0,6.5,779.25,1,4,Lost,0.0
6173,15,1,2489.67,10,4.25,6.75,412.25,3,3,New Customer,26.8967
6174,1,1,1226.08,1,4.0,19.0,1235.0,1,3,New Customer,14.2608
6175,35,0,0.0,2,4.0,20.0,1773.0,1,0,Regular,0.0
6176,164,1,2478.35,2,5.0,15.0,472.0,1,1,At Risk,26.7835
6177,116,1,4306.6,6,3.5,11.5,1278.5,2,3,New Customer,45.066
6178,55,2,902.99,6,3.3333333333333335,8.666666666666666,1298.6666666666667,2,3,New Customer,13.0299
6179,277,0,0.0,8,4.0,15.333333333333334,883.6666666666666,1,4,Lost,0.0
6180,69,0,0.0,6,4.0,12.666666666666666,995.0,1,0,Regular,0.0
6181,24,1,1024.35,16,4.0,9.0,975.4,4,3,New Customer,12.2435
6182,277,1,2524.68,4,3.0,11.5,1557.5,2,1,At Risk,27.246799999999997
6183,6,0,0.0,1,4.0,24.0,190.0,1,0,Regular,0.0
6185,180,0,0.0,7,4.0,14.0,1062.5,0,4,Lost,0.0
6186,197,1,532.81,1,4.0,21.0,141.0,1,1,At Risk,7.328099999999999
6187,197,1,5872.2,7,3.0,8.666666666666666,547.3333333333334,3,2,VIP,60.722
6189,162,0,0.0,8,4.0,9.333333333333334,1509.3333333333333,1,4,Lost,0.0
6190,38,0,0.0,3,4.0,18.5,382.0,2,0,Regular,0.0
6191,52,2,2162.92,9,4.25,8.25,1275.5,3,3,New Customer,25.6292
6192,89,0,0.0,10,4.0,15.0,1017.75,1,0,Regular,0.0
6193,222,1,771.51,2,3.5,10.0,1556.0,1,1,At Risk,9.7151
6194,229,0,0.0,6,4.0,17.0,1123.6666666666667,2,4,Lost,0.0
6195,20,1,950.69,10,4.0,9.0,937.5,3,3,New Customer,11.5069
6196,133,1,1040.85,7,4.333333333333333,16.0,877.6666666666666,2,3,New Customer,12.408499999999998
6197,242,1,3179.88,4,4.0,14.0,1682.0,1,1,At Risk,33.7988
6198,100,1,351.14,9,4.333333333333333,11.666666666666666,1016.0,3,3,New Customer,5.5114
6199,77,0,0.0,5,4.0,8.0,1251.5,1,0,Regular,0.0
6200,96,0,0.0,7,4.0,5.0,978.75,1,0,Regular,0.0
6201,48,1,2824.14,16,4.0,5.166666666666667,1112.6666666666667,3,3,New Customer,30.2414
6202,42,1,5126.22,14,4.25,10.0,1041.75,3,2,VIP,53.2622
6203,59,0,0.0,5,4.0,5.0,1173.5,1,0,Regular,0.0
6204,20,1,3725.64,6,3.5,11.5,1145.5,1,3,New Customer,39.2564
6205,72,0,0.0,3,4.0,18.0,1410.0,1,0,Regular,0.0
6206,18,1,2858.81,10,4.333333333333333,8.666666666666666,837.3333333333334,2,3,New Customer,30.5881
6208,113,1,6342.08,9,3.0,14.0,813.6666666666666,2,2,VIP,65.4208
6209,127,1,560.63,5,4.5,8.0,596.5,1,3,New Customer,7.6063
6210,21,3,1845.8,13,4.428571428571429,9.428571428571429,826.5714285714286,5,2,VIP,24.458
6211,69,0,0.0,5,4.0,16.5,878.0,1,0,Regular,0.0
6212,20,1,154.87,4,4.0,10.0,831.0,3,3,New Customer,3.5487
6213,55,1,600.99,13,3.75,15.75,1420.25,2,3,New Customer,8.0099
6214,171,0,0.0,2,4.0,21.0,1237.0,1,4,Lost,0.0
6215,51,1,200.52,6,4.5,15.0,897.0,1,3,New Customer,4.0052
6216,23,0,0.0,16,4.0,10.8,463.2,5,0,Regular,0.0
6217,196,1,299.92,4,3.0,12.0,1017.0,2,1,At Risk,4.9992
6218,351,0,0.0,2,4.0,2.0,1696.0,1,4,Lost,0.0
6219,147,0,0.0,5,4.0,7.5,177.0,0,0,Regular,0.0
6220,48,0,0.0,4,4.0,11.0,1465.5,2,0,Regular,0.0
6221,15,2,2513.08,11,4.0,13.5,703.75,4,3,New Customer,29.1308
6222,83,0,0.0,3,4.0,14.5,1392.5,1,0,Regular,0.0
6223,13,1,5321.89,17,4.166666666666667,11.0,669.1666666666666,4,2,VIP,55.218900000000005
6225,279,1,7110.36,6,4.0,17.5,972.0,2,1,At Risk,73.1036
6226,92,0,0.0,5,4.0,16.0,969.5,0,0,Regular,0.0
6227,277,0,0.0,7,4.0,8.333333333333334,197.0,2,4,Lost,0.0
6228,17,2,2497.25,6,3.3333333333333335,10.666666666666666,517.6666666666666,2,3,New Customer,28.9725
6229,108,1,2906.51,5,4.5,12.0,586.0,1,3,New Customer,31.0651
6230,158,2,1713.0500000000002,12,3.4,14.6,975.8,3,1,At Risk,21.1305
6231,7,0,0.0,4,4.0,2.0,119.0,1,0,Regular,0.0
6232,36,0,0.0,8,4.0,14.0,529.0,1,0,Regular,0.0
6233,78,1,1369.14,9,4.0,6.666666666666667,936.3333333333334,2,3,New Customer,15.691400000000002
6234,319,0,0.0,3,4.0,5.0,1165.0,1,4,Lost,0.0
6235,170,0,0.0,7,4.0,11.0,524.0,2,4,Lost,0.0
6237,77,0,0.0,5,4.0,13.333333333333334,1352.6666666666667,2,0,Regular,0.0
6238,193,0,0.0,2,4.0,7.0,1444.0,1,4,Lost,0.0
6239,151,2,2065.63,12,4.2,10.8,518.6,3,1,At Risk,24.6563
6240,131,1,6439.0,8,3.3333333333333335,8.333333333333334,1210.3333333333333,1,2,VIP,66.39
6241,170,1,932.63,4,4.5,12.0,558.5,1,1,At Risk,11.3263
6242,59,0,0.0,10,4.0,18.0,609.25,3,0,Regular,0.0
6243,38,3,5940.6,11,3.2,17.2,1037.2,3,2,VIP,65.406
6244,60,0,0.0,12,4.0,10.5,757.25,3,0,Regular,0.0
6245,26,0,0.0,10,4.0,14.333333333333334,1060.3333333333333,2,0,Regular,0.0
6246,68,1,480.02,7,4.0,14.5,666.25,4,3,New Customer,6.8002
6247,286,0,0.0,1,4.0,21.0,1717.0,1,4,Lost,0.0
6249,230,0,0.0,4,4.0,10.0,1492.0,0,4,Lost,0.0
6250,178,0,0.0,5,4.0,9.5,754.5,2,4,Lost,0.0
6251,140,0,0.0,8,4.0,8.333333333333334,1368.0,2,0,Regular,0.0
6252,70,0,0.0,10,4.0,12.0,1000.5,4,0,Regular,0.0
6253,29,0,0.0,6,4.0,10.0,1569.5,1,0,Regular,0.0
6254,75,1,865.04,5,3.5,14.0,1429.5,2,3,New Customer,10.6504
6255,61,1,890.75,18,3.8333333333333335,12.0,748.8333333333334,5,3,New Customer,10.9075
6256,101,3,11609.37,20,4.0,13.714285714285714,959.7142857142857,5,2,VIP,122.09370000000001
6257,130,1,787.64,5,4.0,13.666666666666666,1021.0,2,3,New Customer,9.8764
6258,0,1,2273.91,9,3.3333333333333335,16.333333333333332,438.6666666666667,1,3,New Customer,24.739099999999997
6259,11,0,0.0,6,4.0,4.666666666666667,853.3333333333334,2,0,Regular,0.0
6260,184,0,0.0,5,4.0,13.0,1156.6666666666667,1,4,Lost,0.0
6261,72,0,0.0,4,4.0,7.0,615.0,0,0,Regular,0.0
6262,82,1,583.32,7,4.0,10.0,894.5,4,3,New Customer,7.833200000000001
6264,89,1,763.27,2,3.0,8.5,491.5,2,3,New Customer,9.6327
6265,179,0,0.0,4,4.0,6.5,252.0,1,4,Lost,0.0
6266,102,1,2065.59,4,3.0,6.0,857.0,1,3,New Customer,22.655900000000003
6267,304,0,0.0,3,4.0,22.5,350.5,2,4,Lost,0.0
6268,293,0,0.0,2,4.0,2.0,899.0,1,4,Lost,0.0
6269,44,0,0.0,15,4.0,11.6,905.6,2,0,Regular,0.0
6270,32,1,893.04,8,3.6666666666666665,13.333333333333334,1204.6666666666667,2,3,New Customer,10.930399999999999
6271,87,0,0.0,3,4.0,6.0,668.5,1,0,Regular,0.0
6272,1,0,0.0,4,4.0,18.0,1595.5,1,0,Regular,0.0
6273,74,0,0.0,3,4.0,10.0,1116.0,0,0,Regular,0.0
6274,73,1,444.39,10,4.25,8.75,1343.25,3,3,New Customer,6.4439
6275,61,0,0.0,8,4.0,7.0,1046.6666666666667,1,0,Regular,0.0
6276,139,3,5208.5,10,3.8333333333333335,11.0,803.8333333333334,3,2,VIP,58.085
6277,49,0,0.0,5,4.0,15.0,936.0,1,0,Regular,0.0
6278,67,0,0.0,2,4.0,17.0,378.0,1,0,Regular,0.0
6279,306,1,4469.82,4,2.5,21.5,317.5,2,1,At Risk,46.6982
6280,158,0,0.0,6,4.0,13.666666666666666,637.6666666666666,0,4,Lost,0.0
6282,126,1,990.99,3,5.0,4.0,1195.0,1,3,New Customer,11.9099
6283,79,3,7051.29,18,3.1666666666666665,13.0,1129.6666666666667,5,2,VIP,76.5129
6285,145,0,0.0,4,4.0,13.5,1031.0,2,0,Regular,0.0
6286,67,0,0.0,7,4.0,13.333333333333334,607.0,1,0,Regular,0.0
6287,43,0,0.0,8,4.0,9.0,1211.0,1,0,Regular,0.0
6288,96,2,1588.95,5,5.0,12.0,509.5,2,3,New Customer,19.889499999999998
6289,14,2,3774.6400000000003,7,4.666666666666667,13.666666666666666,1053.0,3,2,VIP,41.7464
6290,244,1,1214.27,3,4.5,17.5,1249.5,2,1,At Risk,14.1427
6292,101,0,0.0,1,4.0,8.0,1080.0,0,0,Regular,0.0
6293,117,0,0.0,10,4.0,11.75,942.75,1,0,Regular,0.0
6294,85,0,0.0,11,4.0,8.0,902.3333333333334,1,0,Regular,0.0
6295,86,2,3641.89,4,4.0,12.5,1027.5,2,2,VIP,40.4189
6296,52,0,0.0,12,4.0,12.25,899.25,3,0,Regular,0.0
6297,131,0,0.0,4,4.0,12.0,1137.0,1,0,Regular,0.0
6298,12,0,0.0,14,4.0,15.285714285714286,697.1428571428571,3,0,Regular,0.0
6299,270,0,0.0,6,4.0,14.5,684.5,0,4,Lost,0.0
6300,72,0,0.0,13,4.0,12.25,869.25,3,0,Regular,0.0
6301,14,1,148.19,3,3.0,13.0,1173.0,2,3,New Customer,3.4819
6302,9,1,451.17,2,4.0,11.5,322.5,1,3,New Customer,6.5117
6303,148,1,6920.28,8,3.6666666666666665,15.0,591.0,2,2,VIP,71.2028
6304,134,0,0.0,4,4.0,7.0,1149.0,1,0,Regular,0.0
6305,142,0,0.0,8,4.0,18.0,486.0,3,0,Regular,0.0
6306,92,1,509.73,5,4.0,19.0,1361.6666666666667,2,3,New Customer,7.097300000000001
6307,221,1,1847.48,8,3.6666666666666665,10.0,409.3333333333333,2,1,At Risk,20.474800000000002
6308,149,0,0.0,5,4.0,23.0,754.0,0,0,Regular,0.0
6309,26,0,0.0,2,4.0,18.0,1364.0,0,0,Regular,0.0
6310,75,0,0.0,7,4.0,6.0,896.0,1,0,Regular,0.0
6311,39,1,1231.51,8,4.0,10.666666666666666,1362.6666666666667,2,3,New Customer,14.3151
6312,41,3,10562.77,13,3.5,6.0,1057.25,4,2,VIP,111.6277
6313,147,0,0.0,1,4.0,5.0,1523.0,1,0,Regular,0.0
6314,19,0,0.0,11,4.0,12.666666666666666,1105.3333333333333,3,0,Regular,0.0
6315,71,0,0.0,2,4.0,2.0,520.0,0,0,Regular,0.0
6316,60,0,0.0,6,4.0,16.0,1097.0,1,0,Regular,0.0
6317,71,0,0.0,12,4.0,9.333333333333334,276.0,2,0,Regular,0.0
6318,79,0,0.0,4,4.0,24.0,1786.0,1,0,Regular,0.0
6319,105,2,4126.9400000000005,14,3.2,8.4,1130.6,3,2,VIP,45.269400000000005
6320,44,0,0.0,11,4.0,15.0,1547.0,2,0,Regular,0.0
6321,73,1,3448.11,4,4.0,5.0,1265.0,2,3,New Customer,36.4811
6322,26,0,0.0,9,4.0,9.75,922.0,3,0,Regular,0.0
6323,95,0,0.0,1,4.0,5.0,81.0,0,0,Regular,0.0
6324,176,1,1079.25,4,4.5,15.5,575.5,2,1,At Risk,12.7925
6325,2,1,2156.11,18,4.2,11.6,283.0,3,3,New Customer,23.5611
6326,242,0,0.0,3,4.0,6.0,1279.0,0,4,Lost,0.0
6327,91,1,880.27,13,3.8,12.8,727.0,1,3,New Customer,10.8027
6328,1,0,0.0,5,4.0,9.5,1047.0,0,0,Regular,0.0
6329,2,1,2361.48,20,4.0,13.571428571428571,970.4285714285714,4,3,New Customer,25.6148
6330,87,1,3664.58,11,4.0,9.0,951.5,2,3,New Customer,38.6458
6331,334,0,0.0,3,4.0,19.0,1210.0,1,4,Lost,0.0
6332,72,2,1802.3799999999999,8,4.333333333333333,15.0,1175.3333333333333,3,3,New Customer,22.023799999999998
6333,115,0,0.0,3,4.0,10.0,661.0,1,0,Regular,0.0
6335,104,0,0.0,3,4.0,20.0,516.0,1,0,Regular,0.0
6336,11,0,0.0,10,4.0,19.0,546.0,2,0,Regular,0.0
6337,95,1,550.22,9,4.0,10.666666666666666,436.6666666666667,2,3,New Customer,7.5022
6338,155,0,0.0,2,4.0,3.5,1224.5,2,4,Lost,0.0
6339,84,3,5153.5599999999995,11,4.0,6.0,1147.0,3,2,VIP,57.535599999999995
6340,165,1,715.67,4,3.5,15.5,446.5,2,1,At Risk,9.1567
6341,227,3,7200.61,10,4.0,10.25,794.5,4,2,VIP,78.0061
6342,231,0,0.0,11,4.0,16.0,1259.0,2,4,Lost,0.0
6343,27,2,4942.68,13,4.25,17.75,920.0,4,2,VIP,53.4268
6345,194,2,248.44,2,4.5,7.5,164.5,2,1,At Risk,6.4844
6346,15,1,955.08,4,3.3333333333333335,9.666666666666666,846.3333333333334,1,3,New Customer,11.5508
6347,229,0,0.0,2,4.0,16.0,1076.0,1,4,Lost,0.0
6348,76,0,0.0,7,4.0,11.0,1606.5,1,0,Regular,0.0
6349,86,0,0.0,7,4.0,16.666666666666668,1226.3333333333333,2,0,Regular,0.0
6350,52,0,0.0,14,4.0,8.8,778.8,2,0,Regular,0.0
6351,14,0,0.0,5,4.0,14.5,1004.0,2,0,Regular,0.0
6352,293,1,1784.88,6,4.0,11.0,1372.0,1,1,At Risk,19.8488
6353,68,0,0.0,5,4.0,14.666666666666666,1001.0,2,0,Regular,0.0
6354,66,0,0.0,12,4.0,9.75,972.25,2,0,Regular,0.0
6355,190,0,0.0,2,4.0,17.0,916.0,1,4,Lost,0.0
6356,138,1,1113.81,14,4.0,11.75,945.75,2,1,At Risk,13.1381
6357,63,0,0.0,11,4.0,5.25,952.5,4,0,Regular,0.0
6358,179,1,364.23,1,3.0,18.0,53.0,1,1,At Risk,5.6423000000000005
6359,180,1,2908.87,8,4.333333333333333,10.333333333333334,626.3333333333334,1,1,At Risk,31.0887
6360,33,1,1000.13,8,4.5,10.0,414.0,2,3,New Customer,12.0013
6361,46,1,210.37,7,4.0,18.75,1139.5,3,3,New Customer,4.1037
6362,274,0,0.0,2,4.0,12.0,1379.0,1,4,Lost,0.0
6363,25,1,1062.77,21,4.142857142857143,12.428571428571429,1044.0,7,3,New Customer,12.627699999999999
6364,50,1,5811.3,11,4.0,13.75,1133.0,2,2,VIP,60.113
6365,309,1,1575.87,1,3.0,17.0,799.0,1,1,At Risk,17.758699999999997
6367,10,0,0.0,5,4.0,10.0,188.0,2,0,Regular,0.0
6368,167,0,0.0,3,4.0,12.0,1606.0,1,4,Lost,0.0
6369,342,1,902.62,2,3.0,2.0,935.0,1,1,At Risk,11.0262
6370,187,1,1471.64,5,2.5,15.5,316.0,1,1,At Risk,16.7164
6371,49,1,1786.32,16,3.8333333333333335,13.833333333333334,749.6666666666666,3,3,New Customer,19.8632
6372,90,0,0.0,4,4.0,18.0,280.0,2,0,Regular,0.0
6373,41,0,0.0,2,4.0,14.0,1436.0,1,0,Regular,0.0
6374,161,0,0.0,8,4.0,14.0,910.0,1,4,Lost,0.0
6375,11,1,3273.0,11,4.0,12.25,1003.75,2,3,New Customer,34.73
6376,138,2,2818.32,10,4.25,10.0,951.5,3,1,At Risk,32.1832
6377,86,1,1327.66,3,2.5,17.5,1039.5,1,3,New Customer,15.2766
6378,116,1,964.68,4,4.0,22.0,1774.0,1,3,New Customer,11.646799999999999
6379,43,2,7686.69,13,4.0,11.75,965.25,2,2,VIP,80.8669
6380,80,1,1128.54,12,4.2,12.8,986.4,4,3,New Customer,13.2854
6381,221,0,0.0,3,4.0,8.0,1481.0,1,4,Lost,0.0
6382,8,1,1608.39,13,4.166666666666667,15.666666666666666,1156.1666666666667,3,3,New Customer,18.0839
6383,14,1,1712.73,2,5.0,23.0,1747.0,1,3,New Customer,19.1273
6384,60,0,0.0,2,4.0,24.0,1096.0,0,0,Regular,0.0
6385,87,0,0.0,11,4.0,12.666666666666666,828.6666666666666,2,0,Regular,0.0
6386,88,0,0.0,6,4.0,8.5,1042.75,2,0,Regular,0.0
6387,111,0,0.0,13,4.0,12.25,978.5,4,0,Regular,0.0
6388,76,1,240.69,2,3.0,15.0,1600.0,1,3,New Customer,4.4069
6389,3,1,6243.88,18,3.6666666666666665,8.5,925.6666666666666,1,2,VIP,64.4388
6390,171,0,0.0,1,4.0,3.0,889.0,0,4,Lost,0.0
6391,12,2,2673.88,9,4.0,15.25,1031.0,2,3,New Customer,30.7388
6392,331,0,0.0,3,4.0,6.0,345.0,1,4,Lost,0.0
6393,112,1,4315.03,5,4.5,11.0,541.5,1,3,New Customer,45.150299999999994
6394,58,1,1471.56,6,3.6666666666666665,21.333333333333332,724.3333333333334,3,3,New Customer,16.715600000000002
6395,157,2,4144.370000000001,10,4.25,16.25,921.75,3,2,VIP,45.44370000000001
6396,124,0,0.0,7,4.0,9.666666666666666,1112.3333333333333,2,0,Regular,0.0
6397,108,0,0.0,9,4.0,7.75,608.5,4,0,Regular,0.0
6398,238,0,0.0,8,4.0,9.333333333333334,1012.0,2,4,Lost,0.0
6399,162,1,1764.48,7,4.333333333333333,11.333333333333334,1408.6666666666667,2,1,At Risk,19.6448
6400,18,0,0.0,1,4.0,18.0,981.0,0,0,Regular,0.0
6401,71,0,0.0,6,4.0,16.333333333333332,621.3333333333334,1,0,Regular,0.0
6402,1,0,0.0,7,4.0,15.666666666666666,924.3333333333334,2,0,Regular,0.0
6404,192,0,0.0,6,4.0,15.0,1357.5,2,4,Lost,0.0
6405,143,0,0.0,1,4.0,3.0,1739.0,1,0,Regular,0.0
6406,0,1,5299.16,7,4.0,13.0,1142.6666666666667,1,2,VIP,54.9916
6407,89,1,846.92,10,4.0,14.0,1276.6,2,3,New Customer,10.469199999999999
6408,7,1,1401.01,5,4.25,14.25,1056.75,3,3,New Customer,16.0101
6409,35,2,6503.26,6,4.0,19.5,988.0,2,2,VIP,69.0326
6410,128,0,0.0,2,4.0,7.0,558.0,0,0,Regular,0.0
6411,17,1,594.02,8,4.333333333333333,14.0,1452.0,2,3,New Customer,7.9402
6412,29,0,0.0,7,4.0,20.0,233.0,3,0,Regular,0.0
6413,39,1,2085.57,7,4.333333333333333,11.333333333333334,976.6666666666666,3,3,New Customer,22.855700000000002
6414,145,1,217.46,5,4.0,15.333333333333334,877.0,3,1,At Risk,4.1746
6415,101,2,5423.620000000001,11,4.25,11.5,788.25,2,2,VIP,58.23620000000001
6416,53,0,0.0,1,4.0,14.0,1245.0,0,0,Regular,0.0
6417,239,0,0.0,7,4.0,8.5,356.5,1,4,Lost,0.0
6418,59,0,0.0,11,4.0,9.666666666666666,1198.0,1,0,Regular,0.0
6419,20,0,0.0,13,4.0,15.5,941.5,2,0,Regular,0.0
6420,204,0,0.0,7,4.0,16.5,1006.0,1,4,Lost,0.0
6421,179,1,1462.36,14,3.8,14.2,851.4,3,1,At Risk,16.6236
6422,81,0,0.0,5,4.0,9.4,1169.0,2,0,Regular,0.0
6423,25,0,0.0,5,4.0,14.666666666666666,540.0,1,0,Regular,0.0
6424,39,0,0.0,11,4.0,13.25,817.75,3,0,Regular,0.0
6425,89,1,1321.52,7,4.5,20.5,966.5,1,3,New Customer,15.2152
6426,349,0,0.0,2,4.0,21.0,1462.0,0,4,Lost,0.0
6427,54,0,0.0,8,4.0,8.333333333333334,314.6666666666667,1,0,Regular,0.0
6428,2,1,1465.86,12,4.0,17.75,1012.25,2,3,New Customer,16.6586
6429,122,0,0.0,4,4.0,8.0,1183.0,1,0,Regular,0.0
6430,110,2,2162.6,18,4.142857142857143,9.428571428571429,720.7142857142857,5,3,New Customer,25.625999999999998
6431,51,0,0.0,2,4.0,16.0,991.0,2,0,Regular,0.0
6432,141,1,1695.6,7,3.3333333333333335,15.0,740.0,1,1,At Risk,18.956
6433,193,1,3494.94,3,2.0,24.0,672.0,1,1,At Risk,36.9494
6434,17,1,1502.8,10,3.6666666666666665,21.0,996.6666666666666,3,3,New Customer,17.028
6435,125,1,1911.84,7,4.5,18.5,1256.0,2,3,New Customer,21.118399999999998
6436,34,4,6849.07,10,3.0,16.75,1348.5,4,2,VIP,76.4907
6437,17,1,771.46,12,3.4,10.6,1010.4,2,3,New Customer,9.7146
6438,169,1,995.43,6,4.333333333333333,14.666666666666666,1134.0,2,1,At Risk,11.9543
6439,228,0,0.0,7,4.0,14.5,519.5,1,4,Lost,0.0
6441,44,0,0.0,10,4.0,6.666666666666667,928.3333333333334,1,0,Regular,0.0
6442,77,0,0.0,5,4.0,9.5,1355.5,1,0,Regular,0.0
6443,146,2,4832.33,12,3.25,11.5,799.0,4,2,VIP,52.323299999999996
6444,118,0,0.0,3,4.0,18.0,789.5,1,0,Regular,0.0
6445,21,1,234.08,13,3.75,8.75,928.5,4,3,New Customer,4.3408
6446,170,0,0.0,2,4.0,9.0,1066.0,0,4,Lost,0.0
6447,109,0,0.0,1,4.0,2.0,747.0,1,0,Regular,0.0
6448,351,0,0.0,3,4.0,3.0,1087.0,0,4,Lost,0.0
6449,230,0,0.0,3,4.0,1.0,363.0,1,4,Lost,0.0
6450,170,1,432.13,4,4.0,8.333333333333334,737.0,2,1,At Risk,6.3213
6451,212,0,0.0,6,4.0,10.0,997.0,0,4,Lost,0.0
6452,18,0,0.0,7,4.0,12.0,1699.6666666666667,1,0,Regular,0.0
6453,57,0,0.0,5,4.0,12.333333333333334,1118.3333333333333,3,0,Regular,0.0
6454,156,1,3599.19,5,4.0,17.5,1453.5,2,1,At Risk,37.9919
6455,22,0,0.0,9,4.0,8.25,715.75,1,0,Regular,0.0
6456,1,3,7025.41,24,4.125,10.875,1022.0,6,2,VIP,76.2541
6457,199,0,0.0,4,4.0,15.0,597.0,1,4,Lost,0.0
6458,25,0,0.0,7,4.0,13.5,1195.5,1,0,Regular,0.0
6459,44,4,7390.51,15,3.3333333333333335,14.166666666666666,1014.3333333333334,4,2,VIP,81.9051
6460,215,0,0.0,6,4.0,8.0,1324.0,0,4,Lost,0.0
6462,279,0,0.0,2,4.0,6.0,197.0,0,4,Lost,0.0
6463,113,1,840.36,7,3.6666666666666665,8.666666666666666,978.3333333333334,1,3,New Customer,10.4036
6464,79,1,3926.16,9,4.0,16.25,1146.25,2,3,New Customer,41.2616
6465,4,1,3022.43,14,3.8,11.4,563.2,2,3,New Customer,32.2243
6466,101,0,0.0,6,4.0,12.5,906.5,1,0,Regular,0.0
6467,78,2,2182.85,12,4.0,14.8,1128.4,4,3,New Customer,25.8285
6468,41,0,0.0,18,4.0,17.166666666666668,617.3333333333334,2,0,Regular,0.0
6469,277,1,1258.17,1,2.0,16.0,711.0,1,1,At Risk,14.581700000000001
6470,64,0,0.0,6,4.0,9.0,1106.0,2,0,Regular,0.0
6471,163,2,4597.04,9,3.5,17.25,632.5,4,2,VIP,49.9704
6472,97,1,535.48,6,4.333333333333333,16.666666666666668,563.3333333333334,1,3,New Customer,7.3548
6473,186,1,5650.16,9,4.0,15.0,1200.6666666666667,2,2,VIP,58.501599999999996
6474,62,1,261.0,9,4.0,5.8,1164.8,3,3,New Customer,4.609999999999999
6475,321,0,0.0,6,4.0,9.0,940.5,2,4,Lost,0.0
6476,145,1,4322.37,9,3.75,10.5,807.0,2,1,At Risk,45.2237
6477,24,1,660.68,13,4.2,11.0,695.8,2,3,New Customer,8.6068
6478,75,3,5704.41,22,4.285714285714286,17.285714285714285,674.1428571428571,5,2,VIP,63.0441
6479,275,2,2662.4300000000003,3,3.0,13.0,1346.5,2,1,At Risk,30.6243
6481,204,0,0.0,5,4.0,11.0,773.0,1,4,Lost,0.0
6482,37,1,357.37,5,4.333333333333333,16.666666666666668,1026.3333333333333,2,3,New Customer,5.5737000000000005
6483,74,0,0.0,1,4.0,7.0,1334.0,1,0,Regular,0.0
6484,253,0,0.0,3,4.0,6.5,1579.5,1,4,Lost,0.0
6485,114,2,1408.96,9,4.25,12.75,405.75,3,3,New Customer,18.0896
6486,195,0,0.0,1,4.0,7.0,556.0,0,4,Lost,0.0
6487,28,0,0.0,10,4.0,5.333333333333333,887.3333333333334,0,0,Regular,0.0
6489,4,2,1257.0,9,4.25,13.0,776.5,2,3,New Customer,16.57
6491,54,0,0.0,7,4.0,6.333333333333333,1128.6666666666667,3,0,Regular,0.0
6492,15,0,0.0,1,4.0,13.0,1224.0,1,0,Regular,0.0
6493,37,1,932.87,15,4.0,11.0,846.6666666666666,3,3,New Customer,11.3287
6494,40,2,4019.45,8,4.666666666666667,14.0,747.0,2,2,VIP,44.1945
6496,153,1,1189.97,11,4.0,11.8,777.0,3,1,At Risk,13.899700000000001
6497,35,2,3032.6,16,3.8333333333333335,13.166666666666666,1135.1666666666667,2,3,New Customer,34.326
6498,182,1,1349.02,6,3.0,14.666666666666666,1157.3333333333333,3,1,At Risk,15.4902
6499,22,1,1990.5,9,4.0,8.0,1060.75,3,3,New Customer,21.905
6500,143,1,621.07,11,3.6666666666666665,6.666666666666667,863.3333333333334,2,1,At Risk,8.2107
6501,5,0,0.0,4,4.0,16.5,867.5,1,0,Regular,0.0
6502,28,0,0.0,10,4.0,21.666666666666668,867.3333333333334,1,0,Regular,0.0
6503,57,2,2084.0,12,4.25,11.5,524.5,4,3,New Customer,24.84
6504,235,0,0.0,1,4.0,1.0,78.0,0,4,Lost,0.0
6505,66,0,0.0,2,4.0,12.5,1083.5,1,0,Regular,0.0
6506,142,0,0.0,5,4.0,8.666666666666666,701.3333333333334,2,0,Regular,0.0
6507,54,1,3154.12,7,3.0,16.0,1273.0,2,3,New Customer,33.5412
6508,39,0,0.0,17,4.0,17.0,1143.5714285714287,4,0,Regular,0.0
6509,154,0,0.0,13,4.0,13.5,738.5,2,4,Lost,0.0
6510,224,0,0.0,4,4.0,12.0,979.0,0,4,Lost,0.0
6511,106,3,2254.33,22,4.25,15.0,812.875,5,2,VIP,28.5433
6512,33,1,1769.36,13,4.0,15.2,954.6,4,3,New Customer,19.6936
6513,196,0,0.0,6,4.0,15.0,682.5,0,4,Lost,0.0
6514,86,0,0.0,4,4.0,14.0,1526.0,1,0,Regular,0.0
6515,194,1,388.03,4,4.25,15.75,399.75,2,1,At Risk,5.8803
6517,259,1,1591.33,3,5.0,1.0,311.0,1,1,At Risk,17.9133
6518,134,0,0.0,6,4.0,11.333333333333334,1523.3333333333333,2,0,Regular,0.0
6519,62,0,0.0,6,4.0,11.0,997.5,0,0,Regular,0.0
6520,16,1,732.78,6,4.0,12.0,924.5,2,3,New Customer,9.3278
6521,66,1,611.07,10,4.0,12.8,732.0,2,3,New Customer,8.110700000000001
6522,229,0,0.0,3,4.0,1.0,1499.0,1,4,Lost,0.0
6523,94,0,0.0,9,4.0,14.0,1642.6666666666667,0,0,Regular,0.0
6524,192,1,2239.85,6,4.5,21.0,1614.0,1,1,At Risk,24.3985
6525,131,1,1767.75,2,4.0,14.0,1758.0,1,3,New Customer,19.6775
6526,19,1,4015.68,9,4.0,7.666666666666667,933.3333333333334,1,3,New Customer,42.1568
6527,130,0,0.0,8,4.0,6.5,954.5,3,0,Regular,0.0
6528,9,1,1066.81,14,4.0,14.0,976.6666666666666,5,3,New Customer,12.668099999999999
6529,126,1,1237.77,6,2.5,19.0,406.0,2,3,New Customer,14.377699999999999
6530,116,1,1041.03,8,3.75,16.5,1330.5,4,3,New Customer,12.4103
6531,47,1,2206.14,12,4.0,10.75,1122.25,2,3,New Customer,24.0614
6532,121,1,1564.69,2,3.0,3.0,1273.0,1,3,New Customer,17.646900000000002
6533,190,0,0.0,1,4.0,10.0,316.0,0,4,Lost,0.0
6534,77,1,1506.05,3,4.333333333333333,14.333333333333334,751.0,2,3,New Customer,17.060499999999998
6535,18,0,0.0,8,4.0,8.0,1200.0,3,0,Regular,0.0
6536,96,1,283.74,9,4.0,11.75,872.5,3,3,New Customer,4.837400000000001
6538,233,0,0.0,7,4.0,11.0,746.6666666666666,1,4,Lost,0.0
6539,269,1,934.5,9,4.333333333333333,23.333333333333332,1140.6666666666667,2,1,At Risk,11.345
6542,328,0,0.0,3,4.0,18.0,164.0,1,4,Lost,0.0
6543,97,2,2597.04,7,4.25,15.25,940.5,3,3,New Customer,29.970399999999998
6544,92,0,0.0,13,4.0,14.0,779.0,2,0,Regular,0.0
6545,85,3,7164.860000000001,17,4.0,11.8,1073.2,3,2,VIP,77.6486
6546,57,1,354.37,7,4.0,17.0,704.0,2,3,New Customer,5.543699999999999
6547,54,2,1589.5099999999998,11,4.5,13.75,749.0,3,3,New Customer,19.8951
6548,40,0,0.0,10,4.0,10.4,777.4,2,0,Regular,0.0
6549,9,1,1521.54,5,4.0,2.0,584.5,2,3,New Customer,17.2154
6550,3,0,0.0,5,4.0,16.0,1013.5,1,0,Regular,0.0
6551,7,0,0.0,4,4.0,10.5,1220.5,1,0,Regular,0.0
6552,0,1,216.49,7,4.0,18.0,566.6666666666666,2,3,New Customer,4.1649
6553,34,2,657.22,11,3.8,14.6,1073.6,4,3,New Customer,10.5722
6554,24,2,769.94,7,4.0,11.0,1156.0,3,3,New Customer,11.6994
6555,48,1,564.98,5,4.5,6.0,1021.5,1,3,New Customer,7.6498
6556,60,1,2284.62,18,4.0,12.571428571428571,1102.0,3,3,New Customer,24.8462
6557,83,1,2724.21,3,4.0,17.0,1207.0,1,3,New Customer,29.2421
6558,53,1,1235.71,12,4.25,12.25,1215.0,4,3,New Customer,14.3571
6559,67,0,0.0,10,4.0,10.0,1113.5714285714287,4,0,Regular,0.0
6560,357,0,0.0,2,4.0,6.0,565.0,1,4,Lost,0.0
6561,217,1,865.52,8,3.0,9.333333333333334,1073.0,2,1,At Risk,10.6552
6562,218,1,438.65,4,4.0,9.0,693.5,1,1,At Risk,6.3865
6564,16,2,2423.6,10,4.0,13.25,670.25,3,3,New Customer,28.236
6565,129,0,0.0,11,4.0,9.666666666666666,1572.3333333333333,2,0,Regular,0.0
6566,114,0,0.0,16,4.0,14.4,691.4,2,0,Regular,0.0
6567,182,1,2260.56,9,3.8,11.8,958.2,2,1,At Risk,24.6056
6568,55,1,1806.24,9,4.333333333333333,16.666666666666668,410.3333333333333,2,3,New Customer,20.0624
6569,219,1,786.03,4,3.3333333333333335,17.333333333333332,932.6666666666666,3,1,At Risk,9.860299999999999
6571,17,3,3110.32,7,3.75,11.5,616.5,4,2,VIP,37.1032
6572,29,0,0.0,5,4.0,10.5,1491.0,1,0,Regular,0.0
6573,79,0,0.0,7,4.0,13.0,605.5,0,0,Regular,0.0
6574,233,1,1755.1,3,3.5,14.5,932.5,2,1,At Risk,19.551
6575,331,0,0.0,2,4.0,10.0,1275.0,1,4,Lost,0.0
6576,114,0,0.0,12,4.0,12.2,1205.4,2,0,Regular,0.0
6578,136,2,3883.7700000000004,5,2.0,9.5,675.5,2,2,VIP,42.837700000000005
6579,43,0,0.0,7,4.0,11.666666666666666,1662.3333333333333,2,0,Regular,0.0
6580,41,0,0.0,21,4.0,16.428571428571427,924.1428571428571,6,0,Regular,0.0
6581,215,0,0.0,2,4.0,17.0,907.0,0,4,Lost,0.0
6582,225,1,2692.74,9,4.0,9.333333333333334,1491.3333333333333,1,1,At Risk,28.9274
6583,132,0,0.0,2,4.0,10.0,469.0,0,0,Regular,0.0
6584,140,0,0.0,9,4.0,15.333333333333334,1351.6666666666667,1,0,Regular,0.0
6585,5,0,0.0,6,4.0,19.0,800.0,1,0,Regular,0.0
6586,75,0,0.0,10,4.0,15.333333333333334,335.3333333333333,2,0,Regular,0.0
6587,52,1,877.52,14,4.142857142857143,15.571428571428571,675.0,3,3,New Customer,10.7752
6588,339,0,0.0,3,4.0,3.0,1630.0,0,4,Lost,0.0
6590,287,0,0.0,1,4.0,11.0,1445.0,1,4,Lost,0.0
6591,287,0,0.0,5,4.0,7.0,966.0,1,4,Lost,0.0
6592,45,1,331.04,6,3.6666666666666665,18.333333333333332,1150.0,2,3,New Customer,5.3104
6593,77,0,0.0,4,4.0,1.0,913.0,0,0,Regular,0.0
6594,88,2,4785.469999999999,12,4.166666666666667,9.666666666666666,824.1666666666666,3,2,VIP,51.854699999999994
6595,87,1,1676.06,8,4.25,5.25,756.5,3,3,New Customer,18.7606
6596,130,0,0.0,12,4.0,11.0,858.2,3,0,Regular,0.0
6597,64,0,0.0,3,4.0,12.0,898.0,1,0,Regular,0.0
6598,21,1,941.4,1,4.0,6.0,94.0,1,3,New Customer,11.414
6599,173,3,4147.35,7,3.6666666666666665,8.333333333333334,839.3333333333334,3,2,VIP,47.4735
6600,75,0,0.0,5,4.0,12.5,376.5,1,0,Regular,0.0
6601,86,0,0.0,6,4.0,8.0,872.0,1,0,Regular,0.0
6603,46,0,0.0,16,4.0,12.166666666666666,539.5,3,0,Regular,0.0
6605,18,1,1204.71,11,4.0,10.5,793.75,3,3,New Customer,14.0471
6606,171,0,0.0,7,4.0,12.0,707.6666666666666,2,4,Lost,0.0
6607,14,2,1953.28,15,3.8333333333333335,10.833333333333334,1030.3333333333333,5,3,New Customer,23.532799999999998
6609,6,0,0.0,7,4.0,6.0,769.3333333333334,2,0,Regular,0.0
6610,25,2,4152.37,9,4.0,9.0,1156.3333333333333,2,2,VIP,45.5237
6611,16,2,1341.6100000000001,16,4.25,12.25,1118.75,5,3,New Customer,17.4161
6612,143,1,1997.46,5,3.0,19.5,1192.0,2,1,At Risk,21.9746
6613,144,0,0.0,5,4.0,12.5,476.5,1,0,Regular,0.0
6614,129,0,0.0,10,4.0,6.0,525.0,3,0,Regular,0.0
6615,138,0,0.0,2,4.0,13.0,733.0,1,0,Regular,0.0
6616,135,0,0.0,3,4.0,11.0,497.0,0,0,Regular,0.0
6617,271,0,0.0,1,4.0,19.0,1353.0,0,4,Lost,0.0
6618,88,0,0.0,10,4.0,13.0,1087.5,2,0,Regular,0.0
6619,6,0,0.0,4,4.0,18.0,206.0,0,0,Regular,0.0
6620,5,0,0.0,5,4.0,18.5,955.5,0,0,Regular,0.0
6622,99,0,0.0,10,4.0,11.5,614.25,3,0,Regular,0.0
6623,174,0,0.0,2,4.0,9.5,1115.0,1,4,Lost,0.0
6624,230,1,1736.4,3,4.0,13.0,1250.0,1,1,At Risk,19.364
6625,299,0,0.0,2,4.0,20.0,547.0,0,4,Lost,0.0
6626,7,1,2847.24,6,4.5,2.5,311.5,1,3,New Customer,30.472399999999997
6627,226,1,2739.16,6,4.0,11.333333333333334,893.0,2,1,At Risk,29.391599999999997
6628,23,0,0.0,13,4.0,13.8,734.2,3,0,Regular,0.0
6629,114,1,2288.46,5,4.333333333333333,7.0,973.3333333333334,3,3,New Customer,24.8846
6630,189,0,0.0,4,4.0,15.0,132.0,0,4,Lost,0.0
6631,44,0,0.0,14,4.0,12.5,766.5,2,0,Regular,0.0
6632,31,0,0.0,11,4.0,6.333333333333333,938.3333333333334,2,0,Regular,0.0
6633,16,2,1078.9,13,4.333333333333333,13.833333333333334,1057.5,5,3,New Customer,14.789000000000001
6634,31,2,4477.66,27,3.7777777777777777,14.0,1092.888888888889,5,2,VIP,48.7766
6635,133,0,0.0,11,4.0,21.333333333333332,769.3333333333334,3,0,Regular,0.0
6636,22,0,0.0,7,4.0,9.5,812.0,2,0,Regular,0.0
6637,58,2,2012.6399999999999,8,4.333333333333333,18.0,1371.3333333333333,3,3,New Customer,24.1264
6638,173,0,0.0,1,4.0,17.0,1755.0,0,4,Lost,0.0
6639,1,2,6626.67,14,4.25,11.25,519.5,2,2,VIP,70.2667
6640,77,2,2318.94,16,3.8,17.2,351.8,4,3,New Customer,27.1894
6641,3,0,0.0,11,4.0,19.25,743.0,4,0,Regular,0.0
6642,121,2,3539.98,6,3.0,17.0,1268.0,2,2,VIP,39.3998
6643,81,1,962.45,2,4.0,11.0,682.5,1,3,New Customer,11.624500000000001
6644,245,2,1997.2199999999998,6,4.5,6.5,1221.5,2,1,At Risk,23.972199999999997
6645,5,0,0.0,3,4.0,13.0,367.0,1,0,Regular,0.0
6646,233,0,0.0,1,4.0,23.0,1730.0,0,4,Lost,0.0
6647,5,1,1964.16,10,3.5,11.25,698.75,2,3,New Customer,21.6416
6648,325,0,0.0,1,4.0,7.0,1048.0,0,4,Lost,0.0
6649,126,0,0.0,6,4.0,12.0,330.0,3,0,Regular,0.0
6650,39,1,131.26,3,4.5,7.0,1134.0,1,3,New Customer,3.3125999999999998
6653,113,0,0.0,9,4.0,13.0,672.3333333333334,1,0,Regular,0.0
6654,4,1,351.02,5,4.5,19.0,323.5,1,3,New Customer,5.510199999999999
6655,0,1,1528.97,8,4.25,15.5,800.0,1,3,New Customer,17.2897
6656,307,0,0.0,1,4.0,2.0,1205.0,1,4,Lost,0.0
6657,132,1,1583.01,4,4.0,4.0,1746.0,1,3,New Customer,17.8301
6658,48,2,4624.110000000001,11,3.0,18.25,519.0,3,2,VIP,50.2411
6659,217,0,0.0,10,4.0,10.5,1600.0,3,4,Lost,0.0
6660,63,0,0.0,9,4.0,8.75,1239.5,2,0,Regular,0.0
6661,44,1,1088.01,14,3.8,6.6,898.0,2,3,New Customer,12.8801
6662,47,0,0.0,2,4.0,6.0,16.0,1,0,Regular,0.0
6663,225,1,1215.08,4,5.0,8.0,533.0,1,1,At Risk,14.150799999999998
6664,315,0,0.0,5,4.0,12.5,263.0,0,4,Lost,0.0
6665,129,0,0.0,8,4.0,15.0,1179.0,3,0,Regular,0.0
6667,128,2,2829.16,8,4.0,11.75,795.75,4,3,New Customer,32.2916
6668,263,1,1291.31,1,2.0,24.0,956.0,1,1,At Risk,14.9131
6669,237,0,0.0,4,4.0,13.0,936.5,0,4,Lost,0.0
6670,77,1,1274.92,6,4.5,13.0,865.5,2,3,New Customer,14.7492
6671,92,2,2223.46,10,4.2,11.0,880.6,4,3,New Customer,26.2346
6672,165,1,3784.0,10,3.6666666666666665,13.666666666666666,1065.6666666666667,3,1,At Risk,39.84
6673,297,0,0.0,3,4.0,19.0,719.0,0,4,Lost,0.0
6675,57,0,0.0,3,4.0,21.5,894.5,1,0,Regular,0.0
6676,99,0,0.0,5,4.0,16.0,1148.0,0,0,Regular,0.0
6677,42,0,0.0,4,4.0,15.0,1233.0,0,0,Regular,0.0
6678,199,0,0.0,6,4.0,10.5,472.5,2,4,Lost,0.0
6679,96,1,323.27,6,4.333333333333333,3.3333333333333335,1450.0,2,3,New Customer,5.2326999999999995
6680,150,0,0.0,1,4.0,10.0,269.0,1,0,Regular,0.0
6681,61,0,0.0,2,4.0,14.0,1374.0,1,0,Regular,0.0
6682,6,0,0.0,10,4.0,10.25,537.5,2,0,Regular,0.0
6683,186,0,0.0,5,4.0,15.5,880.5,1,4,Lost,0.0
6684,167,1,929.06,17,3.8333333333333335,16.333333333333332,1068.8333333333333,5,1,At Risk,11.2906
6685,307,1,1106.14,5,4.0,22.5,1613.5,2,1,At Risk,13.0614
6686,249,1,2700.44,8,4.5,16.0,1154.0,1,1,At Risk,29.0044
6687,210,0,0.0,7,4.0,13.0,343.5,1,4,Lost,0.0
6688,184,0,0.0,3,4.0,8.5,850.5,0,4,Lost,0.0
6689,0,0,0.0,9,4.0,13.333333333333334,817.0,2,0,Regular,0.0
6690,102,0,0.0,5,4.0,16.666666666666668,972.3333333333334,3,0,Regular,0.0
6691,91,3,2444.6099999999997,6,3.6666666666666665,10.0,719.6666666666666,3,2,VIP,30.446099999999998
6692,69,1,444.28,7,4.0,10.75,611.0,2,3,New Customer,6.4428
6693,19,0,0.0,8,4.0,13.0,847.0,1,0,Regular,0.0
6694,130,0,0.0,3,4.0,17.0,252.0,0,0,Regular,0.0
6695,93,0,0.0,6,4.0,13.5,623.5,1,0,Regular,0.0
6697,166,1,1102.28,14,4.2,9.8,780.4,4,1,At Risk,13.0228
6699,350,0,0.0,4,4.0,9.0,398.0,0,4,Lost,0.0
6700,262,1,3438.5,9,3.6666666666666665,8.666666666666666,596.0,3,1,At Risk,36.385
6701,118,0,0.0,5,4.0,13.0,997.5,2,0,Regular,0.0
6702,207,1,7142.29,4,5.0,16.0,1483.0,1,2,VIP,73.4229
6703,169,0,0.0,5,4.0,17.333333333333332,1305.6666666666667,3,4,Lost,0.0
6704,117,0,0.0,1,4.0,1.0,503.0,1,0,Regular,0.0
6705,66,3,4900.120000000001,8,3.6666666666666665,18.0,743.3333333333334,3,2,VIP,55.00120000000001
6706,101,1,3573.0,6,3.0,10.0,1376.0,2,3,New Customer,37.73
6707,80,0,0.0,8,4.0,8.5,1109.5,3,0,Regular,0.0
6708,271,0,0.0,9,4.0,8.0,411.3333333333333,2,4,Lost,0.0
6709,114,1,860.56,2,3.0,19.0,337.5,2,3,New Customer,10.605599999999999
6710,94,0,0.0,8,4.0,5.666666666666667,1058.3333333333333,2,0,Regular,0.0
6711,47,0,0.0,15,4.0,14.166666666666666,854.6666666666666,3,0,Regular,0.0
6712,76,2,2190.92,5,3.3333333333333335,15.333333333333334,1288.6666666666667,3,3,New Customer,25.909200000000002
6713,182,0,0.0,9,4.0,13.0,783.6666666666666,1,4,Lost,0.0
6714,48,2,1267.4499999999998,7,4.25,9.75,632.0,3,3,New Customer,16.6745
6715,37,0,0.0,8,4.0,15.4,902.4,3,0,Regular,0.0
6716,29,0,0.0,5,4.0,11.666666666666666,826.3333333333334,3,0,Regular,0.0
6717,87,0,0.0,9,4.0,12.2,496.4,0,0,Regular,0.0
6718,228,1,2407.64,8,4.0,7.0,1291.0,3,1,At Risk,26.0764
6719,24,0,0.0,10,4.0,16.25,958.75,3,0,Regular,0.0
6720,100,1,2958.72,15,4.0,12.25,759.5,2,3,New Customer,31.5872
6721,31,0,0.0,7,4.0,18.5,1088.5,2,0,Regular,0.0
6722,290,1,203.16,4,4.0,2.0,686.5,1,1,At Risk,4.0316
6723,106,1,2462.82,6,4.5,16.0,1578.5,2,3,New Customer,26.628200000000003
6724,22,2,2609.05,11,4.0,6.75,947.75,3,3,New Customer,30.090500000000002
6725,203,0,0.0,1,4.0,9.0,1431.0,1,4,Lost,0.0
6726,160,1,364.42,9,3.3333333333333335,17.666666666666668,405.3333333333333,1,1,At Risk,5.6442
6727,56,0,0.0,3,4.0,9.0,711.0,1,0,Regular,0.0
6728,240,0,0.0,7,4.0,9.5,1164.0,0,4,Lost,0.0
6729,210,0,0.0,3,4.0,20.0,927.0,1,4,Lost,0.0
6730,120,0,0.0,4,4.0,12.0,1042.0,1,0,Regular,0.0
6731,62,1,3974.24,9,4.2,16.0,650.2,5,3,New Customer,41.742399999999996
6732,96,1,1224.56,10,4.0,14.25,987.0,2,3,New Customer,14.2456
6733,106,0,0.0,4,4.0,10.0,775.0,2,0,Regular,0.0
6734,291,1,4444.59,8,4.5,7.5,622.5,2,1,At Risk,46.4459
6735,21,0,0.0,11,4.0,13.0,757.25,3,0,Regular,0.0
6736,45,1,2029.81,8,3.3333333333333335,6.666666666666667,507.3333333333333,3,3,New Customer,22.298099999999998
6737,8,0,0.0,17,4.0,13.0,715.0,3,0,Regular,0.0
6739,19,0,0.0,3,4.0,15.0,1070.0,1,0,Regular,0.0
6740,103,0,0.0,10,4.0,15.6,1028.4,3,0,Regular,0.0
6741,122,0,0.0,4,4.0,9.0,296.0,0,0,Regular,0.0
6742,2,0,0.0,7,4.0,12.0,952.6666666666666,1,0,Regular,0.0
6743,92,3,4053.02,12,4.166666666666667,17.166666666666668,944.3333333333334,6,2,VIP,46.5302
6744,310,1,954.53,2,3.0,7.5,852.0,1,1,At Risk,11.5453
6745,75,1,1618.2,12,4.0,16.2,1323.6,3,3,New Customer,18.182000000000002
6746,150,0,0.0,7,4.0,14.5,1391.0,1,0,Regular,0.0
6747,270,1,811.5,7,4.25,13.0,784.25,3,1,At Risk,10.115
6748,11,1,988.68,12,4.25,12.75,632.5,3,3,New Customer,11.8868
6749,29,0,0.0,5,4.0,17.0,932.0,2,0,Regular,0.0
6750,47,1,1128.26,8,4.0,12.0,1104.5,2,3,New Customer,13.2826
6752,48,1,1405.98,6,4.0,16.5,1206.25,3,3,New Customer,16.059800000000003
6753,285,0,0.0,2,4.0,24.0,999.0,0,4,Lost,0.0
6754,59,2,8315.720000000001,8,4.666666666666667,14.0,684.3333333333334,2,2,VIP,87.15720000000002
6755,12,1,2399.89,8,4.25,15.5,712.25,3,3,New Customer,25.9989
6756,312,1,1613.62,2,3.0,18.0,148.0,1,1,At Risk,18.1362
6757,325,0,0.0,3,4.0,9.0,994.0,0,4,Lost,0.0
6758,115,0,0.0,4,4.0,20.5,863.0,1,0,Regular,0.0
6759,129,0,0.0,6,4.0,6.333333333333333,570.0,2,0,Regular,0.0
6760,86,1,895.37,13,4.0,12.0,681.25,4,3,New Customer,10.9537
6761,253,0,0.0,2,4.0,24.0,1386.0,1,4,Lost,0.0
6762,26,0,0.0,12,4.0,10.6,1031.2,4,0,Regular,0.0
6763,95,0,0.0,4,4.0,2.5,857.0,1,0,Regular,0.0
6764,200,2,2600.16,6,4.5,5.0,871.0,2,1,At Risk,30.0016
6765,93,0,0.0,9,4.0,14.666666666666666,1108.3333333333333,1,0,Regular,0.0
6766,229,0,0.0,1,4.0,14.0,596.0,1,4,Lost,0.0
6767,161,1,4927.84,11,4.25,11.5,900.75,2,1,At Risk,51.278400000000005
6768,15,1,839.94,8,3.75,9.5,859.25,3,3,New Customer,10.3994
6769,335,0,0.0,3,4.0,15.0,1527.0,1,4,Lost,0.0
6770,96,0,0.0,8,4.0,14.333333333333334,495.6666666666667,3,0,Regular,0.0
6772,17,1,1130.59,4,4.5,12.5,226.5,1,3,New Customer,13.3059
6773,25,1,980.45,17,4.0,15.666666666666666,527.5,4,3,New Customer,11.8045
6774,118,0,0.0,8,4.0,10.0,418.0,1,0,Regular,0.0
6775,104,1,2662.65,5,4.333333333333333,10.333333333333334,724.6666666666666,2,3,New Customer,28.6265
6776,40,1,404.06,3,4.0,7.5,1062.0,1,3,New Customer,6.0406
6777,5,0,0.0,13,4.0,11.0,1181.75,2,0,Regular,0.0
6778,257,0,0.0,2,4.0,9.0,470.0,1,4,Lost,0.0
6779,55,0,0.0,6,4.0,18.666666666666668,1127.3333333333333,1,0,Regular,0.0
6780,24,1,608.31,12,3.4,13.6,605.2,3,3,New Customer,8.083099999999998
6781,3,2,2557.13,12,4.0,12.25,823.75,4,3,New Customer,29.5713
6782,2,1,4833.27,11,3.75,16.5,1071.75,2,2,VIP,50.3327
6783,118,0,0.0,6,4.0,4.0,1664.0,1,0,Regular,0.0
6784,91,0,0.0,4,4.0,20.5,818.5,2,0,Regular,0.0
6785,28,0,0.0,1,4.0,13.0,1536.0,1,0,Regular,0.0
6786,207,2,1231.25,5,4.666666666666667,11.333333333333334,918.3333333333334,3,1,At Risk,16.3125
6787,2,3,3630.08,11,4.428571428571429,12.428571428571429,534.4285714285714,4,2,VIP,42.3008
6788,118,1,2106.1,6,4.0,11.0,436.0,2,3,New Customer,23.061
6789,283,0,0.0,3,4.0,18.5,967.0,1,4,Lost,0.0
6790,19,1,2973.4,6,4.5,15.5,1243.0,1,3,New Customer,31.734
6791,145,1,671.26,5,4.5,17.5,1176.0,2,1,At Risk,8.7126
6792,96,0,0.0,3,4.0,5.0,826.5,1,0,Regular,0.0
6793,15,2,4052.34,20,3.857142857142857,11.428571428571429,872.2857142857143,7,2,VIP,44.5234
6794,50,1,634.5,2,4.5,9.0,880.0,2,3,New Customer,8.344999999999999
6795,61,0,0.0,2,4.0,14.0,884.0,0,0,Regular,0.0
6796,301,0,0.0,6,4.0,15.5,382.0,0,4,Lost,0.0
6797,177,0,0.0,4,4.0,24.0,440.0,0,4,Lost,0.0
6798,236,1,1274.76,2,5.0,10.0,674.0,1,1,At Risk,14.7476
6799,83,0,0.0,7,4.0,9.0,1144.6666666666667,2,0,Regular,0.0
6800,43,0,0.0,10,4.0,8.75,1009.75,1,0,Regular,0.0
6801,131,1,575.16,2,4.0,10.0,1368.0,1,3,New Customer,7.7516
6802,125,0,0.0,12,4.0,7.6,1226.8,3,0,Regular,0.0
6803,289,2,4089.4900000000002,7,3.3333333333333335,14.666666666666666,1231.0,2,1,At Risk,44.8949
6805,311,0,0.0,2,4.0,21.0,487.0,0,4,Lost,0.0
6806,19,1,3764.54,11,4.0,15.25,865.25,2,3,New Customer,39.6454
6807,304,0,0.0,6,4.0,17.0,1437.5,1,4,Lost,0.0
6808,57,1,2644.04,7,3.5,12.0,1398.5,2,3,New Customer,28.4404
6809,19,2,5535.290000000001,4,5.0,15.5,869.0,2,2,VIP,59.352900000000005
6810,137,0,0.0,2,4.0,7.0,523.0,1,0,Regular,0.0
6811,197,0,0.0,4,4.0,4.0,453.0,0,4,Lost,0.0
6812,22,1,277.66,12,4.2,14.0,1212.2,4,3,New Customer,4.7766
6813,18,1,1581.61,15,4.142857142857143,10.428571428571429,691.0,3,3,New Customer,17.8161
6814,55,0,0.0,14,4.0,13.0,1121.25,4,0,Regular,0.0
6815,92,1,1823.12,4,5.0,21.0,1735.0,1,3,New Customer,20.231199999999998
6816,4,0,0.0,3,4.0,9.5,834.0,1,0,Regular,0.0
6817,175,0,0.0,6,4.0,17.666666666666668,1250.6666666666667,3,4,Lost,0.0
6819,41,2,6840.87,12,4.0,16.25,876.25,3,2,VIP,72.4087
6820,244,0,0.0,1,4.0,24.0,433.0,0,4,Lost,0.0
6821,252,0,0.0,4,4.0,1.0,1029.0,0,4,Lost,0.0
6822,197,0,0.0,1,4.0,7.0,418.0,1,4,Lost,0.0
6823,101,0,0.0,3,4.0,8.0,499.0,1,0,Regular,0.0
6824,206,0,0.0,6,4.0,4.0,725.0,2,4,Lost,0.0
6825,88,1,2346.25,3,5.0,11.0,1290.0,1,3,New Customer,25.4625
6826,253,0,0.0,5,4.0,9.0,1352.0,1,4,Lost,0.0
6827,275,0,0.0,2,4.0,11.0,1049.0,1,4,Lost,0.0
6828,107,1,3171.45,13,4.0,7.4,497.2,3,3,New Customer,33.7145
6829,18,0,0.0,4,4.0,19.0,1089.0,1,0,Regular,0.0
6830,39,1,1842.3,12,4.0,12.25,884.0,3,3,New Customer,20.423
6831,185,0,0.0,3,4.0,13.0,1465.5,0,4,Lost,0.0
6832,27,0,0.0,4,4.0,20.5,1723.0,1,0,Regular,0.0
6833,42,1,4737.48,9,3.75,15.75,758.25,3,2,VIP,49.37479999999999
6834,3,0,0.0,12,4.0,17.75,978.25,3,0,Regular,0.0
6835,15,0,0.0,14,4.0,9.833333333333334,594.1666666666666,1,0,Regular,0.0
6836,44,0,0.0,10,4.0,12.0,995.6666666666666,1,0,Regular,0.0
6837,305,1,3485.44,5,3.5,11.0,1162.0,2,1,At Risk,36.8544
6838,38,2,3188.13,12,3.8,13.4,1147.8,3,2,VIP,35.881299999999996
6839,219,1,370.03,4,4.5,19.5,911.0,2,1,At Risk,5.7003
6840,86,2,2896.77,11,4.25,16.0,768.25,3,3,New Customer,32.9677
6841,14,0,0.0,9,4.0,11.0,649.8,4,0,Regular,0.0
6842,18,0,0.0,7,4.0,9.75,1160.0,1,0,Regular,0.0
6843,62,0,0.0,5,4.0,16.0,653.0,1,0,Regular,0.0
6844,143,0,0.0,6,4.0,8.333333333333334,634.3333333333334,2,0,Regular,0.0
6845,228,1,1685.42,2,4.0,9.5,1333.5,1,1,At Risk,18.854200000000002
6846,91,0,0.0,8,4.0,18.0,1370.0,0,0,Regular,0.0
6847,51,0,0.0,8,4.0,11.25,719.75,2,0,Regular,0.0
6848,97,0,0.0,4,4.0,9.0,1207.0,1,0,Regular,0.0
6850,67,1,1519.53,8,4.0,16.25,1199.0,4,3,New Customer,17.1953
6851,327,1,783.21,3,2.0,17.0,707.0,1,1,At Risk,9.8321
6852,240,0,0.0,4,4.0,14.0,568.0,0,4,Lost,0.0
6853,197,0,0.0,9,4.0,11.5,1145.5,2,4,Lost,0.0
6854,6,1,1402.02,11,4.25,14.5,1016.75,2,3,New Customer,16.0202
6855,84,0,0.0,6,4.0,16.0,1169.5,1,0,Regular,0.0
6856,39,1,764.32,17,4.2,12.8,777.2,3,3,New Customer,9.6432
6857,34,1,2523.62,10,4.25,13.5,972.0,2,3,New Customer,27.2362
6858,180,1,2214.71,7,3.0,11.0,402.5,2,1,At Risk,24.147100000000002
6859,124,0,0.0,3,4.0,15.0,83.0,0,0,Regular,0.0
6860,71,0,0.0,4,4.0,22.0,252.5,1,0,Regular,0.0
6861,3,3,6677.67,16,4.0,9.25,876.5,6,2,VIP,72.7767
6863,3,2,4466.73,10,3.25,10.25,773.25,3,2,VIP,48.6673
6864,4,2,1347.82,14,4.333333333333333,10.333333333333334,1211.3333333333333,5,3,New Customer,17.4782
6865,231,0,0.0,3,4.0,9.0,1062.0,1,4,Lost,0.0
6866,12,0,0.0,18,4.0,8.857142857142858,976.5714285714286,2,0,Regular,0.0
6867,50,1,1011.31,6,3.6666666666666665,19.666666666666668,1059.6666666666667,2,3,New Customer,12.1131
6868,53,0,0.0,4,4.0,16.0,1274.0,0,0,Regular,0.0
6869,52,2,1614.65,16,4.166666666666667,15.5,1173.0,6,3,New Customer,20.1465
6870,182,0,0.0,2,4.0,8.0,760.0,0,4,Lost,0.0
6871,92,0,0.0,6,4.0,11.0,1149.5,1,0,Regular,0.0
6872,58,1,2364.55,9,3.8,19.4,1170.8,4,3,New Customer,25.645500000000002
6873,39,0,0.0,4,4.0,9.0,1693.0,2,0,Regular,0.0
6874,46,0,0.0,14,4.0,16.833333333333332,1114.8333333333333,4,0,Regular,0.0
6875,141,1,768.18,2,4.0,7.5,1122.0,1,1,At Risk,9.681799999999999
6876,88,0,0.0,3,4.0,19.0,1238.5,1,0,Regular,0.0
6877,41,0,0.0,12,4.0,9.0,951.5,3,0,Regular,0.0
6878,58,1,2543.81,11,3.75,6.5,595.0,2,3,New Customer,27.4381
6879,6,0,0.0,5,4.0,10.0,950.6666666666666,0,0,Regular,0.0
6880,145,0,0.0,16,4.0,15.0,1030.4,4,0,Regular,0.0
6881,91,1,362.81,11,4.2,9.4,891.0,2,3,New Customer,5.6281
6882,63,0,0.0,2,4.0,14.5,303.5,1,0,Regular,0.0
6883,183,1,923.33,9,4.0,6.0,1032.0,3,1,At Risk,11.2333
6884,19,1,1393.38,6,3.6666666666666665,9.666666666666666,821.6666666666666,1,3,New Customer,15.933800000000002
6885,41,1,1905.38,8,3.5,14.75,1194.75,3,3,New Customer,21.053800000000003
6886,329,0,0.0,3,4.0,10.0,1694.0,1,4,Lost,0.0
6887,44,0,0.0,3,4.0,16.5,389.0,0,0,Regular,0.0
6888,179,0,0.0,4,4.0,9.0,1266.0,1,4,Lost,0.0
6889,183,0,0.0,4,4.0,18.5,1122.0,1,4,Lost,0.0
6890,90,0,0.0,14,4.0,12.0,744.25,2,0,Regular,0.0
6891,175,1,6089.47,8,4.0,15.0,299.0,2,2,VIP,62.8947
6892,33,0,0.0,8,4.0,9.0,752.0,1,0,Regular,0.0
6893,323,0,0.0,3,4.0,12.0,1521.0,0,4,Lost,0.0
6894,163,0,0.0,7,4.0,10.0,648.0,2,4,Lost,0.0
6895,17,2,5557.8099999999995,7,4.666666666666667,13.333333333333334,781.3333333333334,3,2,VIP,59.57809999999999
6896,67,1,3379.7,6,4.0,6.0,1190.5,2,3,New Customer,35.797
6897,66,1,881.22,11,3.75,14.75,1274.75,3,3,New Customer,10.8122
6898,11,1,6021.52,15,4.0,13.6,979.6,1,2,VIP,62.2152
6899,157,2,3025.88,16,4.333333333333333,15.166666666666666,1065.8333333333333,3,1,At Risk,34.2588
6900,130,0,0.0,5,4.0,17.0,616.5,2,0,Regular,0.0
6901,155,0,0.0,7,4.0,13.0,1226.5,1,4,Lost,0.0
6902,1,2,3055.6800000000003,17,4.166666666666667,4.5,1027.0,5,3,New Customer,34.5568
6903,57,0,0.0,8,4.0,15.666666666666666,1245.0,2,0,Regular,0.0
6904,238,0,0.0,6,4.0,16.5,543.0,0,4,Lost,0.0
6905,89,0,0.0,6,4.0,13.666666666666666,358.6666666666667,2,0,Regular,0.0
6906,95,1,309.9,7,4.25,17.75,869.25,3,3,New Customer,5.099
6907,6,1,1601.47,9,3.75,12.5,967.0,4,3,New Customer,18.0147
6908,16,1,1797.84,15,4.0,9.8,656.6,2,3,New Customer,19.9784
6909,106,2,4565.71,15,3.2,11.6,962.2,3,2,VIP,49.6571
6910,257,0,0.0,3,4.0,23.0,1435.0,1,4,Lost,0.0
6911,332,0,0.0,3,4.0,7.0,890.0,1,4,Lost,0.0
6912,103,2,669.31,9,4.0,18.75,855.0,4,3,New Customer,10.6931
6913,68,1,1999.79,3,3.0,2.0,1179.0,1,3,New Customer,21.9979
6914,17,0,0.0,8,4.0,5.75,762.25,3,0,Regular,0.0
6915,88,0,0.0,6,4.0,5.666666666666667,1147.0,1,0,Regular,0.0
6916,62,0,0.0,11,4.0,9.333333333333334,822.6666666666666,2,0,Regular,0.0
6917,35,1,1235.52,4,4.0,16.5,996.0,2,3,New Customer,14.3552
6919,123,0,0.0,9,4.0,18.0,545.6666666666666,3,0,Regular,0.0
6920,26,0,0.0,5,4.0,11.0,673.5,2,0,Regular,0.0
6921,254,1,2092.75,6,4.333333333333333,18.666666666666668,1093.6666666666667,1,1,At Risk,22.9275
6923,82,1,459.88,17,3.857142857142857,12.857142857142858,609.7142857142857,3,3,New Customer,6.5988
6924,173,0,0.0,3,4.0,21.0,1562.0,1,4,Lost,0.0
6925,96,1,721.67,6,3.3333333333333335,10.666666666666666,1302.3333333333333,3,3,New Customer,9.2167
6926,20,1,3549.36,11,3.75,13.5,1108.5,1,3,New Customer,37.4936
6927,40,1,3566.13,11,3.75,13.25,889.75,2,3,New Customer,37.661300000000004
6928,20,0,0.0,13,4.0,14.833333333333334,1105.1666666666667,4,0,Regular,0.0
6929,179,0,0.0,6,4.0,14.0,613.5,1,4,Lost,0.0
6930,239,0,0.0,7,4.0,11.666666666666666,723.6666666666666,2,4,Lost,0.0
6931,65,1,1239.66,7,4.0,6.0,1072.0,3,3,New Customer,14.396600000000001
6932,165,2,3453.45,12,4.0,8.6,940.6,3,1,At Risk,38.5345
6933,61,0,0.0,13,4.0,13.6,986.6,4,0,Regular,0.0
6934,98,0,0.0,13,4.0,8.25,717.0,3,0,Regular,0.0
6935,68,0,0.0,1,4.0,19.0,948.0,1,0,Regular,0.0
6936,145,0,0.0,9,4.0,14.0,1030.25,3,0,Regular,0.0
6938,230,0,0.0,2,4.0,20.0,1419.0,0,4,Lost,0.0
6939,51,1,1314.31,17,3.6666666666666665,13.666666666666666,690.5,3,3,New Customer,15.143099999999999
6940,17,0,0.0,9,4.0,13.75,843.0,1,0,Regular,0.0
6943,55,2,1909.97,14,3.6666666666666665,14.333333333333334,789.3333333333334,4,3,New Customer,23.0997
6944,80,1,1665.29,8,4.25,16.25,760.25,3,3,New Customer,18.6529
6945,227,0,0.0,14,4.0,7.5,803.75,3,4,Lost,0.0
6946,12,1,1197.99,15,3.4,5.4,794.0,3,3,New Customer,13.9799
6947,115,3,2951.5299999999997,6,4.0,7.0,641.6666666666666,3,2,VIP,35.515299999999996
6948,216,0,0.0,3,4.0,16.5,430.5,1,4,Lost,0.0
6949,140,0,0.0,7,4.0,20.0,755.5,1,0,Regular,0.0
6950,0,1,138.5,7,3.6666666666666665,10.0,276.6666666666667,2,3,New Customer,3.385
6951,5,0,0.0,3,4.0,1.0,416.0,0,0,Regular,0.0
6953,154,2,3730.21,13,3.6666666666666665,11.833333333333334,1293.1666666666667,4,2,VIP,41.3021
6954,195,0,0.0,3,4.0,21.5,931.0,1,4,Lost,0.0
6955,120,1,1991.52,5,4.0,11.666666666666666,866.6666666666666,2,3,New Customer,21.9152
6956,7,0,0.0,3,4.0,24.0,1270.0,1,0,Regular,0.0
6957,50,0,0.0,4,4.0,24.0,605.0,0,0,Regular,0.0
6958,40,0,0.0,11,4.0,12.75,993.25,2,0,Regular,0.0
6959,43,2,978.48,11,3.6,9.0,1188.8,4,3,New Customer,13.7848
6960,314,0,0.0,1,4.0,24.0,1782.0,1,4,Lost,0.0
6962,11,0,0.0,5,4.0,19.0,1089.6666666666667,3,0,Regular,0.0
6963,235,2,2985.01,9,4.5,11.25,602.25,2,1,At Risk,33.8501
6965,13,0,0.0,10,4.0,17.4,956.0,1,0,Regular,0.0
6966,17,0,0.0,7,4.0,5.666666666666667,878.0,0,0,Regular,0.0
6968,193,0,0.0,4,4.0,6.0,894.5,2,4,Lost,0.0
6969,34,2,3681.11,11,4.333333333333333,15.666666666666666,973.6666666666666,2,2,VIP,40.8111
6970,141,0,0.0,1,4.0,10.0,228.0,0,0,Regular,0.0
6971,5,0,0.0,17,4.0,12.333333333333334,703.0,4,0,Regular,0.0
6972,66,1,1266.91,5,2.5,12.5,1006.0,2,3,New Customer,14.6691
6973,85,0,0.0,3,4.0,15.0,890.5,1,0,Regular,0.0
6974,85,2,949.52,7,4.0,14.333333333333334,1118.6666666666667,3,3,New Customer,13.4952
6975,32,0,0.0,4,4.0,9.0,239.0,0,0,Regular,0.0
6977,147,0,0.0,3,4.0,16.0,827.0,0,0,Regular,0.0
6978,20,2,1319.74,13,3.5,6.0,1021.5,3,3,New Customer,17.197400000000002
6979,90,2,4909.82,10,4.666666666666667,14.333333333333334,1137.0,2,2,VIP,53.0982
6980,138,0,0.0,4,4.0,8.0,678.5,2,0,Regular,0.0
6981,357,0,0.0,2,4.0,22.0,928.0,1,4,Lost,0.0
6982,172,0,0.0,15,4.0,16.0,615.2,0,4,Lost,0.0
6983,7,0,0.0,6,4.0,7.5,833.5,2,0,Regular,0.0
6984,185,1,216.35,3,4.0,11.0,917.5,1,1,At Risk,4.1635
6985,70,1,1470.74,8,4.0,15.0,735.25,3,3,New Customer,16.7074
6986,107,2,758.0,8,3.0,13.0,686.3333333333334,2,3,New Customer,11.58
6987,1,1,703.02,14,4.25,20.75,698.75,1,3,New Customer,9.0302
6989,8,1,880.66,4,4.5,9.0,103.0,1,3,New Customer,10.8066
6990,179,1,773.79,4,4.5,11.0,608.0,2,1,At Risk,9.7379
6991,162,0,0.0,3,4.0,12.0,746.0,1,4,Lost,0.0
6992,198,3,1711.41,5,4.0,15.75,709.25,3,1,At Risk,23.1141
6993,195,1,3400.04,6,4.5,11.5,746.0,2,1,At Risk,36.0004
6994,131,0,0.0,13,4.0,10.75,795.25,2,0,Regular,0.0
6995,13,0,0.0,8,4.0,12.0,1040.3333333333333,0,0,Regular,0.0
6996,202,1,3065.95,4,4.0,16.0,754.0,1,1,At Risk,32.659499999999994
6998,28,1,802.69,7,4.333333333333333,15.333333333333334,764.0,2,3,New Customer,10.026900000000001
6999,225,0,0.0,5,4.0,11.5,632.0,2,4,Lost,0.0
7000,285,0,0.0,5,4.0,10.0,752.0,0,4,Lost,0.0
7001,4,1,218.74,15,3.8,14.0,658.2,2,3,New Customer,4.1874
7002,12,1,1375.99,7,4.25,13.75,729.75,3,3,New Customer,15.7599
7003,74,3,6094.67,6,4.333333333333333,10.0,1241.3333333333333,3,2,VIP,66.94669999999999
7004,118,0,0.0,2,4.0,23.0,1378.0,0,0,Regular,0.0
7005,12,2,6127.66,11,3.5,13.25,1080.75,4,2,VIP,65.2766
7006,8,0,0.0,7,4.0,15.333333333333334,1388.6666666666667,2,0,Regular,0.0
7007,0,0,0.0,9,4.0,16.0,450.3333333333333,0,0,Regular,0.0
7008,93,1,2127.85,12,4.0,8.75,879.0,3,3,New Customer,23.278499999999998
7009,191,0,0.0,8,4.0,8.666666666666666,1317.3333333333333,1,4,Lost,0.0
7010,72,2,5193.19,14,3.8,13.4,1119.6,2,2,VIP,55.9319
7011,62,1,725.98,7,4.0,15.0,556.2,4,3,New Customer,9.2598
7012,127,1,1356.05,7,4.333333333333333,15.666666666666666,1456.6666666666667,1,3,New Customer,15.5605
7013,155,0,0.0,1,4.0,22.0,1240.0,1,4,Lost,0.0
7014,199,0,0.0,9,4.0,16.666666666666668,365.3333333333333,3,4,Lost,0.0
7015,23,5,10077.0,17,4.428571428571429,12.714285714285714,1122.142857142857,7,2,VIP,110.77
7016,48,0,0.0,9,4.0,8.25,938.25,4,0,Regular,0.0
7017,112,0,0.0,4,4.0,7.5,946.5,2,0,Regular,0.0
7018,60,2,5590.009999999999,10,3.0,13.0,734.0,3,2,VIP,59.900099999999995
7019,94,0,0.0,4,4.0,22.0,231.0,0,0,Regular,0.0
7020,137,0,0.0,3,4.0,2.0,837.0,0,0,Regular,0.0
7021,142,0,0.0,7,4.0,17.666666666666668,960.6666666666666,1,0,Regular,0.0
7022,16,0,0.0,8,4.0,15.75,705.5,3,0,Regular,0.0
7023,336,0,0.0,1,4.0,5.0,1487.0,1,4,Lost,0.0
7024,34,1,1375.11,10,4.333333333333333,19.0,1211.6666666666667,2,3,New Customer,15.7511
7025,71,1,2319.08,11,4.0,20.0,730.3333333333334,1,3,New Customer,25.1908
7026,171,0,0.0,1,4.0,5.0,274.0,0,4,Lost,0.0
7027,91,0,0.0,8,4.0,16.0,1181.3333333333333,1,0,Regular,0.0
7028,150,1,302.12,3,4.0,14.0,342.0,1,1,At Risk,5.0212
7029,197,0,0.0,4,4.0,12.0,443.0,0,4,Lost,0.0
7030,198,1,4865.55,6,4.0,9.5,924.0,1,1,At Risk,50.6555
7031,362,1,3777.44,8,4.5,7.5,743.5,2,1,At Risk,39.7744
7032,49,1,554.44,5,3.0,16.0,1092.5,2,3,New Customer,7.5444
7033,278,0,0.0,2,4.0,11.0,1129.0,0,4,Lost,0.0
7034,70,0,0.0,1,4.0,5.0,799.0,0,0,Regular,0.0
7035,99,0,0.0,5,4.0,13.5,884.0,0,0,Regular,0.0
7036,239,1,1302.04,5,4.5,14.5,873.0,1,1,At Risk,15.0204
7037,136,0,0.0,14,4.0,14.25,1007.5,3,0,Regular,0.0
7038,60,0,0.0,11,4.0,13.4,455.6,3,0,Regular,0.0
7039,155,2,808.28,3,2.0,13.0,510.0,2,1,At Risk,12.082799999999999
7040,116,1,3022.36,5,3.5,4.5,486.0,2,3,New Customer,32.223600000000005
7041,65,0,0.0,6,4.0,13.5,322.5,2,0,Regular,0.0
7042,336,0,0.0,3,4.0,10.0,361.0,1,4,Lost,0.0
7043,56,0,0.0,19,4.0,12.166666666666666,1017.3333333333334,5,0,Regular,0.0
7044,58,1,1550.44,8,4.0,10.5,1159.0,1,3,New Customer,17.5044
7045,36,1,415.06,6,4.0,11.333333333333334,1287.3333333333333,2,3,New Customer,6.1506
7046,154,0,0.0,8,4.0,11.0,811.3333333333334,2,4,Lost,0.0
7047,39,1,259.26,18,4.166666666666667,11.5,743.8333333333334,5,3,New Customer,4.5926
7048,153,0,0.0,5,4.0,17.5,758.5,2,4,Lost,0.0
7049,68,0,0.0,12,4.0,8.75,1049.75,1,0,Regular,0.0
7050,201,1,4573.62,12,3.75,8.5,1177.0,1,1,At Risk,47.7362
7051,61,1,263.76,7,4.0,11.666666666666666,1087.6666666666667,3,3,New Customer,4.6376
7052,62,0,0.0,6,4.0,8.0,92.0,1,0,Regular,0.0
7055,15,1,530.37,2,2.0,20.0,1677.0,1,3,New Customer,7.3037
7056,139,1,410.94,5,4.5,3.5,1549.5,2,1,At Risk,6.1094
7057,89,1,3535.05,8,4.0,8.666666666666666,663.6666666666666,3,3,New Customer,37.350500000000004
7058,12,1,3211.59,6,4.0,9.0,498.0,1,3,New Customer,34.1159
7059,290,0,0.0,3,4.0,17.0,312.0,1,4,Lost,0.0
7060,53,2,4974.6,8,4.333333333333333,11.666666666666666,607.3333333333334,3,2,VIP,53.746
7061,12,1,874.51,6,3.6666666666666665,13.666666666666666,1239.3333333333333,1,3,New Customer,10.7451
7062,105,1,4011.36,9,4.333333333333333,13.333333333333334,421.6666666666667,2,3,New Customer,42.1136
7063,337,1,1484.67,4,5.0,6.0,309.0,1,1,At Risk,16.8467
7064,1,1,596.59,9,3.8,14.0,1408.6,3,3,New Customer,7.9659
7066,88,2,2428.31,13,4.0,15.0,1137.0,4,3,New Customer,28.2831
7067,107,1,2033.18,7,4.0,17.0,269.0,2,3,New Customer,22.3318
7068,202,0,0.0,4,4.0,14.5,797.5,1,4,Lost,0.0
7069,4,1,2874.62,8,3.6666666666666665,9.666666666666666,1005.0,2,3,New Customer,30.746199999999998
7070,82,0,0.0,9,4.0,9.666666666666666,918.3333333333334,1,0,Regular,0.0
7071,9,2,1531.9199999999998,9,3.6,14.2,1268.2,4,3,New Customer,19.3192
7072,25,3,6381.92,19,4.166666666666667,10.5,954.5,4,2,VIP,69.8192
7073,65,2,4805.88,18,3.6666666666666665,14.833333333333334,792.6666666666666,4,2,VIP,52.0588
7074,241,1,702.41,5,4.0,6.0,1724.0,2,1,At Risk,9.0241
7075,228,0,0.0,4,4.0,14.5,1060.5,2,4,Lost,0.0
7076,246,0,0.0,1,4.0,7.0,532.0,0,4,Lost,0.0
7077,263,1,167.03,11,4.25,15.75,1219.0,3,1,At Risk,3.6703
7078,239,1,369.08,3,3.0,5.0,1642.0,1,1,At Risk,5.690799999999999
7079,129,0,0.0,1,4.0,22.0,1013.0,1,0,Regular,0.0
7080,20,1,187.4,1,5.0,7.0,448.0,1,3,New Customer,3.874
7081,205,1,328.49,14,3.8333333333333335,15.0,420.8333333333333,5,1,At Risk,5.2849
7082,41,2,3036.1899999999996,9,4.333333333333333,12.0,1154.6666666666667,3,3,New Customer,34.36189999999999
7083,210,0,0.0,5,4.0,16.0,590.5,1,4,Lost,0.0
7084,154,0,0.0,2,4.0,14.5,1112.5,0,4,Lost,0.0
7086,100,0,0.0,7,4.0,10.75,1328.5,1,0,Regular,0.0
7087,71,0,0.0,4,4.0,19.5,1279.5,2,0,Regular,0.0
7088,173,0,0.0,4,4.0,6.0,874.0,1,4,Lost,0.0
7089,141,0,0.0,6,4.0,5.0,737.5,2,0,Regular,0.0
7090,66,0,0.0,3,4.0,10.0,246.0,0,0,Regular,0.0
7091,123,0,0.0,14,4.0,7.0,1061.0,2,0,Regular,0.0
7093,72,0,0.0,7,4.0,15.0,806.0,1,0,Regular,0.0
7094,178,1,966.74,5,4.0,13.5,1259.0,1,1,At Risk,11.6674
7095,208,0,0.0,9,4.0,17.0,455.6666666666667,2,4,Lost,0.0
7096,5,1,2429.47,4,4.5,13.5,1176.5,1,3,New Customer,26.2947
7097,65,1,5580.16,18,3.8333333333333335,14.333333333333334,804.3333333333334,5,2,VIP,57.8016
7098,34,2,7012.71,18,4.142857142857143,15.285714285714286,847.7142857142857,7,2,VIP,74.1271
7099,40,2,4033.6400000000003,4,4.5,12.0,691.0,2,2,VIP,44.336400000000005
7100,73,2,2416.06,12,4.0,9.5,1015.6666666666666,4,3,New Customer,28.1606
7101,23,1,754.52,7,4.2,13.6,728.8,4,3,New Customer,9.5452
7102,83,1,967.53,6,4.0,17.75,1156.25,2,3,New Customer,11.6753
7103,216,0,0.0,7,4.0,18.0,1378.0,2,4,Lost,0.0
7104,8,0,0.0,4,4.0,18.0,749.0,0,0,Regular,0.0
7105,25,1,1051.32,9,4.333333333333333,10.333333333333334,1665.6666666666667,1,3,New Customer,12.5132
7106,94,1,1627.92,7,3.6666666666666665,7.666666666666667,992.3333333333334,2,3,New Customer,18.2792
7107,147,1,2898.6,8,3.6666666666666665,12.333333333333334,980.6666666666666,3,1,At Risk,30.986
7109,179,0,0.0,4,4.0,1.0,87.0,1,4,Lost,0.0
7110,71,1,2049.4,15,4.166666666666667,9.5,837.6666666666666,2,3,New Customer,22.494
7111,42,3,4088.6099999999997,12,3.5,14.0,992.6666666666666,5,2,VIP,46.8861
7112,44,0,0.0,10,4.0,11.25,677.75,3,0,Regular,0.0
7113,316,0,0.0,4,4.0,14.0,1608.0,1,4,Lost,0.0
7114,11,0,0.0,7,4.0,8.666666666666666,403.3333333333333,2,0,Regular,0.0
7115,88,0,0.0,9,4.0,15.0,720.3333333333334,2,0,Regular,0.0
7116,206,0,0.0,4,4.0,8.0,921.0,1,4,Lost,0.0
7117,179,0,0.0,1,4.0,18.0,80.0,1,4,Lost,0.0
7119,21,1,2009.24,18,3.6,7.6,921.2,4,3,New Customer,22.0924
7121,224,1,947.94,3,3.5,16.0,756.5,1,1,At Risk,11.4794
7122,167,2,6075.05,8,3.4,13.6,905.8,4,2,VIP,64.7505
7123,12,1,4408.56,11,4.25,13.5,899.75,3,3,New Customer,46.08560000000001
7124,17,0,0.0,6,4.0,8.0,870.6666666666666,1,0,Regular,0.0
7125,29,0,0.0,7,4.0,16.75,425.75,0,0,Regular,0.0
7126,53,2,3929.1899999999996,7,4.333333333333333,12.333333333333334,1321.3333333333333,2,2,VIP,43.2919
7127,256,1,3957.72,8,4.0,15.25,409.75,3,1,At Risk,41.5772
7128,114,1,1957.65,14,4.0,13.5,696.8333333333334,2,3,New Customer,21.5765
7129,45,1,2383.98,6,2.5,9.0,856.5,2,3,New Customer,25.8398
7130,9,2,1519.06,10,4.0,16.2,1135.4,3,3,New Customer,19.1906
7131,171,0,0.0,16,4.0,14.0,709.0,5,4,Lost,0.0
7132,156,2,1545.56,3,4.0,6.5,987.0,2,1,At Risk,19.455599999999997
7133,284,1,2089.82,4,4.5,17.0,1338.5,2,1,At Risk,22.898200000000003
7134,3,2,4711.66,8,4.0,14.666666666666666,1539.3333333333333,3,2,VIP,51.1166
7135,105,0,0.0,14,4.0,12.0,1189.5,3,0,Regular,0.0
7136,161,0,0.0,6,4.0,15.666666666666666,188.0,0,4,Lost,0.0
7137,5,0,0.0,7,4.0,17.333333333333332,670.3333333333334,1,0,Regular,0.0
7139,238,1,1102.73,3,4.0,11.5,848.0,2,1,At Risk,13.0273
7140,74,0,0.0,4,4.0,12.0,389.0,1,0,Regular,0.0
7141,10,0,0.0,15,4.0,9.8,815.2,4,0,Regular,0.0
7142,79,3,6206.889999999999,12,3.5,10.0,902.75,4,2,VIP,68.06889999999999
7143,120,0,0.0,1,4.0,10.0,535.0,1,0,Regular,0.0
7144,27,1,3583.95,10,4.0,11.75,910.5,3,3,New Customer,37.8395
7145,29,1,2531.1,11,4.333333333333333,20.666666666666668,1363.3333333333333,2,3,New Customer,27.311
7146,36,0,0.0,8,4.0,8.25,1005.5,3,0,Regular,0.0
7147,48,1,842.44,6,3.0,8.5,249.5,1,3,New Customer,10.4244
7148,108,2,8230.609999999999,12,3.75,6.75,854.25,3,2,VIP,86.30609999999999
7149,41,0,0.0,7,4.0,13.666666666666666,1414.0,0,0,Regular,0.0
7150,11,2,3531.63,6,3.0,13.0,881.5,2,2,VIP,39.3163
7151,264,2,4224.4800000000005,6,5.0,14.0,390.5,2,1,At Risk,46.244800000000005
7152,90,1,861.56,12,4.2,17.0,944.6,2,3,New Customer,10.615599999999999
7153,139,1,4571.76,6,4.0,16.0,527.0,2,1,At Risk,47.717600000000004
7154,226,0,0.0,4,4.0,17.0,629.0,1,4,Lost,0.0
7155,43,1,1537.08,11,4.0,15.0,350.6666666666667,3,3,New Customer,17.3708
7156,78,0,0.0,4,4.0,12.5,1405.5,1,0,Regular,0.0
7157,267,0,0.0,2,4.0,19.0,851.0,1,4,Lost,0.0
7158,98,0,0.0,9,4.0,10.666666666666666,1251.3333333333333,3,0,Regular,0.0
7159,138,0,0.0,9,4.0,7.0,1066.3333333333333,1,0,Regular,0.0
7160,1,1,2949.7,9,4.25,17.5,1637.5,2,3,New Customer,31.497
7162,333,1,391.58,5,4.0,7.333333333333333,882.6666666666666,2,1,At Risk,5.9158
7163,102,0,0.0,6,4.0,21.5,563.0,2,0,Regular,0.0
7165,159,2,3437.56,11,4.0,9.5,923.5,4,1,At Risk,38.3756
7166,140,1,827.51,9,4.333333333333333,13.0,725.3333333333334,1,1,At Risk,10.2751
7167,132,0,0.0,6,4.0,12.0,445.0,0,0,Regular,0.0
7168,120,0,0.0,3,4.0,21.0,764.0,1,0,Regular,0.0
7169,324,0,0.0,1,4.0,15.0,828.0,1,4,Lost,0.0
7170,60,1,3375.24,3,5.0,13.0,1154.0,1,3,New Customer,35.752399999999994
7171,56,4,9938.119999999999,22,4.142857142857143,16.857142857142858,892.4285714285714,7,2,VIP,107.38119999999999
7172,27,0,0.0,2,4.0,11.0,632.0,1,0,Regular,0.0
7173,252,1,1027.78,8,3.6,15.4,712.2,3,1,At Risk,12.2778
7174,74,0,0.0,11,4.0,13.333333333333334,830.1666666666666,4,0,Regular,0.0
7175,146,0,0.0,4,4.0,20.0,1627.0,0,0,Regular,0.0
7176,152,1,657.44,2,4.0,17.0,844.0,1,1,At Risk,8.5744
7177,100,2,2852.17,10,3.75,11.25,605.0,3,3,New Customer,32.521699999999996
7179,216,1,1582.71,6,4.0,19.0,536.5,2,1,At Risk,17.8271
7180,23,0,0.0,9,4.0,9.0,1187.0,2,0,Regular,0.0
7181,359,0,0.0,2,4.0,9.0,455.0,0,4,Lost,0.0
7182,17,0,0.0,10,4.0,11.0,825.3333333333334,0,0,Regular,0.0
7183,129,0,0.0,6,4.0,15.5,1526.0,2,0,Regular,0.0
7184,87,0,0.0,7,4.0,14.666666666666666,1300.3333333333333,2,0,Regular,0.0
7185,13,1,789.26,2,4.0,15.0,836.0,2,3,New Customer,9.8926
7186,116,0,0.0,3,4.0,22.0,1433.0,1,0,Regular,0.0
7187,27,1,698.56,1,5.0,3.0,1739.0,1,3,New Customer,8.9856
7188,362,0,0.0,2,4.0,16.0,1390.0,1,4,Lost,0.0
7189,38,3,4847.74,13,4.0,17.6,634.8,3,2,VIP,54.477399999999996
7190,201,2,1302.8000000000002,4,3.5,13.0,892.5,2,1,At Risk,17.028000000000002
7191,185,0,0.0,3,4.0,17.0,1503.0,0,4,Lost,0.0
7192,3,1,113.22,15,4.0,14.857142857142858,1009.7142857142857,4,3,New Customer,3.1322
7193,255,0,0.0,2,4.0,20.0,1334.0,1,4,Lost,0.0
7194,100,1,1193.87,1,4.0,21.0,785.0,1,3,New Customer,13.938699999999999
7195,112,1,2215.76,5,4.0,19.0,794.0,2,3,New Customer,24.157600000000002
7196,226,0,0.0,4,4.0,5.0,673.0,1,4,Lost,0.0
7197,178,0,0.0,4,4.0,5.0,833.0,2,4,Lost,0.0
7198,56,0,0.0,13,4.0,13.8,1082.2,3,0,Regular,0.0
7199,45,0,0.0,4,4.0,18.0,399.0,0,0,Regular,0.0
7200,32,0,0.0,5,4.0,3.5,385.5,0,0,Regular,0.0
7201,217,1,2397.48,5,4.0,13.0,643.5,2,1,At Risk,25.974800000000002
7202,100,1,2882.12,4,4.0,1.0,389.0,1,3,New Customer,30.821199999999997
7203,11,0,0.0,11,4.0,11.0,800.5,2,0,Regular,0.0
7204,4,1,694.69,3,4.0,13.5,1742.5,2,3,New Customer,8.9469
7206,39,0,0.0,1,4.0,7.0,1366.0,1,0,Regular,0.0
7207,220,0,0.0,11,4.0,13.333333333333334,1365.0,1,4,Lost,0.0
7208,6,0,0.0,8,4.0,7.0,1190.5,1,0,Regular,0.0
7209,3,1,656.09,5,4.333333333333333,9.333333333333334,818.3333333333334,2,3,New Customer,8.5609
7210,72,1,2370.42,15,4.2,11.6,685.6,2,3,New Customer,25.7042
7211,76,1,504.7,4,3.0,17.0,1569.0,2,3,New Customer,7.047
7212,25,0,0.0,14,4.0,8.5,759.5,4,0,Regular,0.0
7213,68,1,341.49,8,4.333333333333333,15.666666666666666,334.0,1,3,New Customer,5.4149
7214,1,1,1149.66,1,4.0,4.0,777.0,1,3,New Customer,13.4966
7215,73,2,2398.96,10,4.5,13.5,853.0,3,3,New Customer,27.9896
7216,200,2,3578.08,9,4.333333333333333,10.666666666666666,1030.0,3,1,At Risk,39.7808
7217,62,2,868.3799999999999,14,3.8,5.8,1152.2,5,3,New Customer,12.683799999999998
7218,218,1,704.41,3,4.0,2.0,12.0,1,1,At Risk,9.0441
7219,77,2,2253.31,10,4.25,12.0,1120.75,2,3,New Customer,26.5331
7220,3,0,0.0,8,4.0,9.75,1419.0,3,0,Regular,0.0
7221,192,0,0.0,1,4.0,24.0,827.0,0,4,Lost,0.0
7222,242,0,0.0,2,4.0,23.0,934.0,1,4,Lost,0.0
7223,221,0,0.0,5,4.0,9.5,743.5,1,4,Lost,0.0
7224,20,1,1369.68,13,4.25,8.25,810.75,3,3,New Customer,15.696800000000001
7225,69,2,6234.070000000001,8,3.0,15.0,679.3333333333334,2,2,VIP,66.3407
7226,156,2,1291.97,8,4.0,10.6,777.8,4,1,At Risk,16.9197
7227,17,2,851.82,17,4.0,14.333333333333334,920.5,3,3,New Customer,12.5182
7228,0,0,0.0,7,4.0,5.5,1007.0,0,0,Regular,0.0
7229,288,1,1683.48,3,2.0,17.0,769.0,1,1,At Risk,18.8348
7231,167,0,0.0,7,4.0,20.333333333333332,694.3333333333334,2,4,Lost,0.0
7232,103,1,2775.5,12,4.0,14.5,835.0,4,3,New Customer,29.755
7233,1,0,0.0,4,4.0,8.0,1246.0,1,0,Regular,0.0
7234,0,1,887.02,15,4.2,11.8,701.8,1,3,New Customer,10.8702
7235,67,1,1854.04,18,3.8333333333333335,10.166666666666666,1300.5,2,3,New Customer,20.540399999999998
7236,164,0,0.0,1,4.0,1.0,1011.0,1,4,Lost,0.0
7237,20,1,1308.62,11,4.0,3.4,955.2,4,3,New Customer,15.086199999999998
7238,73,0,0.0,10,4.0,19.0,974.3333333333334,2,0,Regular,0.0
7239,38,0,0.0,5,4.0,9.0,1077.5,1,0,Regular,0.0
7240,77,0,0.0,8,4.0,7.2,1190.8,4,0,Regular,0.0
7241,263,0,0.0,2,4.0,15.0,1521.0,1,4,Lost,0.0
7242,67,1,548.38,1,3.0,5.0,229.0,1,3,New Customer,7.4838
7243,94,0,0.0,2,4.0,12.0,1230.5,2,0,Regular,0.0
7244,85,0,0.0,3,4.0,24.0,648.0,1,0,Regular,0.0
7245,8,1,2460.21,7,4.0,10.5,1402.0,1,3,New Customer,26.6021
7246,122,1,441.9,5,4.333333333333333,5.333333333333333,363.0,3,3,New Customer,6.419
7247,122,0,0.0,8,4.0,14.333333333333334,1073.0,3,0,Regular,0.0
7248,79,1,4405.72,11,3.6666666666666665,9.666666666666666,371.0,2,2,VIP,46.0572
7249,104,3,5363.76,9,3.25,14.5,964.75,4,2,VIP,59.6376
7250,198,0,0.0,6,4.0,19.0,1008.0,1,4,Lost,0.0
7251,274,1,2513.42,5,3.0,9.0,875.5,2,1,At Risk,27.1342
7252,238,1,4129.66,8,4.333333333333333,16.333333333333332,788.3333333333334,2,1,At Risk,43.2966
7253,26,0,0.0,14,4.0,17.4,1064.8,3,0,Regular,0.0
7254,33,2,2755.36,8,3.75,14.75,773.5,3,3,New Customer,31.553600000000003
7256,177,0,0.0,3,4.0,17.0,470.0,0,4,Lost,0.0
7257,49,0,0.0,4,4.0,14.0,34.5,0,0,Regular,0.0
7258,293,0,0.0,8,4.0,7.666666666666667,1272.6666666666667,1,4,Lost,0.0
7259,12,2,4965.61,14,3.5,9.5,899.75,3,2,VIP,53.656099999999995
7261,84,1,2108.41,8,4.0,14.0,1200.5,2,3,New Customer,23.0841
7262,42,1,1115.22,5,4.0,12.0,1034.5,1,3,New Customer,13.1522
7263,55,1,6895.33,8,4.333333333333333,14.666666666666666,1199.3333333333333,1,2,VIP,70.9533
7264,2,0,0.0,7,4.0,9.0,814.6666666666666,2,0,Regular,0.0
7265,133,1,1361.34,7,4.0,2.5,1610.5,2,3,New Customer,15.613399999999999
7266,46,0,0.0,7,4.0,17.5,126.0,2,0,Regular,0.0
7267,90,0,0.0,7,4.0,8.0,1637.0,0,0,Regular,0.0
7268,338,0,0.0,1,4.0,18.0,1426.0,0,4,Lost,0.0
7269,102,1,886.36,15,4.0,15.2,1307.8,4,3,New Customer,10.8636
7270,211,0,0.0,7,4.0,14.0,885.6666666666666,1,4,Lost,0.0
7271,24,1,1086.28,8,4.2,14.6,1050.2,2,3,New Customer,12.8628
7272,62,2,1362.17,9,3.75,14.5,692.25,2,3,New Customer,17.6217
7273,158,0,0.0,4,4.0,4.0,1587.0,0,4,Lost,0.0
7274,35,1,2067.51,12,4.0,8.75,638.5,4,3,New Customer,22.6751
7275,41,1,2099.56,5,3.5,14.0,1127.5,1,3,New Customer,22.9956
7276,208,0,0.0,3,4.0,1.0,32.0,1,4,Lost,0.0
7278,59,0,0.0,2,4.0,14.0,1204.0,0,0,Regular,0.0
7279,208,0,0.0,3,4.0,24.0,1259.0,1,4,Lost,0.0
7280,77,1,1107.99,7,4.333333333333333,21.0,1479.6666666666667,2,3,New Customer,13.0799
7281,97,1,673.44,2,3.0,6.0,994.0,1,3,New Customer,8.7344
7282,19,2,536.6400000000001,11,3.6666666666666665,12.666666666666666,883.8333333333334,4,3,New Customer,9.366400000000002
7283,39,1,1032.07,15,3.8333333333333335,14.166666666666666,888.5,4,3,New Customer,12.320699999999999
7284,227,2,6763.8,9,4.0,9.666666666666666,681.0,3,2,VIP,71.638
7285,9,0,0.0,6,4.0,17.333333333333332,1065.3333333333333,1,0,Regular,0.0
7286,163,0,0.0,5,4.0,10.0,1087.5,2,4,Lost,0.0
7287,134,1,3499.77,6,4.0,11.0,650.5,2,1,At Risk,36.9977
7288,19,1,142.75,5,4.333333333333333,12.0,544.6666666666666,3,3,New Customer,3.4275
7289,23,0,0.0,4,4.0,10.5,422.5,1,0,Regular,0.0
7290,13,0,0.0,4,4.0,11.5,206.0,2,0,Regular,0.0
7291,100,0,0.0,5,4.0,11.0,585.0,0,0,Regular,0.0
7292,296,0,0.0,3,4.0,18.5,614.0,1,4,Lost,0.0
7293,67,2,3920.44,16,4.0,13.166666666666666,1073.0,3,2,VIP,43.2044
7294,37,0,0.0,9,4.0,14.666666666666666,461.0,3,0,Regular,0.0
7295,15,0,0.0,9,4.0,11.0,481.0,1,0,Regular,0.0
7296,32,1,2480.14,7,3.5,10.5,1519.0,2,3,New Customer,26.801399999999997
7297,52,2,2643.7799999999997,15,3.8333333333333335,8.5,270.1666666666667,4,3,New Customer,30.437799999999996
7298,77,1,1955.52,12,3.75,4.75,1008.5,2,3,New Customer,21.5552
7299,121,2,2160.71,11,3.5,12.5,869.5,4,3,New Customer,25.6071
7300,333,0,0.0,1,4.0,14.0,1521.0,0,4,Lost,0.0
7301,27,0,0.0,7,4.0,17.0,1730.5,1,0,Regular,0.0
7302,145,0,0.0,2,4.0,3.0,1421.0,0,0,Regular,0.0
7304,44,1,1715.31,9,4.333333333333333,7.0,1070.3333333333333,3,3,New Customer,19.1531
7305,129,0,0.0,12,4.0,7.0,302.5,3,0,Regular,0.0
7306,273,0,0.0,4,4.0,20.5,543.0,0,4,Lost,0.0
7307,193,0,0.0,5,4.0,2.5,533.5,1,4,Lost,0.0
7308,189,1,2919.4,6,4.5,16.0,869.0,2,1,At Risk,31.194000000000003
7310,60,1,1846.76,8,3.3333333333333335,9.666666666666666,866.3333333333334,2,3,New Customer,20.4676
7311,52,0,0.0,14,4.0,15.4,1226.4,2,0,Regular,0.0
7312,165,1,114.34,2,4.0,12.0,1503.0,1,1,At Risk,3.1433999999999997
7313,169,1,285.46,2,4.0,13.0,1087.5,2,1,At Risk,4.8546
7314,94,0,0.0,5,4.0,5.0,544.0,2,0,Regular,0.0
7315,222,1,2164.1,7,3.5,11.0,709.5,2,1,At Risk,23.641
7316,78,0,0.0,12,4.0,21.75,369.0,2,0,Regular,0.0
7317,14,1,400.06,14,4.0,12.0,1243.0,3,3,New Customer,6.0006
7318,17,0,0.0,21,4.0,16.5,488.1666666666667,4,0,Regular,0.0
7319,118,1,1382.92,5,4.0,7.0,1028.5,2,3,New Customer,15.8292
7320,92,0,0.0,7,4.0,15.0,677.0,2,0,Regular,0.0
7321,59,1,1906.02,8,4.0,7.666666666666667,1101.3333333333333,2,3,New Customer,21.0602
7322,193,1,3321.32,12,3.5,8.75,1227.0,3,1,At Risk,35.2132
7323,83,1,1806.66,8,3.3333333333333335,6.333333333333333,1029.6666666666667,2,3,New Customer,20.0666
7325,69,2,1155.9,9,3.3333333333333335,11.0,817.0,2,3,New Customer,15.559000000000001
7326,27,1,812.97,11,4.25,16.5,802.0,2,3,New Customer,10.1297
7327,142,2,2120.2,4,2.5,7.0,1131.5,2,1,At Risk,25.201999999999998
7328,106,0,0.0,10,4.0,13.0,1020.6666666666666,3,0,Regular,0.0
7329,33,0,0.0,6,4.0,13.0,772.0,2,0,Regular,0.0
7330,281,0,0.0,3,4.0,8.5,1250.0,0,4,Lost,0.0
7331,6,0,0.0,5,4.0,7.0,1322.5,2,0,Regular,0.0
7332,114,1,2636.98,10,4.0,12.6,610.2,2,3,New Customer,28.3698
7333,67,2,2795.84,5,4.666666666666667,18.0,505.0,2,3,New Customer,31.9584
7334,23,0,0.0,11,4.0,10.833333333333334,964.1666666666666,4,0,Regular,0.0
7335,29,0,0.0,9,4.0,12.75,1124.0,2,0,Regular,0.0
7336,6,1,1468.75,4,4.0,19.666666666666668,464.3333333333333,3,3,New Customer,16.6875
7337,79,0,0.0,4,4.0,16.0,1049.0,1,0,Regular,0.0
7338,19,0,0.0,1,4.0,23.0,1475.0,0,0,Regular,0.0
7339,255,1,7016.6,12,3.6666666666666665,17.333333333333332,593.3333333333334,2,2,VIP,72.166
7340,1,2,990.4300000000001,5,4.0,11.75,767.25,4,3,New Customer,13.904300000000001
7341,43,1,2565.0,11,3.75,13.75,859.25,2,3,New Customer,27.65
7342,66,0,0.0,12,4.0,9.2,963.8,1,0,Regular,0.0
7343,39,1,642.38,6,4.25,14.5,1331.5,3,3,New Customer,8.4238
7344,22,3,7873.650000000001,13,3.4,15.2,924.0,4,2,VIP,84.7365
7345,23,1,304.65,7,3.6666666666666665,12.666666666666666,1074.6666666666667,2,3,New Customer,5.0465
7346,21,1,5381.88,15,3.6666666666666665,14.5,737.1666666666666,3,2,VIP,55.8188
7347,236,0,0.0,4,4.0,23.0,988.0,1,4,Lost,0.0
7348,63,1,1475.24,9,3.5,15.0,1314.0,3,3,New Customer,16.7524
7349,31,1,1057.97,6,3.6666666666666665,14.666666666666666,783.3333333333334,1,3,New Customer,12.5797
7350,241,0,0.0,4,4.0,17.0,503.0,0,4,Lost,0.0
7351,3,1,2194.02,14,3.8,18.0,1029.8,3,3,New Customer,23.9402
7352,116,0,0.0,3,4.0,22.0,843.0,1,0,Regular,0.0
7353,121,1,502.51,3,5.0,5.0,772.0,1,3,New Customer,7.0251
7354,0,1,986.04,13,4.0,11.857142857142858,908.4285714285714,1,3,New Customer,11.8604
7355,4,0,0.0,6,4.0,15.0,1171.3333333333333,3,0,Regular,0.0
7356,84,1,5128.03,7,4.0,22.0,1525.0,2,2,VIP,53.2803
7357,320,0,0.0,6,4.0,13.5,604.5,1,4,Lost,0.0
7358,326,1,1741.08,6,4.5,14.5,952.0,1,1,At Risk,19.4108
7359,59,0,0.0,10,4.0,13.75,738.0,0,0,Regular,0.0
7360,12,2,4415.95,23,3.875,11.0,767.625,7,2,VIP,48.1595
7361,340,0,0.0,2,4.0,7.0,495.0,0,4,Lost,0.0
7362,164,0,0.0,4,4.0,11.0,843.0,1,4,Lost,0.0
7363,128,2,2149.41,13,3.25,12.5,318.0,4,3,New Customer,25.4941
7364,131,0,0.0,8,4.0,7.0,1379.6666666666667,1,0,Regular,0.0
7365,183,0,0.0,6,4.0,21.5,1252.0,1,4,Lost,0.0
7366,90,0,0.0,9,4.0,12.0,694.0,2,0,Regular,0.0
7367,2,1,3865.47,5,3.5,12.0,922.5,2,3,New Customer,40.6547
7368,176,0,0.0,1,4.0,9.0,577.0,1,4,Lost,0.0
7369,13,1,755.96,9,4.0,5.25,465.75,1,3,New Customer,9.5596
7370,192,0,0.0,4,4.0,16.5,429.5,1,4,Lost,0.0
7371,180,0,0.0,1,4.0,15.0,1441.0,1,4,Lost,0.0
7372,80,2,1536.66,11,4.0,18.0,736.3333333333334,2,3,New Customer,19.3666
7373,51,1,558.55,3,3.5,10.5,1018.0,2,3,New Customer,7.5855
7374,77,0,0.0,5,4.0,14.5,1303.5,1,0,Regular,0.0
7375,53,1,2955.24,3,4.0,13.5,448.0,2,3,New Customer,31.5524
7376,88,0,0.0,9,4.0,7.333333333333333,951.3333333333334,3,0,Regular,0.0
7377,178,1,1461.32,3,4.5,10.5,1313.5,2,1,At Risk,16.6132
7378,24,0,0.0,8,4.0,16.666666666666668,728.3333333333334,1,0,Regular,0.0
7379,228,0,0.0,8,4.0,12.333333333333334,1344.6666666666667,2,4,Lost,0.0
7380,60,0,0.0,11,4.0,14.5,991.75,1,0,Regular,0.0
7381,61,0,0.0,2,4.0,13.0,253.5,1,0,Regular,0.0
7382,104,0,0.0,7,4.0,18.333333333333332,647.0,2,0,Regular,0.0
7383,17,0,0.0,5,4.0,7.5,426.0,1,0,Regular,0.0
7384,93,1,5062.32,19,4.166666666666667,13.833333333333334,1232.3333333333333,4,2,VIP,52.6232
7385,33,1,3140.45,22,4.0,11.571428571428571,1078.142857142857,4,3,New Customer,33.4045
7386,190,0,0.0,2,4.0,6.0,106.0,0,4,Lost,0.0
7387,73,0,0.0,4,4.0,17.0,132.0,0,0,Regular,0.0
7388,14,1,4491.65,14,4.0,16.0,976.2,3,2,VIP,46.9165
7389,72,2,745.65,2,4.5,12.0,783.0,2,3,New Customer,11.4565
7390,213,1,688.74,11,3.75,13.5,991.0,3,1,At Risk,8.8874
7391,18,3,5199.73,10,3.75,15.0,959.25,3,2,VIP,57.997299999999996
7392,55,0,0.0,4,4.0,16.5,1397.0,1,0,Regular,0.0
7393,53,1,702.9,8,4.0,16.0,1117.6666666666667,2,3,New Customer,9.029
7394,174,0,0.0,7,4.0,9.5,809.0,0,4,Lost,0.0
7396,133,1,698.68,6,3.5,13.5,250.5,2,3,New Customer,8.986799999999999
7397,14,2,7561.35,19,4.0,7.5,1089.1666666666667,4,2,VIP,79.6135
7398,179,0,0.0,1,4.0,3.0,774.0,0,4,Lost,0.0
7399,178,0,0.0,6,4.0,8.5,510.5,1,4,Lost,0.0
7400,133,1,181.69,5,4.5,14.0,956.0,1,3,New Customer,3.8169
7401,3,1,3411.01,12,4.0,13.75,612.0,3,3,New Customer,36.1101
7402,58,1,5223.94,8,4.0,9.0,1205.6666666666667,2,2,VIP,54.239399999999996
7403,101,0,0.0,3,4.0,7.0,887.5,2,0,Regular,0.0
7404,36,0,0.0,10,4.0,17.5,763.25,1,0,Regular,0.0
7405,327,0,0.0,3,4.0,21.0,976.0,1,4,Lost,0.0
7406,54,0,0.0,3,4.0,23.0,1133.0,1,0,Regular,0.0
7407,14,0,0.0,4,4.0,20.5,806.0,1,0,Regular,0.0
7408,35,0,0.0,2,4.0,23.0,320.0,0,0,Regular,0.0
7409,339,0,0.0,4,4.0,21.0,541.0,1,4,Lost,0.0
7410,28,0,0.0,4,4.0,5.0,1041.5,2,0,Regular,0.0
7411,24,3,1281.23,16,4.166666666666667,14.333333333333334,1207.8333333333333,6,3,New Customer,18.8123
7412,49,1,662.09,6,4.0,12.333333333333334,1034.3333333333333,2,3,New Customer,8.6209
7414,113,0,0.0,3,4.0,1.0,263.0,1,0,Regular,0.0
7415,51,0,0.0,21,4.0,11.857142857142858,676.4285714285714,6,0,Regular,0.0
7416,195,0,0.0,4,4.0,4.0,345.0,0,4,Lost,0.0
7417,101,0,0.0,5,4.0,18.0,615.0,0,0,Regular,0.0
7418,117,1,1722.82,5,4.0,14.5,731.25,1,3,New Customer,19.2282
7419,272,0,0.0,3,4.0,24.0,419.0,1,4,Lost,0.0
7420,124,0,0.0,9,4.0,8.0,682.0,3,0,Regular,0.0
7421,147,0,0.0,5,4.0,14.333333333333334,1034.0,2,0,Regular,0.0
7422,65,0,0.0,4,4.0,19.5,732.5,1,0,Regular,0.0
7423,62,1,4441.77,15,4.0,15.333333333333334,1096.5,4,2,VIP,46.4177
7424,204,0,0.0,5,4.0,20.5,266.0,0,4,Lost,0.0
7425,268,0,0.0,2,4.0,9.0,1535.0,0,4,Lost,0.0
7426,180,0,0.0,8,4.0,19.666666666666668,1279.3333333333333,2,4,Lost,0.0
7427,15,0,0.0,11,4.0,11.333333333333334,943.6666666666666,0,0,Regular,0.0
7428,117,2,6649.44,10,3.6666666666666665,6.333333333333333,1079.0,2,2,VIP,70.4944
7429,58,1,476.52,17,3.5,15.333333333333334,857.5,6,3,New Customer,6.7652
7430,150,0,0.0,9,4.0,8.666666666666666,1536.6666666666667,0,0,Regular,0.0
7431,134,0,0.0,5,4.0,21.5,1123.5,2,0,Regular,0.0
7432,30,0,0.0,5,4.0,22.0,1131.0,1,0,Regular,0.0
7433,71,1,1120.5,6,3.75,11.75,667.25,3,3,New Customer,13.205
7434,112,1,706.11,8,4.333333333333333,15.666666666666666,559.3333333333334,2,3,New Customer,9.0611
7435,64,1,1355.17,5,3.3333333333333335,10.666666666666666,787.0,3,3,New Customer,15.5517
7436,73,1,3601.4,15,4.25,13.75,737.25,4,3,New Customer,38.014
7437,19,2,8666.23,7,3.5,5.5,390.5,2,2,VIP,90.6623
7438,331,0,0.0,2,4.0,9.0,417.0,0,4,Lost,0.0
7439,2,2,2552.0299999999997,15,4.333333333333333,13.333333333333334,1033.3333333333333,5,3,New Customer,29.5203
7440,33,0,0.0,9,4.0,8.333333333333334,834.0,2,0,Regular,0.0
7441,142,0,0.0,5,4.0,15.5,1407.0,1,0,Regular,0.0
7442,302,0,0.0,1,4.0,2.0,820.0,1,4,Lost,0.0
7443,202,0,0.0,4,4.0,15.0,986.0,1,4,Lost,0.0
7444,57,0,0.0,12,4.0,11.0,844.4,3,0,Regular,0.0
7445,29,0,0.0,10,4.0,10.0,1114.2,4,0,Regular,0.0
7446,36,0,0.0,5,4.0,20.5,1172.0,0,0,Regular,0.0
7447,78,0,0.0,8,4.0,10.666666666666666,407.6666666666667,2,0,Regular,0.0
7448,160,0,0.0,11,4.0,11.0,806.3333333333334,1,4,Lost,0.0
7449,14,0,0.0,10,4.0,15.0,747.75,2,0,Regular,0.0
7450,87,1,262.27,3,4.0,8.666666666666666,770.0,2,3,New Customer,4.6227
7451,0,0,0.0,19,4.0,9.571428571428571,798.5714285714286,5,0,Regular,0.0
7452,15,0,0.0,13,4.0,13.25,809.25,1,0,Regular,0.0
7453,13,0,0.0,6,4.0,9.5,1067.5,1,0,Regular,0.0
7454,118,1,2047.1,4,4.0,20.5,783.0,1,3,New Customer,22.471
7455,159,0,0.0,12,4.0,12.75,979.5,1,4,Lost,0.0
7456,0,0,0.0,7,4.0,11.25,1127.0,1,0,Regular,0.0
7457,32,1,2239.22,6,3.3333333333333335,16.0,529.3333333333334,3,3,New Customer,24.3922
7458,50,1,2266.28,10,3.3333333333333335,12.0,1445.3333333333333,2,3,New Customer,24.6628
7459,49,0,0.0,5,4.0,9.0,617.0,0,0,Regular,0.0
7460,23,0,0.0,6,4.0,14.333333333333334,810.3333333333334,1,0,Regular,0.0
7461,16,1,1605.58,9,4.25,11.5,1121.5,3,3,New Customer,18.055799999999998
7462,11,3,7983.16,19,4.0,11.166666666666666,1182.1666666666667,4,2,VIP,85.8316
7463,314,0,0.0,3,4.0,24.0,1207.0,0,4,Lost,0.0
7464,65,0,0.0,5,4.0,10.5,1066.5,0,0,Regular,0.0
7467,55,0,0.0,4,4.0,6.5,572.0,1,0,Regular,0.0
7468,111,1,3384.9,8,4.0,21.5,944.5,1,3,New Customer,35.849000000000004
7469,108,2,3936.37,4,3.5,13.5,913.0,2,2,VIP,43.3637
7470,105,0,0.0,4,4.0,5.0,1027.0,2,0,Regular,0.0
7471,77,0,0.0,1,4.0,13.0,1207.0,0,0,Regular,0.0
7472,74,1,2642.6,10,4.25,5.5,866.0,2,3,New Customer,28.426
7473,23,1,2575.76,16,4.0,12.6,1322.8,2,3,New Customer,27.757600000000004
7474,190,0,0.0,3,4.0,17.0,434.0,1,4,Lost,0.0
7475,91,0,0.0,10,4.0,9.0,593.3333333333334,1,0,Regular,0.0
7476,0,2,2583.14,26,4.25,14.5,923.0,4,3,New Customer,29.8314
7477,270,1,1125.6,7,3.5,14.0,888.0,1,1,At Risk,13.255999999999998
7478,161,0,0.0,10,4.0,15.8,692.0,1,4,Lost,0.0
7479,198,0,0.0,7,4.0,6.0,760.0,1,4,Lost,0.0
7480,239,0,0.0,5,4.0,22.5,834.5,2,4,Lost,0.0
7481,107,0,0.0,6,4.0,7.666666666666667,1385.3333333333333,2,0,Regular,0.0
7482,199,0,0.0,4,4.0,23.0,1649.0,0,4,Lost,0.0
7483,14,0,0.0,10,4.0,14.666666666666666,368.3333333333333,1,0,Regular,0.0
7484,124,0,0.0,9,4.0,8.0,512.6666666666666,1,0,Regular,0.0
7485,102,0,0.0,5,4.0,17.0,713.5,1,0,Regular,0.0
7487,66,0,0.0,3,4.0,7.5,1473.5,1,0,Regular,0.0
7488,99,0,0.0,6,4.0,12.0,559.5,0,0,Regular,0.0
7490,122,0,0.0,11,4.0,11.25,374.75,3,0,Regular,0.0
7491,37,2,2648.45,13,4.0,14.142857142857142,975.7142857142857,7,3,New Customer,30.484499999999997
7492,296,0,0.0,1,4.0,6.0,1145.0,0,4,Lost,0.0
7493,3,1,3287.17,16,4.0,5.666666666666667,819.1666666666666,3,3,New Customer,34.871700000000004
7494,29,2,6142.879999999999,7,4.25,9.0,363.5,3,2,VIP,65.4288
7495,94,1,1330.18,12,4.2,11.2,792.4,3,3,New Customer,15.3018
7496,100,1,3574.2,5,3.5,11.5,481.5,2,3,New Customer,37.742
7498,144,0,0.0,5,4.0,9.333333333333334,1462.6666666666667,2,0,Regular,0.0
7500,165,0,0.0,9,4.0,12.25,815.0,2,4,Lost,0.0
7501,50,0,0.0,4,4.0,10.0,1046.0,1,0,Regular,0.0
7502,63,0,0.0,12,4.0,10.6,475.2,5,0,Regular,0.0
7503,48,0,0.0,5,4.0,14.25,937.0,2,0,Regular,0.0
7504,78,0,0.0,9,4.0,6.333333333333333,451.0,2,0,Regular,0.0
7505,33,1,4091.46,12,4.0,10.6,623.6,5,3,New Customer,42.9146
7506,33,0,0.0,8,4.0,10.0,834.3333333333334,3,0,Regular,0.0
7507,37,1,5312.97,5,4.0,10.5,1276.5,1,2,VIP,55.1297
7508,145,3,4737.23,10,4.0,20.5,525.75,4,2,VIP,53.372299999999996
7509,29,1,5269.01,13,3.8,15.2,1404.2,2,2,VIP,54.6901
7510,22,1,782.25,4,4.333333333333333,6.0,1273.6666666666667,2,3,New Customer,9.8225
7511,90,0,0.0,9,4.0,10.75,756.25,3,0,Regular,0.0
7512,74,3,8996.67,9,4.0,4.6,1401.2,3,2,VIP,95.9667
7513,164,1,692.0,4,2.5,16.0,833.5,1,1,At Risk,8.92
7514,300,1,2801.16,7,4.0,14.5,698.5,1,1,At Risk,30.011599999999998
7515,11,1,862.74,8,4.0,13.333333333333334,948.3333333333334,3,3,New Customer,10.6274
7516,27,0,0.0,15,4.0,14.8,803.4,4,0,Regular,0.0
7517,4,3,6569.68,11,4.0,17.5,533.25,3,2,VIP,71.6968
7518,28,1,579.58,8,4.25,13.75,580.0,2,3,New Customer,7.795800000000001
7519,161,1,308.12,7,4.0,9.333333333333334,1336.0,3,1,At Risk,5.0812
7520,62,0,0.0,5,4.0,8.666666666666666,856.6666666666666,2,0,Regular,0.0
7521,115,0,0.0,7,4.0,12.5,1272.0,1,0,Regular,0.0
7522,94,2,8118.65,12,4.0,6.666666666666667,424.6666666666667,3,2,VIP,85.1865
7523,34,0,0.0,8,4.0,17.0,1074.0,1,0,Regular,0.0
7524,28,0,0.0,6,4.0,9.0,660.0,0,0,Regular,0.0
7525,4,1,2191.66,10,3.75,8.75,725.0,2,3,New Customer,23.9166
7526,74,2,1943.8799999999999,5,4.333333333333333,18.333333333333332,1255.3333333333333,3,3,New Customer,23.4388
7527,184,0,0.0,5,4.0,20.0,623.0,1,4,Lost,0.0
7529,23,0,0.0,8,4.0,8.666666666666666,547.0,2,0,Regular,0.0
7530,36,0,0.0,9,4.0,8.5,928.5,1,0,Regular,0.0
7531,92,0,0.0,5,4.0,15.0,1237.0,1,0,Regular,0.0
7532,80,0,0.0,10,4.0,6.5,1134.5,2,0,Regular,0.0
7533,49,1,2519.82,9,3.4,15.2,622.6,5,3,New Customer,27.1982
7534,33,0,0.0,6,4.0,7.0,1153.5,0,0,Regular,0.0
7535,159,0,0.0,8,4.0,9.0,894.3333333333334,3,4,Lost,0.0
7536,64,0,0.0,7,4.0,7.333333333333333,1137.3333333333333,1,0,Regular,0.0
7537,121,1,1045.2,6,4.0,10.0,547.0,2,3,New Customer,12.452
7538,80,1,2329.2,7,3.0,13.5,644.0,1,3,New Customer,25.291999999999998
7539,118,1,2625.16,5,4.0,13.5,720.0,2,3,New Customer,28.2516
7540,350,0,0.0,3,4.0,23.0,919.0,0,4,Lost,0.0
7541,40,0,0.0,7,4.0,9.0,1009.6666666666666,1,0,Regular,0.0
7542,18,4,6380.799999999999,17,3.7142857142857144,9.0,896.0,5,2,VIP,71.80799999999999
7543,26,1,780.36,9,4.0,18.2,1237.8,3,3,New Customer,9.8036
7544,172,2,4950.79,8,4.0,16.666666666666668,736.3333333333334,3,2,VIP,53.5079
7545,176,1,1232.38,6,3.3333333333333335,10.333333333333334,1079.3333333333333,2,1,At Risk,14.3238
7547,170,0,0.0,11,4.0,11.2,590.0,2,4,Lost,0.0
7548,39,1,1145.56,6,4.0,13.5,1489.0,2,3,New Customer,13.455599999999999
7549,56,3,7543.19,21,4.285714285714286,16.142857142857142,807.4285714285714,4,2,VIP,81.4319
7550,82,1,322.1,9,4.166666666666667,13.666666666666666,725.8333333333334,1,3,New Customer,5.221
7551,280,0,0.0,2,4.0,11.0,1427.0,1,4,Lost,0.0
7553,154,2,6591.74,6,3.5,4.5,1055.0,2,2,VIP,69.9174
7554,19,0,0.0,9,4.0,9.666666666666666,626.6666666666666,2,0,Regular,0.0
7555,65,2,4962.84,12,3.25,13.25,817.0,4,2,VIP,53.6284
7556,315,1,1330.44,2,4.0,19.0,1746.0,1,1,At Risk,15.304400000000001
7557,18,0,0.0,10,4.0,8.75,813.75,1,0,Regular,0.0
7558,124,1,472.02,13,3.8,12.4,828.0,3,3,New Customer,6.7202
7559,268,0,0.0,4,4.0,2.0,1265.0,1,4,Lost,0.0
7560,27,0,0.0,4,4.0,6.0,1024.5,0,0,Regular,0.0
7561,204,1,1058.06,4,4.0,7.0,985.0,1,1,At Risk,12.580599999999999
7562,150,1,3365.24,12,4.25,12.0,653.0,2,1,At Risk,35.6524
7563,17,0,0.0,4,4.0,17.5,700.5,2,0,Regular,0.0
7564,66,2,1842.81,9,4.0,12.25,785.0,4,3,New Customer,22.4281
7565,142,0,0.0,6,4.0,8.666666666666666,770.3333333333334,0,0,Regular,0.0
7566,32,0,0.0,12,4.0,16.25,1368.0,2,0,Regular,0.0
7567,75,1,2793.26,10,4.0,12.75,1305.25,3,3,New Customer,29.9326
7568,144,2,2816.3599999999997,7,3.5,17.5,812.0,2,1,At Risk,32.163599999999995
7569,64,1,79.11,2,3.0,14.0,1052.0,2,3,New Customer,2.7911
7570,247,0,0.0,6,4.0,10.333333333333334,626.3333333333334,2,4,Lost,0.0
7571,67,1,228.42,9,3.8,10.4,1269.2,2,3,New Customer,4.2842
7572,280,1,520.47,5,2.5,14.0,531.0,2,1,At Risk,7.2047
7573,5,0,0.0,8,4.0,8.5,832.25,2,0,Regular,0.0
7574,123,2,12451.970000000001,13,3.25,12.25,1380.5,3,2,VIP,128.5197
7575,259,0,0.0,3,4.0,7.0,1506.0,1,4,Lost,0.0
7576,47,1,3417.58,9,4.0,14.666666666666666,914.0,3,3,New Customer,36.1758
7577,134,0,0.0,8,4.0,13.0,772.0,1,0,Regular,0.0
7578,60,1,4041.07,7,4.0,14.0,471.5,1,3,New Customer,42.4107
7579,338,0,0.0,5,4.0,10.333333333333334,1037.3333333333333,2,4,Lost,0.0
7580,183,1,958.78,13,4.25,12.5,918.25,3,1,At Risk,11.5878
7581,164,1,1665.69,8,3.3333333333333335,12.666666666666666,649.0,1,1,At Risk,18.6569
7583,46,0,0.0,7,4.0,15.333333333333334,710.0,2,0,Regular,0.0
7584,61,0,0.0,10,4.0,14.75,623.75,3,0,Regular,0.0
7585,292,0,0.0,1,4.0,18.0,1151.0,1,4,Lost,0.0
7588,41,1,1161.13,8,4.0,17.666666666666668,895.0,2,3,New Customer,13.611300000000002
7590,1,0,0.0,12,4.0,9.0,656.4,5,0,Regular,0.0
7591,41,1,637.2,9,4.0,13.333333333333334,1336.0,3,3,New Customer,8.372
7592,118,0,0.0,3,4.0,8.0,772.0,1,0,Regular,0.0
7593,311,0,0.0,4,4.0,17.0,1421.0,0,4,Lost,0.0
7594,335,0,0.0,3,4.0,17.0,1680.0,0,4,Lost,0.0
7596,183,0,0.0,11,4.0,11.75,623.5,2,4,Lost,0.0
7597,252,0,0.0,3,4.0,19.5,1189.0,1,4,Lost,0.0
7598,296,0,0.0,4,4.0,12.0,171.0,0,4,Lost,0.0
7599,15,1,615.53,7,4.25,15.5,785.0,2,3,New Customer,8.1553
7600,5,3,6181.150000000001,18,4.25,14.5,826.125,7,2,VIP,67.8115
7601,41,2,1641.98,9,4.5,17.0,1062.5,3,3,New Customer,20.4198
7602,314,0,0.0,2,4.0,11.0,117.0,1,4,Lost,0.0
7603,59,2,6031.84,10,4.0,8.5,686.75,3,2,VIP,64.3184
7604,148,2,9822.45,9,3.0,6.666666666666667,1460.0,2,2,VIP,102.2245
7605,98,0,0.0,1,4.0,16.0,39.0,1,0,Regular,0.0
7606,95,1,687.39,13,4.0,12.75,877.75,3,3,New Customer,8.873899999999999
7607,364,0,0.0,2,4.0,23.0,1289.0,0,4,Lost,0.0
7608,112,1,742.16,8,4.333333333333333,12.666666666666666,729.0,3,3,New Customer,9.4216
7609,61,3,9031.48,9,3.0,12.0,1209.25,3,2,VIP,96.31479999999999
7610,143,0,0.0,2,4.0,13.0,967.0,0,0,Regular,0.0
7611,19,2,4121.42,20,4.333333333333333,11.833333333333334,1054.3333333333333,5,2,VIP,45.2142
7612,167,1,1057.77,11,4.333333333333333,16.0,883.6666666666666,2,1,At Risk,12.5777
7613,116,0,0.0,11,4.0,8.0,706.6,2,0,Regular,0.0
7614,41,0,0.0,4,4.0,15.5,858.5,2,0,Regular,0.0
7615,7,1,3786.18,13,4.0,15.4,844.2,3,3,New Customer,39.861799999999995
7616,3,1,1242.19,7,4.5,6.0,1292.0,1,3,New Customer,14.4219
7617,273,0,0.0,6,4.0,14.0,749.5,1,4,Lost,0.0
7618,35,2,4994.63,11,3.8,12.2,647.2,4,2,VIP,53.9463
7619,63,0,0.0,4,4.0,19.5,1283.5,1,0,Regular,0.0
7620,319,0,0.0,2,4.0,16.0,1782.0,1,4,Lost,0.0
7621,44,0,0.0,6,4.0,13.0,391.3333333333333,0,0,Regular,0.0
7622,5,0,0.0,11,4.0,12.0,797.5,2,0,Regular,0.0
7623,165,2,3319.14,10,3.8,18.6,1101.0,5,1,At Risk,37.1914
7624,262,1,1017.49,1,5.0,14.0,1123.0,1,1,At Risk,12.174900000000001
7625,54,0,0.0,4,4.0,10.0,821.5,2,0,Regular,0.0
7626,204,0,0.0,4,4.0,3.0,1034.0,1,4,Lost,0.0
7627,38,0,0.0,3,4.0,4.0,424.0,0,0,Regular,0.0
7628,46,1,2560.16,5,4.0,12.5,948.5,2,3,New Customer,27.601599999999998
7629,28,2,3148.19,11,4.2,9.4,855.4,3,2,VIP,35.481899999999996
7630,170,0,0.0,4,4.0,16.0,166.0,1,4,Lost,0.0
7631,167,1,3397.02,10,4.0,16.666666666666668,802.3333333333334,1,1,At Risk,35.9702
7632,162,0,0.0,10,4.0,12.75,789.0,3,4,Lost,0.0
7633,1,2,3881.13,9,3.6666666666666665,12.333333333333334,634.3333333333334,3,2,VIP,42.8113
7634,207,1,832.37,5,4.0,10.5,676.0,1,1,At Risk,10.3237
7635,47,0,0.0,8,4.0,8.333333333333334,706.0,3,0,Regular,0.0
7636,167,0,0.0,9,4.0,14.5,1268.75,3,4,Lost,0.0
7637,196,1,1274.51,9,3.25,16.25,615.25,2,1,At Risk,14.7451
7639,27,2,5717.47,16,3.8333333333333335,9.666666666666666,1089.5,4,2,VIP,61.1747
7640,324,0,0.0,2,4.0,17.0,864.0,0,4,Lost,0.0
7641,25,0,0.0,4,4.0,9.5,1389.5,2,0,Regular,0.0
7642,187,0,0.0,4,4.0,6.0,1657.0,0,4,Lost,0.0
7643,186,0,0.0,4,4.0,16.5,908.5,2,4,Lost,0.0
7644,30,0,0.0,5,4.0,22.5,666.0,1,0,Regular,0.0
7645,143,0,0.0,5,4.0,12.333333333333334,1039.6666666666667,1,0,Regular,0.0
7646,77,1,4060.86,10,4.25,14.0,1155.25,1,3,New Customer,42.6086
7647,82,0,0.0,2,4.0,13.0,1403.0,1,0,Regular,0.0
7648,63,0,0.0,7,4.0,17.333333333333332,592.0,1,0,Regular,0.0
7650,49,2,3484.2299999999996,19,3.7142857142857144,13.571428571428571,836.8571428571429,4,2,VIP,38.842299999999994
7651,10,0,0.0,6,4.0,11.0,1024.0,2,0,Regular,0.0
7652,17,1,5412.63,14,3.8333333333333335,10.333333333333334,975.3333333333334,2,2,VIP,56.1263
7654,7,1,1900.16,9,3.6666666666666665,9.333333333333334,937.0,2,3,New Customer,21.0016
7655,14,1,1386.23,5,4.0,2.3333333333333335,304.0,3,3,New Customer,15.8623
7656,315,0,0.0,1,4.0,11.0,1372.0,0,4,Lost,0.0
7657,84,2,2204.82,18,3.857142857142857,7.0,899.2857142857143,3,3,New Customer,26.0482
7658,29,2,5916.89,22,4.0,13.4,865.2,3,2,VIP,63.1689
7660,58,0,0.0,3,4.0,20.0,676.5,2,0,Regular,0.0
7661,217,1,2009.44,4,4.0,4.0,145.0,1,1,At Risk,22.0944
7662,119,1,932.44,16,4.166666666666667,13.666666666666666,1142.8333333333333,6,3,New Customer,11.3244
7663,3,0,0.0,4,4.0,8.5,1371.0,2,0,Regular,0.0
7664,352,0,0.0,4,4.0,14.0,152.0,0,4,Lost,0.0
7665,252,0,0.0,3,4.0,2.0,910.0,1,4,Lost,0.0
7666,250,0,0.0,1,4.0,13.0,772.0,1,4,Lost,0.0
7667,322,0,0.0,3,4.0,24.0,1440.0,1,4,Lost,0.0
7668,323,0,0.0,1,4.0,24.0,961.0,0,4,Lost,0.0
7669,66,1,1699.0,1,4.0,14.0,73.0,1,3,New Customer,18.99
7670,135,0,0.0,1,4.0,24.0,1670.0,1,0,Regular,0.0
7671,9,0,0.0,6,4.0,9.333333333333334,785.0,3,0,Regular,0.0
7672,359,0,0.0,1,4.0,1.0,1716.0,1,4,Lost,0.0
7673,38,0,0.0,11,4.0,18.25,1290.5,2,0,Regular,0.0
7674,67,0,0.0,5,4.0,15.666666666666666,987.3333333333334,2,0,Regular,0.0
7675,82,0,0.0,10,4.0,11.333333333333334,328.6666666666667,3,0,Regular,0.0
7676,94,1,1237.41,8,3.3333333333333335,8.666666666666666,1107.6666666666667,2,3,New Customer,14.3741
7677,44,0,0.0,1,4.0,12.0,379.0,1,0,Regular,0.0
7678,20,2,2588.72,4,3.0,10.5,1641.0,2,3,New Customer,29.887199999999996
7679,230,0,0.0,1,4.0,2.0,1349.0,1,4,Lost,0.0
7680,16,1,3438.16,6,4.0,15.333333333333334,1194.3333333333333,3,3,New Customer,36.3816
7681,204,0,0.0,6,4.0,16.0,1376.5,0,4,Lost,0.0
7682,23,2,3235.21,14,3.8,11.0,843.4,4,2,VIP,36.3521
7683,201,0,0.0,2,4.0,4.0,1696.0,1,4,Lost,0.0
7684,66,0,0.0,4,4.0,19.5,1393.0,2,0,Regular,0.0
7685,69,1,1211.11,18,4.166666666666667,10.5,639.8333333333334,5,3,New Customer,14.111099999999999
7686,77,0,0.0,1,4.0,16.0,192.0,0,0,Regular,0.0
7687,30,1,2343.88,7,4.25,6.25,514.75,4,3,New Customer,25.4388
7688,71,0,0.0,3,4.0,16.0,789.5,2,0,Regular,0.0
7689,102,1,1063.08,8,4.5,7.0,1617.0,2,3,New Customer,12.630799999999999
7690,269,0,0.0,5,4.0,21.0,1247.5,0,4,Lost,0.0
7691,308,0,0.0,7,4.0,11.0,726.0,1,4,Lost,0.0
7692,187,0,0.0,5,4.0,7.0,1034.5,1,4,Lost,0.0
7693,68,0,0.0,5,4.0,12.333333333333334,1166.6666666666667,2,0,Regular,0.0
7694,189,0,0.0,8,4.0,4.0,328.3333333333333,2,4,Lost,0.0
7695,151,1,2888.34,4,5.0,4.0,1003.0,1,1,At Risk,30.8834
7696,27,2,3199.42,10,3.75,9.5,1273.5,4,2,VIP,35.9942
7697,118,1,4039.74,5,3.0,18.5,607.5,2,3,New Customer,42.3974
7698,27,0,0.0,17,4.0,10.5,1089.5,5,0,Regular,0.0
7699,3,1,1435.14,7,3.0,12.333333333333334,1017.3333333333334,3,3,New Customer,16.3514
7700,78,0,0.0,5,4.0,13.25,723.25,2,0,Regular,0.0
7701,1,3,6087.040000000001,11,4.25,5.75,791.25,3,2,VIP,66.87040000000002
7702,132,0,0.0,7,4.0,7.666666666666667,1139.0,0,0,Regular,0.0
7703,1,0,0.0,6,4.0,11.333333333333334,906.0,1,0,Regular,0.0
7704,12,0,0.0,2,4.0,21.0,1541.0,0,0,Regular,0.0
7705,68,1,854.89,5,4.0,8.0,1676.0,1,3,New Customer,10.5489
7706,133,1,481.13,6,4.0,10.666666666666666,945.6666666666666,3,3,New Customer,6.8113
7707,64,0,0.0,3,4.0,3.0,1206.0,1,0,Regular,0.0
7708,134,0,0.0,9,4.0,10.333333333333334,597.3333333333334,3,0,Regular,0.0
7709,26,0,0.0,4,4.0,18.5,724.75,3,0,Regular,0.0
7710,1,1,1412.22,7,3.8,9.4,898.6,3,3,New Customer,16.1222
7711,147,2,3607.44,9,3.75,8.5,1304.5,3,2,VIP,40.0744
7712,49,1,1781.16,14,3.4,11.0,654.4,4,3,New Customer,19.811600000000002
7713,73,0,0.0,6,4.0,10.0,552.6666666666666,1,0,Regular,0.0
7714,99,2,7014.92,16,3.8333333333333335,13.0,764.1666666666666,4,2,VIP,74.14920000000001
7715,116,2,3705.77,18,4.166666666666667,11.333333333333334,1085.3333333333333,5,2,VIP,41.0577
7716,50,0,0.0,7,4.0,12.333333333333334,660.0,0,0,Regular,0.0
7718,238,0,0.0,3,4.0,14.0,819.5,1,4,Lost,0.0
7719,11,3,2515.23,17,3.875,10.625,633.125,6,2,VIP,31.1523
7720,113,0,0.0,6,4.0,16.5,1299.5,0,0,Regular,0.0
7722,21,0,0.0,13,4.0,13.0,808.25,2,0,Regular,0.0
7723,71,0,0.0,5,4.0,12.0,996.5,0,0,Regular,0.0
7724,16,2,1876.5400000000002,13,4.4,12.4,857.4,4,3,New Customer,22.765400000000003
7725,17,1,4667.68,4,5.0,10.0,205.0,1,2,VIP,48.6768
7726,275,1,4252.35,4,3.5,11.5,959.5,2,1,At Risk,44.523500000000006
7727,55,1,277.07,11,4.25,15.25,1209.5,2,3,New Customer,4.7707
7728,187,0,0.0,6,4.0,14.0,1637.0,1,4,Lost,0.0
7729,51,1,936.15,3,2.5,14.5,973.0,1,3,New Customer,11.3615
7730,254,0,0.0,2,4.0,13.0,261.0,0,4,Lost,0.0
7731,22,1,3664.64,11,3.75,16.75,450.75,3,3,New Customer,38.6464
7732,137,0,0.0,7,4.0,14.5,1550.0,2,0,Regular,0.0
7733,1,0,0.0,6,4.0,15.25,974.0,2,0,Regular,0.0
7734,170,1,4079.31,3,4.0,12.0,539.0,1,1,At Risk,42.7931
7735,64,0,0.0,5,4.0,14.333333333333334,1094.6666666666667,1,0,Regular,0.0
7736,103,2,3416.85,11,3.25,15.75,1300.5,4,2,VIP,38.1685
7737,78,1,347.17,8,3.75,17.25,568.75,3,3,New Customer,5.4717
7738,73,0,0.0,15,4.0,13.0,859.2,5,0,Regular,0.0
7739,163,0,0.0,7,4.0,20.0,913.5,1,4,Lost,0.0
7740,141,1,3216.07,6,3.5,13.5,881.5,2,1,At Risk,34.1607
7741,271,2,4098.42,7,2.3333333333333335,17.333333333333332,402.6666666666667,2,1,At Risk,44.9842
7742,140,0,0.0,2,4.0,17.0,1423.5,1,0,Regular,0.0
7743,98,0,0.0,3,4.0,2.5,1150.5,1,0,Regular,0.0
7744,2,4,11728.23,14,3.6,14.2,1026.0,5,2,VIP,125.28229999999999
7745,60,0,0.0,13,4.0,11.0,1012.4,2,0,Regular,0.0
7746,74,0,0.0,8,4.0,13.5,1317.5,2,0,Regular,0.0
7747,1,0,0.0,2,4.0,14.0,590.0,1,0,Regular,0.0
7748,359,0,0.0,1,4.0,6.0,1544.0,1,4,Lost,0.0
7749,32,0,0.0,9,4.0,13.0,959.75,4,0,Regular,0.0
7750,40,0,0.0,11,4.0,13.25,1437.5,2,0,Regular,0.0
7751,1,1,4220.6,12,4.0,15.0,1516.6666666666667,3,3,New Customer,44.206
7752,51,0,0.0,5,4.0,12.0,1606.5,2,0,Regular,0.0
7753,232,1,242.85,3,5.0,15.0,674.0,1,1,At Risk,4.4285
7754,51,0,0.0,4,4.0,16.0,993.0,1,0,Regular,0.0
7755,15,2,899.0699999999999,10,3.8,13.0,417.8,3,3,New Customer,12.990699999999999
7756,24,1,381.48,10,4.0,10.333333333333334,781.5,3,3,New Customer,5.8148
7757,9,0,0.0,10,4.0,10.666666666666666,710.3333333333334,2,0,Regular,0.0
7758,209,0,0.0,4,4.0,14.0,1674.5,0,4,Lost,0.0
7759,48,2,9361.09,10,4.0,10.666666666666666,753.0,2,2,VIP,97.6109
7760,212,0,0.0,8,4.0,14.25,765.25,2,4,Lost,0.0
7761,89,1,2510.24,15,4.0,13.333333333333334,1319.1666666666667,2,3,New Customer,27.1024
7762,109,1,3646.88,10,3.75,10.5,465.75,3,3,New Customer,38.4688
7763,101,0,0.0,9,4.0,20.333333333333332,172.33333333333334,2,0,Regular,0.0
7764,215,0,0.0,3,4.0,12.5,752.5,0,4,Lost,0.0
7765,22,1,2573.94,4,4.5,16.0,671.0,2,3,New Customer,27.7394
7766,0,1,6717.64,11,3.75,17.0,732.5,3,2,VIP,69.1764
7767,305,1,1987.18,2,3.0,19.0,1785.0,1,1,At Risk,21.8718
7768,4,1,2382.05,8,3.0,9.0,1514.3333333333333,1,3,New Customer,25.820500000000003
7769,270,0,0.0,4,4.0,3.0,741.0,1,4,Lost,0.0
7770,291,0,0.0,7,4.0,5.5,1119.5,1,4,Lost,0.0
7771,33,0,0.0,13,4.0,15.75,577.0,2,0,Regular,0.0
7772,64,1,190.58,4,4.0,11.0,440.5,1,3,New Customer,3.9058
7773,50,1,1278.8,6,3.5,7.5,992.0,1,3,New Customer,14.788
7774,285,1,256.13,1,4.0,24.0,544.0,1,1,At Risk,4.5613
7775,110,0,0.0,9,4.0,14.333333333333334,674.0,0,0,Regular,0.0
7776,26,2,2097.81,9,4.2,13.0,619.4,3,3,New Customer,24.978099999999998
7777,84,2,1812.9,18,3.625,15.125,915.875,8,3,New Customer,22.129
7778,312,1,2742.1,2,2.0,6.0,921.0,1,1,At Risk,29.421
7779,101,0,0.0,11,4.0,6.0,931.5,1,0,Regular,0.0
7780,182,0,0.0,6,4.0,15.0,974.0,3,4,Lost,0.0
7781,20,1,3366.72,6,4.5,14.0,483.0,1,3,New Customer,35.6672
7782,142,0,0.0,4,4.0,15.5,980.0,2,0,Regular,0.0
7783,130,0,0.0,3,4.0,13.0,754.0,1,0,Regular,0.0
7784,174,0,0.0,2,4.0,16.0,1113.0,1,4,Lost,0.0
7786,41,0,0.0,8,4.0,17.0,964.0,1,0,Regular,0.0
7787,21,3,5321.52,6,2.3333333333333335,9.666666666666666,1160.0,3,2,VIP,59.2152
7788,310,0,0.0,3,4.0,17.5,562.5,2,4,Lost,0.0
7789,60,1,3516.52,9,4.0,13.333333333333334,1229.6666666666667,2,3,New Customer,37.1652
7790,149,1,1823.39,14,4.2,8.0,685.2,3,1,At Risk,20.233900000000002
7791,334,0,0.0,3,4.0,7.0,1513.0,0,4,Lost,0.0
7792,7,0,0.0,6,4.0,13.5,756.5,1,0,Regular,0.0
7793,275,0,0.0,2,4.0,9.0,1124.0,1,4,Lost,0.0
7794,79,0,0.0,8,4.0,12.75,1063.75,1,0,Regular,0.0
7795,164,1,754.06,3,4.0,17.0,914.0,1,1,At Risk,9.5406
7796,0,1,2433.42,9,4.333333333333333,12.333333333333334,1065.6666666666667,2,3,New Customer,26.3342
7797,8,1,3118.0,9,3.6666666666666665,11.0,1237.6666666666667,2,3,New Customer,33.18
7799,323,1,4404.24,8,3.5,17.0,521.5,2,1,At Risk,46.0424
7800,23,1,2582.55,8,4.333333333333333,11.666666666666666,690.6666666666666,2,3,New Customer,27.8255
7801,131,1,3719.24,6,3.5,17.5,657.5,2,1,At Risk,39.1924
7802,3,1,102.31,7,4.333333333333333,9.333333333333334,849.0,2,3,New Customer,3.0231000000000003
7803,19,0,0.0,3,4.0,2.5,847.0,2,0,Regular,0.0
7804,194,1,3025.68,6,4.333333333333333,10.333333333333334,1426.0,1,1,At Risk,32.2568
7805,58,1,4663.52,11,4.0,10.5,845.5,5,2,VIP,48.635200000000005
7806,64,0,0.0,7,4.0,22.0,115.0,0,0,Regular,0.0
7807,1,3,2204.38,12,3.75,10.125,750.0,4,2,VIP,28.0438
7808,262,0,0.0,4,4.0,21.5,1256.0,1,4,Lost,0.0
7809,76,0,0.0,7,4.0,16.25,1127.0,3,0,Regular,0.0
7810,139,0,0.0,10,4.0,6.333333333333333,1519.0,0,0,Regular,0.0
7811,23,2,2831.05,32,4.090909090909091,14.181818181818182,881.8181818181819,9,3,New Customer,32.310500000000005
7812,178,1,1076.07,8,4.333333333333333,7.0,1349.6666666666667,2,1,At Risk,12.7607
7813,254,0,0.0,2,4.0,9.5,908.0,1,4,Lost,0.0
7815,212,0,0.0,7,4.0,9.666666666666666,907.3333333333334,1,4,Lost,0.0
7816,107,0,0.0,6,4.0,11.5,328.5,2,0,Regular,0.0
7817,97,1,598.42,4,4.5,6.5,1212.0,2,3,New Customer,7.9841999999999995
7818,163,0,0.0,9,4.0,11.0,1340.3333333333333,1,4,Lost,0.0
7819,137,1,433.68,4,4.0,8.5,996.0,1,3,New Customer,6.3368
7820,104,0,0.0,4,4.0,15.0,1156.5,2,0,Regular,0.0
7821,115,0,0.0,7,4.0,12.333333333333334,455.3333333333333,3,0,Regular,0.0
7822,100,0,0.0,11,4.0,10.25,773.5,3,0,Regular,0.0
7823,172,2,1525.49,14,4.4,10.6,932.2,4,1,At Risk,19.2549
7824,29,0,0.0,9,4.0,14.666666666666666,527.0,1,0,Regular,0.0
7825,4,0,0.0,8,4.0,12.0,1410.0,0,0,Regular,0.0
7826,116,0,0.0,10,4.0,11.0,1475.0,2,0,Regular,0.0
7827,29,1,511.66,4,4.0,8.0,1286.0,2,3,New Customer,7.1166
7829,188,0,0.0,7,4.0,8.5,721.5,1,4,Lost,0.0
7830,70,1,1536.27,4,2.5,12.5,1010.0,1,3,New Customer,17.3627
7831,349,1,7463.4,4,5.0,8.0,695.0,1,1,At Risk,76.634
7832,125,1,608.66,2,4.0,13.0,711.0,2,3,New Customer,8.0866
7833,190,1,5630.64,8,4.0,11.25,906.5,3,2,VIP,58.306400000000004
7834,151,2,4587.71,8,3.3333333333333335,11.666666666666666,1348.0,3,2,VIP,49.8771
7836,50,2,1008.52,12,3.8333333333333335,13.5,1003.8333333333334,5,3,New Customer,14.0852
7838,51,0,0.0,13,4.0,12.6,575.2,4,0,Regular,0.0
7839,20,3,7898.07,13,3.8,13.8,757.0,5,2,VIP,84.9807
7841,0,1,1789.42,14,3.6,15.0,741.4,3,3,New Customer,19.8942
7842,37,2,2210.49,13,3.8,15.2,534.0,4,3,New Customer,26.104899999999997
7843,140,1,210.0,3,3.5,11.0,1318.0,1,1,At Risk,4.1
7844,77,0,0.0,8,4.0,15.333333333333334,485.3333333333333,2,0,Regular,0.0
7845,141,0,0.0,8,4.0,16.0,1479.6666666666667,2,0,Regular,0.0
7846,43,1,678.63,9,3.6666666666666665,18.666666666666668,423.6666666666667,3,3,New Customer,8.7863
7847,72,1,1277.49,7,3.5,13.5,1216.0,1,3,New Customer,14.7749
7848,28,0,0.0,4,4.0,20.5,628.5,1,0,Regular,0.0
7849,107,0,0.0,2,4.0,7.5,1425.5,0,0,Regular,0.0
7850,138,2,6450.37,7,4.0,10.0,797.0,2,2,VIP,68.5037
7851,341,0,0.0,4,4.0,5.0,1564.0,0,4,Lost,0.0
7852,25,2,2348.2799999999997,12,4.0,15.25,649.5,4,3,New Customer,27.482799999999997
7853,11,1,1625.18,2,3.0,1.0,1447.0,1,3,New Customer,18.2518
7855,62,0,0.0,9,4.0,18.0,1349.0,2,0,Regular,0.0
7856,0,1,531.08,5,4.0,8.0,1016.3333333333334,2,3,New Customer,7.3108
7857,0,1,1434.34,7,4.0,14.666666666666666,1014.6666666666666,3,3,New Customer,16.3434
7858,70,1,642.33,5,4.333333333333333,12.0,650.6666666666666,1,3,New Customer,8.423300000000001
7859,90,2,1731.69,5,4.0,16.666666666666668,973.6666666666666,3,3,New Customer,21.3169
7860,15,0,0.0,7,4.0,16.666666666666668,1190.0,0,0,Regular,0.0
7861,76,0,0.0,3,4.0,17.5,1364.5,0,0,Regular,0.0
7862,35,1,2408.32,8,4.333333333333333,12.666666666666666,998.0,1,3,New Customer,26.0832
7863,110,0,0.0,9,4.0,13.75,1421.25,2,0,Regular,0.0
7864,44,0,0.0,4,4.0,8.666666666666666,634.6666666666666,3,0,Regular,0.0
7865,60,1,1860.9,8,4.0,16.0,601.0,2,3,New Customer,20.609
7866,54,0,0.0,15,4.0,8.714285714285714,1087.4285714285713,5,0,Regular,0.0
7867,11,3,7183.530000000001,20,4.25,9.125,795.75,6,2,VIP,77.8353
7868,130,1,1576.94,8,3.6666666666666665,7.333333333333333,728.0,2,3,New Customer,17.7694
7869,6,1,3178.95,10,4.0,8.2,1112.8,2,3,New Customer,33.7895
7870,89,1,2994.15,11,4.333333333333333,8.0,1108.6666666666667,3,3,New Customer,31.9415
7871,20,1,567.78,6,4.333333333333333,18.0,998.3333333333334,3,3,New Customer,7.6777999999999995
7872,59,0,0.0,5,4.0,4.0,267.5,2,0,Regular,0.0
7873,80,0,0.0,12,4.0,11.8,1279.0,2,0,Regular,0.0
7874,76,2,6848.200000000001,10,3.75,11.75,1186.75,4,2,VIP,72.48200000000001
7875,20,1,754.02,10,4.25,15.5,987.75,1,3,New Customer,9.540199999999999
7876,71,0,0.0,4,4.0,7.0,1433.0,1,0,Regular,0.0
7877,40,1,1653.03,12,4.2,10.2,890.4,4,3,New Customer,18.5303
7878,285,1,4759.17,3,5.0,5.0,86.0,1,1,At Risk,49.5917
7879,296,0,0.0,2,4.0,18.0,1429.0,0,4,Lost,0.0
7881,192,2,4655.64,9,3.5,11.25,1246.25,4,2,VIP,50.556400000000004
7882,15,3,10689.26,19,3.5714285714285716,14.428571428571429,678.1428571428571,4,2,VIP,112.8926
7883,201,0,0.0,2,4.0,9.0,1255.0,0,4,Lost,0.0
7884,21,0,0.0,13,4.0,10.6,717.2,1,0,Regular,0.0
7885,52,0,0.0,5,4.0,11.5,875.5,0,0,Regular,0.0
7887,1,1,438.16,11,3.8,15.2,647.2,3,3,New Customer,6.381600000000001
7888,3,0,0.0,5,4.0,13.0,635.0,2,0,Regular,0.0
7889,2,0,0.0,3,4.0,8.0,1265.5,0,0,Regular,0.0
7890,164,0,0.0,5,4.0,16.0,1185.5,1,4,Lost,0.0
7891,9,1,939.78,8,3.5,8.75,856.75,3,3,New Customer,11.3978
7892,62,2,2973.26,10,4.25,13.25,862.75,2,3,New Customer,33.732600000000005
7893,240,0,0.0,5,4.0,11.5,1214.5,1,4,Lost,0.0
7894,188,0,0.0,3,4.0,19.5,1279.0,1,4,Lost,0.0
7895,140,1,1635.1,8,4.25,14.0,522.75,4,1,At Risk,18.351
7896,120,0,0.0,4,4.0,23.0,1551.0,1,0,Regular,0.0
7897,51,1,1077.54,6,4.0,13.0,877.5,2,3,New Customer,12.7754
7898,40,0,0.0,6,4.0,17.5,248.0,0,0,Regular,0.0
7899,275,1,5196.12,5,4.0,6.0,303.5,1,1,At Risk,53.9612
7900,36,1,3077.31,8,4.2,4.8,739.2,4,3,New Customer,32.7731
7901,1,0,0.0,7,4.0,13.666666666666666,859.3333333333334,2,0,Regular,0.0
7902,101,0,0.0,7,4.0,19.0,729.5,2,0,Regular,0.0
7903,116,0,0.0,5,4.0,18.0,314.5,1,0,Regular,0.0
7905,128,1,1510.92,8,3.5,11.5,1098.5,2,3,New Customer,17.1092
7906,77,0,0.0,9,4.0,12.666666666666666,970.3333333333334,2,0,Regular,0.0
7907,138,0,0.0,8,4.0,19.0,1277.6666666666667,2,0,Regular,0.0
7908,13,0,0.0,10,4.0,11.5,907.5,3,0,Regular,0.0
7909,18,2,8588.0,14,4.0,11.166666666666666,314.8333333333333,3,2,VIP,89.88
7910,8,0,0.0,8,4.0,8.333333333333334,1051.6666666666667,2,0,Regular,0.0
7911,2,0,0.0,4,4.0,6.0,1077.0,0,0,Regular,0.0
7913,290,0,0.0,1,4.0,7.0,72.0,0,4,Lost,0.0
7914,33,0,0.0,6,4.0,12.5,807.5,1,0,Regular,0.0
7915,71,1,970.56,5,3.5,10.5,534.0,1,3,New Customer,11.705599999999999
7916,276,0,0.0,3,4.0,13.0,1618.0,1,4,Lost,0.0
7917,20,2,2538.21,6,3.75,13.5,1177.75,2,3,New Customer,29.3821
7918,146,0,0.0,9,4.0,13.4,1170.0,1,0,Regular,0.0
7919,13,1,2318.88,8,4.333333333333333,18.666666666666668,901.6666666666666,1,3,New Customer,25.1888
7920,228,1,1129.34,4,4.5,9.5,1034.0,1,1,At Risk,13.293399999999998
7921,63,0,0.0,6,4.0,16.0,1208.5,0,0,Regular,0.0
7922,105,2,2403.31,14,3.8,10.8,1056.2,4,3,New Customer,28.0331
7923,145,3,6941.27,18,3.6666666666666665,12.666666666666666,907.6666666666666,5,2,VIP,75.4127
7924,179,0,0.0,2,4.0,13.0,1285.0,1,4,Lost,0.0
7926,57,0,0.0,12,4.0,11.8,1020.4,1,0,Regular,0.0
7927,22,3,4852.77,12,4.25,15.75,1079.0,3,2,VIP,54.5277
7928,25,1,3433.2,3,5.0,22.0,1670.0,1,3,New Customer,36.332
7929,15,1,1554.11,3,4.0,19.5,181.5,2,3,New Customer,17.5411
7930,38,1,183.63,8,4.166666666666667,15.833333333333334,1150.5,3,3,New Customer,3.8363
7931,67,1,2528.24,6,4.5,2.0,588.5,1,3,New Customer,27.2824
7932,7,0,0.0,2,4.0,24.0,1665.0,1,0,Regular,0.0
7933,58,0,0.0,6,4.0,9.5,93.5,2,0,Regular,0.0
7934,74,1,1042.21,16,4.142857142857143,11.142857142857142,872.1428571428571,2,3,New Customer,12.4221
7935,221,0,0.0,3,4.0,17.0,819.0,1,4,Lost,0.0
7936,14,1,732.52,14,4.0,7.5,988.1666666666666,6,3,New Customer,9.325199999999999
7937,86,0,0.0,5,4.0,10.75,1086.25,1,0,Regular,0.0
7938,136,1,2135.09,6,4.0,1.5,1700.0,2,1,At Risk,23.350900000000003
7939,154,0,0.0,1,4.0,7.0,1473.0,1,4,Lost,0.0
7940,24,1,3299.52,6,4.0,10.5,987.0,3,3,New Customer,34.9952
7941,67,0,0.0,7,4.0,12.666666666666666,950.6666666666666,1,0,Regular,0.0
7942,289,0,0.0,3,4.0,6.0,1324.0,1,4,Lost,0.0
7943,213,3,4124.2,14,4.4,16.6,1347.4,5,2,VIP,47.242
7944,137,0,0.0,3,4.0,16.0,1287.0,0,0,Regular,0.0
7945,184,1,680.4,4,3.5,12.0,620.0,1,1,At Risk,8.803999999999998
7946,8,3,2729.7799999999997,7,4.0,8.25,815.5,3,2,VIP,33.297799999999995
7947,28,2,6286.3099999999995,17,4.333333333333333,9.0,751.1666666666666,4,2,VIP,66.8631
7948,28,0,0.0,10,4.0,10.25,496.0,2,0,Regular,0.0
7949,31,2,4683.13,9,4.0,18.75,451.25,3,2,VIP,50.8313
7950,62,1,4472.26,8,4.0,15.5,670.0,2,2,VIP,46.7226
7951,50,0,0.0,2,4.0,10.0,1413.0,1,0,Regular,0.0
7952,256,0,0.0,5,4.0,10.5,1170.5,1,4,Lost,0.0
7953,268,1,4467.16,6,3.5,11.5,850.0,1,1,At Risk,46.6716
7954,133,1,1396.65,9,4.2,14.8,773.2,3,3,New Customer,15.966500000000002
7955,31,0,0.0,10,4.0,13.2,850.2,3,0,Regular,0.0
7956,105,0,0.0,11,4.0,13.8,1009.0,2,0,Regular,0.0
7957,266,0,0.0,1,4.0,9.0,1132.0,0,4,Lost,0.0
7958,6,1,2295.92,10,4.0,9.5,924.25,2,3,New Customer,24.9592
7959,292,1,481.52,9,4.2,12.8,1126.8,4,1,At Risk,6.8152
7960,252,0,0.0,1,4.0,14.0,682.0,1,4,Lost,0.0
7961,120,4,7820.57,17,3.5,14.333333333333334,863.8333333333334,5,2,VIP,86.2057
7962,54,1,866.79,10,4.0,12.25,938.75,1,3,New Customer,10.6679
7963,2,2,9165.64,17,3.4,16.0,713.4,4,2,VIP,95.65639999999999
7964,96,2,1906.0500000000002,8,4.333333333333333,14.666666666666666,1066.6666666666667,2,3,New Customer,23.0605
7965,128,0,0.0,8,4.0,12.333333333333334,1139.3333333333333,0,0,Regular,0.0
7967,152,1,2239.58,10,4.0,19.0,755.25,2,1,At Risk,24.395799999999998
7968,72,1,1829.14,11,4.0,12.75,757.25,4,3,New Customer,20.2914
7969,44,1,2308.38,10,4.0,8.333333333333334,624.3333333333334,2,3,New Customer,25.0838
7970,0,2,8419.46,9,4.0,11.333333333333334,912.0,3,2,VIP,88.1946
7971,97,0,0.0,7,4.0,14.0,670.0,3,0,Regular,0.0
7972,34,0,0.0,1,4.0,12.0,926.0,1,0,Regular,0.0
7973,280,0,0.0,4,4.0,12.0,1065.0,0,4,Lost,0.0
7974,16,0,0.0,10,4.0,16.25,497.5,1,0,Regular,0.0
7975,322,0,0.0,5,4.0,21.0,871.5,2,4,Lost,0.0
7976,110,1,3931.05,6,3.5,16.5,955.0,2,3,New Customer,41.310500000000005
7977,239,1,294.93,1,5.0,4.0,118.0,1,1,At Risk,4.9493
7978,81,0,0.0,8,4.0,8.333333333333334,930.3333333333334,0,0,Regular,0.0
7979,48,1,1203.17,11,4.0,16.25,877.25,3,3,New Customer,14.0317
7980,34,1,3475.52,4,3.0,12.5,541.5,2,3,New Customer,36.7552
7981,68,2,1536.51,12,4.25,16.25,657.75,3,3,New Customer,19.365099999999998
7983,140,1,1115.12,2,4.0,15.0,767.0,1,1,At Risk,13.1512
7984,87,1,746.06,4,3.0,22.5,859.0,1,3,New Customer,9.4606
7986,87,3,9308.619999999999,15,4.142857142857143,12.285714285714286,962.2857142857143,6,2,VIP,99.08619999999999
7987,38,0,0.0,4,4.0,5.0,1370.0,1,0,Regular,0.0
7988,187,0,0.0,3,4.0,11.5,360.0,1,4,Lost,0.0
7989,34,0,0.0,18,4.0,11.5,1005.6666666666666,2,0,Regular,0.0
7990,59,0,0.0,4,4.0,6.0,589.0,1,0,Regular,0.0
7991,54,1,768.33,13,3.4,9.4,582.8,3,3,New Customer,9.6833
7992,29,0,0.0,4,4.0,5.0,586.0,1,0,Regular,0.0
7993,59,0,0.0,10,4.0,8.25,581.25,4,0,Regular,0.0
7994,79,0,0.0,1,4.0,16.0,625.0,0,0,Regular,0.0
7995,158,0,0.0,9,4.0,9.5,1290.75,1,4,Lost,0.0
7996,248,0,0.0,7,4.0,15.666666666666666,1031.3333333333333,1,4,Lost,0.0
7997,97,0,0.0,8,4.0,18.5,1204.0,1,0,Regular,0.0
7998,88,0,0.0,5,4.0,14.5,866.5,0,0,Regular,0.0
8000,110,3,7130.549999999999,13,3.5,16.25,1654.25,3,2,VIP,77.3055
8001,46,2,2776.42,11,4.25,10.75,777.25,3,3,New Customer,31.764200000000002
8002,4,0,0.0,6,4.0,11.0,760.6666666666666,3,0,Regular,0.0
8003,206,0,0.0,4,4.0,7.0,557.0,0,4,Lost,0.0
8004,8,1,858.02,10,3.4,10.6,922.8,3,3,New Customer,10.5802
8006,99,2,2218.42,4,4.333333333333333,14.333333333333334,1121.3333333333333,2,3,New Customer,26.1842
8007,57,1,1350.69,8,4.25,10.25,612.75,4,3,New Customer,15.5069
8008,57,0,0.0,6,4.0,15.0,329.5,0,0,Regular,0.0
8010,24,0,0.0,6,4.0,11.333333333333334,1105.6666666666667,2,0,Regular,0.0
8011,190,1,524.31,5,4.0,13.666666666666666,1577.0,2,1,At Risk,7.243099999999999
8012,93,1,4163.64,6,4.5,4.5,630.0,1,3,New Customer,43.6364
8013,13,2,1969.25,17,4.0,11.333333333333334,809.5,4,3,New Customer,23.6925
8014,108,0,0.0,2,4.0,18.5,1050.0,0,0,Regular,0.0
8015,57,2,1324.69,6,4.0,12.666666666666666,1580.6666666666667,3,3,New Customer,17.2469
8017,187,1,1676.36,12,3.6666666666666665,7.333333333333333,1015.3333333333334,1,1,At Risk,18.7636
8018,63,1,1257.07,7,4.0,14.333333333333334,1544.6666666666667,3,3,New Customer,14.570699999999999
8019,33,0,0.0,5,4.0,12.5,1257.5,2,0,Regular,0.0
8020,215,1,723.1,8,4.333333333333333,9.333333333333334,1127.6666666666667,2,1,At Risk,9.231
8021,70,1,179.97,6,4.0,9.0,945.6666666666666,2,3,New Customer,3.7997
8022,90,0,0.0,10,4.0,15.333333333333334,338.3333333333333,3,0,Regular,0.0
8023,102,2,5623.85,12,3.75,11.0,957.5,4,2,VIP,60.2385
8024,43,1,660.96,10,3.75,18.0,613.0,4,3,New Customer,8.6096
8025,31,1,570.85,8,4.333333333333333,8.666666666666666,515.0,3,3,New Customer,7.7085
8026,282,1,3906.7,5,4.5,16.5,1295.5,2,1,At Risk,41.067
8027,325,0,0.0,4,4.0,11.0,216.0,1,4,Lost,0.0
8028,167,2,5580.9,13,3.5,13.0,683.25,2,2,VIP,59.809
8029,87,1,1642.91,4,3.0,2.5,449.5,2,3,New Customer,18.429100000000002
8030,78,0,0.0,11,4.0,15.0,915.25,2,0,Regular,0.0
8031,110,0,0.0,4,4.0,21.0,788.0,1,0,Regular,0.0
8032,12,2,5992.95,14,3.4285714285714284,10.428571428571429,921.5714285714286,3,2,VIP,63.9295
8033,189,0,0.0,7,4.0,14.0,701.0,3,4,Lost,0.0
8034,94,1,2815.04,6,2.5,14.0,1319.5,2,3,New Customer,30.1504
8035,81,2,4250.4,6,4.0,9.5,1012.0,2,2,VIP,46.504
8036,133,0,0.0,5,4.0,9.0,893.6666666666666,2,0,Regular,0.0
8037,93,2,4587.35,13,3.6,12.0,1341.4,4,2,VIP,49.87350000000001
8038,16,1,976.61,3,3.5,3.5,1201.5,1,3,New Customer,11.7661
8039,32,0,0.0,10,4.0,13.5,393.75,3,0,Regular,0.0
8041,40,0,0.0,5,4.0,10.0,1204.5,2,0,Regular,0.0
8042,103,0,0.0,5,4.0,17.5,1222.5,1,0,Regular,0.0
8043,45,1,1128.24,9,3.75,16.25,1137.0,3,3,New Customer,13.2824
8044,13,0,0.0,21,4.0,14.0,812.0,4,0,Regular,0.0
8045,41,0,0.0,14,4.0,12.833333333333334,986.5,2,0,Regular,0.0
8046,19,1,7524.36,11,4.0,15.25,1183.75,2,2,VIP,77.2436
8047,109,1,497.81,7,3.3333333333333335,10.0,1200.3333333333333,1,3,New Customer,6.9781
8048,226,1,1498.6,2,3.0,9.0,1345.0,1,1,At Risk,16.985999999999997
8049,14,2,2652.58,9,4.25,16.75,1280.0,3,3,New Customer,30.5258
8050,81,0,0.0,15,4.0,9.5,654.5,1,0,Regular,0.0
8051,176,3,3749.42,8,4.0,10.2,808.2,5,2,VIP,43.4942
8052,158,0,0.0,2,4.0,20.0,438.0,1,4,Lost,0.0
8053,39,0,0.0,1,4.0,5.0,1665.0,1,0,Regular,0.0
8054,15,1,5136.36,12,3.5,6.5,914.25,3,2,VIP,53.3636
8055,11,0,0.0,10,4.0,14.0,973.25,3,0,Regular,0.0
8056,33,0,0.0,10,4.0,10.25,599.25,3,0,Regular,0.0
8057,23,1,1342.96,6,4.5,6.5,1450.0,2,3,New Customer,15.4296
8058,107,1,2755.16,7,3.0,3.5,1349.0,1,3,New Customer,29.551599999999997
8059,110,1,346.25,2,3.0,18.0,442.0,1,3,New Customer,5.4625
8060,145,0,0.0,5,4.0,17.0,771.5,1,0,Regular,0.0
8061,49,0,0.0,9,4.0,12.5,800.25,4,0,Regular,0.0
8062,20,1,343.08,6,3.6666666666666665,13.666666666666666,760.0,2,3,New Customer,5.4308
8063,212,0,0.0,7,4.0,3.5,644.0,1,4,Lost,0.0
8064,85,1,2374.28,4,3.0,15.0,764.0,1,3,New Customer,25.742800000000003
8065,166,0,0.0,5,4.0,7.0,249.0,1,4,Lost,0.0
8066,109,2,2040.3500000000001,7,4.5,9.0,824.0,2,3,New Customer,24.4035
8067,24,1,473.21,7,3.3333333333333335,13.0,1215.0,2,3,New Customer,6.7321
8068,26,0,0.0,7,4.0,10.5,1343.5,0,0,Regular,0.0
8069,18,0,0.0,6,4.0,9.666666666666666,595.0,1,0,Regular,0.0
8070,80,0,0.0,5,4.0,13.0,1421.0,0,0,Regular,0.0
8072,60,1,2643.48,5,4.0,13.333333333333334,942.6666666666666,1,3,New Customer,28.4348
8073,42,1,1453.04,12,4.2,13.8,870.2,2,3,New Customer,16.5304
8074,200,0,0.0,5,4.0,2.0,884.5,1,4,Lost,0.0
8075,118,0,0.0,2,4.0,6.0,1117.0,0,0,Regular,0.0
8076,1,1,2536.72,13,4.0,11.4,467.8,2,3,New Customer,27.367199999999997
8077,56,1,1175.29,7,3.0,17.666666666666668,419.6666666666667,3,3,New Customer,13.7529
8078,41,2,10990.96,9,3.6666666666666665,10.666666666666666,1146.6666666666667,3,2,VIP,113.9096
8079,38,3,2927.23,10,4.0,9.0,1067.0,4,2,VIP,35.2723
8080,99,3,4035.71,14,4.5,11.5,900.0,4,2,VIP,46.3571
8081,135,2,1068.72,8,4.0,13.5,534.5,3,3,New Customer,14.6872
8082,117,1,2501.2,12,3.75,8.0,973.0,2,3,New Customer,27.011999999999997
8083,327,0,0.0,2,4.0,2.0,1252.0,0,4,Lost,0.0
8084,71,1,3994.6,12,3.25,10.75,780.0,3,3,New Customer,41.946
8085,173,2,9065.48,9,4.333333333333333,15.333333333333334,1250.3333333333333,2,2,VIP,94.6548
8086,17,0,0.0,7,4.0,13.0,878.0,2,0,Regular,0.0
8087,8,1,6735.0,22,3.857142857142857,16.857142857142858,1086.142857142857,2,2,VIP,69.35
8088,4,1,2549.44,11,4.2,10.2,869.0,4,3,New Customer,27.4944
8089,75,2,849.45,14,3.8333333333333335,13.333333333333334,633.6666666666666,5,3,New Customer,12.4945
8090,114,1,3257.98,6,4.5,13.5,727.0,1,3,New Customer,34.5798
8091,8,0,0.0,10,4.0,8.5,1144.75,3,0,Regular,0.0
8093,257,0,0.0,5,4.0,9.0,1121.6666666666667,2,4,Lost,0.0
8094,154,0,0.0,5,4.0,10.666666666666666,1315.0,2,4,Lost,0.0
8095,183,1,285.3,4,2.5,10.5,901.0,2,1,At Risk,4.853
8097,111,0,0.0,2,4.0,3.0,220.0,1,0,Regular,0.0
8098,58,0,0.0,8,4.0,16.0,813.0,2,0,Regular,0.0
8099,28,0,0.0,10,4.0,16.0,1161.3333333333333,2,0,Regular,0.0
8100,31,0,0.0,7,4.0,14.25,655.5,1,0,Regular,0.0
8101,117,1,1016.62,5,4.0,21.0,803.5,2,3,New Customer,12.1662
8102,52,0,0.0,3,4.0,9.5,1427.5,1,0,Regular,0.0
8103,321,0,0.0,4,4.0,18.0,386.0,0,4,Lost,0.0
8104,318,0,0.0,3,4.0,1.0,1719.0,0,4,Lost,0.0
8105,157,0,0.0,3,4.0,8.0,619.0,1,4,Lost,0.0
8106,222,0,0.0,12,4.0,13.0,632.6666666666666,1,4,Lost,0.0
8107,52,0,0.0,5,4.0,15.5,1254.5,2,0,Regular,0.0
8108,16,1,467.03,1,5.0,11.0,752.0,1,3,New Customer,6.6703
8109,56,0,0.0,14,4.0,14.166666666666666,711.3333333333334,4,0,Regular,0.0
8110,88,0,0.0,1,4.0,16.0,1379.0,0,0,Regular,0.0
8111,59,1,1489.64,10,4.0,14.75,586.75,3,3,New Customer,16.8964
8112,205,1,2903.94,7,3.6666666666666665,19.333333333333332,1077.0,3,1,At Risk,31.0394
8113,198,2,2766.07,4,4.666666666666667,12.666666666666666,1048.3333333333333,3,1,At Risk,31.660700000000002
8114,110,1,1373.38,8,4.0,6.75,1047.25,2,3,New Customer,15.7338
8115,2,1,6333.5,22,4.0,12.0,773.1428571428571,4,2,VIP,65.33500000000001
8116,106,0,0.0,6,4.0,9.666666666666666,131.66666666666666,1,0,Regular,0.0
8117,49,0,0.0,9,4.0,11.333333333333334,1332.6666666666667,3,0,Regular,0.0
8118,22,1,863.1,9,4.333333333333333,9.333333333333334,1204.3333333333333,1,3,New Customer,10.631
8119,134,0,0.0,1,4.0,15.0,727.0,0,0,Regular,0.0
8120,18,0,0.0,1,4.0,13.0,1251.0,1,0,Regular,0.0
8121,97,0,0.0,2,4.0,8.0,615.0,0,0,Regular,0.0
8122,205,0,0.0,7,4.0,15.5,1067.0,2,4,Lost,0.0
8123,73,0,0.0,2,4.0,13.5,725.0,0,0,Regular,0.0
8124,19,1,1617.56,4,4.0,10.0,1116.0,1,3,New Customer,18.1756
8125,216,1,337.34,15,4.166666666666667,9.833333333333334,716.1666666666666,3,1,At Risk,5.3734
8126,173,0,0.0,7,4.0,5.666666666666667,722.3333333333334,1,4,Lost,0.0
8127,109,0,0.0,4,4.0,14.0,1254.0,1,0,Regular,0.0
8128,102,0,0.0,6,4.0,18.5,1551.0,1,0,Regular,0.0
8129,218,1,4614.6,14,4.0,12.6,1409.6,2,1,At Risk,48.146
8130,193,2,1930.8999999999999,7,4.5,7.5,1453.5,4,1,At Risk,23.308999999999997
8131,186,1,1220.33,12,4.0,13.0,1023.4,4,1,At Risk,14.203299999999999
8132,52,1,433.2,10,3.6666666666666665,17.666666666666668,523.6666666666666,1,3,New Customer,6.332
8133,29,1,2994.62,9,4.25,15.5,291.0,2,3,New Customer,31.946199999999997
8134,129,0,0.0,5,4.0,10.5,1474.0,1,0,Regular,0.0
8135,197,0,0.0,2,4.0,8.0,1059.0,1,4,Lost,0.0
8136,72,1,5074.32,9,4.0,16.333333333333332,1251.0,3,2,VIP,52.743199999999995
8137,95,0,0.0,5,4.0,15.5,982.0,1,0,Regular,0.0
8138,63,0,0.0,3,4.0,12.0,1766.0,0,0,Regular,0.0
8139,22,0,0.0,6,4.0,17.333333333333332,1469.3333333333333,1,0,Regular,0.0
8140,106,0,0.0,2,4.0,5.0,1759.0,0,0,Regular,0.0
8141,64,1,774.12,8,3.8,13.4,770.8,3,3,New Customer,9.7412
8142,41,0,0.0,10,4.0,11.0,1193.75,3,0,Regular,0.0
8143,112,0,0.0,10,4.0,11.333333333333334,535.0,2,0,Regular,0.0
8144,346,0,0.0,3,4.0,4.0,1059.0,1,4,Lost,0.0
8145,8,0,0.0,7,4.0,12.666666666666666,1370.0,2,0,Regular,0.0
8146,117,0,0.0,5,4.0,9.5,994.0,0,0,Regular,0.0
8147,58,1,3398.84,4,3.5,15.5,753.5,2,3,New Customer,35.9884
8148,18,1,1061.45,5,4.0,10.5,425.0,2,3,New Customer,12.6145
8149,2,0,0.0,9,4.0,11.666666666666666,1016.6666666666666,2,0,Regular,0.0
8150,43,0,0.0,2,4.0,24.0,1760.0,0,0,Regular,0.0
8151,40,1,3365.22,7,4.5,16.0,859.0,1,3,New Customer,35.6522
8152,15,1,158.47,6,3.3333333333333335,10.666666666666666,760.3333333333334,2,3,New Customer,3.5846999999999998
8153,79,1,472.34,4,4.5,13.0,604.0,2,3,New Customer,6.7234
8154,182,1,780.49,3,3.0,3.0,540.0,1,1,At Risk,9.8049
8155,169,0,0.0,4,4.0,3.0,735.0,0,4,Lost,0.0
8156,95,0,0.0,6,4.0,9.333333333333334,974.6666666666666,2,0,Regular,0.0
8157,52,0,0.0,2,4.0,23.0,914.0,1,0,Regular,0.0
8158,141,1,1891.73,6,4.333333333333333,15.333333333333334,760.0,2,1,At Risk,20.9173
8159,121,1,531.01,7,3.0,11.666666666666666,1115.6666666666667,3,3,New Customer,7.3101
8160,80,3,2902.92,13,4.142857142857143,11.0,687.7142857142857,5,2,VIP,35.0292
8161,120,3,2982.8999999999996,18,4.285714285714286,13.571428571428571,1016.2857142857143,4,2,VIP,35.82899999999999
8162,83,2,2871.3199999999997,9,4.5,14.25,892.5,4,3,New Customer,32.7132
8163,1,1,2861.35,14,4.2,13.4,745.2,2,3,New Customer,30.6135
8164,18,0,0.0,7,4.0,14.333333333333334,1138.6666666666667,0,0,Regular,0.0
8165,138,0,0.0,1,4.0,16.0,1593.0,0,0,Regular,0.0
8166,54,1,3468.5,8,4.333333333333333,20.0,862.6666666666666,3,3,New Customer,36.685
8167,189,1,2077.19,5,4.0,16.666666666666668,1290.0,2,1,At Risk,22.771900000000002
8168,62,0,0.0,6,4.0,18.5,736.0,1,0,Regular,0.0
8169,2,1,690.6,15,3.6,10.8,678.0,2,3,New Customer,8.906
8170,10,0,0.0,5,4.0,15.0,983.5,1,0,Regular,0.0
8171,12,0,0.0,5,4.0,18.0,1130.5,2,0,Regular,0.0
8173,301,0,0.0,6,4.0,12.5,1088.0,2,4,Lost,0.0
8174,16,1,2136.93,9,3.3333333333333335,9.0,794.3333333333334,1,3,New Customer,23.3693
8175,212,1,871.73,6,2.5,6.0,595.0,1,1,At Risk,10.7173
8176,54,2,4394.09,16,4.166666666666667,16.5,875.8333333333334,4,2,VIP,47.9409
8177,133,0,0.0,1,4.0,18.0,502.0,1,0,Regular,0.0
8179,277,0,0.0,7,4.0,15.0,1645.6666666666667,1,4,Lost,0.0
8180,73,0,0.0,6,4.0,10.333333333333334,1141.6666666666667,1,0,Regular,0.0
8181,18,2,1670.94,9,4.0,15.0,798.6666666666666,4,3,New Customer,20.709400000000002
8182,4,1,1131.14,11,4.0,15.4,638.2,3,3,New Customer,13.3114
8183,196,0,0.0,3,4.0,12.0,212.0,0,4,Lost,0.0
8184,113,1,3504.28,9,4.0,9.666666666666666,1464.6666666666667,1,3,New Customer,37.0428
8185,19,1,1032.75,18,4.0,12.833333333333334,766.8333333333334,4,3,New Customer,12.3275
8186,8,0,0.0,4,4.0,16.0,557.0,1,0,Regular,0.0
8187,14,0,0.0,9,4.0,16.0,829.6666666666666,3,0,Regular,0.0
8188,166,1,347.82,3,5.0,5.0,1483.0,1,1,At Risk,5.478199999999999
8190,4,0,0.0,6,4.0,16.25,857.25,2,0,Regular,0.0
8191,14,1,800.07,9,4.0,6.0,759.5,2,3,New Customer,10.0007
8192,141,2,2929.4399999999996,16,4.285714285714286,13.285714285714286,970.7142857142857,6,1,At Risk,33.294399999999996
8193,120,1,2563.56,12,3.6666666666666665,17.0,1239.3333333333333,1,3,New Customer,27.6356
8194,10,1,2524.81,13,4.2,11.6,878.4,4,3,New Customer,27.2481
8196,208,0,0.0,13,4.0,11.75,462.5,3,4,Lost,0.0
8197,213,0,0.0,4,4.0,13.0,1779.0,0,4,Lost,0.0
8198,5,1,473.9,6,4.333333333333333,5.333333333333333,852.0,1,3,New Customer,6.739
8199,231,1,536.47,6,4.5,7.5,963.0,2,1,At Risk,7.3647
8200,83,1,891.44,7,4.0,12.666666666666666,1294.0,2,3,New Customer,10.9144
8201,218,1,4065.7,5,2.5,18.0,1055.5,1,1,At Risk,42.657
8202,251,2,2980.89,11,3.6666666666666665,18.333333333333332,356.6666666666667,3,1,At Risk,33.808899999999994
8203,196,1,727.13,2,3.5,17.0,844.0,2,1,At Risk,9.2713
8204,34,2,2233.63,7,4.333333333333333,21.333333333333332,881.3333333333334,3,3,New Customer,26.3363
8205,58,1,1170.69,16,4.142857142857143,11.571428571428571,1357.5714285714287,5,3,New Customer,13.706900000000001
8207,25,0,0.0,21,4.0,15.333333333333334,901.8333333333334,4,0,Regular,0.0
8208,21,1,3471.06,6,4.0,9.333333333333334,781.0,3,3,New Customer,36.7106
8209,12,3,1909.0900000000001,6,3.6,10.8,1167.8,5,2,VIP,25.0909
8210,152,0,0.0,1,4.0,24.0,823.0,1,4,Lost,0.0
8211,12,1,1905.14,23,4.0,11.222222222222221,555.4444444444445,4,3,New Customer,21.0514
8212,121,1,621.0,12,3.25,8.0,782.75,2,3,New Customer,8.21
8213,45,0,0.0,5,4.0,12.5,644.5,1,0,Regular,0.0
8214,115,1,181.72,5,3.5,15.0,1284.5,2,3,New Customer,3.8171999999999997
8215,23,3,4527.92,8,3.5,12.0,474.0,4,2,VIP,51.2792
8216,111,1,1230.89,4,4.5,12.5,625.5,2,3,New Customer,14.308900000000001
8217,83,1,3961.96,8,4.0,10.25,745.0,2,3,New Customer,41.6196
8219,35,0,0.0,10,4.0,17.333333333333332,632.6666666666666,1,0,Regular,0.0
8220,231,0,0.0,2,4.0,10.0,693.0,1,4,Lost,0.0
8221,53,1,754.82,8,4.0,8.333333333333334,1081.0,3,3,New Customer,9.548200000000001
8222,177,0,0.0,4,4.0,7.0,101.0,1,4,Lost,0.0
8223,71,0,0.0,11,4.0,14.5,476.3333333333333,3,0,Regular,0.0
8224,50,1,2133.32,8,4.25,18.0,903.0,4,3,New Customer,23.3332
8225,190,1,789.93,10,4.0,19.666666666666668,721.3333333333334,2,1,At Risk,9.8993
8226,30,0,0.0,4,4.0,23.0,1212.0,1,0,Regular,0.0
8227,84,0,0.0,11,4.0,15.0,1114.75,0,0,Regular,0.0
8228,79,0,0.0,8,4.0,18.5,1364.0,0,0,Regular,0.0
8229,104,0,0.0,8,4.0,12.0,456.5,2,0,Regular,0.0
8230,68,0,0.0,3,4.0,4.0,709.0,0,0,Regular,0.0
8231,168,0,0.0,2,4.0,18.0,1042.0,1,4,Lost,0.0
8232,69,1,1348.53,2,5.0,22.0,59.0,1,3,New Customer,15.4853
8233,11,0,0.0,6,4.0,13.333333333333334,501.6666666666667,2,0,Regular,0.0
8234,27,1,178.82,7,4.25,18.5,1191.0,3,3,New Customer,3.7882
8235,268,0,0.0,4,4.0,7.5,741.0,1,4,Lost,0.0
8236,107,0,0.0,3,4.0,10.5,1012.5,2,0,Regular,0.0
8237,86,0,0.0,5,4.0,13.0,1238.0,2,0,Regular,0.0
8238,2,0,0.0,8,4.0,12.0,1305.0,1,0,Regular,0.0
8239,31,0,0.0,5,4.0,4.0,1131.0,2,0,Regular,0.0
8240,29,2,2746.0600000000004,10,4.0,15.5,1146.0,2,3,New Customer,31.460600000000003
8241,92,3,5663.889999999999,12,4.0,10.4,570.8,3,2,VIP,62.63889999999999
8242,88,1,251.78,11,4.333333333333333,13.333333333333334,454.6666666666667,3,3,New Customer,4.517799999999999
8243,184,0,0.0,5,4.0,12.0,1380.5,1,4,Lost,0.0
8244,230,1,3905.96,5,3.5,14.5,702.5,1,1,At Risk,41.0596
8245,72,0,0.0,2,4.0,11.0,409.0,2,0,Regular,0.0
8246,101,0,0.0,8,4.0,15.333333333333334,1034.3333333333333,2,0,Regular,0.0
8249,169,0,0.0,4,4.0,19.0,687.0,0,4,Lost,0.0
8250,103,0,0.0,4,4.0,11.5,960.0,2,0,Regular,0.0
8251,237,1,105.49,4,3.0,17.0,1594.5,1,1,At Risk,3.0549
8252,330,0,0.0,4,4.0,11.5,1325.5,1,4,Lost,0.0
8253,18,0,0.0,11,4.0,11.0,562.75,3,0,Regular,0.0
8254,104,0,0.0,8,4.0,21.333333333333332,1140.3333333333333,2,0,Regular,0.0
8255,57,1,1519.63,13,4.25,14.0,891.75,3,3,New Customer,17.1963
8256,98,0,0.0,6,4.0,15.5,1358.5,1,0,Regular,0.0
8257,246,0,0.0,2,4.0,15.0,846.0,1,4,Lost,0.0
8258,135,0,0.0,4,4.0,5.0,902.0,1,0,Regular,0.0
8259,222,0,0.0,3,4.0,16.5,975.0,0,4,Lost,0.0
8260,74,1,5959.84,8,4.0,16.0,1164.5,1,2,VIP,61.5984
8261,6,0,0.0,8,4.0,7.0,821.6666666666666,2,0,Regular,0.0
8262,30,1,4317.9,6,4.333333333333333,13.0,603.3333333333334,1,3,New Customer,45.178999999999995
8263,171,0,0.0,6,4.0,16.0,602.5,1,4,Lost,0.0
8264,65,1,968.33,8,3.6666666666666665,14.0,625.6666666666666,2,3,New Customer,11.683300000000001
8265,94,0,0.0,10,4.0,11.666666666666666,1251.6666666666667,3,0,Regular,0.0
8266,23,1,3312.18,9,4.333333333333333,13.666666666666666,235.33333333333334,1,3,New Customer,35.1218
8267,104,0,0.0,5,4.0,4.5,1034.5,2,0,Regular,0.0
8268,10,0,0.0,6,4.0,14.0,860.5,1,0,Regular,0.0
8269,82,2,1975.36,14,4.2,11.8,556.8,4,3,New Customer,23.7536
8270,105,1,3130.19,3,4.0,16.0,167.5,2,3,New Customer,33.3019
8271,121,1,768.22,5,4.333333333333333,13.0,1153.6666666666667,3,3,New Customer,9.6822
8272,18,0,0.0,11,4.0,11.4,996.2,2,0,Regular,0.0
8273,75,0,0.0,10,4.0,11.25,676.0,2,0,Regular,0.0
8274,38,2,7555.72,10,4.333333333333333,10.333333333333334,1032.3333333333333,2,2,VIP,79.55720000000001
8275,250,0,0.0,7,4.0,2.5,604.0,2,4,Lost,0.0
8277,89,1,294.08,8,3.75,14.25,1188.25,3,3,New Customer,4.940799999999999
8278,28,0,0.0,3,4.0,15.5,768.0,1,0,Regular,0.0
8279,37,2,4420.73,14,4.0,14.0,569.5,3,2,VIP,48.2073
8280,32,1,181.58,13,4.0,15.4,1133.6,4,3,New Customer,3.8158000000000003
8281,301,0,0.0,4,4.0,17.0,481.0,1,4,Lost,0.0
8282,122,0,0.0,5,4.0,4.333333333333333,577.0,2,0,Regular,0.0
8283,142,0,0.0,3,4.0,3.0,1302.0,0,0,Regular,0.0
8284,52,1,4197.54,10,3.75,5.75,657.5,2,3,New Customer,43.9754
8285,111,0,0.0,4,4.0,24.0,860.5,1,0,Regular,0.0
8286,13,0,0.0,5,4.0,7.0,751.0,0,0,Regular,0.0
8287,88,0,0.0,7,4.0,18.666666666666668,1394.6666666666667,1,0,Regular,0.0
8288,42,1,1613.82,7,4.0,6.666666666666667,959.6666666666666,3,3,New Customer,18.138199999999998
8289,20,2,2183.03,17,3.6,17.6,1124.8,3,3,New Customer,25.8303
8291,19,2,1136.8400000000001,10,4.25,4.0,666.5,3,3,New Customer,15.368400000000001
8292,39,0,0.0,1,4.0,6.0,713.0,0,0,Regular,0.0
8293,44,1,2968.16,4,4.0,16.0,1314.0,1,3,New Customer,31.6816
8294,121,0,0.0,4,4.0,10.0,1078.0,1,0,Regular,0.0
8295,75,0,0.0,4,4.0,12.5,956.5,0,0,Regular,0.0
8296,44,0,0.0,1,4.0,2.0,916.0,1,0,Regular,0.0
8297,146,0,0.0,11,4.0,18.666666666666668,482.0,1,0,Regular,0.0
8298,198,0,0.0,5,4.0,7.0,1478.5,1,4,Lost,0.0
8299,193,1,364.97,8,3.75,11.0,640.0,3,1,At Risk,5.6497
8301,358,1,161.23,2,5.0,21.0,1666.0,1,4,Lost,3.6123
8302,189,0,0.0,7,4.0,17.5,931.5,1,4,Lost,0.0
8303,46,0,0.0,6,4.0,10.666666666666666,1418.6666666666667,3,0,Regular,0.0
8304,359,1,230.98,3,3.0,11.0,1717.0,1,4,Lost,4.3098
8305,210,1,455.16,6,4.333333333333333,17.666666666666668,361.0,2,1,At Risk,6.5516000000000005
8306,55,2,2189.42,13,4.142857142857143,16.285714285714285,1024.7142857142858,5,3,New Customer,25.8942
8307,27,1,1939.05,2,4.0,3.0,1543.0,1,3,New Customer,21.3905
8308,18,1,3630.95,13,4.25,14.25,1013.25,2,3,New Customer,38.3095
8309,80,0,0.0,2,4.0,21.0,915.0,0,0,Regular,0.0
8310,273,0,0.0,4,4.0,15.5,408.5,0,4,Lost,0.0
8311,46,2,4807.780000000001,8,2.6666666666666665,14.666666666666666,621.6666666666666,3,2,VIP,52.0778
8313,111,0,0.0,8,4.0,2.0,1289.0,1,0,Regular,0.0
8314,71,1,2147.47,13,4.0,9.666666666666666,1083.6666666666667,5,3,New Customer,23.4747
8315,151,0,0.0,11,4.0,12.0,955.5,2,4,Lost,0.0
8316,190,1,1579.93,4,4.0,15.0,1393.0,1,1,At Risk,17.799300000000002
8317,35,0,0.0,5,4.0,9.5,977.5,1,0,Regular,0.0
8318,281,0,0.0,1,4.0,9.0,861.0,0,4,Lost,0.0
8319,271,0,0.0,5,4.0,4.0,1439.5,0,4,Lost,0.0
8320,11,1,389.97,9,4.333333333333333,14.0,925.6666666666666,2,3,New Customer,5.8997
8321,186,1,1230.16,4,5.0,6.0,1186.0,1,1,At Risk,14.3016
8322,80,0,0.0,8,4.0,17.333333333333332,870.6666666666666,0,0,Regular,0.0
8323,27,0,0.0,6,4.0,15.666666666666666,1528.3333333333333,2,0,Regular,0.0
8324,58,2,5046.5199999999995,7,3.6666666666666665,8.0,841.6666666666666,3,2,VIP,54.465199999999996
8325,144,0,0.0,4,4.0,10.0,1056.0,0,0,Regular,0.0
8326,107,2,7153.35,5,4.5,19.0,1303.0,2,2,VIP,75.5335
8327,82,3,4247.0599999999995,9,3.8,10.2,1172.6,4,2,VIP,48.4706
8328,188,1,745.77,2,4.0,16.0,572.5,2,1,At Risk,9.457699999999999
8329,3,0,0.0,17,4.0,13.4,827.0,4,0,Regular,0.0
8330,184,1,2293.24,4,4.0,9.0,313.0,1,1,At Risk,24.932399999999998
8331,64,1,1409.88,4,4.0,8.0,1032.0,2,3,New Customer,16.0988
8332,23,1,3381.7,6,3.5,8.5,726.5,2,3,New Customer,35.817
8333,109,1,2551.71,6,4.0,15.5,839.0,2,3,New Customer,27.5171
8334,38,0,0.0,9,4.0,9.333333333333334,888.3333333333334,2,0,Regular,0.0
8335,169,0,0.0,5,4.0,1.0,597.0,2,4,Lost,0.0
8336,286,0,0.0,7,4.0,7.0,827.0,0,4,Lost,0.0
8337,91,1,4229.2,8,3.75,7.5,1279.75,4,3,New Customer,44.292
8338,16,1,4820.48,14,4.2,14.0,699.8,4,2,VIP,50.2048
8339,283,0,0.0,7,4.0,2.5,973.0,1,4,Lost,0.0
8340,10,2,2735.21,13,4.0,11.5,908.25,3,3,New Customer,31.3521
8341,78,3,4810.91,14,3.8333333333333335,15.833333333333334,936.3333333333334,5,2,VIP,54.1091
8342,109,0,0.0,8,4.0,8.0,297.0,2,0,Regular,0.0
8343,64,0,0.0,7,4.0,18.0,475.6666666666667,1,0,Regular,0.0
8344,41,0,0.0,7,4.0,5.0,1010.0,2,0,Regular,0.0
8345,103,1,5525.43,13,3.8,12.8,1260.8,3,2,VIP,57.2543
8346,87,1,2766.34,11,3.8,12.4,1018.4,4,3,New Customer,29.663400000000003
8347,59,2,1873.3,8,4.0,12.25,834.0,4,3,New Customer,22.733
8348,89,1,1433.37,17,4.2,14.2,883.2,3,3,New Customer,16.3337
8349,10,0,0.0,6,4.0,16.5,135.5,1,0,Regular,0.0
8350,227,0,0.0,4,4.0,17.0,1040.0,0,4,Lost,0.0
8351,67,0,0.0,6,4.0,10.5,987.0,1,0,Regular,0.0
8352,278,0,0.0,2,4.0,20.0,155.0,0,4,Lost,0.0
8353,54,1,661.66,9,4.333333333333333,11.666666666666666,462.0,1,3,New Customer,8.6166
8354,22,1,1709.72,10,4.0,10.666666666666666,725.6666666666666,3,3,New Customer,19.0972
8355,30,0,0.0,4,4.0,15.5,492.5,1,0,Regular,0.0
8356,10,1,500.76,4,4.0,16.5,73.0,1,3,New Customer,7.0076
8359,124,1,533.12,9,3.6666666666666665,17.333333333333332,696.0,3,3,New Customer,7.3312
8360,305,1,1413.61,4,4.5,12.5,1113.5,1,1,At Risk,16.1361
8361,199,1,1512.3,7,2.5,14.0,1399.5,2,1,At Risk,17.122999999999998
8362,27,0,0.0,7,4.0,3.0,1058.0,2,0,Regular,0.0
8363,20,3,2826.15,18,3.7142857142857144,14.285714285714286,754.7142857142857,4,2,VIP,34.2615
8364,189,0,0.0,4,4.0,14.0,1714.0,1,4,Lost,0.0
8365,39,1,1254.16,4,3.6666666666666665,19.666666666666668,500.0,3,3,New Customer,14.5416
8366,100,0,0.0,3,4.0,11.0,264.0,0,0,Regular,0.0
8367,307,1,445.64,7,3.0,15.0,1056.0,2,1,At Risk,6.4563999999999995
8368,125,1,1494.77,13,3.25,16.5,1151.75,4,3,New Customer,16.947699999999998
8369,114,1,1541.6,8,3.5,8.75,849.75,3,3,New Customer,17.415999999999997
8370,105,0,0.0,6,4.0,2.5,1000.5,1,0,Regular,0.0
8371,136,0,0.0,4,4.0,20.0,547.0,0,0,Regular,0.0
8372,26,0,0.0,6,4.0,13.0,1103.6666666666667,2,0,Regular,0.0
8373,22,1,4449.76,5,4.5,14.0,1391.5,2,2,VIP,46.497600000000006
8374,170,0,0.0,7,4.0,5.0,1000.5,1,4,Lost,0.0
8375,59,1,1009.08,2,4.5,6.0,984.0,2,3,New Customer,12.0908
8376,22,1,3116.76,12,4.166666666666667,12.166666666666666,768.1666666666666,3,3,New Customer,33.16760000000001
8377,55,3,5287.29,13,4.0,10.428571428571429,846.1428571428571,7,2,VIP,58.8729
8378,50,0,0.0,13,4.0,7.2,774.6,3,0,Regular,0.0
8379,16,2,6343.4400000000005,19,3.875,13.25,876.625,4,2,VIP,67.43440000000001
8380,337,0,0.0,4,4.0,16.0,1682.0,1,4,Lost,0.0
8381,355,1,3119.76,4,4.0,10.0,95.0,1,1,At Risk,33.1976
8383,59,0,0.0,4,4.0,23.0,1503.0,0,0,Regular,0.0
8384,163,1,2970.6,4,5.0,18.0,1372.0,1,1,At Risk,31.706
8385,110,0,0.0,2,4.0,16.0,818.0,1,0,Regular,0.0
8386,91,1,1956.24,13,3.5,6.0,1201.25,4,3,New Customer,21.5624
8387,93,0,0.0,4,4.0,23.0,780.0,0,0,Regular,0.0
8388,15,1,559.57,5,4.0,11.333333333333334,663.6666666666666,2,3,New Customer,7.595700000000001
8389,7,1,172.62,7,4.0,12.5,1351.5,1,3,New Customer,3.7262
8390,310,0,0.0,3,4.0,18.0,281.0,2,4,Lost,0.0
8391,339,1,356.0,1,4.0,10.0,578.0,1,1,At Risk,5.5600000000000005
8392,185,1,849.1,4,3.5,16.5,1139.0,1,1,At Risk,10.491
8393,86,2,2315.84,6,4.0,9.0,1102.3333333333333,3,3,New Customer,27.1584
8394,17,0,0.0,10,4.0,12.75,722.75,3,0,Regular,0.0
8395,145,0,0.0,3,4.0,13.5,640.5,2,0,Regular,0.0
8396,41,1,2087.94,14,4.0,8.75,1181.0,2,3,New Customer,22.8794
8398,47,0,0.0,9,4.0,15.8,792.6,3,0,Regular,0.0
8399,62,1,5679.92,10,3.6666666666666665,14.666666666666666,838.3333333333334,3,2,VIP,58.7992
8400,62,0,0.0,5,4.0,2.0,559.5,0,0,Regular,0.0
8401,182,0,0.0,3,4.0,6.0,221.0,0,4,Lost,0.0
8402,73,1,3047.6,7,4.0,16.0,622.6666666666666,2,3,New Customer,32.476
8403,79,0,0.0,7,4.0,17.0,742.5,0,0,Regular,0.0
8404,35,1,1205.43,7,3.0,15.0,292.3333333333333,2,3,New Customer,14.054300000000001
8405,89,0,0.0,2,4.0,13.0,1349.0,0,0,Regular,0.0
8406,33,1,332.05,10,4.0,13.5,743.75,2,3,New Customer,5.3205
8407,24,0,0.0,6,4.0,17.0,448.0,1,0,Regular,0.0
8408,12,3,2694.22,11,4.0,16.666666666666668,918.3333333333334,5,2,VIP,32.9422
8409,10,0,0.0,7,4.0,15.0,1173.5,0,0,Regular,0.0
8411,355,0,0.0,2,4.0,20.0,1145.0,1,4,Lost,0.0
8412,64,1,644.06,1,5.0,1.0,1594.0,1,3,New Customer,8.4406
8414,102,0,0.0,2,4.0,22.0,1046.0,0,0,Regular,0.0
8415,15,0,0.0,3,4.0,16.0,1602.0,1,0,Regular,0.0
8416,2,0,0.0,2,4.0,20.0,664.0,0,0,Regular,0.0
8417,33,1,3586.6,9,3.0,19.666666666666668,998.0,1,3,New Customer,37.866
8418,59,1,1131.79,5,4.5,14.0,745.5,2,3,New Customer,13.3179
8419,49,0,0.0,12,4.0,11.2,629.0,3,0,Regular,0.0
8421,158,2,7162.7,10,3.75,9.0,1067.5,3,2,VIP,75.627
8422,257,0,0.0,3,4.0,17.0,1050.0,0,4,Lost,0.0
8423,208,1,1148.1,3,4.0,24.0,525.0,1,1,At Risk,13.481
8425,307,1,2831.48,2,3.0,7.0,841.0,1,1,At Risk,30.3148
8426,88,0,0.0,9,4.0,13.75,471.75,3,0,Regular,0.0
8427,5,1,578.45,14,3.4,18.0,1004.0,4,3,New Customer,7.7845
8428,83,1,3418.56,9,3.0,17.0,1351.6666666666667,2,3,New Customer,36.1856
8429,16,1,2268.96,5,4.0,15.5,800.5,1,3,New Customer,24.6896
8430,39,1,1989.15,15,4.166666666666667,13.166666666666666,1266.5,4,3,New Customer,21.8915
8431,70,1,1156.05,4,4.0,8.0,198.0,1,3,New Customer,13.5605
8432,194,0,0.0,2,4.0,11.5,565.5,2,4,Lost,0.0
8433,9,2,957.02,11,3.8333333333333335,12.5,1047.5,6,3,New Customer,13.5702
8434,49,0,0.0,9,4.0,14.0,841.0,2,0,Regular,0.0
8435,3,2,8343.869999999999,13,4.0,8.25,1025.75,4,2,VIP,87.43869999999998
8436,69,0,0.0,14,4.0,18.75,1184.75,2,0,Regular,0.0
8437,4,1,775.08,1,5.0,17.0,105.0,1,3,New Customer,9.750800000000002
8438,62,0,0.0,12,4.0,14.0,936.8,4,0,Regular,0.0
8439,159,1,2060.77,11,4.333333333333333,13.0,346.3333333333333,2,1,At Risk,22.6077
8440,46,0,0.0,10,4.0,15.666666666666666,1400.0,1,0,Regular,0.0
8441,49,0,0.0,2,4.0,3.0,1365.0,0,0,Regular,0.0
8442,55,2,877.52,3,3.0,1.0,1058.0,2,3,New Customer,12.7752
8443,74,0,0.0,8,4.0,15.333333333333334,442.6666666666667,2,0,Regular,0.0
8444,168,0,0.0,6,4.0,16.333333333333332,1261.3333333333333,2,4,Lost,0.0
8445,11,1,2208.34,4,3.5,16.5,1721.0,1,3,New Customer,24.0834
8446,29,1,1526.76,11,4.0,14.2,1216.8,4,3,New Customer,17.2676
8447,327,1,1223.2,4,4.5,9.0,833.5,2,1,At Risk,14.232000000000001
8448,236,1,2907.24,8,3.5,15.5,721.5,1,1,At Risk,31.0724
8450,23,1,1441.74,12,4.0,5.0,592.6,4,3,New Customer,16.4174
8451,74,0,0.0,5,4.0,13.0,1162.5,0,0,Regular,0.0
8452,57,1,1298.49,14,4.2,11.4,484.0,2,3,New Customer,14.9849
8453,43,2,4193.09,9,4.333333333333333,13.333333333333334,1260.0,2,2,VIP,45.9309
8454,1,1,2570.53,12,4.0,11.75,497.5,3,3,New Customer,27.7053
8455,34,1,2611.74,14,3.25,19.5,1240.5,2,3,New Customer,28.117399999999996
8456,175,0,0.0,3,4.0,20.0,338.0,2,4,Lost,0.0
8457,77,0,0.0,8,4.0,17.75,1240.25,2,0,Regular,0.0
8458,242,0,0.0,3,4.0,10.5,1342.5,0,4,Lost,0.0
8459,23,1,256.5,3,3.0,19.5,585.0,2,3,New Customer,4.5649999999999995
8460,123,2,1505.1599999999999,12,3.5,9.25,1342.75,3,3,New Customer,19.0516
8461,70,1,2957.64,3,3.0,16.0,1482.0,1,3,New Customer,31.5764
8462,42,0,0.0,7,4.0,6.5,960.5,1,0,Regular,0.0
8463,306,0,0.0,4,4.0,6.0,1568.0,0,4,Lost,0.0
8464,42,1,2416.21,5,4.333333333333333,12.333333333333334,1205.3333333333333,2,3,New Customer,26.1621
8465,259,1,1026.18,8,4.5,15.5,923.5,2,1,At Risk,12.261800000000001
8466,16,0,0.0,5,4.0,7.5,956.0,1,0,Regular,0.0
8467,340,0,0.0,1,4.0,24.0,36.0,1,4,Lost,0.0
8468,228,0,0.0,4,4.0,9.0,997.0,1,4,Lost,0.0
8469,78,0,0.0,7,4.0,16.75,1056.0,2,0,Regular,0.0
8470,197,0,0.0,2,4.0,7.0,928.0,0,4,Lost,0.0
8471,328,0,0.0,2,4.0,14.0,736.5,2,4,Lost,0.0
8472,215,0,0.0,9,4.0,13.333333333333334,1280.3333333333333,1,4,Lost,0.0
8473,67,0,0.0,4,4.0,9.0,1191.5,2,0,Regular,0.0
8474,80,0,0.0,3,4.0,13.5,1310.0,1,0,Regular,0.0
8475,278,0,0.0,3,4.0,12.0,223.0,1,4,Lost,0.0
8476,107,1,1177.25,2,1.0,14.0,665.0,1,3,New Customer,13.7725
8477,101,1,3485.94,4,4.5,5.5,1068.5,2,3,New Customer,36.8594
8478,278,0,0.0,10,4.0,14.25,430.25,3,4,Lost,0.0
8479,258,1,4037.22,3,3.0,24.0,1042.0,1,1,At Risk,42.3722
8480,97,0,0.0,4,4.0,16.0,1231.0,1,0,Regular,0.0
8481,131,1,1359.36,12,4.0,15.0,1345.25,3,3,New Customer,15.593599999999999
8482,31,0,0.0,5,4.0,21.0,898.5,0,0,Regular,0.0
8483,139,1,1608.1,3,5.0,8.0,529.0,1,1,At Risk,18.081
8484,202,0,0.0,2,4.0,16.0,1217.0,1,4,Lost,0.0
8487,17,1,1353.2,8,4.25,3.75,558.75,3,3,New Customer,15.532
8488,37,0,0.0,10,4.0,14.25,1104.0,1,0,Regular,0.0
8489,75,0,0.0,7,4.0,22.0,961.5,2,0,Regular,0.0
8490,120,1,2438.69,11,4.25,13.25,1026.25,1,3,New Customer,26.3869
8491,1,1,641.31,14,4.0,8.0,819.4,3,3,New Customer,8.4131
8493,153,0,0.0,5,4.0,14.333333333333334,1110.0,3,4,Lost,0.0
8494,34,0,0.0,2,4.0,13.0,231.0,0,0,Regular,0.0
8495,267,0,0.0,1,4.0,12.0,109.0,0,4,Lost,0.0
8496,234,0,0.0,3,4.0,20.0,97.0,0,4,Lost,0.0
8497,151,0,0.0,4,4.0,12.0,1229.0,1,4,Lost,0.0
8498,93,1,1381.46,9,3.75,15.5,1139.5,1,3,New Customer,15.8146
8499,11,2,5686.5,10,4.4,11.4,863.6,3,2,VIP,60.865
8500,126,0,0.0,10,4.0,13.666666666666666,878.0,1,0,Regular,0.0
8501,104,3,1883.69,13,3.8,14.6,334.2,4,2,VIP,24.8369
8502,7,0,0.0,9,4.0,12.333333333333334,851.3333333333334,3,0,Regular,0.0
8503,61,1,465.46,5,4.333333333333333,16.0,845.0,2,3,New Customer,6.654599999999999
8504,61,0,0.0,3,4.0,16.0,552.0,0,0,Regular,0.0
8505,84,1,3055.39,14,4.0,14.2,445.8,3,3,New Customer,32.5539
8506,353,0,0.0,3,4.0,12.0,1035.0,0,4,Lost,0.0
8507,53,2,1832.87,11,3.5,11.75,1014.75,3,3,New Customer,22.328699999999998
8508,62,0,0.0,5,4.0,19.5,1144.5,1,0,Regular,0.0
8509,110,1,189.03,3,5.0,18.0,66.0,1,3,New Customer,3.8903
8510,190,1,1105.66,6,4.5,8.5,1320.5,1,1,At Risk,13.056600000000001
8511,107,0,0.0,6,4.0,16.5,1198.5,2,0,Regular,0.0
8512,67,1,3782.55,12,4.25,18.0,1050.25,3,3,New Customer,39.825500000000005
8513,150,0,0.0,6,4.0,5.8,795.6,2,0,Regular,0.0
8514,171,0,0.0,2,4.0,14.0,1022.0,0,4,Lost,0.0
8515,22,1,3550.8,13,4.0,14.25,924.0,3,3,New Customer,37.508
8516,36,0,0.0,7,4.0,8.0,1331.0,1,0,Regular,0.0
8517,179,0,0.0,5,4.0,22.0,1185.5,2,4,Lost,0.0
8518,48,0,0.0,6,4.0,12.75,735.25,0,0,Regular,0.0
8519,65,0,0.0,4,4.0,19.5,167.0,1,0,Regular,0.0
8520,25,0,0.0,5,4.0,20.5,475.0,1,0,Regular,0.0
8521,61,1,1906.36,8,3.6666666666666665,12.333333333333334,1394.0,3,3,New Customer,21.063599999999997
8522,151,0,0.0,6,4.0,17.0,764.0,1,4,Lost,0.0
8523,304,0,0.0,4,4.0,16.0,1707.0,0,4,Lost,0.0
8524,70,0,0.0,14,4.0,10.4,682.6,3,0,Regular,0.0
8525,3,1,1629.86,14,3.75,7.5,1246.5,2,3,New Customer,18.2986
8526,26,1,1161.24,11,4.0,15.0,1276.3333333333333,1,3,New Customer,13.612400000000001
8527,97,2,1299.31,8,3.6666666666666665,17.666666666666668,1372.3333333333333,3,3,New Customer,16.9931
8528,38,1,2383.85,7,3.3333333333333335,8.666666666666666,604.3333333333334,1,3,New Customer,25.8385
8529,91,1,619.92,6,4.0,15.0,1291.5,1,3,New Customer,8.1992
8530,65,0,0.0,1,4.0,1.0,1101.0,1,0,Regular,0.0
8531,108,3,5049.22,7,4.0,16.333333333333332,1300.6666666666667,3,2,VIP,56.492200000000004
8533,43,1,3440.16,20,4.0,14.428571428571429,1188.4285714285713,5,3,New Customer,36.4016
8534,183,1,5044.07,12,3.8,11.2,829.2,3,1,At Risk,52.4407
8535,48,1,3574.05,10,4.0,10.0,739.0,1,3,New Customer,37.740500000000004
8536,39,0,0.0,6,4.0,24.0,731.5,1,0,Regular,0.0
8537,13,0,0.0,8,4.0,23.5,570.0,0,0,Regular,0.0
8538,116,1,2521.33,7,3.6666666666666665,16.0,1156.3333333333333,3,3,New Customer,27.2133
8539,93,0,0.0,6,4.0,9.333333333333334,584.3333333333334,0,0,Regular,0.0
8540,94,0,0.0,8,4.0,14.5,1259.5,1,0,Regular,0.0
8541,23,1,769.54,4,4.333333333333333,15.333333333333334,639.6666666666666,3,3,New Customer,9.6954
8542,23,1,1311.94,8,4.0,7.5,422.25,4,3,New Customer,15.1194
8543,183,0,0.0,9,4.0,11.25,995.5,3,4,Lost,0.0
8544,106,0,0.0,7,4.0,15.333333333333334,1043.0,0,0,Regular,0.0
8545,8,2,2476.46,5,4.5,9.5,679.5,2,3,New Customer,28.7646
8546,165,2,3048.68,3,4.5,14.0,332.5,2,1,At Risk,34.4868
8547,198,1,269.49,1,3.0,2.0,1368.0,1,1,At Risk,4.6949000000000005
8549,16,0,0.0,6,4.0,17.0,1333.3333333333333,3,0,Regular,0.0
8550,73,0,0.0,8,4.0,17.5,1140.5,1,0,Regular,0.0
8551,33,0,0.0,3,4.0,10.0,644.5,1,0,Regular,0.0
8552,29,1,4360.83,10,4.333333333333333,3.6666666666666665,961.3333333333334,2,3,New Customer,45.6083
8553,349,1,3504.67,6,3.5,11.0,1613.0,1,1,At Risk,37.0467
8554,61,1,1425.75,13,4.0,6.5,1049.5,2,3,New Customer,16.2575
8555,209,0,0.0,1,4.0,13.0,1573.0,1,4,Lost,0.0
8556,221,1,317.38,6,3.6666666666666665,11.666666666666666,1137.3333333333333,2,1,At Risk,5.1738
8557,185,1,425.09,16,3.6,9.6,972.6,3,1,At Risk,6.2509
8558,107,1,1949.77,12,4.0,8.0,816.2,1,3,New Customer,21.4977
8559,58,0,0.0,7,4.0,14.5,1557.0,2,0,Regular,0.0
8560,90,0,0.0,8,4.0,8.25,652.5,4,0,Regular,0.0
8561,31,0,0.0,6,4.0,9.333333333333334,1370.3333333333333,2,0,Regular,0.0
8562,152,1,1920.3,2,5.0,1.0,787.0,1,1,At Risk,21.203
8563,82,2,5281.4,4,3.0,8.5,1030.5,2,2,VIP,56.81399999999999
8564,110,0,0.0,3,4.0,10.333333333333334,659.3333333333334,3,0,Regular,0.0
8565,321,0,0.0,3,4.0,22.0,1389.0,1,4,Lost,0.0
8566,25,0,0.0,11,4.0,16.0,1278.6666666666667,2,0,Regular,0.0
8567,47,1,852.8,13,3.25,16.0,1377.25,2,3,New Customer,10.527999999999999
8568,80,0,0.0,8,4.0,16.0,1132.0,0,0,Regular,0.0
8569,55,0,0.0,12,4.0,11.0,689.25,3,0,Regular,0.0
8570,121,0,0.0,6,4.0,8.5,1257.0,1,0,Regular,0.0
8572,9,1,2339.99,3,2.0,3.0,307.0,1,3,New Customer,25.3999
8573,68,2,1965.52,7,4.0,6.0,331.5,2,3,New Customer,23.6552
8574,202,1,1228.97,10,4.0,12.75,724.0,4,1,At Risk,14.2897
8575,251,1,1024.64,3,4.0,12.0,660.5,1,1,At Risk,12.246400000000001
8577,115,1,1363.78,7,4.0,10.75,1231.25,3,3,New Customer,15.6378
8578,46,0,0.0,10,4.0,9.75,775.75,4,0,Regular,0.0
8579,46,0,0.0,7,4.0,7.333333333333333,352.6666666666667,3,0,Regular,0.0
8580,273,0,0.0,4,4.0,18.0,1000.5,1,4,Lost,0.0
8581,255,0,0.0,3,4.0,2.0,1475.0,0,4,Lost,0.0
8582,54,0,0.0,3,4.0,2.5,1727.5,1,0,Regular,0.0
8583,61,1,725.88,25,3.888888888888889,12.777777777777779,718.8888888888889,7,3,New Customer,9.2588
8584,34,2,2063.11,19,4.0,13.625,695.5,7,3,New Customer,24.6311
8585,113,1,1133.7,9,4.333333333333333,10.0,646.0,2,3,New Customer,13.337
8586,102,2,4753.72,3,4.0,18.5,1010.0,2,2,VIP,51.537200000000006
8588,12,1,429.02,7,4.25,12.5,894.75,4,3,New Customer,6.2902
8589,131,1,222.62,2,4.0,14.0,1749.0,1,3,New Customer,4.2262
8590,226,0,0.0,4,4.0,13.0,244.0,0,4,Lost,0.0
8591,30,0,0.0,11,4.0,17.6,1026.8,3,0,Regular,0.0
8592,143,0,0.0,2,4.0,13.0,897.5,0,0,Regular,0.0
8593,188,2,1393.39,6,4.5,12.0,1263.0,2,1,At Risk,17.9339
8594,259,0,0.0,1,4.0,14.0,1035.0,1,4,Lost,0.0
8595,226,1,3399.54,10,3.3333333333333335,15.0,809.0,2,1,At Risk,35.9954
8596,340,1,1619.06,5,4.5,15.0,1085.5,2,1,At Risk,18.1906
8597,43,1,3589.02,16,4.0,15.166666666666666,397.5,2,3,New Customer,37.8902
8598,46,0,0.0,10,4.0,13.0,830.0,1,0,Regular,0.0
8599,311,0,0.0,2,4.0,11.0,795.0,0,4,Lost,0.0
8600,24,0,0.0,9,4.0,12.333333333333334,1066.0,2,0,Regular,0.0
8601,303,0,0.0,3,4.0,14.0,1557.0,1,4,Lost,0.0
8602,69,0,0.0,5,4.0,17.0,892.3333333333334,2,0,Regular,0.0
8603,332,1,5573.31,4,3.0,12.0,1043.0,1,1,At Risk,57.73310000000001
8604,37,1,2045.2,9,3.6666666666666665,16.0,877.3333333333334,3,3,New Customer,22.452
8605,47,1,2349.79,3,4.5,9.5,1062.5,1,3,New Customer,25.4979
8606,44,0,0.0,7,4.0,10.333333333333334,693.6666666666666,3,0,Regular,0.0
8607,37,0,0.0,4,4.0,24.0,994.0,0,0,Regular,0.0
8608,28,3,11392.83,12,3.2,12.0,1445.4,5,2,VIP,119.9283
8609,50,1,761.8,11,4.0,7.25,666.5,4,3,New Customer,9.617999999999999
8610,192,1,206.4,1,3.0,9.0,328.0,1,1,At Risk,4.064
8611,58,1,5016.35,9,3.0,7.666666666666667,1313.6666666666667,3,2,VIP,52.163500000000006
8612,88,0,0.0,5,4.0,2.5,1416.0,2,0,Regular,0.0
8613,73,3,4117.28,15,3.2,7.6,669.2,4,2,VIP,47.172799999999995
8614,144,2,1475.46,9,4.0,11.2,908.8,3,1,At Risk,18.7546
8615,154,2,2043.3,8,3.6,10.2,740.6,2,1,At Risk,24.433
8616,19,1,402.05,6,3.6666666666666665,6.0,1042.3333333333333,3,3,New Customer,6.0205
8617,262,1,633.84,4,4.5,9.0,1599.0,1,1,At Risk,8.3384
8618,36,0,0.0,7,4.0,9.666666666666666,1482.6666666666667,2,0,Regular,0.0
8619,54,0,0.0,2,4.0,9.0,331.5,1,0,Regular,0.0
8620,43,0,0.0,3,4.0,20.0,282.0,0,0,Regular,0.0
8621,133,0,0.0,21,4.0,14.0,1238.8333333333333,4,0,Regular,0.0
8622,327,1,1243.98,7,3.5,6.5,1336.5,1,1,At Risk,14.4398
8623,212,0,0.0,7,4.0,4.5,969.5,2,4,Lost,0.0
8624,221,1,1983.42,2,4.0,10.0,903.0,1,1,At Risk,21.8342
8625,5,1,860.52,8,3.3333333333333335,15.333333333333334,633.0,1,3,New Customer,10.6052
8626,288,0,0.0,4,4.0,9.0,931.0,0,4,Lost,0.0
8627,155,0,0.0,1,4.0,18.0,1244.0,1,4,Lost,0.0
8628,39,2,1378.9,12,4.0,15.0,682.0,3,3,New Customer,17.789
8629,159,2,4782.21,10,2.6666666666666665,16.0,1303.6666666666667,3,2,VIP,51.8221
8630,32,1,321.92,8,4.0,14.75,793.5,4,3,New Customer,5.219200000000001
8631,33,0,0.0,3,4.0,22.0,84.0,1,0,Regular,0.0
8632,7,1,599.67,5,4.0,16.0,520.0,2,3,New Customer,7.9967
8633,51,1,228.21,8,4.0,7.333333333333333,1025.3333333333333,3,3,New Customer,4.2821
8634,68,1,3000.21,14,4.166666666666667,10.333333333333334,935.0,5,3,New Customer,32.0021
8635,283,0,0.0,2,4.0,20.0,596.0,1,4,Lost,0.0
8636,125,2,3314.53,9,4.333333333333333,4.333333333333333,1162.0,2,2,VIP,37.1453
8637,215,0,0.0,5,4.0,17.5,1409.0,2,4,Lost,0.0
8638,37,1,1292.67,16,3.7142857142857144,12.571428571428571,870.1428571428571,3,3,New Customer,14.9267
8639,202,0,0.0,5,4.0,16.0,514.5,1,4,Lost,0.0
8640,8,0,0.0,8,4.0,13.25,1281.75,2,0,Regular,0.0
8641,142,1,293.78,5,4.0,12.5,271.5,2,1,At Risk,4.937799999999999
8642,103,1,1284.44,12,4.0,12.8,959.6,4,3,New Customer,14.8444
8643,19,0,0.0,12,4.0,8.5,814.75,1,0,Regular,0.0
8644,244,2,3074.87,4,4.5,4.5,340.0,2,1,At Risk,34.7487
8645,166,0,0.0,5,4.0,20.5,716.5,1,4,Lost,0.0
8646,24,1,3080.44,9,4.0,9.666666666666666,853.6666666666666,1,3,New Customer,32.8044
8647,156,0,0.0,11,4.0,14.2,844.8,2,4,Lost,0.0
8648,65,1,3620.26,4,4.5,19.0,670.5,1,3,New Customer,38.202600000000004
8649,127,0,0.0,4,4.0,11.0,1242.0,2,0,Regular,0.0
8650,117,1,1225.52,8,4.0,9.0,422.0,2,3,New Customer,14.2552
8651,36,2,6519.0599999999995,19,3.875,13.5,587.125,6,2,VIP,69.19059999999999
8652,7,0,0.0,1,4.0,13.0,280.0,0,0,Regular,0.0
8653,199,3,3744.0,14,4.6,8.0,666.6,4,2,VIP,43.44
8654,70,1,247.18,15,4.2,16.4,607.8,4,3,New Customer,4.4718
8655,36,1,773.69,10,4.25,16.25,416.25,3,3,New Customer,9.7369
8656,6,0,0.0,5,4.0,14.0,1158.0,1,0,Regular,0.0
8657,121,0,0.0,4,4.0,21.0,1473.0,1,0,Regular,0.0
8658,177,0,0.0,5,4.0,17.5,897.0,1,4,Lost,0.0
8659,85,1,1051.56,7,4.0,7.0,1061.6666666666667,2,3,New Customer,12.5156
8660,171,1,303.18,8,3.6666666666666665,8.666666666666666,612.3333333333334,2,1,At Risk,5.0318000000000005
8661,224,0,0.0,5,4.0,18.5,934.5,1,4,Lost,0.0
8662,14,0,0.0,11,4.0,14.2,1094.6,4,0,Regular,0.0
8663,89,0,0.0,4,4.0,18.5,1298.5,0,0,Regular,0.0
8664,53,1,1122.73,2,4.5,5.5,1076.0,2,3,New Customer,13.2273
8665,66,0,0.0,8,4.0,11.8,1078.4,3,0,Regular,0.0
8666,83,0,0.0,9,4.0,7.333333333333333,495.0,2,0,Regular,0.0
8667,94,2,687.1899999999999,9,4.0,8.0,423.5,3,3,New Customer,10.8719
8668,70,2,1320.7,8,4.5,13.0,703.0,3,3,New Customer,17.207
8670,48,1,192.56,8,4.25,10.75,1216.75,2,3,New Customer,3.9256
8672,6,0,0.0,2,4.0,9.5,694.5,1,0,Regular,0.0
8673,225,0,0.0,6,4.0,16.5,835.5,2,4,Lost,0.0
8674,33,1,419.8,3,4.5,8.5,1263.0,1,3,New Customer,6.198
8675,98,0,0.0,10,4.0,12.333333333333334,939.6666666666666,1,0,Regular,0.0
8676,6,0,0.0,2,4.0,15.0,321.0,1,0,Regular,0.0
8677,198,1,2762.84,8,3.0,9.5,1387.5,2,1,At Risk,29.628400000000003
8678,101,0,0.0,5,4.0,17.5,1295.0,1,0,Regular,0.0
8679,18,2,3688.9,8,4.5,17.0,546.0,4,2,VIP,40.889
8681,19,1,2696.42,9,3.3333333333333335,11.0,978.0,1,3,New Customer,28.9642
8682,6,2,5531.929999999999,8,4.333333333333333,11.0,1344.3333333333333,2,2,VIP,59.31929999999999
8684,126,1,1411.34,3,3.0,13.5,340.5,1,3,New Customer,16.1134
8685,58,1,1055.11,14,4.166666666666667,11.166666666666666,982.3333333333334,3,3,New Customer,12.551099999999998
8686,76,2,3010.2799999999997,15,4.142857142857143,14.571428571428571,746.0,3,3,New Customer,34.1028
8687,121,0,0.0,6,4.0,13.5,865.75,1,0,Regular,0.0
8688,62,1,700.49,8,4.0,16.6,1042.8,4,3,New Customer,9.0049
8689,181,0,0.0,6,4.0,12.333333333333334,991.0,2,4,Lost,0.0
8690,8,0,0.0,3,4.0,18.0,361.5,1,0,Regular,0.0
8691,200,0,0.0,2,4.0,7.0,1725.0,0,4,Lost,0.0
8692,20,0,0.0,4,4.0,21.0,643.0,0,0,Regular,0.0
8693,25,0,0.0,6,4.0,14.0,301.3333333333333,3,0,Regular,0.0
8694,40,2,2245.58,11,4.5,8.25,1536.75,2,3,New Customer,26.4558
8695,150,0,0.0,7,4.0,10.666666666666666,525.6666666666666,1,0,Regular,0.0
8696,10,0,0.0,5,4.0,15.5,853.0,0,0,Regular,0.0
8697,101,0,0.0,3,4.0,3.0,1261.0,1,0,Regular,0.0
8698,105,0,0.0,9,4.0,15.666666666666666,830.6666666666666,1,0,Regular,0.0
8699,77,1,1432.62,9,3.25,11.25,1014.25,2,3,New Customer,16.3262
8700,205,0,0.0,5,4.0,9.0,1494.0,2,4,Lost,0.0
8701,4,0,0.0,5,4.0,4.0,287.0,1,0,Regular,0.0
8702,69,0,0.0,6,4.0,16.0,948.5,2,0,Regular,0.0
8703,364,0,0.0,3,4.0,22.0,1222.0,0,4,Lost,0.0
8704,110,0,0.0,11,4.0,10.25,1427.75,1,0,Regular,0.0
8705,264,0,0.0,3,4.0,6.0,1115.0,0,4,Lost,0.0
8706,241,0,0.0,7,4.0,4.333333333333333,1256.0,0,4,Lost,0.0
8707,47,1,4850.2,10,4.333333333333333,8.0,812.3333333333334,2,2,VIP,50.501999999999995
8708,39,3,5309.18,25,3.5555555555555554,15.222222222222221,1073.4444444444443,7,2,VIP,59.091800000000006
8709,206,1,321.04,6,4.0,9.5,1389.5,2,1,At Risk,5.2104
8710,189,1,551.11,15,4.0,11.6,666.2,3,1,At Risk,7.5111
8711,131,2,3403.38,10,3.0,7.666666666666667,837.6666666666666,3,2,VIP,38.0338
8712,62,1,1549.83,13,4.25,18.0,1311.5,2,3,New Customer,17.4983
8713,46,0,0.0,2,4.0,11.5,181.5,1,0,Regular,0.0
8714,14,0,0.0,12,4.0,10.2,699.6,2,0,Regular,0.0
8715,273,2,2696.56,12,3.6666666666666665,13.0,879.6666666666666,2,1,At Risk,30.9656
8716,56,1,142.61,10,4.25,14.5,908.0,4,3,New Customer,3.4261
8717,132,0,0.0,5,4.0,14.5,1209.5,0,0,Regular,0.0
8718,30,0,0.0,1,4.0,22.0,94.0,1,0,Regular,0.0
8719,20,0,0.0,2,4.0,3.5,665.5,2,0,Regular,0.0
8720,31,0,0.0,5,4.0,18.5,1381.5,1,0,Regular,0.0
8721,31,0,0.0,5,4.0,7.5,790.5,1,0,Regular,0.0
8722,355,1,720.51,1,4.0,17.0,736.0,1,1,At Risk,9.2051
8723,82,0,0.0,3,4.0,6.5,1049.5,2,0,Regular,0.0
8724,344,0,0.0,4,4.0,8.0,936.0,1,4,Lost,0.0
8725,144,0,0.0,7,4.0,9.333333333333334,820.0,1,0,Regular,0.0
8726,195,0,0.0,6,4.0,15.0,679.6666666666666,2,4,Lost,0.0
8727,2,1,2650.26,9,3.6666666666666665,9.666666666666666,1159.6666666666667,1,3,New Customer,28.5026
8729,91,2,1410.47,11,4.0,12.5,1195.25,4,3,New Customer,18.1047
8730,20,1,2972.55,4,4.5,21.0,1166.5,1,3,New Customer,31.7255
8731,68,0,0.0,5,4.0,13.5,793.0,1,0,Regular,0.0
8734,7,1,639.1,8,4.333333333333333,13.0,1055.6666666666667,3,3,New Customer,8.391
8735,36,1,1335.54,7,4.0,10.666666666666666,458.6666666666667,3,3,New Customer,15.3554
8736,73,1,2908.37,5,4.0,5.5,1410.5,1,3,New Customer,31.0837
8737,61,2,4190.45,15,4.2,13.0,290.4,4,2,VIP,45.9045
8738,28,1,2842.11,6,3.0,11.0,606.5,1,3,New Customer,30.421100000000003
8739,275,0,0.0,4,4.0,18.5,1232.5,2,4,Lost,0.0
8740,1,1,521.32,20,4.0,14.5,975.875,5,3,New Customer,7.2132000000000005
8741,166,1,622.52,4,3.3333333333333335,18.666666666666668,546.6666666666666,2,1,At Risk,8.225200000000001
8742,29,0,0.0,8,4.0,1.5,370.5,1,0,Regular,0.0
8743,106,0,0.0,11,4.0,10.75,896.75,2,0,Regular,0.0
8744,179,1,5100.64,9,3.75,16.5,760.25,3,1,At Risk,53.006400000000006
8745,48,1,1771.88,14,4.2,10.2,1072.0,5,3,New Customer,19.7188
8746,253,0,0.0,2,4.0,15.5,1373.0,1,4,Lost,0.0
8747,27,0,0.0,8,4.0,11.5,905.0,2,0,Regular,0.0
8749,10,1,2386.46,11,3.8,14.0,932.8,3,3,New Customer,25.8646
8750,18,3,4052.46,12,3.75,12.5,903.25,3,2,VIP,46.5246
8751,362,1,961.12,3,2.0,16.0,806.0,1,1,At Risk,11.6112
8753,161,0,0.0,6,4.0,16.0,1116.0,1,4,Lost,0.0
8754,265,1,1185.87,3,4.5,13.5,1216.5,1,1,At Risk,13.858699999999999
8755,15,1,498.93,11,4.25,9.25,355.0,4,3,New Customer,6.9893
8756,56,1,1859.51,13,4.2,19.4,711.6,2,3,New Customer,20.5951
8757,112,0,0.0,2,4.0,3.0,1242.0,1,0,Regular,0.0
8758,134,0,0.0,10,4.0,12.75,881.5,0,0,Regular,0.0
8761,49,1,509.3,3,4.0,20.5,991.5,1,3,New Customer,7.093
8762,120,0,0.0,8,4.0,19.0,1007.3333333333334,2,0,Regular,0.0
8763,147,0,0.0,14,4.0,11.666666666666666,972.8333333333334,4,0,Regular,0.0
8764,2,0,0.0,4,4.0,7.0,117.0,1,0,Regular,0.0
8765,200,0,0.0,4,4.0,20.0,480.0,1,4,Lost,0.0
8766,100,0,0.0,5,4.0,12.0,684.0,2,0,Regular,0.0
8767,42,0,0.0,10,4.0,17.25,843.25,3,0,Regular,0.0
8768,21,1,2304.68,13,3.75,12.75,959.75,3,3,New Customer,25.046799999999998
8769,27,1,330.88,4,3.6666666666666665,10.0,972.6666666666666,1,3,New Customer,5.3088
8770,32,0,0.0,14,4.0,16.8,1042.4,2,0,Regular,0.0
8771,81,1,496.95,2,4.0,17.0,1616.0,1,3,New Customer,6.9695
8772,44,2,6876.8099999999995,13,3.5,17.0,787.5,3,2,VIP,72.76809999999999
8773,125,1,1260.34,9,4.0,16.0,1133.0,3,3,New Customer,14.603399999999999
8774,21,1,2742.25,7,4.5,16.5,711.5,2,3,New Customer,29.4225
8775,47,1,903.06,6,4.0,17.0,673.0,2,3,New Customer,11.0306
8776,36,1,2103.78,8,4.0,10.25,434.25,4,3,New Customer,23.0378
8777,112,0,0.0,7,4.0,7.5,664.0,1,0,Regular,0.0
8778,285,0,0.0,4,4.0,19.0,1052.0,1,4,Lost,0.0
8779,52,2,4196.82,12,4.333333333333333,16.0,718.0,3,2,VIP,45.968199999999996
8780,227,0,0.0,3,4.0,15.0,532.0,0,4,Lost,0.0
8781,27,2,3952.1299999999997,11,4.0,15.6,745.0,3,2,VIP,43.5213
8782,62,1,1482.06,5,3.75,15.0,1149.0,3,3,New Customer,16.8206
8783,216,0,0.0,12,4.0,11.0,1287.25,2,4,Lost,0.0
8784,319,1,3335.66,7,4.5,9.5,1688.0,1,1,At Risk,35.3566
8785,43,1,1184.28,3,3.6666666666666665,5.0,1247.0,2,3,New Customer,13.8428
8786,58,0,0.0,2,4.0,17.0,1527.0,0,0,Regular,0.0
8788,63,0,0.0,15,4.0,11.75,1128.5,2,0,Regular,0.0
8789,184,0,0.0,8,4.0,15.333333333333334,952.0,2,4,Lost,0.0
8790,311,0,0.0,2,4.0,21.0,1068.0,0,4,Lost,0.0
8791,10,1,618.21,5,4.0,14.333333333333334,497.0,1,3,New Customer,8.1821
8792,225,0,0.0,3,4.0,18.0,225.0,1,4,Lost,0.0
8793,123,0,0.0,11,4.0,17.75,820.5,2,0,Regular,0.0
8794,185,1,3869.36,8,4.333333333333333,7.666666666666667,1117.6666666666667,2,1,At Risk,40.6936
8795,209,1,1354.32,6,4.0,10.0,863.5,1,1,At Risk,15.543199999999999
8796,170,1,637.1,5,4.5,16.0,788.5,2,1,At Risk,8.371
8798,293,0,0.0,2,4.0,4.0,1313.0,1,4,Lost,0.0
8800,51,1,609.54,4,4.0,14.5,412.5,1,3,New Customer,8.0954
8801,187,1,1935.4,7,4.5,15.5,1174.5,1,1,At Risk,21.354
8802,59,0,0.0,5,4.0,17.666666666666668,1167.0,2,0,Regular,0.0
8803,185,0,0.0,6,4.0,11.666666666666666,1072.0,1,4,Lost,0.0
8804,144,0,0.0,11,4.0,18.0,1084.6666666666667,0,0,Regular,0.0
8805,81,0,0.0,5,4.0,12.0,328.5,2,0,Regular,0.0
8806,71,1,107.6,11,3.5,7.75,421.0,4,3,New Customer,3.0759999999999996
8807,96,0,0.0,10,4.0,16.666666666666668,1383.3333333333333,2,0,Regular,0.0
8808,196,1,6869.81,8,4.0,6.5,753.5,2,2,VIP,70.69810000000001
8809,237,0,0.0,6,4.0,10.333333333333334,1649.3333333333333,2,4,Lost,0.0
8810,117,0,0.0,4,4.0,13.5,440.5,1,0,Regular,0.0
8811,63,2,1674.1,10,3.75,19.5,1128.5,3,3,New Customer,20.741
8812,12,0,0.0,5,4.0,4.0,1611.5,2,0,Regular,0.0
8813,10,0,0.0,17,4.0,15.2,689.0,1,0,Regular,0.0
8814,237,0,0.0,1,4.0,3.0,623.0,0,4,Lost,0.0
8815,17,1,2769.81,20,3.6666666666666665,15.333333333333334,1008.6666666666666,4,3,New Customer,29.6981
8817,61,2,2367.32,10,4.2,13.2,706.8,3,3,New Customer,27.6732
8818,75,2,1002.8199999999999,9,3.4,11.4,1154.8,3,3,New Customer,14.0282
8819,232,0,0.0,4,4.0,4.0,1186.0,2,4,Lost,0.0
8820,61,0,0.0,12,4.0,16.166666666666668,877.3333333333334,4,0,Regular,0.0
8821,289,0,0.0,1,4.0,5.0,736.0,0,4,Lost,0.0
8822,80,0,0.0,3,4.0,19.0,441.0,1,0,Regular,0.0
8823,21,2,4389.32,20,3.2857142857142856,14.857142857142858,550.8571428571429,5,2,VIP,47.8932
8824,221,1,2766.2,3,5.0,6.0,940.0,1,1,At Risk,29.662
8826,105,1,2952.3,5,4.5,15.5,1172.5,2,3,New Customer,31.523000000000003
8827,79,0,0.0,5,4.0,17.5,1636.0,1,0,Regular,0.0
8828,11,0,0.0,2,4.0,8.5,752.0,0,0,Regular,0.0
8829,89,1,185.95,8,4.333333333333333,11.666666666666666,986.6666666666666,2,3,New Customer,3.8594999999999997
8830,272,1,560.76,4,4.0,9.5,1473.5,2,1,At Risk,7.6076
8831,186,0,0.0,2,4.0,7.5,782.0,2,4,Lost,0.0
8832,27,0,0.0,8,4.0,10.0,673.6666666666666,1,0,Regular,0.0
8833,292,1,501.55,1,4.0,2.0,989.0,1,1,At Risk,7.0155
8834,166,0,0.0,7,4.0,13.0,1008.3333333333334,3,4,Lost,0.0
8835,59,1,2062.68,9,3.0,15.0,753.3333333333334,2,3,New Customer,22.6268
8838,144,0,0.0,7,4.0,16.0,960.3333333333334,3,0,Regular,0.0
8839,31,0,0.0,5,4.0,9.0,1207.0,2,0,Regular,0.0
8840,70,1,1323.14,18,3.8333333333333335,11.666666666666666,951.1666666666666,4,3,New Customer,15.2314
8841,80,1,866.52,8,3.3333333333333335,15.333333333333334,790.6666666666666,1,3,New Customer,10.6652
8842,169,1,940.44,11,4.0,14.25,1223.0,1,1,At Risk,11.4044
8844,53,0,0.0,8,4.0,15.0,441.5,1,0,Regular,0.0
8845,84,1,60.08,1,3.0,12.0,164.0,1,3,New Customer,2.6008
8846,48,3,2596.08,7,3.5,16.5,940.0,3,2,VIP,31.9608
8847,138,0,0.0,6,4.0,18.0,1023.0,2,0,Regular,0.0
8848,28,1,5978.31,6,4.0,5.333333333333333,1417.3333333333333,2,2,VIP,61.783100000000005
8849,117,0,0.0,2,4.0,6.0,594.0,1,0,Regular,0.0
8850,21,1,2304.21,5,4.5,4.0,836.5,2,3,New Customer,25.0421
8851,30,2,7454.47,9,2.5,16.0,830.5,4,2,VIP,78.5447
8852,338,1,1788.51,2,4.5,9.0,691.0,1,1,At Risk,19.8851
8853,173,0,0.0,10,4.0,12.666666666666666,1422.0,2,4,Lost,0.0
8854,139,1,1066.89,11,4.25,13.5,968.75,2,1,At Risk,12.6689
8855,30,1,665.74,11,4.2,17.4,1190.2,3,3,New Customer,8.657399999999999
8856,114,0,0.0,9,4.0,12.25,944.75,0,0,Regular,0.0
8857,180,0,0.0,1,4.0,5.0,1537.0,0,4,Lost,0.0
8858,48,1,1202.04,8,4.333333333333333,10.666666666666666,1110.3333333333333,1,3,New Customer,14.0204
8859,21,0,0.0,2,4.0,20.0,667.0,1,0,Regular,0.0
8861,82,1,2485.73,9,4.333333333333333,17.0,1158.0,1,3,New Customer,26.8573
8862,100,0,0.0,14,4.0,16.0,567.25,3,0,Regular,0.0
8863,18,1,1434.13,7,3.5,13.5,640.5,1,3,New Customer,16.3413
8864,158,1,182.49,5,3.5,14.0,537.0,2,1,At Risk,3.8249000000000004
8865,253,0,0.0,3,4.0,16.0,1545.0,1,4,Lost,0.0
8866,59,1,1659.78,2,2.0,6.0,690.0,1,3,New Customer,18.5978
8867,218,0,0.0,4,4.0,2.5,1339.5,0,4,Lost,0.0
8868,62,0,0.0,13,4.0,13.25,632.25,3,0,Regular,0.0
8869,0,0,0.0,6,4.0,14.5,979.0,1,0,Regular,0.0
8870,42,0,0.0,8,4.0,16.0,914.5,3,0,Regular,0.0
8871,144,0,0.0,4,4.0,7.0,757.0,1,0,Regular,0.0
8872,148,1,886.42,7,3.6666666666666665,14.0,476.0,2,1,At Risk,10.8642
8873,49,1,167.64,5,4.0,21.0,431.0,1,3,New Customer,3.6764
8874,193,0,0.0,15,4.0,13.333333333333334,780.5,4,4,Lost,0.0
8875,244,1,696.68,6,3.5,8.5,924.0,2,1,At Risk,8.9668
8876,91,1,322.82,8,3.3333333333333335,5.0,761.0,1,3,New Customer,5.228199999999999
8878,68,1,3492.4,17,4.0,16.333333333333332,1015.1666666666666,3,3,New Customer,36.924
8879,250,1,942.82,6,4.0,21.0,878.5,2,1,At Risk,11.4282
8880,245,0,0.0,7,4.0,19.0,599.6666666666666,3,4,Lost,0.0
8881,3,1,675.05,6,4.0,17.75,1090.75,4,3,New Customer,8.750499999999999
8882,144,0,0.0,4,4.0,2.0,949.0,0,0,Regular,0.0
8883,26,1,566.58,4,4.0,3.0,1150.0,1,3,New Customer,7.665800000000001
8884,55,1,494.97,8,3.6666666666666665,19.666666666666668,870.6666666666666,3,3,New Customer,6.9497
8885,187,1,1193.0,12,4.2,16.2,1035.8,2,1,At Risk,13.93
8886,274,0,0.0,6,4.0,9.0,376.0,1,4,Lost,0.0
8889,196,0,0.0,8,4.0,8.5,964.25,1,4,Lost,0.0
8890,336,0,0.0,4,4.0,16.0,1666.0,1,4,Lost,0.0
8891,340,0,0.0,1,4.0,3.0,1736.0,0,4,Lost,0.0
8893,327,0,0.0,4,4.0,16.0,807.0,0,4,Lost,0.0
8894,18,1,590.08,19,4.0,13.714285714285714,1277.857142857143,4,3,New Customer,7.9008
8895,9,0,0.0,10,4.0,13.75,1219.5,0,0,Regular,0.0
8896,175,1,905.89,5,4.333333333333333,6.333333333333333,660.6666666666666,3,1,At Risk,11.0589
8897,25,0,0.0,4,4.0,17.0,21.0,1,0,Regular,0.0
8898,207,1,5727.51,6,4.0,13.5,1351.5,2,1,At Risk,59.2751
8899,115,1,1790.1,2,4.0,9.0,481.0,1,3,New Customer,19.901
8900,8,0,0.0,9,4.0,14.0,1051.0,3,0,Regular,0.0
8901,64,0,0.0,8,4.0,10.666666666666666,804.6666666666666,2,0,Regular,0.0
8902,29,0,0.0,5,4.0,15.0,1271.0,2,0,Regular,0.0
8903,93,1,2989.6,4,3.0,22.0,1019.0,1,3,New Customer,31.896
8904,67,2,2792.84,19,3.857142857142857,13.714285714285714,1396.4285714285713,6,3,New Customer,31.9284
8905,106,0,0.0,12,4.0,12.2,587.2,2,0,Regular,0.0
8906,165,0,0.0,8,4.0,10.5,1300.0,0,4,Lost,0.0
8907,117,0,0.0,8,4.0,7.5,686.5,1,0,Regular,0.0
8908,151,0,0.0,6,4.0,12.666666666666666,1706.6666666666667,1,4,Lost,0.0
8909,157,1,2560.58,6,3.6666666666666665,7.0,1306.0,2,1,At Risk,27.6058
8910,0,0,0.0,18,4.0,13.333333333333334,1091.4444444444443,7,0,Regular,0.0
8911,40,2,3858.29,6,4.0,8.0,636.3333333333334,3,2,VIP,42.5829
8912,125,1,2004.94,8,4.0,14.8,632.2,4,3,New Customer,22.049400000000002
8913,177,0,0.0,11,4.0,4.666666666666667,1151.0,1,4,Lost,0.0
8914,33,1,1146.12,8,4.0,9.0,1114.0,3,3,New Customer,13.461199999999998
8915,304,1,1330.45,5,3.5,14.0,840.0,2,1,At Risk,15.3045
8916,4,1,639.85,17,4.0,13.5,1272.5,4,3,New Customer,8.3985
8917,110,0,0.0,3,4.0,9.0,1187.5,1,0,Regular,0.0
8919,1,1,625.41,8,4.0,13.666666666666666,753.3333333333334,3,3,New Customer,8.2541
8920,277,0,0.0,1,4.0,12.0,776.0,0,4,Lost,0.0
8922,186,1,2340.15,9,4.333333333333333,4.333333333333333,955.3333333333334,1,1,At Risk,25.401500000000002
8923,76,1,2826.22,11,4.0,14.5,1184.75,3,3,New Customer,30.262199999999996
8924,76,1,1136.64,7,2.5,9.0,615.0,2,3,New Customer,13.3664
8925,313,1,1149.84,7,4.0,13.0,1270.0,1,1,At Risk,13.498399999999998
8926,92,1,2941.12,10,3.6666666666666665,6.333333333333333,1045.3333333333333,1,3,New Customer,31.411199999999997
8927,14,0,0.0,7,4.0,15.75,816.5,1,0,Regular,0.0
8928,30,2,4793.14,6,1.5,12.5,918.5,2,2,VIP,51.931400000000004
8929,61,1,943.18,9,3.6666666666666665,17.333333333333332,930.0,1,3,New Customer,11.431799999999999
8930,86,0,0.0,7,4.0,7.0,717.3333333333334,1,0,Regular,0.0
8931,101,0,0.0,6,4.0,8.333333333333334,1088.0,3,0,Regular,0.0
8932,223,1,307.76,5,3.6666666666666665,12.666666666666666,543.0,1,1,At Risk,5.0776
8933,74,1,1093.68,9,4.25,17.0,637.75,3,3,New Customer,12.9368
8934,93,0,0.0,4,4.0,17.0,1095.3333333333333,2,0,Regular,0.0
8935,202,1,2674.83,7,4.5,17.5,1350.0,1,1,At Risk,28.7483
8936,71,1,1147.03,5,4.333333333333333,14.666666666666666,660.3333333333334,1,3,New Customer,13.4703
8937,130,2,1293.58,8,4.0,15.2,955.2,3,3,New Customer,16.9358
8938,1,0,0.0,7,4.0,9.5,570.5,0,0,Regular,0.0
8939,10,1,518.71,9,4.0,10.666666666666666,1069.6666666666667,1,3,New Customer,7.1871
8940,324,0,0.0,3,4.0,7.0,332.0,0,4,Lost,0.0
8941,177,0,0.0,9,4.0,14.25,1133.5,2,4,Lost,0.0
8942,52,2,4586.04,13,4.4,13.4,1033.4,4,2,VIP,49.8604
8944,29,0,0.0,9,4.0,3.0,1024.6666666666667,1,0,Regular,0.0
8945,254,0,0.0,1,4.0,14.0,198.0,1,4,Lost,0.0
8947,11,1,888.98,12,3.4,12.6,689.8,4,3,New Customer,10.889800000000001
8949,102,1,755.68,3,4.333333333333333,13.666666666666666,1130.6666666666667,2,3,New Customer,9.556799999999999
8950,79,1,2974.88,8,4.0,22.5,330.5,2,3,New Customer,31.748800000000003
8951,116,1,1593.76,13,4.0,18.0,1128.25,3,3,New Customer,17.9376
8952,12,3,6278.0,13,4.0,10.166666666666666,947.8333333333334,4,2,VIP,68.78
8953,98,1,4176.52,9,4.333333333333333,10.666666666666666,915.0,3,3,New Customer,43.76520000000001
8954,363,0,0.0,4,4.0,4.0,10.0,1,4,Lost,0.0
8955,56,0,0.0,4,4.0,20.0,1271.5,1,0,Regular,0.0
8956,18,0,0.0,9,4.0,14.25,773.75,1,0,Regular,0.0
8957,58,2,841.3499999999999,7,3.75,12.25,1440.25,4,3,New Customer,12.413499999999999
8958,329,1,2901.75,4,5.0,10.0,965.0,1,1,At Risk,31.0175
8959,10,0,0.0,8,4.0,7.75,845.75,1,0,Regular,0.0
8960,293,1,483.83,5,4.5,13.5,1048.0,1,1,At Risk,6.8383
8961,63,0,0.0,5,4.0,9.0,782.0,0,0,Regular,0.0
8962,63,1,2714.78,16,4.0,10.8,971.6,2,3,New Customer,29.147800000000004
8963,7,1,1862.95,10,3.6666666666666665,13.666666666666666,964.6666666666666,2,3,New Customer,20.6295
8964,23,1,2891.28,7,3.75,9.25,641.25,1,3,New Customer,30.9128
8965,42,1,1756.46,11,3.6666666666666665,7.666666666666667,625.3333333333334,1,3,New Customer,19.5646
8967,44,0,0.0,3,4.0,20.5,927.0,1,0,Regular,0.0
8968,129,0,0.0,1,4.0,7.0,732.0,0,0,Regular,0.0
8969,22,1,4089.69,11,4.2,12.4,851.4,2,3,New Customer,42.8969
8970,20,1,2046.6,11,4.25,6.75,950.5,3,3,New Customer,22.465999999999998
8971,8,0,0.0,4,4.0,8.0,1354.0,1,0,Regular,0.0
8972,78,1,3598.59,5,4.333333333333333,10.333333333333334,780.3333333333334,3,3,New Customer,37.9859
8973,253,1,6154.85,8,4.5,20.0,803.0,1,1,At Risk,63.548500000000004
8974,177,1,1826.78,3,4.0,8.5,944.5,1,1,At Risk,20.2678
8975,62,1,1198.22,7,4.0,13.333333333333334,1192.0,2,3,New Customer,13.9822
8976,108,0,0.0,4,4.0,10.0,1089.3333333333333,1,0,Regular,0.0
8977,85,1,402.56,7,4.25,11.75,1000.5,4,3,New Customer,6.0256
8978,87,2,3596.89,13,4.2,15.8,482.2,3,2,VIP,39.9689
8979,40,0,0.0,7,4.0,13.0,1074.3333333333333,2,0,Regular,0.0
8980,89,0,0.0,7,4.0,9.5,870.5,1,0,Regular,0.0
8981,61,1,5001.12,13,4.0,16.25,1004.0,4,2,VIP,52.0112
8982,113,1,1453.64,8,4.0,8.75,1125.25,2,3,New Customer,16.5364
8984,302,0,0.0,7,4.0,4.0,574.5,1,4,Lost,0.0
8985,87,0,0.0,13,4.0,9.0,682.2,5,0,Regular,0.0
8986,114,0,0.0,7,4.0,7.0,1286.6666666666667,1,0,Regular,0.0
8987,16,1,1639.97,6,3.3333333333333335,15.0,506.6666666666667,2,3,New Customer,18.3997
8988,74,1,2466.45,11,4.0,10.5,868.0,1,3,New Customer,26.664499999999997
8990,91,1,789.99,3,4.0,12.333333333333334,380.0,1,3,New Customer,9.899899999999999
8991,3,0,0.0,11,4.0,8.25,881.25,3,0,Regular,0.0
8993,56,0,0.0,8,4.0,10.0,766.0,2,0,Regular,0.0
8994,43,1,420.51,3,4.0,8.666666666666666,989.6666666666666,1,3,New Customer,6.2051
8995,43,0,0.0,7,4.0,9.75,938.75,2,0,Regular,0.0
8996,182,1,244.1,4,4.0,8.0,747.5,2,1,At Risk,4.441
8997,148,0,0.0,4,4.0,16.666666666666668,623.3333333333334,1,0,Regular,0.0
8998,14,1,2053.95,19,3.857142857142857,12.714285714285714,950.1428571428571,3,3,New Customer,22.539499999999997
8999,74,0,0.0,5,4.0,16.5,524.5,0,0,Regular,0.0
9000,101,0,0.0,6,4.0,15.0,892.5,1,0,Regular,0.0
9001,131,0,0.0,8,4.0,11.666666666666666,992.6666666666666,1,0,Regular,0.0
9002,80,0,0.0,9,4.0,5.25,1036.25,0,0,Regular,0.0
9003,123,0,0.0,1,4.0,21.0,1097.0,1,0,Regular,0.0
9004,78,1,785.67,6,4.0,19.0,750.0,2,3,New Customer,9.8567
9006,40,1,712.8,7,3.6666666666666665,14.333333333333334,728.0,2,3,New Customer,9.128
9007,89,0,0.0,1,4.0,6.0,1440.0,0,0,Regular,0.0
9008,182,1,1832.87,5,4.0,9.5,1210.0,1,1,At Risk,20.328699999999998
9009,12,1,662.15,4,4.5,14.5,1721.5,1,3,New Customer,8.621500000000001
9010,25,1,1390.79,6,4.0,12.666666666666666,1340.3333333333333,2,3,New Customer,15.9079
9011,2,1,458.42,9,3.6666666666666665,15.0,700.6666666666666,2,3,New Customer,6.5842
9012,2,2,3502.39,7,4.333333333333333,17.333333333333332,819.6666666666666,3,2,VIP,39.0239
9013,16,0,0.0,8,4.0,13.6,868.6,3,0,Regular,0.0
9014,23,0,0.0,4,4.0,15.0,884.0,1,0,Regular,0.0
9015,160,0,0.0,4,4.0,11.0,1101.5,0,4,Lost,0.0
9016,7,1,4004.72,15,4.0,8.4,1094.2,2,3,New Customer,42.0472
9017,223,0,0.0,1,4.0,1.0,879.0,1,4,Lost,0.0
9018,125,0,0.0,4,4.0,8.0,1369.0,0,0,Regular,0.0
9019,12,2,2258.74,7,3.0,6.666666666666667,1035.3333333333333,3,3,New Customer,26.5874
9020,172,0,0.0,5,4.0,13.666666666666666,1519.0,2,4,Lost,0.0
9022,133,0,0.0,1,4.0,8.0,50.0,1,0,Regular,0.0
9023,114,1,2171.64,9,4.333333333333333,4.333333333333333,1000.0,3,3,New Customer,23.7164
9024,58,1,380.27,13,3.75,10.5,1234.25,3,3,New Customer,5.8027
9025,111,0,0.0,5,4.0,10.75,1505.75,2,0,Regular,0.0
9026,103,1,989.5,9,3.6666666666666665,9.666666666666666,1106.0,2,3,New Customer,11.895
9027,61,0,0.0,4,4.0,11.0,536.0,0,0,Regular,0.0
9028,167,0,0.0,2,4.0,15.0,1106.0,1,4,Lost,0.0
9029,131,1,1693.13,3,4.5,17.5,257.5,2,3,New Customer,18.9313
9030,160,1,2074.84,7,4.0,10.0,1313.6666666666667,3,1,At Risk,22.7484
9031,74,1,1945.27,9,3.75,6.25,1257.5,3,3,New Customer,21.4527
9032,200,0,0.0,2,4.0,16.0,775.0,0,4,Lost,0.0
9033,210,0,0.0,3,4.0,11.5,862.0,1,4,Lost,0.0
9034,221,0,0.0,7,4.0,14.0,1399.5,1,4,Lost,0.0
9035,75,0,0.0,3,4.0,11.5,1247.5,2,0,Regular,0.0
9036,110,0,0.0,7,4.0,17.0,715.0,1,0,Regular,0.0
9037,132,1,1083.01,6,4.333333333333333,9.666666666666666,853.3333333333334,2,3,New Customer,12.8301
9038,185,1,1415.85,5,4.0,8.0,432.0,1,1,At Risk,16.158499999999997
9039,5,1,708.89,3,3.5,9.5,1310.5,2,3,New Customer,9.088899999999999
9040,138,0,0.0,4,4.0,9.5,1648.5,1,0,Regular,0.0
9041,132,1,1450.28,5,4.5,7.5,1050.0,1,3,New Customer,16.5028
9042,41,0,0.0,7,4.0,14.666666666666666,1063.6666666666667,2,0,Regular,0.0
9046,6,1,1410.72,3,4.0,10.0,1523.0,1,3,New Customer,16.1072
9047,207,0,0.0,8,4.0,10.5,560.25,3,4,Lost,0.0
9048,160,0,0.0,2,4.0,5.0,491.0,1,4,Lost,0.0
9049,116,0,0.0,4,4.0,19.0,594.5,2,0,Regular,0.0
9050,129,2,3988.6499999999996,8,3.3333333333333335,13.0,978.3333333333334,3,2,VIP,43.8865
9051,74,0,0.0,12,4.0,9.75,832.5,3,0,Regular,0.0
9052,23,0,0.0,4,4.0,24.0,900.0,0,0,Regular,0.0
9053,72,0,0.0,8,4.0,10.5,602.25,0,0,Regular,0.0
9054,20,0,0.0,3,4.0,14.0,696.0,1,0,Regular,0.0
9055,36,0,0.0,2,4.0,18.5,980.5,1,0,Regular,0.0
9056,62,1,287.88,4,4.0,8.5,998.5,2,3,New Customer,4.8788
9057,119,0,0.0,1,4.0,18.0,334.0,1,0,Regular,0.0
9058,130,0,0.0,18,4.0,14.5,812.8333333333334,3,0,Regular,0.0
9059,26,3,8081.46,10,3.8333333333333335,9.0,975.8333333333334,4,2,VIP,86.8146
9060,91,2,7606.759999999999,7,4.0,15.0,496.0,2,2,VIP,80.0676
9061,95,0,0.0,4,4.0,7.0,786.0,1,0,Regular,0.0
9062,63,2,2974.7200000000003,8,4.0,10.75,1062.0,3,3,New Customer,33.74720000000001
9063,324,0,0.0,2,4.0,10.0,219.0,0,4,Lost,0.0
9064,87,1,6977.64,14,4.166666666666667,12.666666666666666,924.0,4,2,VIP,71.77640000000001
9065,20,0,0.0,8,4.0,7.666666666666667,927.3333333333334,0,0,Regular,0.0
9066,187,0,0.0,7,4.0,18.5,586.5,0,4,Lost,0.0
9067,148,1,316.04,6,3.5,18.5,1145.0,2,1,At Risk,5.1604
9068,111,3,5875.67,16,4.166666666666667,11.5,1107.3333333333333,6,2,VIP,64.7567
9069,59,0,0.0,7,4.0,15.666666666666666,956.0,2,0,Regular,0.0
9070,55,1,2482.94,10,4.25,9.75,1276.5,2,3,New Customer,26.8294
9071,124,1,1099.88,7,4.0,16.666666666666668,969.3333333333334,1,3,New Customer,12.998800000000001
9072,7,0,0.0,12,4.0,9.75,552.75,2,0,Regular,0.0
9073,45,1,2071.44,7,3.0,4.5,715.0,2,3,New Customer,22.7144
9074,36,0,0.0,15,4.0,10.4,972.4,4,0,Regular,0.0
9075,0,1,5987.76,7,4.0,7.5,1256.5,2,2,VIP,61.8776
9076,88,0,0.0,2,4.0,4.0,491.0,1,0,Regular,0.0
9077,75,0,0.0,11,4.0,16.0,1307.5,3,0,Regular,0.0
9078,38,1,2797.35,14,4.0,17.8,1111.0,2,3,New Customer,29.973499999999998
9079,31,0,0.0,11,4.0,9.0,912.25,4,0,Regular,0.0
9080,157,0,0.0,3,4.0,11.0,1137.0,1,4,Lost,0.0
9081,285,0,0.0,7,4.0,13.5,686.5,2,4,Lost,0.0
9082,59,1,2771.28,9,4.0,14.333333333333334,674.6666666666666,2,3,New Customer,29.7128
9083,60,0,0.0,12,4.0,11.0,788.5,4,0,Regular,0.0
9084,178,2,2106.41,9,4.0,8.25,857.5,2,1,At Risk,25.0641
9085,233,1,5586.68,5,4.5,12.5,1283.0,1,1,At Risk,57.866800000000005
9086,13,0,0.0,10,4.0,15.333333333333334,1230.3333333333333,1,0,Regular,0.0
9087,269,0,0.0,2,4.0,8.5,814.5,0,4,Lost,0.0
9088,208,1,2131.62,8,4.0,12.0,580.5,2,1,At Risk,23.3162
9089,28,0,0.0,11,4.0,12.75,706.5,2,0,Regular,0.0
9090,179,1,2195.8,3,4.5,16.5,1055.0,2,1,At Risk,23.958000000000002
9091,174,0,0.0,4,4.0,21.5,1060.0,1,4,Lost,0.0
9093,8,1,5346.25,10,3.75,13.75,1077.25,1,2,VIP,55.4625
9094,93,1,3043.33,2,5.0,19.0,1750.0,1,3,New Customer,32.4333
9095,4,1,2188.56,13,4.25,17.0,668.25,1,3,New Customer,23.8856
9096,118,1,1079.43,3,5.0,5.0,842.0,1,3,New Customer,12.7943
9097,93,1,1253.28,1,5.0,4.0,379.0,1,3,New Customer,14.5328
9099,187,0,0.0,4,4.0,20.5,1012.0,1,4,Lost,0.0
9100,168,1,547.08,10,3.6666666666666665,13.0,1296.3333333333333,1,1,At Risk,7.4708000000000006
9101,117,2,1734.7,9,4.5,14.75,993.25,3,3,New Customer,21.347
9103,76,1,6811.12,8,4.0,11.75,1026.5,2,2,VIP,70.1112
9104,74,1,2519.48,7,3.6666666666666665,19.0,738.6666666666666,2,3,New Customer,27.1948
9105,290,0,0.0,6,4.0,19.5,591.0,1,4,Lost,0.0
9106,62,0,0.0,4,4.0,15.0,721.0,2,0,Regular,0.0
9108,71,1,2310.86,10,4.0,7.25,771.75,3,3,New Customer,25.108600000000003
9109,19,1,1540.89,4,4.0,19.0,383.0,1,3,New Customer,17.408900000000003
9110,125,1,86.36,3,4.5,12.5,935.5,2,3,New Customer,2.8636
9111,91,1,1658.09,8,4.0,8.0,427.0,2,3,New Customer,18.5809
9112,13,0,0.0,4,4.0,14.5,1043.0,2,0,Regular,0.0
9113,95,0,0.0,5,4.0,16.0,1511.0,1,0,Regular,0.0
9114,3,0,0.0,9,4.0,11.0,734.6666666666666,2,0,Regular,0.0
9115,93,0,0.0,1,4.0,19.0,1407.0,0,0,Regular,0.0
9116,81,1,2593.2,17,3.5714285714285716,11.142857142857142,1161.4285714285713,5,3,New Customer,27.932
9118,212,0,0.0,3,4.0,13.0,1670.0,0,4,Lost,0.0
9119,34,0,0.0,7,4.0,15.0,1403.0,2,0,Regular,0.0
9120,161,0,0.0,3,4.0,11.5,737.5,0,4,Lost,0.0
9121,194,0,0.0,4,4.0,10.0,1107.0,3,4,Lost,0.0
9122,55,2,2888.73,11,3.4,12.0,578.6,3,3,New Customer,32.887299999999996
9123,278,0,0.0,6,4.0,5.666666666666667,574.6666666666666,2,4,Lost,0.0
9124,132,2,2110.72,10,4.2,8.0,1058.0,5,3,New Customer,25.1072
9125,45,0,0.0,14,4.0,13.5,865.0,1,0,Regular,0.0
9126,184,0,0.0,1,4.0,15.0,698.0,1,4,Lost,0.0
9127,85,0,0.0,6,4.0,12.333333333333334,817.0,1,0,Regular,0.0
9128,154,0,0.0,5,4.0,8.5,822.0,1,4,Lost,0.0
9129,0,1,2223.39,6,4.0,16.0,648.3333333333334,2,3,New Customer,24.2339
9130,59,0,0.0,8,4.0,16.333333333333332,1223.0,1,0,Regular,0.0
9133,60,0,0.0,11,4.0,10.75,819.75,0,0,Regular,0.0
9134,76,1,2071.94,18,4.0,12.833333333333334,699.8333333333334,6,3,New Customer,22.7194
9135,184,0,0.0,2,4.0,1.0,952.0,0,4,Lost,0.0
9136,243,0,0.0,6,4.0,9.5,770.5,1,4,Lost,0.0
9137,273,1,466.59,1,4.0,14.0,1454.0,1,1,At Risk,6.6659
9138,91,1,768.37,7,4.0,15.0,705.6666666666666,2,3,New Customer,9.6837
9139,35,1,866.75,5,4.0,13.0,1045.0,2,3,New Customer,10.6675
9140,42,0,0.0,11,4.0,8.6,621.4,2,0,Regular,0.0
9141,195,1,721.74,10,4.333333333333333,9.666666666666666,881.3333333333334,3,1,At Risk,9.217400000000001
9142,112,1,313.57,4,4.0,11.0,995.0,1,3,New Customer,5.1357
9145,107,0,0.0,6,4.0,2.0,848.0,1,0,Regular,0.0
9146,244,0,0.0,1,4.0,10.0,758.0,0,4,Lost,0.0
9148,238,1,3392.49,7,4.5,18.0,990.0,2,1,At Risk,35.9249
9149,87,1,555.1,13,4.166666666666667,14.166666666666666,686.0,2,3,New Customer,7.551
9150,13,1,729.84,7,3.6666666666666665,10.666666666666666,1699.6666666666667,1,3,New Customer,9.2984
9151,39,2,1405.28,6,3.25,10.0,1143.0,3,3,New Customer,18.052799999999998
9152,91,0,0.0,2,4.0,5.0,538.0,1,0,Regular,0.0
9153,35,0,0.0,3,4.0,18.0,368.0,0,0,Regular,0.0
9154,28,1,2923.17,12,3.6,13.6,712.4,2,3,New Customer,31.2317
9155,16,1,1439.68,15,3.8333333333333335,17.0,1089.5,3,3,New Customer,16.3968
9157,27,1,368.5,5,4.0,16.25,981.5,2,3,New Customer,5.6850000000000005
9158,145,0,0.0,2,4.0,20.5,1159.5,1,0,Regular,0.0
9159,119,0,0.0,6,4.0,15.5,294.0,1,0,Regular,0.0
9160,252,1,1896.5,2,2.0,16.0,741.0,1,1,At Risk,20.965
9161,53,0,0.0,4,4.0,13.0,390.5,2,0,Regular,0.0
9162,24,1,631.18,5,3.5,16.5,671.0,2,3,New Customer,8.3118
9163,18,0,0.0,6,4.0,8.0,447.5,1,0,Regular,0.0
9164,227,1,438.48,5,3.5,16.0,1516.0,2,1,At Risk,6.3848
9165,136,0,0.0,7,4.0,9.5,1356.5,0,0,Regular,0.0
9166,7,1,402.79,2,3.0,13.0,964.0,2,3,New Customer,6.0279
9167,61,1,67.71,4,4.5,15.5,660.5,2,3,New Customer,2.6771
9168,133,2,5639.1,11,4.333333333333333,5.0,1307.3333333333333,3,2,VIP,60.391000000000005
9169,114,0,0.0,8,4.0,8.25,822.75,2,0,Regular,0.0
9170,30,0,0.0,11,4.0,11.2,1212.4,3,0,Regular,0.0
9171,272,0,0.0,2,4.0,8.0,1428.0,0,4,Lost,0.0
9173,203,0,0.0,4,4.0,5.0,214.0,0,4,Lost,0.0
9174,200,0,0.0,14,4.0,11.0,1045.8,2,4,Lost,0.0
9176,95,2,2078.0600000000004,11,4.0,15.0,654.6,5,3,New Customer,24.780600000000003
9177,327,0,0.0,2,4.0,10.0,80.0,0,4,Lost,0.0
9178,177,0,0.0,3,4.0,18.0,1412.0,0,4,Lost,0.0
9179,61,1,898.8,10,3.75,14.75,982.75,4,3,New Customer,10.988
9180,44,1,1451.76,16,4.0,14.5,509.8333333333333,4,3,New Customer,16.5176
9181,255,0,0.0,1,4.0,18.0,1231.0,0,4,Lost,0.0
9182,176,0,0.0,8,4.0,9.5,831.5,2,4,Lost,0.0
9183,31,1,1083.04,8,4.0,20.0,1136.25,3,3,New Customer,12.8304
9184,14,0,0.0,9,4.0,14.75,992.5,2,0,Regular,0.0
9185,185,2,2753.51,9,3.3333333333333335,12.333333333333334,1024.6666666666667,2,1,At Risk,31.535100000000003
9186,348,0,0.0,3,4.0,2.0,1389.0,0,4,Lost,0.0
9187,59,1,5251.83,10,4.0,13.2,1180.8,2,2,VIP,54.518299999999996
9188,97,2,5773.44,14,3.6,13.4,874.8,4,2,VIP,61.734399999999994
9189,35,0,0.0,6,4.0,1.5,1421.0,0,0,Regular,0.0
9190,246,0,0.0,1,4.0,11.0,508.0,0,4,Lost,0.0
9192,171,1,938.58,2,3.5,17.0,967.0,2,1,At Risk,11.3858
9193,58,1,213.68,2,4.5,9.0,683.0,1,3,New Customer,4.1368
9194,127,0,0.0,6,4.0,15.0,1189.3333333333333,1,0,Regular,0.0
9195,10,1,1646.84,11,4.0,16.666666666666668,1231.6666666666667,2,3,New Customer,18.4684
9196,64,0,0.0,7,4.0,8.0,812.0,2,0,Regular,0.0
9197,28,4,4642.55,10,4.5,11.666666666666666,1218.3333333333333,5,2,VIP,54.4255
9198,75,0,0.0,5,4.0,11.0,502.0,2,0,Regular,0.0
9200,281,1,394.1,2,3.0,5.0,1038.0,1,1,At Risk,5.941000000000001
9201,124,0,0.0,4,4.0,21.0,123.0,1,0,Regular,0.0
9202,89,0,0.0,6,4.0,17.333333333333332,1130.6666666666667,0,0,Regular,0.0
9203,10,1,2455.95,11,4.0,13.75,540.0,3,3,New Customer,26.5595
9204,320,0,0.0,4,4.0,8.0,67.0,1,4,Lost,0.0
9205,25,3,5402.23,6,3.75,13.75,642.25,4,2,VIP,60.022299999999994
9206,8,1,603.46,2,1.0,11.0,856.0,1,3,New Customer,8.034600000000001
9207,266,0,0.0,3,4.0,20.0,1089.5,0,4,Lost,0.0
9208,67,1,1422.15,11,4.25,12.75,893.5,2,3,New Customer,16.2215
9209,162,0,0.0,2,4.0,21.0,958.0,0,4,Lost,0.0
9210,242,0,0.0,4,4.0,10.0,812.5,0,4,Lost,0.0
9211,37,2,2960.7299999999996,8,4.666666666666667,16.333333333333332,984.3333333333334,3,3,New Customer,33.607299999999995
9212,60,0,0.0,5,4.0,12.666666666666666,982.3333333333334,2,0,Regular,0.0
9213,260,0,0.0,6,4.0,15.666666666666666,406.3333333333333,2,4,Lost,0.0
9214,3,1,657.21,4,4.333333333333333,13.333333333333334,1204.6666666666667,1,3,New Customer,8.5721
9215,48,0,0.0,2,4.0,19.0,755.0,2,0,Regular,0.0
9216,74,0,0.0,4,4.0,19.0,451.0,1,0,Regular,0.0
9217,27,1,2963.13,8,4.0,17.5,910.5,2,3,New Customer,31.6313
9218,5,0,0.0,16,4.0,9.2,554.2,3,0,Regular,0.0
9219,89,2,8014.389999999999,10,4.0,16.5,1422.0,4,2,VIP,84.14389999999999
9220,27,0,0.0,8,4.0,13.666666666666666,1215.3333333333333,2,0,Regular,0.0
9222,247,0,0.0,1,4.0,5.0,24.0,1,4,Lost,0.0
9223,28,1,1172.7,6,2.5,15.0,1052.5,2,3,New Customer,13.727
9224,176,1,1661.51,7,4.333333333333333,9.666666666666666,803.0,2,1,At Risk,18.615099999999998
9225,64,2,6360.83,15,3.8333333333333335,15.666666666666666,885.6666666666666,4,2,VIP,67.6083
9226,34,0,0.0,15,4.0,14.2,1120.2,2,0,Regular,0.0
9227,55,1,179.16,7,3.6666666666666665,8.666666666666666,1066.3333333333333,3,3,New Customer,3.7916
9228,79,2,3879.87,9,4.5,9.25,692.75,3,2,VIP,42.7987
9230,102,1,2038.72,8,3.3333333333333335,11.666666666666666,946.6666666666666,3,3,New Customer,22.3872
9231,203,0,0.0,1,4.0,19.0,531.0,0,4,Lost,0.0
9232,342,0,0.0,8,4.0,9.5,944.0,2,4,Lost,0.0
9233,244,0,0.0,6,4.0,14.0,489.5,0,4,Lost,0.0
9234,206,0,0.0,7,4.0,9.0,429.3333333333333,2,4,Lost,0.0
9235,62,0,0.0,5,4.0,12.5,664.0,1,0,Regular,0.0
9236,25,0,0.0,16,4.0,10.714285714285714,913.8571428571429,3,0,Regular,0.0
9237,3,0,0.0,4,4.0,16.666666666666668,904.6666666666666,3,0,Regular,0.0
9238,70,0,0.0,4,4.0,7.5,348.5,2,0,Regular,0.0
9239,304,0,0.0,2,4.0,17.0,1595.0,1,4,Lost,0.0
9240,38,2,2506.96,11,4.0,10.2,959.6,2,3,New Customer,29.0696
9241,154,1,1199.8,2,4.0,8.5,1462.5,2,1,At Risk,13.998
9242,276,0,0.0,2,4.0,17.0,839.0,1,4,Lost,0.0
9243,113,0,0.0,9,4.0,17.25,594.75,4,0,Regular,0.0
9244,42,0,0.0,4,4.0,15.0,460.0,1,0,Regular,0.0
9245,8,1,3844.34,3,3.0,1.0,1768.0,1,3,New Customer,40.443400000000004
9246,58,2,2775.1800000000003,17,3.625,15.5,874.875,5,3,New Customer,31.751800000000003
9247,157,0,0.0,2,4.0,19.0,927.0,0,4,Lost,0.0
9248,233,0,0.0,1,4.0,16.0,1792.0,0,4,Lost,0.0
9249,15,1,870.14,12,3.8,15.8,794.2,5,3,New Customer,10.7014
9250,265,1,376.18,5,3.5,8.5,1006.0,2,1,At Risk,5.7618
9251,264,0,0.0,2,4.0,18.0,519.0,1,4,Lost,0.0
9252,20,0,0.0,2,4.0,18.5,638.5,1,0,Regular,0.0
9254,70,1,374.38,10,3.8,11.4,1022.6,2,3,New Customer,5.7438
9255,187,0,0.0,6,4.0,19.0,681.5,1,4,Lost,0.0
9257,106,1,2404.04,4,4.5,12.5,1046.0,1,3,New Customer,26.040399999999998
9258,255,0,0.0,4,4.0,6.0,337.0,1,4,Lost,0.0
9259,168,1,3218.71,5,2.5,18.5,781.0,2,1,At Risk,34.1871
9260,114,2,3319.98,11,4.0,11.75,997.75,4,2,VIP,37.1998
9262,8,0,0.0,8,4.0,12.5,497.0,1,0,Regular,0.0
9263,108,1,3721.32,11,4.0,17.333333333333332,538.3333333333334,1,3,New Customer,39.2132
9264,61,2,3952.1899999999996,12,3.8,12.4,1085.6,4,2,VIP,43.521899999999995
9265,100,0,0.0,7,4.0,7.5,884.75,0,0,Regular,0.0
9266,86,1,4807.57,5,4.0,16.5,807.0,2,2,VIP,50.0757
9267,73,2,586.41,9,4.333333333333333,18.5,938.8333333333334,4,3,New Customer,9.8641
9268,154,1,3693.19,14,3.6,11.8,1223.0,5,1,At Risk,38.9319
9269,45,0,0.0,10,4.0,6.75,503.75,2,0,Regular,0.0
9270,73,1,676.67,6,3.6666666666666665,14.333333333333334,1133.3333333333333,3,3,New Customer,8.7667
9271,21,3,3472.7200000000003,12,3.8,11.0,911.4,3,2,VIP,40.7272
9272,175,1,1597.74,25,4.0,9.0,1184.625,5,1,At Risk,17.9774
9273,159,0,0.0,2,4.0,13.0,800.0,1,4,Lost,0.0
9274,196,2,7532.62,8,3.6666666666666665,8.0,703.6666666666666,3,2,VIP,79.3262
9275,11,1,2127.22,6,4.5,8.0,1476.0,2,3,New Customer,23.272199999999998
9276,151,2,2079.46,5,5.0,22.0,1416.5,2,1,At Risk,24.7946
9277,130,1,1809.84,6,3.5,12.5,934.5,1,3,New Customer,20.098399999999998
9278,95,1,6440.7,10,3.6666666666666665,10.666666666666666,796.3333333333334,3,2,VIP,66.407
9279,84,1,780.74,7,3.5,6.0,689.0,1,3,New Customer,9.807400000000001
9280,104,0,0.0,4,4.0,7.5,189.0,0,0,Regular,0.0
9281,337,0,0.0,4,4.0,20.0,362.0,1,4,Lost,0.0
9282,127,0,0.0,8,4.0,12.333333333333334,831.6666666666666,2,0,Regular,0.0
9283,1,0,0.0,4,4.0,1.0,563.0,0,0,Regular,0.0
9284,163,0,0.0,2,4.0,19.0,294.0,1,4,Lost,0.0
9285,46,0,0.0,5,4.0,15.0,1113.5,1,0,Regular,0.0
9286,2,0,0.0,5,4.0,18.333333333333332,785.0,3,0,Regular,0.0
9287,98,1,2827.8,20,3.875,9.75,788.75,4,3,New Customer,30.278000000000002
9288,77,0,0.0,5,4.0,4.0,1345.0,0,0,Regular,0.0
9289,76,2,4367.049999999999,8,4.0,9.75,1185.25,3,2,VIP,47.67049999999999
9290,25,0,0.0,6,4.0,12.666666666666666,270.0,2,0,Regular,0.0
9291,12,1,273.41,4,4.0,5.5,792.5,2,3,New Customer,4.7341
9292,129,1,1079.43,8,3.75,12.5,642.25,2,3,New Customer,12.7943
9293,150,0,0.0,4,4.0,13.666666666666666,920.6666666666666,3,0,Regular,0.0
9294,12,1,4750.29,7,4.0,13.25,1017.25,2,2,VIP,49.5029
9295,28,0,0.0,12,4.0,15.75,840.5,0,0,Regular,0.0
9296,57,0,0.0,9,4.0,11.25,644.25,1,0,Regular,0.0
9297,137,0,0.0,1,4.0,6.0,1190.0,1,0,Regular,0.0
9298,51,0,0.0,8,4.0,9.666666666666666,959.6666666666666,3,0,Regular,0.0
9300,124,1,2165.7,13,4.0,13.6,1131.6,3,3,New Customer,23.656999999999996
9301,45,0,0.0,3,4.0,11.5,1373.0,1,0,Regular,0.0
9302,190,1,244.52,4,4.5,9.0,431.0,1,1,At Risk,4.4452
9303,23,1,857.92,8,4.0,10.666666666666666,1132.3333333333333,2,3,New Customer,10.5792
9304,204,0,0.0,9,4.0,12.6,1123.2,2,4,Lost,0.0
9305,7,2,3571.08,7,4.333333333333333,3.3333333333333335,1357.6666666666667,3,2,VIP,39.7108
9306,102,1,936.59,15,4.0,12.2,818.8,4,3,New Customer,11.3659
9307,154,1,1916.31,14,4.25,9.25,741.75,4,1,At Risk,21.1631
9308,104,3,4242.59,6,3.75,15.5,1087.75,4,2,VIP,48.4259
9309,9,0,0.0,12,4.0,9.5,1095.25,1,0,Regular,0.0
9310,359,0,0.0,4,4.0,23.0,1466.0,0,4,Lost,0.0
9312,282,0,0.0,5,4.0,4.0,235.0,1,4,Lost,0.0
9313,3,1,3455.61,12,4.2,9.4,736.8,2,3,New Customer,36.5561
9314,25,1,764.6,7,4.0,10.666666666666666,1105.0,3,3,New Customer,9.646
9316,111,0,0.0,8,4.0,9.333333333333334,896.3333333333334,2,0,Regular,0.0
9317,104,2,1801.12,17,3.8333333333333335,13.0,710.6666666666666,4,3,New Customer,22.0112
9318,42,0,0.0,11,4.0,4.25,824.75,3,0,Regular,0.0
9319,186,0,0.0,5,4.0,12.0,317.6666666666667,3,4,Lost,0.0
9320,38,1,287.63,10,4.0,14.333333333333334,711.3333333333334,2,3,New Customer,4.8763000000000005
9321,126,3,2270.53,8,3.0,12.5,954.75,3,2,VIP,28.7053
9322,184,0,0.0,4,4.0,15.333333333333334,643.6666666666666,1,4,Lost,0.0
9323,0,2,2524.2200000000003,15,4.2,16.8,622.8,4,3,New Customer,29.242200000000004
9324,231,0,0.0,4,4.0,11.0,99.0,0,4,Lost,0.0
9325,99,0,0.0,9,4.0,11.666666666666666,1162.3333333333333,3,0,Regular,0.0
9326,55,0,0.0,3,4.0,1.0,350.0,1,0,Regular,0.0
9327,116,1,1696.29,8,4.0,14.0,732.6666666666666,3,3,New Customer,18.9629
9328,17,1,3915.12,7,3.5,19.0,645.0,2,3,New Customer,41.151199999999996
9329,25,0,0.0,2,4.0,24.0,433.0,0,0,Regular,0.0
9330,101,2,2483.03,6,3.6666666666666665,14.666666666666666,686.0,2,3,New Customer,28.8303
9331,73,1,2490.54,9,4.25,11.75,1502.75,3,3,New Customer,26.9054
9332,63,0,0.0,7,4.0,11.333333333333334,768.3333333333334,2,0,Regular,0.0
9334,203,0,0.0,5,4.0,7.5,627.5,1,4,Lost,0.0
9335,129,0,0.0,8,4.0,15.333333333333334,933.6666666666666,1,0,Regular,0.0
9336,79,4,6680.59,11,4.0,11.5,956.0,4,2,VIP,74.80590000000001
9337,90,2,3059.05,8,3.6666666666666665,9.666666666666666,1179.6666666666667,3,2,VIP,34.590500000000006
9338,24,1,261.72,4,3.5,16.25,931.75,3,3,New Customer,4.6172
9339,58,2,1615.92,4,4.0,18.25,972.25,4,3,New Customer,20.159200000000002
9341,62,1,2259.86,11,4.2,5.4,607.4,5,3,New Customer,24.5986
9342,35,1,2012.56,4,4.5,21.0,467.5,1,3,New Customer,22.1256
9343,27,0,0.0,3,4.0,16.0,418.0,2,0,Regular,0.0
9344,220,1,168.58,6,4.333333333333333,19.333333333333332,909.3333333333334,2,1,At Risk,3.6858000000000004
9345,93,2,2951.66,8,4.0,12.75,1064.75,4,3,New Customer,33.5166
9346,236,2,1029.6599999999999,6,3.3333333333333335,12.666666666666666,1311.6666666666667,3,1,At Risk,14.296599999999998
9347,219,0,0.0,2,4.0,12.0,128.0,1,4,Lost,0.0
9348,16,3,6469.54,15,4.2,18.2,971.2,4,2,VIP,70.6954
9349,28,0,0.0,13,4.0,12.2,1005.2,1,0,Regular,0.0
9350,34,1,498.91,5,4.333333333333333,15.333333333333334,834.3333333333334,2,3,New Customer,6.9891000000000005
9351,94,0,0.0,9,4.0,10.333333333333334,1477.6666666666667,1,0,Regular,0.0
9352,83,1,1125.18,5,4.0,15.666666666666666,623.0,3,3,New Customer,13.251800000000001
9353,134,0,0.0,8,4.0,21.333333333333332,892.0,1,0,Regular,0.0
9354,285,0,0.0,2,4.0,16.0,1735.0,1,4,Lost,0.0
9355,28,0,0.0,8,4.0,8.5,286.0,1,0,Regular,0.0
9356,242,0,0.0,1,4.0,19.0,610.0,0,4,Lost,0.0
9357,204,0,0.0,8,4.0,12.0,1462.0,1,4,Lost,0.0
9358,47,0,0.0,7,4.0,2.5,670.5,0,0,Regular,0.0
9359,11,0,0.0,8,4.0,16.0,648.25,3,0,Regular,0.0
9360,5,1,1559.58,8,3.5,11.25,489.5,2,3,New Customer,17.595799999999997
9361,15,1,2416.35,14,4.0,9.25,966.5,3,3,New Customer,26.1635
9362,28,2,7034.96,8,4.0,10.0,334.5,2,2,VIP,74.3496
9363,40,2,4971.89,13,4.0,17.25,966.0,2,2,VIP,53.718900000000005
9364,93,0,0.0,5,4.0,1.5,473.0,0,0,Regular,0.0
9365,46,0,0.0,11,4.0,13.333333333333334,1313.3333333333333,2,0,Regular,0.0
9366,154,2,3780.27,8,4.0,12.0,1162.3333333333333,2,2,VIP,41.8027
9367,24,0,0.0,2,4.0,10.0,1049.0,2,0,Regular,0.0
9368,13,3,4764.46,14,3.0,13.8,1118.2,4,2,VIP,53.6446
9369,49,2,6135.46,14,4.0,12.25,1110.25,3,2,VIP,65.3546
9370,150,1,2268.9,10,4.0,7.333333333333333,763.0,2,1,At Risk,24.689
9371,62,1,800.95,4,3.5,20.5,679.5,1,3,New Customer,10.009500000000001
9372,110,0,0.0,8,4.0,14.5,865.0,1,0,Regular,0.0
9373,351,0,0.0,4,4.0,18.0,973.0,1,4,Lost,0.0
9374,39,1,1038.82,4,4.5,11.5,1370.5,1,3,New Customer,12.3882
9375,55,1,574.1,13,3.25,17.75,758.25,3,3,New Customer,7.7410000000000005
9376,253,2,2177.17,2,2.5,21.5,697.0,2,1,At Risk,25.7717
9377,153,0,0.0,9,4.0,15.2,598.0,2,4,Lost,0.0
9378,99,1,1948.89,4,4.0,22.0,1650.0,1,3,New Customer,21.4889
9379,211,2,2624.3100000000004,7,3.0,15.5,1355.75,2,1,At Risk,30.243100000000005
9380,127,0,0.0,17,4.0,14.0,912.8,3,0,Regular,0.0
9381,40,1,3459.44,5,3.5,13.5,941.5,1,3,New Customer,36.5944
9382,12,2,3535.42,24,3.7777777777777777,9.333333333333334,891.5555555555555,6,2,VIP,39.3542
9383,3,0,0.0,13,4.0,15.0,1159.5,2,0,Regular,0.0
9384,43,1,878.97,17,4.166666666666667,12.333333333333334,934.6666666666666,3,3,New Customer,10.7897
9385,73,4,2464.18,11,4.2,17.2,603.4,5,2,VIP,32.6418
9386,130,0,0.0,8,4.0,19.0,977.0,1,0,Regular,0.0
9387,234,0,0.0,4,4.0,6.0,1445.0,0,4,Lost,0.0
9388,73,1,828.62,4,4.0,14.333333333333334,878.6666666666666,2,3,New Customer,10.286200000000001
9389,80,1,376.57,1,4.0,8.0,445.0,1,3,New Customer,5.7657
9390,275,1,854.8,4,4.0,6.0,1376.0,2,1,At Risk,10.548
9391,13,1,1076.59,4,4.0,16.0,1020.0,2,3,New Customer,12.765899999999998
9392,102,0,0.0,2,4.0,12.0,1616.0,0,0,Regular,0.0
9393,97,0,0.0,3,4.0,12.5,961.5,1,0,Regular,0.0
9394,62,0,0.0,8,4.0,12.0,1091.3333333333333,1,0,Regular,0.0
9395,45,3,6916.88,17,4.333333333333333,16.0,855.5,5,2,VIP,75.1688
9396,80,0,0.0,4,4.0,14.5,1431.0,1,0,Regular,0.0
9398,20,1,288.14,7,3.75,13.5,1285.75,3,3,New Customer,4.881399999999999
9399,125,1,6064.42,5,4.5,9.5,866.0,1,2,VIP,62.6442
9400,210,0,0.0,6,4.0,16.333333333333332,533.3333333333334,2,4,Lost,0.0
9401,194,0,0.0,6,4.0,17.0,586.0,2,4,Lost,0.0
9402,90,0,0.0,10,4.0,9.0,918.6666666666666,3,0,Regular,0.0
9403,64,0,0.0,4,4.0,8.0,512.0,1,0,Regular,0.0
9404,180,0,0.0,5,4.0,16.0,988.5,2,4,Lost,0.0
9405,22,0,0.0,9,4.0,14.0,971.6,1,0,Regular,0.0
9406,60,0,0.0,4,4.0,20.0,1527.0,1,0,Regular,0.0
9408,47,1,3288.68,12,4.25,8.75,1141.25,2,3,New Customer,34.8868
9409,105,0,0.0,5,4.0,12.5,1188.5,1,0,Regular,0.0
9410,44,0,0.0,6,4.0,6.333333333333333,728.3333333333334,2,0,Regular,0.0
9411,45,1,1670.19,9,4.333333333333333,11.666666666666666,626.0,2,3,New Customer,18.701900000000002
9412,7,2,4866.42,7,4.0,10.5,803.5,2,2,VIP,52.6642
9413,16,0,0.0,10,4.0,10.166666666666666,1072.8333333333333,3,0,Regular,0.0
9414,325,0,0.0,3,4.0,22.0,1320.0,0,4,Lost,0.0
9415,88,0,0.0,3,4.0,18.0,1304.0,0,0,Regular,0.0
9416,186,1,1477.35,3,5.0,21.0,1135.0,1,1,At Risk,16.7735
9417,9,0,0.0,14,4.0,14.75,1090.5,4,0,Regular,0.0
9418,2,0,0.0,9,4.0,11.333333333333334,1163.0,1,0,Regular,0.0
9419,141,1,6409.44,8,4.333333333333333,12.666666666666666,1562.3333333333333,2,2,VIP,66.0944
9420,14,1,2929.95,13,4.2,13.2,957.2,4,3,New Customer,31.2995
9421,29,0,0.0,4,4.0,21.0,82.0,1,0,Regular,0.0
9422,1,2,3869.2799999999997,16,4.333333333333333,9.333333333333334,753.0,3,2,VIP,42.6928
9423,107,0,0.0,10,4.0,9.5,1142.75,3,0,Regular,0.0
9424,73,0,0.0,12,4.0,9.333333333333334,912.0,1,0,Regular,0.0
9425,15,1,1677.07,13,4.2,13.8,1113.6,1,3,New Customer,18.770699999999998
9426,44,0,0.0,6,4.0,9.0,839.6666666666666,2,0,Regular,0.0
9427,204,0,0.0,7,4.0,18.333333333333332,1275.0,1,4,Lost,0.0
9428,91,0,0.0,6,4.0,8.5,1053.5,1,0,Regular,0.0
9429,65,1,1016.61,13,4.0,9.166666666666666,1010.6666666666666,4,3,New Customer,12.1661
9430,56,0,0.0,7,4.0,9.5,1683.0,0,0,Regular,0.0
9431,26,2,4666.1,15,4.0,11.8,889.8,2,2,VIP,50.661
9432,16,1,439.86,9,4.0,10.4,688.4,4,3,New Customer,6.3986
9433,364,0,0.0,2,4.0,12.0,1614.0,0,4,Lost,0.0
9434,60,1,665.15,9,3.6666666666666665,16.333333333333332,1081.0,1,3,New Customer,8.651499999999999
9435,140,2,2384.99,6,3.6666666666666665,16.0,678.3333333333334,2,1,At Risk,27.849899999999998
9436,153,0,0.0,4,4.0,5.0,1151.0,1,4,Lost,0.0
9437,5,0,0.0,11,4.0,12.0,1490.75,1,0,Regular,0.0
9438,96,0,0.0,9,4.0,14.25,775.5,2,0,Regular,0.0
9439,16,0,0.0,11,4.0,17.75,593.5,3,0,Regular,0.0
9440,218,0,0.0,7,4.0,11.0,225.0,2,4,Lost,0.0
9441,11,0,0.0,8,4.0,7.0,726.5,3,0,Regular,0.0
9442,3,1,267.3,14,4.0,13.0,921.5,2,3,New Customer,4.673
9443,51,1,4035.76,13,4.25,6.0,1056.0,2,3,New Customer,42.357600000000005
9444,227,1,1818.38,4,4.0,12.0,1713.0,1,1,At Risk,20.1838
9445,10,1,1950.75,19,4.0,8.0,835.8571428571429,5,3,New Customer,21.5075
9446,139,1,3802.13,8,3.0,8.666666666666666,1693.6666666666667,1,1,At Risk,40.021300000000004
9447,39,0,0.0,5,4.0,17.25,1011.75,3,0,Regular,0.0
9448,54,1,4905.51,12,4.25,16.75,916.25,1,2,VIP,51.0551
9449,35,0,0.0,2,4.0,20.0,1400.0,1,0,Regular,0.0
9450,353,0,0.0,4,4.0,6.0,415.0,1,4,Lost,0.0
9452,191,1,1204.42,7,4.0,16.0,1160.6666666666667,1,1,At Risk,14.0442
9453,7,2,3981.11,10,3.5,13.0,1216.0,3,2,VIP,43.8111
9454,17,1,2253.24,15,4.0,17.6,897.6,2,3,New Customer,24.5324
9455,33,0,0.0,9,4.0,15.666666666666666,611.3333333333334,2,0,Regular,0.0
9456,113,0,0.0,7,4.0,7.5,900.0,1,0,Regular,0.0
9457,7,1,4352.02,13,4.25,9.25,1310.25,3,3,New Customer,45.5202
9458,124,0,0.0,5,4.0,8.5,775.5,1,0,Regular,0.0
9459,14,0,0.0,10,4.0,10.0,798.5,2,0,Regular,0.0
9460,193,1,111.47,4,3.5,12.0,909.5,2,1,At Risk,3.1147
9461,191,0,0.0,6,4.0,14.5,856.5,1,4,Lost,0.0
9462,34,1,1948.29,8,4.0,12.0,1002.6666666666666,3,3,New Customer,21.4829
9464,33,0,0.0,7,4.0,11.666666666666666,1031.0,3,0,Regular,0.0
9465,144,0,0.0,2,4.0,2.0,213.0,0,0,Regular,0.0
9466,190,1,1963.64,2,5.0,17.0,1712.0,1,1,At Risk,21.636400000000002
9467,12,0,0.0,4,4.0,19.0,1101.0,1,0,Regular,0.0
9468,21,0,0.0,6,4.0,8.0,1326.6666666666667,1,0,Regular,0.0
9469,80,0,0.0,8,4.0,8.0,1475.5,2,0,Regular,0.0
9470,33,1,1069.28,6,4.5,17.5,1064.5,1,3,New Customer,12.6928
9471,125,0,0.0,8,4.0,11.0,898.0,1,0,Regular,0.0
9472,244,0,0.0,2,4.0,4.0,722.0,1,4,Lost,0.0
9473,24,1,1368.67,5,3.6666666666666665,14.333333333333334,775.6666666666666,3,3,New Customer,15.6867
9475,143,1,813.36,4,3.6666666666666665,10.0,809.0,1,1,At Risk,10.1336
9476,5,4,11059.96,15,3.8333333333333335,15.5,1107.0,5,2,VIP,118.5996
9477,183,1,5295.12,8,4.0,16.0,1280.0,3,1,At Risk,54.9512
9478,2,0,0.0,6,4.0,13.5,932.0,1,0,Regular,0.0
9479,97,1,4980.2,11,4.0,8.75,997.0,2,2,VIP,51.802
9480,233,1,1621.56,7,4.5,4.0,1027.5,2,1,At Risk,18.2156
9481,62,0,0.0,6,4.0,17.5,1292.5,0,0,Regular,0.0
9482,50,0,0.0,7,4.0,9.0,1351.6666666666667,0,0,Regular,0.0
9483,14,0,0.0,3,4.0,11.0,895.0,0,0,Regular,0.0
9484,29,1,2522.52,12,3.6,13.2,854.0,4,3,New Customer,27.2252
9485,99,1,1389.75,3,1.0,15.0,65.0,1,3,New Customer,15.8975
9486,189,0,0.0,3,4.0,18.0,1503.0,1,4,Lost,0.0
9487,58,0,0.0,3,4.0,22.0,1373.0,2,0,Regular,0.0
9489,13,1,315.89,5,4.0,11.0,1364.0,1,3,New Customer,5.1589
9490,204,0,0.0,1,4.0,15.0,1484.0,0,4,Lost,0.0
9491,13,1,1838.66,8,2.5,5.5,693.0,1,3,New Customer,20.3866
9492,201,0,0.0,5,4.0,15.666666666666666,712.6666666666666,1,4,Lost,0.0
9493,66,0,0.0,7,4.0,7.333333333333333,1048.6666666666667,1,0,Regular,0.0
9494,25,1,7745.76,15,4.2,11.4,822.4,5,2,VIP,79.4576
9496,73,2,1692.67,8,3.75,9.75,800.75,3,3,New Customer,20.9267
9497,2,1,2928.02,10,3.6666666666666665,13.0,1134.0,2,3,New Customer,31.2802
9498,82,2,2448.1800000000003,3,4.0,14.0,364.5,2,3,New Customer,28.481800000000003
9499,148,0,0.0,14,4.0,16.8,748.8,4,0,Regular,0.0
9500,241,0,0.0,1,4.0,16.0,62.0,0,4,Lost,0.0
9501,245,0,0.0,6,4.0,7.0,1257.0,2,4,Lost,0.0
9502,164,0,0.0,6,4.0,13.0,1662.5,0,4,Lost,0.0
9503,9,0,0.0,5,4.0,14.0,1347.5,2,0,Regular,0.0
9504,3,1,1549.07,18,4.2,11.8,1100.0,5,3,New Customer,17.490699999999997
9505,28,1,2681.46,5,4.5,19.5,1613.5,2,3,New Customer,28.8146
9507,57,2,6597.48,8,3.3333333333333335,12.0,1144.3333333333333,3,2,VIP,69.9748
9508,13,0,0.0,8,4.0,17.333333333333332,1222.3333333333333,2,0,Regular,0.0
9509,1,2,6738.14,13,3.75,12.25,1043.75,4,2,VIP,71.3814
9510,90,0,0.0,1,4.0,23.0,1599.0,1,0,Regular,0.0
9511,201,0,0.0,8,4.0,11.666666666666666,1078.0,2,4,Lost,0.0
9512,40,1,396.98,5,4.5,21.5,1197.5,2,3,New Customer,5.9698
9513,75,2,841.73,7,3.75,15.75,991.5,3,3,New Customer,12.417300000000001
9514,37,1,1219.92,3,3.5,11.0,416.5,2,3,New Customer,14.199200000000001
9515,65,0,0.0,7,4.0,8.0,1271.5,0,0,Regular,0.0
9516,93,0,0.0,7,4.0,16.0,1346.0,0,0,Regular,0.0
9517,44,0,0.0,1,4.0,12.0,340.0,1,0,Regular,0.0
9518,84,0,0.0,7,4.0,15.0,933.0,2,0,Regular,0.0
9519,229,0,0.0,3,4.0,19.0,1453.0,1,4,Lost,0.0
9520,69,1,1286.19,13,3.25,17.25,627.25,3,3,New Customer,14.8619
9521,38,1,745.72,2,4.5,14.5,765.0,1,3,New Customer,9.4572
9522,169,0,0.0,3,4.0,15.0,75.0,1,4,Lost,0.0
9523,176,0,0.0,8,4.0,11.333333333333334,1103.3333333333333,1,4,Lost,0.0
9524,30,1,2873.3,4,3.0,11.5,1210.0,1,3,New Customer,30.733
9525,143,0,0.0,10,4.0,9.75,859.25,1,0,Regular,0.0
9526,96,1,1724.65,10,4.25,9.0,566.5,2,3,New Customer,19.2465
9527,135,0,0.0,5,4.0,18.0,893.5,1,0,Regular,0.0
9528,27,3,6753.44,16,4.0,7.833333333333333,982.1666666666666,5,2,VIP,73.53439999999999
9529,72,0,0.0,1,4.0,21.0,549.0,1,0,Regular,0.0
9530,232,0,0.0,3,4.0,11.0,1106.0,1,4,Lost,0.0
9531,116,0,0.0,7,4.0,14.333333333333334,313.0,0,0,Regular,0.0
9532,156,0,0.0,4,4.0,21.0,1516.0,1,4,Lost,0.0
9533,153,1,2653.75,8,4.25,17.5,1103.25,3,1,At Risk,28.5375
9534,19,1,3751.99,14,4.25,12.0,584.25,3,3,New Customer,39.5199
9536,106,0,0.0,9,4.0,14.25,815.5,3,0,Regular,0.0
9537,47,0,0.0,5,4.0,9.333333333333334,1187.3333333333333,3,0,Regular,0.0
9538,8,3,2571.34,24,4.0,13.222222222222221,897.8888888888889,7,2,VIP,31.7134
9539,90,0,0.0,2,4.0,24.0,762.0,1,0,Regular,0.0
9540,111,2,2398.3,9,3.75,17.25,903.5,3,3,New Customer,27.983
9541,158,0,0.0,3,4.0,7.5,1321.0,0,4,Lost,0.0
9542,24,1,1758.43,11,4.25,5.25,1009.5,3,3,New Customer,19.5843
9543,5,0,0.0,8,4.0,15.666666666666666,254.0,1,0,Regular,0.0
9544,148,0,0.0,1,4.0,17.0,1025.0,0,0,Regular,0.0
9545,0,1,3289.61,6,4.333333333333333,14.333333333333334,684.3333333333334,2,3,New Customer,34.896100000000004
9546,49,1,1567.78,15,4.0,12.25,1325.75,2,3,New Customer,17.677799999999998
9547,1,1,3163.97,9,3.0,13.0,464.3333333333333,2,3,New Customer,33.6397
9548,2,0,0.0,5,4.0,11.0,518.0,1,0,Regular,0.0
9549,73,2,2978.63,13,3.8333333333333335,8.5,669.8333333333334,3,3,New Customer,33.7863
9550,191,1,2025.96,3,4.0,10.0,918.0,1,1,At Risk,22.2596
9552,143,1,6294.28,11,3.6666666666666665,16.0,763.6666666666666,1,2,VIP,64.9428
9553,254,0,0.0,4,4.0,17.0,962.0,2,4,Lost,0.0
9554,120,0,0.0,14,4.0,12.8,977.4,1,0,Regular,0.0
9555,284,0,0.0,2,4.0,13.0,1317.0,0,4,Lost,0.0
9556,337,0,0.0,3,4.0,6.0,1010.0,0,4,Lost,0.0
9557,268,1,2650.56,2,4.0,6.0,1299.0,1,1,At Risk,28.5056
9558,110,1,2885.61,4,4.0,14.0,1163.0,1,3,New Customer,30.8561
9559,26,1,330.64,4,3.0,8.666666666666666,997.6666666666666,3,3,New Customer,5.3064
9560,217,0,0.0,7,4.0,12.0,1298.5,2,4,Lost,0.0
9561,75,0,0.0,4,4.0,12.0,1775.0,1,0,Regular,0.0
9562,192,0,0.0,1,4.0,7.0,1165.0,1,4,Lost,0.0
9563,242,0,0.0,8,4.0,19.333333333333332,658.6666666666666,2,4,Lost,0.0
9564,188,0,0.0,6,4.0,8.0,1112.0,0,4,Lost,0.0
9565,100,0,0.0,6,4.0,5.5,1176.5,1,0,Regular,0.0
9566,75,1,209.07,5,3.75,10.5,988.25,4,3,New Customer,4.0907
9567,35,2,3318.52,11,3.25,14.25,1286.25,3,2,VIP,37.1852
9568,92,1,2140.22,10,3.75,20.75,503.0,1,3,New Customer,23.402199999999997
9569,5,1,5326.77,13,3.8333333333333335,10.666666666666666,1023.3333333333334,4,2,VIP,55.267700000000005
9571,133,2,3456.59,6,3.6666666666666665,17.0,1063.3333333333333,2,2,VIP,38.5659
9572,291,0,0.0,3,4.0,18.0,409.0,1,4,Lost,0.0
9573,349,1,1042.86,2,4.0,20.0,1649.0,1,1,At Risk,12.4286
9574,144,1,1026.04,5,4.5,11.5,1146.5,2,1,At Risk,12.260399999999999
9575,39,1,1119.65,20,3.875,9.25,875.875,5,3,New Customer,13.1965
9576,255,0,0.0,2,4.0,9.0,744.0,1,4,Lost,0.0
9577,83,1,509.34,10,3.6,14.0,814.0,4,3,New Customer,7.0934
9578,251,2,2187.15,5,5.0,11.5,1134.5,2,1,At Risk,25.8715
9579,170,0,0.0,7,4.0,13.5,1174.5,1,4,Lost,0.0
9580,47,0,0.0,7,4.0,14.666666666666666,906.3333333333334,2,0,Regular,0.0
9583,133,0,0.0,6,4.0,10.5,1046.5,1,0,Regular,0.0
9584,160,1,2046.94,7,4.333333333333333,15.666666666666666,1254.0,1,1,At Risk,22.4694
9585,125,0,0.0,7,4.0,22.5,1371.5,1,0,Regular,0.0
9586,238,0,0.0,8,4.0,4.0,510.0,1,4,Lost,0.0
9587,33,1,2846.35,5,4.0,13.0,1381.0,2,3,New Customer,30.4635
9588,214,0,0.0,3,4.0,2.0,1253.0,1,4,Lost,0.0
9589,18,1,1351.04,12,4.0,15.6,1502.8,2,3,New Customer,15.510399999999999
9590,161,0,0.0,9,4.0,13.666666666666666,1085.3333333333333,2,4,Lost,0.0
9591,49,0,0.0,5,4.0,13.0,694.5,2,0,Regular,0.0
9592,14,1,2354.85,12,3.5,14.25,847.75,4,3,New Customer,25.5485
9593,47,0,0.0,4,4.0,18.0,60.0,0,0,Regular,0.0
9594,69,0,0.0,6,4.0,8.333333333333334,380.3333333333333,2,0,Regular,0.0
9595,359,1,753.28,4,4.0,17.0,626.0,1,1,At Risk,9.5328
9597,106,1,2360.92,9,3.5,15.0,652.0,2,3,New Customer,25.6092
9598,64,1,642.27,2,3.5,19.0,855.0,1,3,New Customer,8.422699999999999
9599,3,2,3676.37,6,3.75,12.0,811.5,3,2,VIP,40.7637
9600,8,1,3321.07,8,4.0,15.0,1087.5,1,3,New Customer,35.2107
9601,25,0,0.0,4,4.0,13.0,923.0,2,0,Regular,0.0
9602,77,1,115.49,7,4.0,13.75,1251.75,2,3,New Customer,3.1549
9603,258,0,0.0,3,4.0,1.0,1065.0,0,4,Lost,0.0
9604,196,0,0.0,1,4.0,19.0,221.0,1,4,Lost,0.0
9606,33,1,418.9,9,3.75,11.75,703.25,3,3,New Customer,6.189
9607,33,0,0.0,7,4.0,12.333333333333334,1562.3333333333333,3,0,Regular,0.0
9608,10,1,582.94,6,4.0,12.0,629.0,1,3,New Customer,7.829400000000001
9609,111,0,0.0,6,4.0,11.0,1302.3333333333333,2,0,Regular,0.0
9610,203,0,0.0,3,4.0,10.0,990.0,1,4,Lost,0.0
9611,74,0,0.0,7,4.0,21.333333333333332,1291.0,2,0,Regular,0.0
9612,38,0,0.0,3,4.0,15.0,570.0,0,0,Regular,0.0
9614,66,3,4422.33,17,3.6666666666666665,13.5,923.1666666666666,4,2,VIP,50.2233
9617,76,1,2634.8,6,3.0,13.0,621.6666666666666,2,3,New Customer,28.348000000000003
9618,27,0,0.0,9,4.0,9.0,737.3333333333334,2,0,Regular,0.0
9619,97,0,0.0,2,4.0,24.0,1744.0,1,0,Regular,0.0
9620,3,0,0.0,11,4.0,13.333333333333334,920.6666666666666,2,0,Regular,0.0
9621,56,0,0.0,3,4.0,9.5,1169.0,1,0,Regular,0.0
9622,181,0,0.0,1,4.0,16.0,1438.0,1,4,Lost,0.0
9623,13,0,0.0,1,4.0,15.0,1737.0,1,0,Regular,0.0
9624,78,1,1558.96,13,3.6,9.2,817.8,4,3,New Customer,17.5896
9625,59,0,0.0,12,4.0,14.2,1138.8,3,0,Regular,0.0
9626,194,0,0.0,7,4.0,7.0,777.5,2,4,Lost,0.0
9627,181,1,376.56,2,4.0,10.0,850.0,1,1,At Risk,5.7656
9628,75,0,0.0,7,4.0,7.5,960.5,0,0,Regular,0.0
9629,60,3,5906.11,16,3.8333333333333335,13.666666666666666,1155.1666666666667,5,2,VIP,65.0611
9630,32,2,1863.35,13,3.8,16.0,993.6,4,3,New Customer,22.633499999999998
9631,37,1,879.68,16,3.8,13.8,1436.4,2,3,New Customer,10.7968
9633,8,1,5328.79,13,3.75,12.0,1257.5,4,2,VIP,55.2879
9634,9,1,6060.36,9,3.6666666666666665,6.666666666666667,1127.3333333333333,2,2,VIP,62.6036
9635,157,0,0.0,7,4.0,1.5,1101.0,1,4,Lost,0.0
9636,15,4,8408.52,12,3.6666666666666665,10.5,824.1666666666666,6,2,VIP,92.0852
9637,54,0,0.0,19,4.0,13.857142857142858,1019.8571428571429,4,0,Regular,0.0
9638,165,2,5225.09,17,4.2,10.2,1032.8,3,2,VIP,56.2509
9639,28,4,4585.86,19,4.142857142857143,15.428571428571429,476.2857142857143,6,2,VIP,53.858599999999996
9641,5,1,1077.84,4,4.0,14.0,1232.6666666666667,2,3,New Customer,12.7784
9642,182,0,0.0,9,4.0,13.0,761.3333333333334,3,4,Lost,0.0
9643,0,2,2144.73,6,4.333333333333333,10.666666666666666,1124.0,3,3,New Customer,25.4473
9644,23,0,0.0,16,4.0,11.285714285714286,1035.5714285714287,5,0,Regular,0.0
9645,86,0,0.0,6,4.0,6.5,396.0,2,0,Regular,0.0
9646,100,1,431.04,7,3.0,21.0,1223.0,2,3,New Customer,6.3104000000000005
9647,123,0,0.0,9,4.0,11.666666666666666,1226.3333333333333,2,0,Regular,0.0
9648,12,1,599.94,9,3.6,12.6,924.2,3,3,New Customer,7.9994000000000005
9649,71,0,0.0,4,4.0,18.0,1489.0,2,0,Regular,0.0
9650,2,0,0.0,9,4.0,16.5,1336.25,4,0,Regular,0.0
9651,176,1,1572.21,6,4.5,3.0,620.5,1,1,At Risk,17.7221
9652,100,2,1690.88,11,3.6,16.4,1327.0,4,3,New Customer,20.9088
9653,78,0,0.0,4,4.0,21.0,1057.0,0,0,Regular,0.0
9654,119,0,0.0,3,4.0,16.0,560.0,0,0,Regular,0.0
9655,288,1,1073.14,8,4.25,14.25,440.25,2,1,At Risk,12.7314
9656,5,1,1691.63,8,3.5,14.75,637.75,2,3,New Customer,18.9163
9657,16,0,0.0,5,4.0,15.0,844.3333333333334,1,0,Regular,0.0
9658,46,5,11532.05,23,3.75,12.75,905.375,8,2,VIP,125.3205
9659,47,0,0.0,1,4.0,1.0,1131.0,0,0,Regular,0.0
9660,45,0,0.0,15,4.0,8.4,995.8,2,0,Regular,0.0
9661,273,0,0.0,6,4.0,12.0,1153.5,1,4,Lost,0.0
9662,52,2,2792.1600000000003,14,4.0,9.6,908.0,3,3,New Customer,31.9216
9663,8,1,3129.52,11,4.25,10.75,1182.75,4,3,New Customer,33.2952
9664,70,0,0.0,2,4.0,21.0,1315.0,0,0,Regular,0.0
9665,27,0,0.0,2,4.0,3.0,975.0,1,0,Regular,0.0
9666,301,1,703.68,2,4.0,18.0,1298.0,1,1,At Risk,9.0368
9667,40,0,0.0,13,4.0,12.714285714285714,982.1428571428571,2,0,Regular,0.0
9668,197,1,4401.23,4,4.0,3.0,45.0,1,1,At Risk,46.012299999999996
9669,360,0,0.0,3,4.0,3.0,1248.0,1,4,Lost,0.0
9670,238,2,1531.63,13,3.6,10.0,880.8,5,1,At Risk,19.316300000000002
9671,71,0,0.0,14,4.0,11.5,889.75,4,0,Regular,0.0
9673,327,0,0.0,2,4.0,18.0,1048.0,0,4,Lost,0.0
9674,230,0,0.0,3,4.0,11.0,1440.0,1,4,Lost,0.0
9675,17,0,0.0,4,4.0,14.5,1238.0,1,0,Regular,0.0
9676,5,0,0.0,3,4.0,8.333333333333334,934.6666666666666,3,0,Regular,0.0
9677,72,1,1587.68,19,4.142857142857143,13.142857142857142,853.2857142857143,6,3,New Customer,17.876800000000003
9678,151,0,0.0,7,4.0,11.0,931.3333333333334,2,4,Lost,0.0
9679,5,0,0.0,10,4.0,13.25,1425.75,3,0,Regular,0.0
9680,15,1,1684.38,8,4.0,8.666666666666666,1078.0,1,3,New Customer,18.8438
9681,51,2,643.62,5,4.0,15.5,1380.5,2,3,New Customer,10.4362
9682,285,0,0.0,1,4.0,20.0,1136.0,0,4,Lost,0.0
9684,6,1,220.97,5,4.5,4.0,782.0,1,3,New Customer,4.2097
9685,49,2,3810.04,12,4.25,14.5,1100.75,3,2,VIP,42.1004
9686,190,0,0.0,3,4.0,9.0,1489.0,0,4,Lost,0.0
9687,58,0,0.0,13,4.0,9.0,744.75,2,0,Regular,0.0
9689,143,0,0.0,7,4.0,16.5,340.5,1,0,Regular,0.0
9690,109,0,0.0,8,4.0,13.0,185.5,2,0,Regular,0.0
9691,131,1,885.92,1,2.0,24.0,401.0,1,3,New Customer,10.8592
9692,159,1,3474.48,4,4.5,17.5,549.5,1,1,At Risk,36.7448
9693,136,1,171.78,3,3.5,9.5,641.0,2,3,New Customer,3.7178
9694,26,0,0.0,2,4.0,17.0,838.0,1,0,Regular,0.0
9695,95,1,798.58,8,3.6666666666666665,13.666666666666666,969.3333333333334,2,3,New Customer,9.985800000000001
9696,34,0,0.0,4,4.0,7.5,703.0,1,0,Regular,0.0
9697,205,1,1631.68,4,4.0,13.0,1431.0,2,1,At Risk,18.3168
9698,141,1,490.67,5,3.0,15.5,578.0,1,1,At Risk,6.9067
9699,140,1,668.82,12,3.4,16.4,808.4,2,1,At Risk,8.6882
9700,89,0,0.0,8,4.0,14.0,803.0,1,0,Regular,0.0
9701,36,0,0.0,12,4.0,13.0,1250.5,3,0,Regular,0.0
9702,345,0,0.0,2,4.0,15.0,66.0,1,4,Lost,0.0
9703,146,1,1500.01,10,3.3333333333333335,8.0,1375.6666666666667,2,1,At Risk,17.0001
9704,209,1,4339.03,3,4.0,16.0,1564.0,1,1,At Risk,45.390299999999996
9705,236,0,0.0,7,4.0,10.333333333333334,759.0,1,4,Lost,0.0
9706,135,1,881.33,16,4.2,12.6,1037.6,3,3,New Customer,10.8133
9707,51,1,5553.0,13,4.0,15.25,1030.5,2,2,VIP,57.53
9708,105,0,0.0,6,4.0,12.5,322.5,2,0,Regular,0.0
9710,277,0,0.0,2,4.0,24.0,593.0,1,4,Lost,0.0
9711,7,1,104.4,1,3.0,13.0,634.0,1,3,New Customer,3.044
9712,173,1,535.5,3,4.333333333333333,11.333333333333334,741.0,2,1,At Risk,7.355
9713,257,1,1197.58,4,4.0,17.5,59.0,2,1,At Risk,13.9758
9714,91,0,0.0,6,4.0,18.0,1259.0,1,0,Regular,0.0
9715,18,0,0.0,5,4.0,15.0,686.0,2,0,Regular,0.0
9716,27,0,0.0,10,4.0,14.5,853.75,3,0,Regular,0.0
9717,76,0,0.0,6,4.0,11.333333333333334,298.3333333333333,0,0,Regular,0.0
9718,77,1,2410.31,9,3.6666666666666665,20.666666666666668,1014.0,2,3,New Customer,26.103099999999998
9719,51,2,1323.04,14,4.166666666666667,11.166666666666666,1318.1666666666667,3,3,New Customer,17.2304
9720,57,0,0.0,8,4.0,10.333333333333334,1003.3333333333334,1,0,Regular,0.0
9721,307,0,0.0,2,4.0,10.0,1496.0,1,4,Lost,0.0
9722,30,0,0.0,12,4.0,13.25,1017.5,1,0,Regular,0.0
9723,41,1,5173.84,8,3.6666666666666665,9.333333333333334,910.0,2,2,VIP,53.7384
9724,71,0,0.0,10,4.0,14.2,1374.2,3,0,Regular,0.0
9725,64,0,0.0,1,4.0,12.0,1535.0,0,0,Regular,0.0
9726,48,2,6634.26,15,3.8333333333333335,13.5,887.5,4,2,VIP,70.3426
9727,160,1,2621.8,7,4.0,8.5,704.5,1,1,At Risk,28.218000000000004
9728,31,1,205.35,3,3.5,4.0,997.0,1,3,New Customer,4.0535
9729,40,0,0.0,5,4.0,16.5,1576.5,1,0,Regular,0.0
9730,18,1,3181.75,8,4.25,13.75,1007.0,3,3,New Customer,33.817499999999995
9731,49,0,0.0,11,4.0,11.666666666666666,1435.6666666666667,2,0,Regular,0.0
9732,28,2,4610.57,9,3.25,12.0,808.0,3,2,VIP,50.1057
9733,163,1,3555.88,6,4.0,14.666666666666666,1155.0,2,1,At Risk,37.5588
9734,92,2,1942.9499999999998,20,4.0,13.428571428571429,752.5714285714286,5,3,New Customer,23.429499999999997
9735,22,0,0.0,4,4.0,16.0,1477.0,0,0,Regular,0.0
9736,17,1,1095.18,16,3.8333333333333335,13.0,735.6666666666666,4,3,New Customer,12.9518
9737,237,0,0.0,4,4.0,15.0,1667.0,1,4,Lost,0.0
9738,318,1,925.88,3,3.0,13.0,1386.0,1,1,At Risk,11.2588
9739,122,1,1615.15,5,4.333333333333333,19.333333333333332,830.0,2,3,New Customer,18.151500000000002
9740,281,0,0.0,1,4.0,23.0,760.0,1,4,Lost,0.0
9741,27,1,542.19,8,4.0,10.25,1244.25,2,3,New Customer,7.421900000000001
9742,321,0,0.0,2,4.0,22.0,1479.0,1,4,Lost,0.0
9743,329,1,2288.69,4,3.0,9.0,906.0,1,1,At Risk,24.8869
9744,9,1,1927.76,8,4.0,3.6666666666666665,671.3333333333334,2,3,New Customer,21.2776
9745,17,0,0.0,9,4.0,9.0,1034.0,1,0,Regular,0.0
9746,90,0,0.0,4,4.0,10.5,410.0,1,0,Regular,0.0
9747,12,1,1253.28,12,3.8,9.4,457.0,4,3,New Customer,14.5328
9748,52,2,1867.56,7,4.0,16.0,1161.0,3,3,New Customer,22.6756
9749,41,1,2052.83,9,4.333333333333333,12.666666666666666,685.0,2,3,New Customer,22.528299999999998
9750,55,0,0.0,4,4.0,14.5,1297.0,2,0,Regular,0.0
9751,342,0,0.0,4,4.0,17.0,1734.0,1,4,Lost,0.0
9752,174,1,1334.88,4,3.0,21.0,1360.0,1,1,At Risk,15.3488
9753,43,1,497.21,1,5.0,11.0,78.0,1,3,New Customer,6.9721
9754,147,1,3407.82,11,3.4,14.8,880.8,4,1,At Risk,36.0782
9755,93,2,1326.72,5,3.3333333333333335,12.0,1229.6666666666667,3,3,New Customer,17.267200000000003
9756,140,0,0.0,7,4.0,17.5,1465.5,2,0,Regular,0.0
9757,65,1,81.54,6,4.333333333333333,19.666666666666668,887.3333333333334,3,3,New Customer,2.8154
9758,151,1,1100.76,13,4.25,3.25,1087.25,4,1,At Risk,13.0076
9759,101,2,7465.32,12,3.8,8.0,937.4,4,2,VIP,78.6532
9760,364,1,378.47,1,3.0,6.0,1151.0,1,4,Lost,5.784700000000001
9761,60,1,346.2,7,4.333333333333333,4.0,851.0,2,3,New Customer,5.462
9762,4,2,7499.860000000001,15,3.8,16.2,1252.6,3,2,VIP,78.99860000000001
9763,216,1,346.78,2,3.0,8.0,57.0,1,1,At Risk,5.4677999999999995
9764,336,0,0.0,1,4.0,18.0,871.0,0,4,Lost,0.0
9765,66,2,5383.120000000001,6,3.5,12.0,1059.5,2,2,VIP,57.83120000000001
9766,9,1,1265.31,10,3.6,17.4,739.6,3,3,New Customer,14.6531
9767,29,0,0.0,11,4.0,15.25,1013.0,4,0,Regular,0.0
9768,173,1,1970.75,4,3.0,5.0,1075.0,1,1,At Risk,21.7075
9769,64,0,0.0,9,4.0,9.333333333333334,961.6666666666666,2,0,Regular,0.0
9770,216,1,1688.2,6,3.3333333333333335,12.0,1529.3333333333333,2,1,At Risk,18.882
9771,8,1,5050.12,3,3.0,7.0,1645.0,1,2,VIP,52.5012
9772,25,1,1121.12,10,4.25,18.75,710.75,3,3,New Customer,13.211199999999998
9773,80,0,0.0,11,4.0,11.5,1143.0,2,0,Regular,0.0
9774,98,0,0.0,6,4.0,21.0,251.5,2,0,Regular,0.0
9775,12,0,0.0,5,4.0,12.5,1470.0,1,0,Regular,0.0
9776,100,0,0.0,8,4.0,10.5,798.0,1,0,Regular,0.0
9777,11,1,6759.63,11,4.25,11.75,1108.25,4,2,VIP,69.5963
9778,149,0,0.0,6,4.0,5.5,1039.0,1,0,Regular,0.0
9779,285,0,0.0,8,4.0,13.333333333333334,1066.3333333333333,1,4,Lost,0.0
9780,33,1,3361.47,9,3.75,15.75,144.75,4,3,New Customer,35.6147
9781,14,1,1155.25,2,5.0,13.0,891.0,1,3,New Customer,13.5525
9782,24,1,1946.82,9,3.75,9.75,895.25,1,3,New Customer,21.4682
9783,119,0,0.0,1,4.0,24.0,1445.0,0,0,Regular,0.0
9784,12,1,2290.49,13,3.4,11.2,1161.6,2,3,New Customer,24.904899999999998
9785,112,1,5796.39,10,4.0,10.333333333333334,867.6666666666666,2,2,VIP,59.9639
9786,361,0,0.0,1,4.0,10.0,1551.0,1,4,Lost,0.0
9787,48,0,0.0,11,4.0,13.4,935.0,2,0,Regular,0.0
9788,76,0,0.0,7,4.0,10.5,415.5,0,0,Regular,0.0
9789,90,1,451.66,13,3.8333333333333335,12.666666666666666,876.6666666666666,3,3,New Customer,6.5166
9791,151,0,0.0,3,4.0,20.0,1739.5,0,4,Lost,0.0
9792,191,0,0.0,10,4.0,11.75,1166.0,0,4,Lost,0.0
9793,39,0,0.0,9,4.0,5.666666666666667,863.6666666666666,3,0,Regular,0.0
9794,3,0,0.0,5,4.0,3.0,712.0,0,0,Regular,0.0
9796,0,2,2825.51,9,4.333333333333333,9.333333333333334,1067.0,2,3,New Customer,32.2551
9798,37,0,0.0,5,4.0,3.6666666666666665,489.0,2,0,Regular,0.0
9800,24,0,0.0,10,4.0,6.5,1420.75,1,0,Regular,0.0
9801,93,0,0.0,14,4.0,12.25,831.5,3,0,Regular,0.0
9802,93,1,957.85,4,3.0,11.0,1041.5,1,3,New Customer,11.5785
9803,128,0,0.0,2,4.0,24.0,511.0,1,0,Regular,0.0
9804,13,0,0.0,1,4.0,18.0,1504.0,0,0,Regular,0.0
9805,185,1,1082.08,7,4.0,13.75,980.25,2,1,At Risk,12.820799999999998
9806,227,0,0.0,7,4.0,13.5,927.5,1,4,Lost,0.0
9807,146,2,1228.63,2,4.5,17.0,1398.0,2,1,At Risk,16.2863
9808,129,0,0.0,15,4.0,16.4,1104.2,4,0,Regular,0.0
9809,154,1,213.74,9,4.0,9.5,346.5,1,1,At Risk,4.1373999999999995
9810,60,0,0.0,4,4.0,16.0,623.0,1,0,Regular,0.0
9811,177,0,0.0,10,4.0,17.25,643.75,2,4,Lost,0.0
9812,0,1,655.88,10,4.0,8.6,886.0,2,3,New Customer,8.5588
9813,69,0,0.0,5,4.0,11.5,626.0,1,0,Regular,0.0
9815,0,1,626.42,13,4.0,9.2,518.2,3,3,New Customer,8.264199999999999
9816,12,1,436.59,10,4.2,13.6,733.8,4,3,New Customer,6.3659
9817,9,2,5694.05,6,2.0,13.5,463.5,2,2,VIP,60.9405
9818,38,1,5903.7,8,4.333333333333333,13.666666666666666,897.6666666666666,2,2,VIP,61.037
9819,203,0,0.0,7,4.0,15.0,661.3333333333334,0,4,Lost,0.0
9820,129,0,0.0,10,4.0,14.333333333333334,652.6666666666666,1,0,Regular,0.0
9821,173,1,1170.02,11,4.25,16.25,1209.75,2,1,At Risk,13.7002
9822,21,1,1687.52,10,4.333333333333333,17.0,1110.6666666666667,1,3,New Customer,18.8752
9823,74,0,0.0,4,4.0,19.0,234.0,0,0,Regular,0.0
9824,288,1,3184.17,6,4.0,18.0,646.0,1,1,At Risk,33.8417
9825,27,2,3344.65,14,3.6,16.2,1106.6,4,2,VIP,37.4465
9826,46,0,0.0,5,4.0,18.0,491.0,2,0,Regular,0.0
9827,10,0,0.0,8,4.0,16.666666666666668,268.6666666666667,3,0,Regular,0.0
9828,9,0,0.0,7,4.0,9.333333333333334,1469.0,2,0,Regular,0.0
9829,4,0,0.0,6,4.0,10.5,760.0,0,0,Regular,0.0
9830,23,1,260.1,6,4.333333333333333,9.333333333333334,1052.3333333333333,3,3,New Customer,4.601000000000001
9831,73,3,2157.76,16,3.8333333333333335,11.0,584.1666666666666,5,2,VIP,27.577600000000004
9833,217,1,2724.86,7,4.0,16.0,437.5,2,1,At Risk,29.2486
9834,218,0,0.0,4,4.0,12.0,1234.0,1,4,Lost,0.0
9835,44,0,0.0,8,4.0,10.25,973.0,1,0,Regular,0.0
9836,131,2,1398.98,8,4.0,10.333333333333334,1222.6666666666667,2,3,New Customer,17.989800000000002
9837,346,0,0.0,2,4.0,2.0,625.0,0,4,Lost,0.0
9838,92,1,1458.73,5,4.333333333333333,6.333333333333333,693.3333333333334,3,3,New Customer,16.5873
9839,11,2,3991.05,10,3.5,15.5,1212.5,4,2,VIP,43.9105
9840,176,0,0.0,7,4.0,18.666666666666668,1008.0,1,4,Lost,0.0
9842,136,0,0.0,1,4.0,19.0,1392.0,0,0,Regular,0.0
9843,191,0,0.0,6,4.0,8.5,229.5,0,4,Lost,0.0
9844,342,0,0.0,3,4.0,20.0,1049.0,1,4,Lost,0.0
9845,101,2,6979.08,11,3.5,3.75,1202.0,3,2,VIP,73.7908
9846,30,0,0.0,9,4.0,13.666666666666666,1542.6666666666667,2,0,Regular,0.0
9847,46,0,0.0,5,4.0,13.5,725.0,1,0,Regular,0.0
9848,144,0,0.0,5,4.0,21.0,962.0,0,0,Regular,0.0
9849,48,1,1295.74,9,3.75,13.25,1108.5,1,3,New Customer,14.9574
9850,78,0,0.0,3,4.0,9.5,652.0,1,0,Regular,0.0
9851,198,0,0.0,4,4.0,10.0,1045.5,2,4,Lost,0.0
9852,46,0,0.0,11,4.0,13.0,589.3333333333334,1,0,Regular,0.0
9853,11,0,0.0,10,4.0,19.0,933.5,0,0,Regular,0.0
9854,3,0,0.0,10,4.0,11.0,1354.3333333333333,3,0,Regular,0.0
9856,30,1,734.02,2,4.0,20.0,982.0,1,3,New Customer,9.3402
9857,150,1,2072.57,7,4.0,11.0,610.0,2,1,At Risk,22.725700000000003
9858,151,0,0.0,8,4.0,13.25,851.5,2,4,Lost,0.0
9859,7,3,4057.34,15,3.6666666666666665,12.333333333333334,905.8333333333334,6,2,VIP,46.5734
9860,9,2,5017.68,19,4.0,9.428571428571429,1012.8571428571429,6,2,VIP,54.1768
9861,89,2,1026.96,12,4.0,7.2,1006.0,2,3,New Customer,14.2696
9862,106,2,7869.07,12,3.4,6.8,1166.0,3,2,VIP,82.69069999999999
9863,3,2,3268.36,5,4.5,11.5,1003.5,2,2,VIP,36.6836
9864,10,0,0.0,6,4.0,12.5,1263.0,2,0,Regular,0.0
9865,340,1,713.19,3,4.0,22.0,1058.0,1,1,At Risk,9.131900000000002
9866,231,0,0.0,5,4.0,17.5,538.5,2,4,Lost,0.0
9867,53,2,7683.61,10,4.25,11.5,927.25,3,2,VIP,80.8361
9868,165,0,0.0,8,4.0,12.666666666666666,1618.0,1,4,Lost,0.0
9869,13,2,8202.76,11,4.25,10.5,1326.0,2,2,VIP,86.0276
9870,199,0,0.0,3,4.0,9.5,837.0,0,4,Lost,0.0
9871,223,0,0.0,3,4.0,13.0,253.0,1,4,Lost,0.0
9873,69,3,3978.3900000000003,23,3.857142857142857,11.0,1194.142857142857,6,2,VIP,45.7839
9874,149,0,0.0,8,4.0,7.333333333333333,970.0,2,0,Regular,0.0
9876,137,0,0.0,1,4.0,21.0,1278.0,1,0,Regular,0.0
9877,80,0,0.0,3,4.0,8.0,484.0,0,0,Regular,0.0
9878,44,0,0.0,13,4.0,14.75,953.5,5,0,Regular,0.0
9879,61,0,0.0,11,4.0,7.5,797.5,4,0,Regular,0.0
9880,66,1,2133.2,8,4.0,15.5,1016.5,3,3,New Customer,23.331999999999997
9881,2,2,7184.4400000000005,20,3.8333333333333335,14.5,832.3333333333334,5,2,VIP,75.84440000000001
9882,153,0,0.0,2,4.0,22.0,40.0,1,4,Lost,0.0
9883,132,3,2216.86,15,4.0,13.8,722.6,4,2,VIP,28.1686
9884,251,0,0.0,1,4.0,7.0,640.0,1,4,Lost,0.0
9885,84,1,3008.2,10,4.25,4.75,1046.75,3,3,New Customer,32.081999999999994
9886,41,1,708.13,5,3.5,4.0,1397.5,1,3,New Customer,9.081299999999999
9887,35,1,526.18,6,4.0,7.0,815.3333333333334,2,3,New Customer,7.261799999999999
9888,114,1,4366.62,8,3.6666666666666665,20.0,1391.6666666666667,2,2,VIP,45.666199999999996
9889,33,0,0.0,1,4.0,15.0,886.0,0,0,Regular,0.0
9890,11,0,0.0,11,4.0,12.5,995.0,1,0,Regular,0.0
9891,79,1,1808.79,6,3.6666666666666665,22.0,1010.0,2,3,New Customer,20.0879
9892,133,1,1252.28,11,4.0,4.0,762.0,3,3,New Customer,14.5228
9894,70,0,0.0,5,4.0,14.0,759.5,1,0,Regular,0.0
9895,166,0,0.0,4,4.0,8.5,1054.0,1,4,Lost,0.0
9896,96,0,0.0,4,4.0,5.5,372.0,2,0,Regular,0.0
9897,129,0,0.0,3,4.0,11.5,163.5,1,0,Regular,0.0
9900,75,0,0.0,10,4.0,13.0,979.25,2,0,Regular,0.0
9901,8,0,0.0,2,4.0,15.0,837.0,1,0,Regular,0.0
9902,67,0,0.0,6,4.0,8.0,1349.0,2,0,Regular,0.0
9903,246,1,1368.84,8,3.3333333333333335,13.666666666666666,824.0,1,1,At Risk,15.6884
9904,79,0,0.0,5,4.0,14.0,852.0,1,0,Regular,0.0
9905,19,0,0.0,9,4.0,17.0,749.6666666666666,0,0,Regular,0.0
9906,62,1,2658.15,10,3.75,14.75,514.0,1,3,New Customer,28.581500000000002
9907,61,1,787.37,7,4.0,13.0,711.6666666666666,2,3,New Customer,9.8737
9908,112,0,0.0,6,4.0,16.0,1307.3333333333333,3,0,Regular,0.0
9909,101,1,2419.52,12,4.2,14.6,971.0,2,3,New Customer,26.1952
9910,6,1,613.1,7,4.0,9.0,940.3333333333334,2,3,New Customer,8.131
9911,2,1,2633.7,17,4.2,14.6,721.4,4,3,New Customer,28.337
9912,37,0,0.0,9,4.0,21.0,441.0,2,0,Regular,0.0
9913,81,0,0.0,1,4.0,21.0,841.0,0,0,Regular,0.0
9914,174,0,0.0,8,4.0,10.333333333333334,713.6666666666666,0,4,Lost,0.0
9915,14,0,0.0,2,4.0,12.5,368.0,0,0,Regular,0.0
9916,59,1,2948.28,11,3.8333333333333335,17.5,1016.0,4,3,New Customer,31.4828
9917,6,1,317.7,8,4.0,12.25,742.75,3,3,New Customer,5.177
9918,2,0,0.0,14,4.0,8.8,915.4,2,0,Regular,0.0
9919,236,1,202.41,4,4.0,16.333333333333332,820.3333333333334,1,1,At Risk,4.0241
9920,45,0,0.0,3,4.0,14.5,160.5,1,0,Regular,0.0
9921,22,2,6298.85,7,4.25,12.75,628.25,3,2,VIP,66.9885
9922,308,1,1975.84,7,3.0,15.0,969.0,2,1,At Risk,21.758399999999998
9923,188,1,1348.96,2,5.0,7.0,639.0,1,1,At Risk,15.489600000000001
9924,67,2,4163.6,7,4.5,10.0,648.5,3,2,VIP,45.636
9925,167,0,0.0,8,4.0,4.333333333333333,672.0,3,4,Lost,0.0
9926,63,1,1483.68,13,4.2,16.0,722.8,2,3,New Customer,16.8368
9927,198,0,0.0,2,4.0,5.0,1048.0,1,4,Lost,0.0
9928,44,2,3254.47,9,4.0,11.75,939.0,4,2,VIP,36.5447
9929,120,1,981.5,15,3.8333333333333335,13.0,1238.1666666666667,4,3,New Customer,11.815
9930,87,1,3192.74,5,3.6666666666666665,3.3333333333333335,1404.0,3,3,New Customer,33.9274
9931,35,2,6026.58,12,3.8,11.0,771.6,3,2,VIP,64.2658
9932,18,2,4014.9900000000002,8,2.75,10.25,1073.0,3,2,VIP,44.1499
9934,18,0,0.0,10,4.0,15.75,1354.0,3,0,Regular,0.0
9935,54,0,0.0,5,4.0,18.5,1484.5,1,0,Regular,0.0
9936,50,0,0.0,12,4.0,11.5,756.0,2,0,Regular,0.0
9937,265,0,0.0,4,4.0,16.0,1274.0,1,4,Lost,0.0
9939,51,1,1273.44,10,4.25,11.75,1036.75,4,3,New Customer,14.7344
9940,135,2,4222.35,14,3.6,8.8,1428.0,3,2,VIP,46.2235
9941,215,0,0.0,6,4.0,15.0,357.0,1,4,Lost,0.0
9943,277,0,0.0,1,4.0,21.0,508.0,0,4,Lost,0.0
9944,174,0,0.0,7,4.0,11.5,1218.5,1,4,Lost,0.0
9945,115,0,0.0,7,4.0,17.0,799.0,3,0,Regular,0.0
9946,75,0,0.0,9,4.0,11.333333333333334,707.3333333333334,2,0,Regular,0.0
9947,59,1,1919.04,5,4.0,4.5,1258.0,1,3,New Customer,21.1904
9948,236,2,2881.6,8,3.6666666666666665,11.666666666666666,882.6666666666666,3,1,At Risk,32.816
9949,270,0,0.0,3,4.0,6.5,846.5,2,4,Lost,0.0
9950,90,2,3073.7799999999997,9,3.3333333333333335,17.333333333333332,939.0,2,2,VIP,34.73779999999999
9951,99,1,937.36,8,3.5,11.5,1121.5,1,3,New Customer,11.3736
9952,20,1,4054.2,21,3.5714285714285716,8.428571428571429,1194.4285714285713,5,3,New Customer,42.542
9953,318,0,0.0,2,4.0,13.0,567.0,1,4,Lost,0.0
9954,26,1,3849.4,6,4.5,18.0,326.5,1,3,New Customer,40.494
9955,4,0,0.0,7,4.0,7.0,721.3333333333334,3,0,Regular,0.0
9956,326,0,0.0,1,4.0,20.0,1312.0,0,4,Lost,0.0
9957,58,0,0.0,7,4.0,10.666666666666666,1180.0,1,0,Regular,0.0
9958,192,0,0.0,4,4.0,11.0,375.5,1,4,Lost,0.0
9959,57,5,7052.049999999999,16,4.5,7.833333333333333,552.8333333333334,6,2,VIP,80.5205
9960,22,0,0.0,10,4.0,15.333333333333334,786.3333333333334,2,0,Regular,0.0
9961,334,1,1587.64,2,3.0,5.0,1101.0,1,1,At Risk,17.8764
9962,35,1,1198.66,1,3.0,2.0,1659.0,1,3,New Customer,13.986600000000001
9963,5,2,3696.62,15,3.8,9.4,760.6,3,2,VIP,40.9662
9964,29,0,0.0,4,4.0,12.5,905.5,1,0,Regular,0.0
9965,72,2,1116.83,9,4.0,9.75,1401.75,3,3,New Customer,15.168299999999999
9966,299,0,0.0,5,4.0,7.5,1184.5,2,4,Lost,0.0
9967,89,0,0.0,8,4.0,12.5,1423.5,1,0,Regular,0.0
9968,100,0,0.0,4,4.0,16.0,729.0,0,0,Regular,0.0
9969,167,0,0.0,10,4.0,9.8,1167.2,3,4,Lost,0.0
9970,67,0,0.0,5,4.0,18.5,1198.0,1,0,Regular,0.0
9971,136,0,0.0,5,4.0,13.333333333333334,1365.3333333333333,2,0,Regular,0.0
9972,34,0,0.0,16,4.0,13.166666666666666,1076.8333333333333,3,0,Regular,0.0
9974,54,0,0.0,3,4.0,4.5,934.0,2,0,Regular,0.0
9975,33,0,0.0,4,4.0,17.5,1578.5,1,0,Regular,0.0
9976,47,1,3573.54,11,4.2,10.0,864.0,2,3,New Customer,37.7354
9977,24,1,879.36,9,4.0,10.6,896.8,3,3,New Customer,10.7936
9978,158,2,5745.68,11,4.0,14.2,958.0,3,2,VIP,61.4568
9979,227,1,2429.94,10,4.0,12.25,814.5,3,1,At Risk,26.299400000000002
9980,174,0,0.0,7,4.0,8.0,1010.5,2,4,Lost,0.0
9981,341,0,0.0,1,4.0,15.0,179.0,0,4,Lost,0.0
9982,187,2,921.9200000000001,8,4.666666666666667,16.0,1270.6666666666667,3,1,At Risk,13.2192
9983,0,2,5784.139999999999,6,3.6666666666666665,13.0,869.6666666666666,3,2,VIP,61.84139999999999
9984,183,0,0.0,1,4.0,13.0,226.0,1,4,Lost,0.0
9985,173,1,3656.85,5,4.0,7.0,1512.0,1,1,At Risk,38.5685
9986,220,0,0.0,2,4.0,7.0,1794.0,0,4,Lost,0.0
9987,10,1,922.81,19,4.166666666666667,11.666666666666666,803.5,3,3,New Customer,11.2281
9988,60,0,0.0,20,4.0,7.833333333333333,785.0,3,0,Regular,0.0
9989,9,0,0.0,6,4.0,11.5,947.0,2,0,Regular,0.0
9990,10,2,10009.98,16,3.6666666666666665,14.833333333333334,820.5,3,2,VIP,104.0998
9991,147,0,0.0,6,4.0,10.333333333333334,784.0,1,0,Regular,0.0
9992,50,2,4906.209999999999,5,3.0,13.0,777.5,2,2,VIP,53.062099999999994
9993,4,2,3413.7200000000003,13,3.25,13.5,359.75,4,2,VIP,38.1372
9994,71,1,1038.24,15,4.2,10.0,1031.6,2,3,New Customer,12.3824
9995,145,0,0.0,3,4.0,13.0,164.0,0,0,Regular,0.0
9996,8,0,0.0,3,4.0,12.5,970.5,1,0,Regular,0.0
9997,139,1,1583.0,6,4.333333333333333,14.666666666666666,419.3333333333333,2,1,At Risk,17.83
9998,5,1,1295.58,8,3.75,4.25,884.75,3,3,New Customer,14.9558
