actual_revenue,predicted_revenue
4252.35,1066.745828616009
0.0,1200.4202218440148
0.0,50.56473786812387
0.0,765.136012254038
0.0,358.4845407810533
1026.78,428.751419505827
0.0,289.3207798466001
0.0,14.645078168771533
0.0,-164.3943026272916
0.0,144.37823066825626
0.0,226.1243324450436
0.0,290.83142240075745
4789.93,1210.6598157553155
1164.46,510.2119493011662
2204.36,788.0226356968985
0.0,1069.5505764798772
0.0,449.08941533667326
0.0,30.521389931453086
695.64,472.91794680661974
0.0,-114.08325952626103
0.0,225.07681226173258
0.0,505.9682327266512
995.43,576.0954277188405
0.0,1052.7654088450513
0.0,726.0436057951256
0.0,868.5357277999276
0.0,651.3558672020829
0.0,1095.0557492182675
0.0,80.47526030452502
0.0,-272.9323318619224
0.0,1084.8440360774846
0.0,181.03972088447972
0.0,-534.8228059626931
0.0,1488.184781027113
1960.17,1059.5234675328916
0.0,504.83279262886686
0.0,-130.46719504493785
0.0,9.370251185786174
0.0,671.0154649228205
1587.68,599.5164844428266
0.0,45.30381943629209
0.0,1252.553201358866
60.08,-113.67661783196979
0.0,163.88159772976906
262.27,124.20663828013448
0.0,-490.41126674897953
0.0,792.4166857374128
1528.92,831.8731125767326
0.0,856.665987720605
0.0,705.9403828236916
0.0,410.3541940137932
0.0,868.5248986844849
0.0,701.8211516369286
0.0,-88.79438463094175
0.0,642.7543601353179
0.0,934.0742111315085
0.0,-217.7794396836174
0.0,714.0994374770087
0.0,583.7561022266079
2674.83,826.9902368763171
5346.25,1295.7378311825662
0.0,546.7362924660722
0.0,1126.5653162632398
0.0,127.69833848216433
0.0,704.2229891676509
0.0,244.83431455315167
0.0,776.9619247628113
2309.25,825.3765600798126
0.0,669.7769089255091
0.0,-245.86609535476373
0.0,41.82390241696578
0.0,-151.7472170607374
0.0,481.55416127958256
0.0,622.7900252567285
0.0,443.9386728985121
0.0,170.80047546188734
0.0,953.1649705194588
0.0,439.2226249970495
0.0,746.332172387634
0.0,441.99244140931137
0.0,209.0031475529961
190.21,85.54430796631937
0.0,43.25482203619754
0.0,253.64576159380044
0.0,480.6847458342543
0.0,226.52999098468536
0.0,-132.66435908972676
0.0,159.94812756888894
0.0,832.096296206711
1021.44,446.63185040112626
2290.18,783.9505869363895
0.0,491.6747303651141
0.0,206.5141037585281
0.0,83.38175047382697
0.0,477.55629060955357
2066.76,742.8450454470978
0.0,140.12609525628488
0.0,-370.82685494945883
0.0,476.3281085201845
0.0,-11.814796808491906
0.0,-26.44306214129972
0.0,126.0346620577418
0.0,30.433106412075404
0.0,-194.45310708478848
3171.45,876.2603106165809
0.0,97.72483457085491
0.0,-15.96744770239934
0.0,1157.817369486107
404.17,253.3420821468128
0.0,661.5991857512306
1872.36,739.5602052366169
2369.47,740.8923978773566
1116.86,417.1085480088634
0.0,27.492559648773522
0.0,-348.0425227649433
3427.14,1096.0086586835325
0.0,744.2502229653776
0.0,-248.68372600372436
0.0,349.0444001199239
0.0,227.1307927830287
0.0,-360.93285081272404
0.0,746.0716152215455
0.0,-210.5140719627086
0.0,-14.564007798526518
1378.16,571.412650720074
0.0,-154.17780787826518
0.0,445.704322004279
1862.95,669.7409703017995
0.0,309.8219063055951
0.0,493.5852989512955
0.0,298.3647781293789
1548.37,651.4360774717495
0.0,354.8074362309519
0.0,102.22803854533674
0.0,-58.048214060903774
0.0,279.64809420993583
0.0,-360.3565002535901
0.0,590.8338376172394
0.0,649.9678626853845
1412.22,820.8238232344522
0.0,346.3393950258153
0.0,645.5153478002458
0.0,-7.52913740093345
0.0,-365.3134457660659
138.96,80.90645962385474
0.0,303.40271327410574
0.0,109.30634448510091
0.0,-5.178528511458353
0.0,55.344454046551505
0.0,513.5275797797256
0.0,515.7631380821963
0.0,490.8033414659428
0.0,86.31974071067316
0.0,59.52806897782705
6440.7,1353.317159443876
0.0,642.509820846567
0.0,475.74086086722286
0.0,616.7237749157318
0.0,-357.68453115209917
1361.34,602.9084724778156
3361.47,893.3618945146434
801.53,587.5942612658307
0.0,173.96845535775856
0.0,653.7022453170257
0.0,191.5132520617301
0.0,-236.22107254104753
1851.12,730.3943165832018
1439.68,885.2077233477778
0.0,519.7181673548687
0.0,67.17020776826189
0.0,63.31220467850869
0.0,32.403290489480696
0.0,197.91725506517923
0.0,-355.2877870932075
0.0,1299.1698294754035
0.0,-390.5082129300861
0.0,54.90396508221875
0.0,322.15666035757954
840.51,448.7461914290391
0.0,-542.7867169906007
0.0,684.7465365825722
1406.27,514.9177301767947
0.0,-552.2905319785818
6089.47,1413.3613967550853
0.0,602.7000045308425
0.0,1180.7660792353606
161.23,182.81844707255595
1876.09,694.7211667785236
2530.89,861.2508906024127
0.0,859.774217871169
0.0,-33.64642188232892
0.0,501.3663992461054
0.0,833.5892387465058
0.0,333.62140319277
1792.11,659.1091881194313
0.0,-53.83152021036233
0.0,741.4234936414307
0.0,672.0702047343163
0.0,-409.8815920422837
923.33,492.64480827798184
0.0,-208.98617104178118
0.0,425.30476934874036
0.0,289.9313013832739
285.46,126.51837963721073
1903.5,644.758047398632
0.0,693.7273169185303
1809.84,663.2907095344674
416.77,212.88129859782453
0.0,-361.39319936772665
0.0,103.15234964285628
0.0,146.1224396984859
0.0,622.5976462968713
1826.85,735.1730963187174
2068.56,680.6062258706695
0.0,294.87465558363647
0.0,80.11916977539681
0.0,-235.26635162873197
0.0,-484.8893053778952
0.0,533.5100614505493
0.0,976.2172141228859
0.0,439.6296285755336
0.0,474.25799071266124
0.0,1332.1366419370245
0.0,410.2481332781788
0.0,-352.5855242587103
0.0,80.63894883556577
0.0,367.1678268414946
0.0,309.0212930479199
1175.41,603.1969262296655
0.0,494.20978464644554
4361.0,1123.443756813435
0.0,914.5134140596288
2242.92,746.302691794986
356.0,120.9329619562103
0.0,972.9324636000254
0.0,-500.7589634823006
0.0,284.3248965835985
0.0,563.6042501174427
0.0,-236.2068830480755
0.0,259.0003105956803
0.0,178.90677802572043
0.0,365.02926319333324
0.0,670.8756877225103
0.0,-23.421230182728777
1446.03,604.5891611179097
0.0,68.70503490647957
0.0,-104.26782836197538
0.0,425.5435417326157
0.0,219.89144866869105
0.0,393.8347360403236
0.0,-319.29251085581177
0.0,-285.57460186466653
0.0,969.3124097350567
407.71,182.8229607527394
0.0,-245.83028230772345
2611.03,924.5509163913805
0.0,606.0651953402466
0.0,225.55208706729968
0.0,596.712829184989
0.0,9.00111103508084
0.0,-146.6447604225251
0.0,302.5556294044468
0.0,294.4689580381935
0.0,481.1247930769107
0.0,791.1066917442542
1991.52,1074.7674894458748
0.0,493.904123640498
0.0,452.67388561659027
0.0,713.9728896598322
0.0,625.9351928030485
0.0,958.3818048662745
0.0,16.454245810763155
0.0,40.1313415285822
0.0,28.338054750961874
0.0,-164.45672498281135
0.0,-76.58561119984904
0.0,386.6312361387993
0.0,268.12256497944327
0.0,574.3101798547493
0.0,-538.8291245702038
0.0,174.56328932778752
0.0,103.15370374314705
0.0,408.49433178921095
0.0,-12.965904293365838
0.0,168.16138602491333
623.16,243.4128827031243
0.0,817.2617208518611
3906.7,1062.955909335567
0.0,255.64439259105416
6920.28,1421.5695546347
0.0,-354.68542876898186
0.0,793.8695065214952
403.06,227.3613821351346
2792.32,943.8872093461766
1661.69,655.6898068828384
0.0,284.0850128184925
1197.14,703.1605971686124
0.0,408.41428506076477
0.0,610.0243623683502
0.0,-246.05151224138604
0.0,233.28908308781388
0.0,887.8386327281971
0.0,308.0028992048424
861.13,453.5694996829018
187.52,41.10558990787058
3583.95,1034.931259800978
0.0,677.8642852807636
0.0,-13.929723220458754
0.0,-57.22956863100535
0.0,626.8269451833842
0.0,-183.8451290766717
0.0,525.875495067615
0.0,1346.596346254844
0.0,-248.5696444296184
0.0,100.63410253043776
0.0,-551.969737597773
0.0,-171.07072140841933
0.0,445.57138012077894
1727.02,908.6994917322145
725.98,352.4015092804191
0.0,225.33994222727893
0.0,345.9430094702873
0.0,28.211489214535618
0.0,105.5716606600106
0.0,393.63828218705453
0.0,950.5234843301512
0.0,965.7959018535764
0.0,-131.74468035212817
0.0,-207.42142633714798
885.99,537.8911802439725
1246.53,562.8809767946511
0.0,345.7291390450989
0.0,-195.0594733959324
0.0,1110.3958427330967
0.0,50.5406262918799
2557.87,972.0928516162301
2445.17,853.3205375464624
0.0,510.8262213517844
0.0,548.6032589367021
0.0,-215.17256611406106
0.0,-148.69066981702304
0.0,-470.3347137868907
0.0,-599.595000725952
0.0,216.50665966760175
0.0,-12.436738043609239
0.0,1018.6705660019675
0.0,1015.5326551663759
1767.68,700.5992767733567
0.0,508.10590654963653
0.0,-354.99741925945943
0.0,-63.10955950989592
0.0,321.90855238716836
0.0,160.88347302473858
0.0,-52.4748565091337
0.0,37.18973382192894
0.0,-470.6054730996999
0.0,406.1920859662505
0.0,1341.1979520770185
564.98,298.05600359025766
0.0,872.2175291481446
0.0,748.7126915554143
0.0,864.1991059248187
434.49,389.97753266736663
556.25,317.77553754754194
0.0,612.3533126405446
1032.27,421.24258842367635
0.0,-51.4509942050305
0.0,1422.5406049311607
0.0,730.8679567190886
0.0,597.9127735184841
0.0,-413.62124538081093
0.0,340.6520156404265
0.0,395.9210955295164
0.0,425.7501297084193
0.0,515.8709511125232
0.0,577.6167347162798
0.0,-297.91709594492625
3957.48,1051.7007535333385
0.0,-24.129629902345187
0.0,-151.06749234818312
190.58,61.63082292532101
491.64,259.8066671837689
0.0,-10.295339928525891
0.0,132.00214900333162
0.0,50.35596433390492
0.0,-602.1022872931106
0.0,-130.0293365179839
0.0,1428.8620371393047
0.0,123.11689960574074
0.0,1295.881301424867
0.0,602.6865963303919
2339.99,763.4679233324944
0.0,137.01817194738567
0.0,403.9527820307105
0.0,-21.536853575334703
0.0,136.7983416521006
0.0,37.10019124751727
4306.6,1089.9463361902428
4767.7,1210.115786060616
0.0,991.4964668817727
0.0,948.5808815917896
648.46,283.28286852460724
0.0,239.7081892140243
0.0,10.210241922738305
0.0,255.06728267227186
0.0,-543.2204551795046
665.15,317.15441619884746
0.0,-26.044312558677575
776.55,448.81437360905807
3299.52,1033.7859330798951
0.0,16.446680086541733
0.0,388.9244592353896
0.0,-536.5960596906709
0.0,254.65035245743115
0.0,459.6408980132387
0.0,399.34452523798086
0.0,547.1224858783719
0.0,707.8573240933963
0.0,-20.80161748563046
0.0,1160.9289552272796
2075.62,742.965602491872
0.0,-268.7359302337484
0.0,445.4289090110717
0.0,401.84620072428606
0.0,-343.6264649834379
229.01,22.606712359096832
0.0,-23.342340540921327
0.0,270.47489431516124
0.0,672.6260645034642
0.0,200.83395578131604
0.0,879.5787112549992
0.0,-235.3730558400032
0.0,14.331745269883186
2267.36,744.0392962632575
0.0,113.10952320047977
0.0,195.0420980265601
0.0,469.86860007868995
0.0,714.7931533210831
0.0,627.4302421009445
0.0,623.0677704908101
0.0,196.94526240532036
2625.47,854.0439070875939
0.0,1040.6032353730413
3423.51,939.59098164431
3022.43,881.9638569905724
0.0,139.44829885735874
0.0,901.0885055203144
0.0,40.626154571672146
0.0,-375.54375088809024
0.0,453.983427114317
0.0,530.6774413349856
0.0,847.3564390180354
0.0,548.6621519153452
662.54,399.9929319342125
760.07,408.11412138023434
0.0,628.9438767831446
0.0,302.73574520767556
2559.7,770.070065242732
0.0,17.70089896659556
789.99,383.0096829513434
6210.92,1296.0230098795475
0.0,242.72181315486228
0.0,663.2026062145123
0.0,230.6923379180471
0.0,65.44988763158767
0.0,519.6646684499858
0.0,1088.1890580505594
0.0,-409.35164125768614
0.0,298.0439526793068
0.0,77.30088048507935
2130.07,746.5849818724166
0.0,645.1481459779459
0.0,910.6451665113059
0.0,-334.7191138561465
0.0,679.0251655269526
108.44,37.16756700193446
0.0,574.368335633276
0.0,820.877779595603
2531.88,806.0795922324066
518.56,584.6580713902256
0.0,235.1024300615286
1136.65,482.87912597274476
0.0,189.00136949669377
0.0,366.49723429851633
0.0,-72.02538401388244
0.0,661.9415060435219
0.0,1498.8831087711021
0.0,419.4856801064593
3321.07,973.0951951719337
4902.46,1125.8903918697322
0.0,-242.1076701593305
0.0,916.8411449445052
0.0,1017.6322111429138
0.0,631.2730136520047
0.0,-9.891496333352961
0.0,141.47919711114082
0.0,895.1453289597721
602.79,351.4955225370902
0.0,-595.5994355580447
0.0,1071.8693869122692
0.0,313.21114185252827
0.0,1017.4389343379667
305.54,138.29038817452908
0.0,59.31517916491407
0.0,226.4146436950973
0.0,227.55468474292843
0.0,-171.17388319411816
0.0,237.83111380063565
0.0,11.190374674093391
0.0,575.4802195229615
0.0,1001.3202123079514
0.0,251.28787541975703
0.0,1460.2306313781721
173.72,116.58113087157983
0.0,694.7019523723704
0.0,105.9404068416004
0.0,790.3224467439477
4115.6,1038.3816116358162
0.0,159.5046044521224
0.0,618.943888732156
0.0,-287.53152610087204
0.0,686.1001952586578
0.0,980.704727426446
0.0,63.94008746827967
0.0,-150.65009899973847
0.0,413.0430796994783
317.38,180.39598955109
0.0,1022.3530023139135
3365.52,951.2881095297316
0.0,503.837651033896
0.0,473.4829174355684
0.0,142.0113169444635
0.0,833.4306483803882
323.79,126.30297048302168
2210.87,708.7205927657649
0.0,-57.54655258587718
0.0,414.90315885675614
0.0,98.49095805139746
0.0,661.3602687039727
0.0,500.0345399638293
0.0,971.9849287349975
0.0,481.25844490396594
0.0,739.626934095925
0.0,246.3362692272999
0.0,-218.6066110132224
0.0,835.4601842130576
0.0,18.777616889821502
0.0,681.4233246547612
0.0,622.2062356053455
0.0,1517.7381321014657
1274.92,521.0565462711936
0.0,-384.03262176183114
0.0,794.7258629369569
756.53,336.6273144328936
0.0,456.5671842737088
0.0,59.39860416741317
0.0,219.26405127347175
4428.17,1257.289845545329
0.0,-25.640781877115842
0.0,661.7248221644065
0.0,332.9607664052635
0.0,184.3340078186866
0.0,-8.537092207260002
1941.17,669.7807557294702
0.0,-70.65860631954229
0.0,-575.1613639150812
0.0,193.1803732933406
0.0,458.4984720598145
0.0,-218.93117273378505
0.0,605.2080933520617
0.0,-578.2887976216923
0.0,374.32566499163795
0.0,1156.8067057337573
0.0,-623.7819606211076
0.0,-43.79728197648865
0.0,-74.02622010187451
0.0,198.33089270499704
0.0,-134.42327230542264
0.0,36.73558472925038
0.0,-251.48934783132313
0.0,369.50868464209316
0.0,81.02186081429124
7265.12,1512.6246750160315
0.0,1180.2037289008204
0.0,-107.57959389206837
1779.78,645.1101997840233
0.0,-458.60880746897266
0.0,487.55946825727665
0.0,961.2790314083993
211.63,28.514027165778316
0.0,-139.58690248911194
0.0,-73.36573924532001
0.0,-111.33676761747586
0.0,109.92388259594077
0.0,-128.302905054029
1646.84,597.882835189261
0.0,388.29494298649956
0.0,246.77542937794465
0.0,90.80652483964809
677.16,556.7958743499821
0.0,1240.0072724741688
854.54,544.3060456717437
1064.9,478.4641062965784
0.0,173.7769522384334
0.0,756.5029768956063
0.0,1095.0228199550556
0.0,68.48027016904166
5184.08,1193.5456757444142
131.26,20.75672902352551
0.0,1156.6216140075223
0.0,1028.3819115584254
0.0,413.28069286715254
0.0,-268.82522603106906
0.0,339.79715360053706
0.0,1092.713966395893
2011.74,779.6267359390067
2203.12,734.010271463487
0.0,910.4016532080761
0.0,280.8740706409128
3545.12,1025.521168842768
0.0,-42.91439364394785
0.0,171.07090058711435
0.0,905.2561587477896
0.0,312.827292731577
0.0,594.08050589453
0.0,-128.57768445405293
0.0,378.17637598914166
0.0,-111.06013615261634
0.0,-252.84664260671525
936.9,362.4140957136369
0.0,-429.372602663489
0.0,1051.9504564469755
0.0,-238.65115818917775
0.0,-250.10843698292786
0.0,-9.382805104407339
142.61,-4.860264535741408
0.0,302.3833535041099
0.0,427.94067466382353
4176.51,1171.6308788936517
0.0,758.0336636794591
4752.42,1251.2174134138788
553.52,256.178142365889
0.0,111.32715497098832
0.0,-183.26010992531337
0.0,-90.71529019265165
0.0,-24.220297505582835
0.0,-98.19530579775949
0.0,496.4033026783072
535.8,266.09636418825426
0.0,30.64046064978686
0.0,-533.7340990271844
0.0,-369.1379983282485
0.0,340.6988862788296
1967.73,1045.7139884695357
376.18,143.76929478887678
0.0,342.2390016664842
1128.24,561.430323914471
0.0,457.0301132520674
0.0,-573.3094353935867
3783.88,1021.5601167822367
0.0,205.6383332877831
713.56,350.6465953635434
0.0,-151.77476782154963
0.0,235.39136494261766
0.0,873.3070600815583
0.0,694.4398646103357
772.32,491.3779961705229
0.0,-120.83021655989421
0.0,17.297236966991363
0.0,-224.9756585165876
0.0,184.4037092040378
0.0,728.5435236978421
0.0,-159.6340210138561
0.0,-511.47929909964114
0.0,-117.78678554435703
3399.54,1099.5942297583044
0.0,541.7401013007172
490.58,324.2504137216142
0.0,183.0608116534122
0.0,5.93699063178201
0.0,1085.471055713887
0.0,401.39849799902254
0.0,852.6946751543253
0.0,1010.6076808283699
0.0,31.917137743897797
0.0,646.3495488781575
0.0,-241.21617106779502
0.0,729.1172701835455
1952.25,743.558390902687
0.0,468.7735796945451
437.61,245.92279926769402
0.0,433.69072147430234
0.0,666.5170248283941
0.0,167.34053567557248
0.0,-296.6364674313879
0.0,619.1754457172003
263.02,134.68706408699882
0.0,77.86934535131923
0.0,-93.28541319170438
0.0,-513.1626620252925
0.0,846.1636866121864
0.0,222.61213990949022
1366.64,774.69475370555
878.97,483.2489248760014
0.0,-402.86433730367116
0.0,1210.3730234944649
0.0,206.34383658682486
0.0,-466.3195803658607
0.0,-16.05936388276166
0.0,598.5993493697331
0.0,716.231233074803
0.0,937.3503514294102
745.51,429.54614870992214
0.0,1261.0935995694965
0.0,58.83207874465211
0.0,393.7410707816066
0.0,-331.0602965386837
0.0,294.05242672084637
0.0,240.48642329194126
0.0,383.30643250043704
506.74,265.549650887536
0.0,543.0576017380797
0.0,656.5643906198577
0.0,1147.3981538296616
0.0,-333.2534074155952
2375.73,770.4733808643698
1755.1,680.5490054405725
0.0,614.0245506823114
0.0,-216.00898750116414
0.0,254.9733445841257
574.56,298.79721582584125
0.0,544.435670480807
0.0,46.59509967379199
0.0,1277.712399962492
0.0,-47.48389128294389
0.0,194.41090812606126
0.0,534.2420252658621
0.0,-511.68875236776364
1252.05,544.1920227393214
0.0,725.6330782567895
0.0,358.4272156737936
0.0,-193.45083665543416
0.0,324.13717637374316
0.0,-255.72410576559662
586.87,396.5305650412372
0.0,231.60165253956393
0.0,-407.6132121522905
1525.02,619.2545076751414
0.0,156.34538917525697
0.0,176.38239211713096
0.0,31.889883932691873
0.0,253.9630287558689
0.0,22.908083774597003
2890.44,854.8983136767702
0.0,434.0510560778978
0.0,720.8486100145635
0.0,-250.55226461410268
1455.21,568.5066053703106
0.0,223.7331349525291
0.0,-101.35564188478179
1246.36,757.1050303713139
0.0,580.302373451723
0.0,48.73473000628974
2429.47,805.8432409115569
0.0,132.50244948149373
0.0,895.5961744400797
0.0,175.10601882216088
0.0,-177.36458468693627
0.0,541.9453159714974
1126.58,643.8744538830631
0.0,347.054104865246
0.0,856.3882797522713
1128.21,565.8980895945795
0.0,-112.61571232054564
0.0,641.7316656661931
0.0,56.25526915261605
3051.62,905.8575983440837
0.0,387.9409760863648
0.0,297.0266945258006
0.0,857.0525378595182
358.38,372.13588747256836
0.0,701.1629777532441
0.0,1210.8280416083464
0.0,1401.0597325969377
652.25,349.947898548495
0.0,324.37492132983584
0.0,844.487566352637
0.0,371.2615369482894
6060.36,1358.2462936739846
0.0,306.69770173477536
0.0,437.2841531620038
285.16,122.73905698087947
0.0,1026.1136604936908
0.0,651.1629862703537
0.0,477.9195277653346
2231.5,780.4324575584535
0.0,-108.78552356041496
0.0,397.96673994327693
0.0,-110.96258564811978
0.0,410.24057014797995
0.0,-77.02465680909302
331.04,171.98526323242572
0.0,487.2119895955618
0.0,418.70739919917287
3485.44,1002.2970824361621
0.0,796.3023080138789
835.46,376.12257216396824
2239.72,752.5056860279908
0.0,128.88886824391852
3207.82,968.9097194202602
0.0,-118.4508379382736
0.0,1100.5938203345752
0.0,906.19604747271
0.0,348.26306210962616
0.0,918.5630112475476
0.0,361.95441001405993
0.0,371.2618251504173
0.0,-319.1324559356374
0.0,-502.9465080856931
0.0,-383.51404899577335
0.0,58.19302218657481
1917.96,670.8917241069278
2067.51,679.9147007190097
1801.54,644.7565130057326
0.0,494.66667870719425
0.0,-230.0741316004876
0.0,14.908286380001073
0.0,259.4944612598222
0.0,489.72737899340495
0.0,549.7758756200292
0.0,504.12836371463413
0.0,312.5108953998472
661.24,373.2566739488391
0.0,743.194678259016
0.0,478.6515653896706
0.0,875.6313347954665
0.0,-345.27146466350047
0.0,523.4343034334615
305.82,362.7101089185119
0.0,-548.4674207095038
0.0,-184.8267807337794
0.0,88.14732077711619
3694.52,1013.6610556869523
456.03,212.18431844619204
479.04,269.4251776090448
0.0,-385.38962726910813
366.94,216.48947628659676
0.0,-26.751639192630023
0.0,742.8871937200979
0.0,381.23352864856383
0.0,480.392863459959
0.0,-6.558953121574973
0.0,-487.0222373901138
0.0,418.314111376415
0.0,248.96943914097415
1110.89,643.6722856519311
0.0,622.4347894927464
0.0,470.5921616643377
0.0,847.5627255113934
0.0,586.0719457734879
1214.72,587.6109206232056
2885.61,898.5785195140852
1996.22,744.621174078781
0.0,-162.55969439203068
0.0,1025.4359817842167
0.0,27.303281443390006
0.0,-386.5876960352156
0.0,560.1954432416444
0.0,167.5705654737244
0.0,-13.392670841166137
0.0,77.60772872624136
0.0,959.2970379935125
0.0,492.98526712723583
1348.26,515.1780240876358
0.0,-3.4708053403602435
0.0,748.0793519825318
0.0,434.2146993715651
0.0,-314.7500432720766
1575.02,859.1729131905427
0.0,1382.3854051347219
0.0,-135.12589165075724
0.0,-330.30595557788774
0.0,-324.3576891938526
0.0,51.79892407533214
0.0,182.91466008659472
704.46,356.94021389040904
0.0,-18.81030219078025
0.0,-226.3706866619358
0.0,485.6447501472103
0.0,227.73138649326938
0.0,-127.65806928373036
0.0,491.4040506259678
0.0,379.81304279774076
0.0,507.5937601400749
0.0,480.5492058592174
4987.12,1142.722725245762
963.64,586.1069934862246
1321.07,528.4377625628049
0.0,736.0329907283638
0.0,301.6968804035307
0.0,527.9767074091067
0.0,-503.41285429510833
0.0,-109.55430280774112
369.08,414.9576344678235
0.0,627.8219822239655
0.0,738.1772649342163
0.0,632.2681653042853
1765.86,609.6277873506785
0.0,597.4881236211129
283.74,318.3200302046978
0.0,-28.31472616440101
0.0,-334.04981453973244
0.0,842.9515173654124
0.0,987.3537073589112
0.0,-438.44852199590866
0.0,-120.8190233956509
0.0,-356.5210843132802
0.0,137.21285144259173
763.27,369.2926976935148
0.0,467.9523140518136
0.0,797.1866467489797
0.0,525.4008322750037
712.8,315.2094424953841
0.0,-25.769095734723123
0.0,118.92236665125813
0.0,608.2040252241743
0.0,780.694530842477
0.0,-330.588941713782
0.0,160.0831976769498
0.0,556.9982218167461
0.0,1026.1318748488864
1889.32,743.9816008969685
378.47,214.7176847714361
0.0,550.6595970024684
0.0,222.91983901235403
0.0,-43.927326160832536
5811.3,1364.262986665902
0.0,529.8513990929603
610.13,314.4090504219041
0.0,-242.63204933310158
0.0,73.42316584530454
0.0,-127.58184432670441
0.0,588.5511480805033
4633.45,1218.7719782960996
0.0,107.86162278887934
0.0,1451.851123321286
0.0,744.4080256963571
932.63,489.7669015549791
1750.6,696.6532417110714
0.0,671.8080754251835
0.0,-205.39602105970164
0.0,153.91496199182177
0.0,288.81215471292376
0.0,135.44889902980003
0.0,1046.5780866519829
0.0,277.6664643800916
0.0,370.3840817720486
0.0,384.73319012766683
0.0,196.71214164718435
0.0,-606.9184925301317
0.0,437.0178355788669
7196.68,1492.0565215055997
0.0,-139.24958299978402
0.0,775.8210048053477
788.88,350.0938265636148
0.0,1003.8183066570762
304.1,149.12910868460972
0.0,228.04376392364406
0.0,437.22056894449975
0.0,498.8698944221767
0.0,-460.57255879729155
0.0,176.26117999805092
0.0,909.8426914021773
0.0,454.4519323534107
0.0,679.7480312317066
0.0,516.0689038140513
961.17,493.0123214876826
0.0,389.97646859951465
654.31,334.25668863900273
0.0,1314.2569897909964
1838.4,711.8890494156446
0.0,661.2348559463328
0.0,987.5771104250039
3396.89,991.0916851730744
1870.23,760.1143576698285
313.57,182.32582191113056
1018.77,540.3586108475754
0.0,637.0578047446809
1390.86,554.9626231085967
1496.63,792.2472136282734
0.0,276.0342547661535
3471.06,939.0668012759672
0.0,587.5096362417719
0.0,1034.7632131149714
0.0,-104.15970351493684
3173.04,958.6734595598191
445.64,376.4879663923241
0.0,1494.7654570323905
286.18,72.79920431475273
606.56,322.8941797285645
0.0,724.362165578787
0.0,715.9928074671309
854.88,395.54500962745465
0.0,45.51703835221042
56.19,-83.23740014208397
0.0,-350.1931185637701
0.0,551.7489841592553
825.57,480.0441599537967
0.0,331.5786470094438
2355.91,748.8799780526836
0.0,-78.28410862695887
0.0,392.12323892252675
0.0,332.77268686055186
2797.35,859.0507645105613
0.0,928.7934097211876
3417.58,1076.8212197490764
0.0,-192.15541138407252
0.0,896.8977579397979
0.0,-375.92673321130326
180.2,110.8750563116746
268.02,192.26340217241136
0.0,290.22919534120183
0.0,486.3071400299518
0.0,427.4529376115472
2427.4,741.8743894213592
0.0,1138.1120609797879
0.0,-615.3080137307097
0.0,598.1389588363638
2049.4,733.0106667184814
0.0,-472.1597787413318
0.0,946.2111925148108
0.0,499.53368208555844
0.0,303.9330516876448
0.0,745.2324030585048
0.0,527.0736382827406
0.0,-304.7879589993797
0.0,482.126317909647
0.0,290.0987177621223
0.0,-428.9791622177804
0.0,-281.33076845206585
0.0,809.1416270846298
1004.96,461.7755827886674
0.0,932.4752609135612
0.0,-403.196939044696
0.0,675.6012784568588
0.0,-59.1187052863296
2242.82,747.5465090118607
0.0,-288.7193356570517
0.0,588.9377258708396
0.0,-373.1721011001413
1211.39,499.2034617063043
4806.65,1184.3797138705074
0.0,36.194263125950215
0.0,212.99390017785936
0.0,-105.35805252297894
0.0,1519.020517066928
0.0,-153.99700442705534
0.0,865.5371244233911
2394.84,717.5136551955945
0.0,-176.37523704720354
1576.32,572.9948857757647
967.94,576.8543289874922
0.0,4.359488337797643
0.0,387.85097809210333
137.74,60.2394024266124
0.0,92.71505394314056
0.0,1253.5850466212667
0.0,172.53475450027122
0.0,881.5981445660998
403.77,187.13357794235822
0.0,341.59549410499835
0.0,-537.9827597498148
537.61,262.6861154470969
0.0,403.85926507388353
0.0,929.0371055823473
0.0,649.935882901849
0.0,116.89408035187921
0.0,546.4051462472817
0.0,-93.10774525628233
0.0,291.6299067016796
0.0,850.4254158716758
0.0,-127.8613256355793
0.0,-387.47899672172906
1135.6,416.3216881980368
0.0,-608.3455434220947
0.0,641.9946868735976
0.0,773.2322881062648
0.0,1354.4977446477053
0.0,260.69117223944045
4979.53,1319.014903867724
0.0,519.6978982601076
0.0,640.041792350961
0.0,628.8967947552924
386.5,166.25628948011956
0.0,823.1360504406682
1158.33,501.3148199073455
0.0,549.9483531855451
0.0,-201.8565247961759
0.0,638.2418809670578
0.0,285.83592735954267
0.0,670.6462636948968
0.0,935.7745888323068
0.0,623.1583495705374
0.0,-48.4414138127006
990.64,441.5173964575581
0.0,-2.932845709415119
0.0,684.7143363854618
0.0,376.2651703624513
0.0,712.4281322780098
0.0,527.5233705192884
2824.14,868.84711002326
0.0,90.71323017643329
0.0,317.5154217002648
0.0,5.598150764905199
0.0,-236.55749460539607
1446.88,576.456925990874
0.0,229.3208784745018
2471.69,859.7490614315955
0.0,-3.2306495049067507
0.0,1027.9107109323757
1746.75,736.0183490684446
0.0,635.9533658226694
0.0,1053.193052120794
0.0,344.5797065399254
0.0,414.6359316392509
0.0,691.4982393560251
0.0,361.35711173623554
0.0,-427.29860143715655
0.0,97.85849623097647
0.0,124.60675962655637
0.0,986.2319108115489
0.0,634.5260617210695
0.0,653.7603620050543
0.0,510.904831911816
0.0,66.73503546251493
0.0,452.30556908182393
1275.16,499.71408489493456
0.0,459.4555775473375
0.0,254.46417901185077
2097.84,788.1601936745687
0.0,151.7409646969362
0.0,546.8690472223541
1815.75,729.5415097951775
0.0,608.6159608131061
0.0,-249.4582836318416
0.0,1462.1343372077974
0.0,-12.101402356570816
1410.96,544.7831259091752
0.0,418.7516688332905
0.0,668.9266408361511
0.0,111.65149869847994
0.0,554.5793006238168
429.93,430.12468401270667
0.0,433.7143343554717
0.0,191.99627077840864
751.09,380.5416216173012
0.0,588.7678561571413
0.0,466.0432730638265
0.0,57.28482155016991
0.0,-471.3511948416194
0.0,190.11382106181895
367.28,330.12540949786853
1125.35,603.0101641458298
0.0,-413.72703297546025
0.0,230.26049876774437
0.0,453.93190961941514
482.55,210.66733956963913
0.0,177.81196706634262
0.0,441.64647296629323
0.0,619.6197943270904
0.0,428.9934567957491
0.0,221.10520087897316
0.0,-139.77132971785238
0.0,-33.23703328874387
0.0,328.6674481090531
4495.8,1119.9362453120764
0.0,-181.67056094233067
0.0,-182.7597899122727
0.0,1564.5086593639
0.0,-47.878181394688
0.0,424.36891593276164
3085.82,910.3205221111459
0.0,1178.2051144317497
0.0,251.26857004835824
547.08,381.06467297478093
0.0,819.2933786507631
256.5,169.40896700687858
0.0,862.6484445188569
476.51,252.9179394084456
0.0,215.72190073373486
0.0,175.92308111976217
260.13,127.13727279615159
0.0,-21.46448385914539
0.0,46.890916903070774
0.0,810.7358497564007
0.0,693.1270228596952
0.0,259.3289221920081
1039.37,406.6990511734432
0.0,-357.66445845052067
0.0,575.129760561714
0.0,656.5977355307102
0.0,699.2655349475328
0.0,401.8672078649472
0.0,652.623751835562
0.0,378.8458361501912
3805.9,1116.0654299306575
0.0,298.23129919802136
0.0,43.77763203376867
0.0,-115.00396927459985
0.0,643.3365734902939
0.0,-256.8698881921284
0.0,401.19853461744424
0.0,549.7190663186254
0.0,614.054933466711
0.0,545.674548743935
0.0,-243.53587670811646
3172.36,919.7869995999465
0.0,-56.39541080779918
0.0,593.8477230910353
0.0,-83.04444375904257
0.0,546.4308517718141
0.0,137.75351044740523
0.0,652.4470651526801
0.0,580.8952378111537
0.0,255.01792326514988
0.0,547.1706318147808
0.0,413.6134181013824
1388.4,515.357615069053
1359.12,525.4285877688462
0.0,1078.9406367401662
0.0,755.1776129380812
658.56,434.23600945406974
0.0,626.9743510932485
0.0,323.7694873244666
2191.46,820.5279332050538
0.0,767.234179183082
865.04,475.2331177895612
0.0,504.40193892054936
0.0,649.2872440020649
0.0,215.49662125828513
309.9,263.83056110280904
0.0,-92.83388313940281
0.0,120.62444721809516
0.0,-73.1689907641063
894.03,528.8457014107303
543.58,253.87357409122228
0.0,-35.2883027221136
0.0,435.13602181592137
1401.87,840.6600766972404
1570.77,631.0510895512441
0.0,720.1795176569117
0.0,420.8176006390024
0.0,697.8052418333766
0.0,-4.2947647478608815
1319.44,578.2923864331535
0.0,143.0549248930962
0.0,483.38287800603075
426.42,202.27085623778908
0.0,-389.9975577137598
0.0,374.27153995013987
0.0,487.14232594403325
0.0,-25.1664183813333
0.0,400.85362158456815
1395.42,550.9558865444117
0.0,-318.8991556846912
0.0,-149.47188387719393
218.81,103.26634719838921
0.0,703.6302704185186
0.0,-362.6777148442671
0.0,433.13029929186564
0.0,-54.033224201783014
0.0,16.11101114118196
888.25,521.9600687303523
0.0,157.07243339564275
0.0,99.98126698703061
0.0,1026.9578077807946
196.05,398.0932705253001
0.0,359.3125648279224
0.0,321.689487992202
0.0,120.00352705023249
0.0,-222.7796994647656
0.0,607.6906345964533
0.0,449.84059182337
0.0,833.25750650839
0.0,452.8147668175304
893.18,498.9024169646898
0.0,772.8491812994923
4408.56,1110.772955861197
0.0,683.4005065570261
0.0,320.80011954673
0.0,308.88418778061555
2390.07,763.732288180533
0.0,399.149591475815
0.0,14.814919843176654
0.0,469.28804234466884
1107.68,540.1827167987431
0.0,836.9955579603475
942.51,577.9841802363524
0.0,161.68544186400413
0.0,-346.3428103727898
0.0,-68.98182313564632
0.0,391.34408516651206
5846.44,1286.192027019438
0.0,640.2206096025873
0.0,83.26758021558987
1777.91,668.8923108018903
0.0,627.5536165771512
0.0,1507.6685806612224
442.42,248.63918043461217
650.18,380.60489219541705
0.0,-293.95374580902853
0.0,763.1775925303002
0.0,610.1907644986181
3671.22,1027.5448116464195
4035.76,1028.5918889985016
0.0,397.7594323193289
0.0,-477.348487857504
0.0,-97.6453357124077
1203.64,637.4588267477493
6804.84,1439.901537951139
735.66,486.78534004581365
1244.06,455.0243201495698
1117.05,413.64939269005595
0.0,-267.92868411973006
0.0,1225.717332687894
881.22,572.2527288558183
0.0,-392.31928084084507
0.0,129.59604585017723
0.0,246.92328738939318
0.0,608.371988091302
0.0,600.0529582875283
0.0,-123.25765840717952
0.0,-491.90843102463407
0.0,514.6284438809232
0.0,89.04553125460552
0.0,602.6760185899759
0.0,375.4652240974922
2762.84,912.9626351334612
0.0,-25.513444421644067
0.0,124.33051679711434
2661.62,877.0257338837889
472.34,335.0108271671943
0.0,681.2501417837404
0.0,-237.92696151209793
0.0,848.7219453052783
2503.66,815.5420253187467
0.0,113.50220274678395
0.0,270.44233808018566
1604.38,673.9293378459779
0.0,337.8666605478568
0.0,1157.3860050812698
0.0,265.16132697645526
0.0,640.2925314294905
0.0,-76.28445103465617
0.0,-218.43580982767867
829.75,379.20048478508056
0.0,230.89934518754762
0.0,359.138650051563
0.0,1139.4906220810751
0.0,-427.6855873750398
0.0,588.6949159300384
3310.62,911.1638644854013
0.0,488.33245750775563
0.0,-374.1075816398919
0.0,389.17720645833197
0.0,150.1635410944375
0.0,416.2458325867203
0.0,1354.51263444464
0.0,434.67173479139615
0.0,-85.34384722913751
0.0,329.9473871468422
1488.87,786.8764286631995
0.0,695.1562093049179
0.0,204.6644744861544
0.0,-162.70300406909973
0.0,277.2982842356257
0.0,319.8549997357966
0.0,455.81720217529414
1121.88,638.4671901849904
0.0,388.6190156230102
0.0,180.84806692107372
0.0,524.8202551138415
0.0,-193.11278363245424
0.0,377.0846166012575
0.0,1104.676813264043
0.0,-571.1740668889349
0.0,344.4684321844968
0.0,1190.9841341141785
734.72,394.8728311070829
0.0,-233.50410878218452
0.0,539.6154193643767
0.0,605.6687366445342
0.0,1191.5592175011361
0.0,813.7987897719211
0.0,-299.2911943715628
0.0,570.105150780787
0.0,744.4782536880591
0.0,1145.3103129662445
0.0,576.5530975549684
2709.06,774.7062246212035
0.0,1326.881720770751
518.11,258.775068281127
0.0,23.749664584120524
0.0,91.98056745106783
0.0,-320.6754062960981
0.0,661.572376191237
0.0,290.5096083427088
0.0,173.72436105174006
0.0,494.7376976880935
0.0,354.0308556586424
0.0,-52.70322040915096
1093.17,628.3675674144602
0.0,27.53391594395248
0.0,-472.4280737440787
1895.21,685.7895561431026
812.97,394.10251536178725
0.0,269.34510703540786
0.0,539.8915181812763
0.0,98.39933713044911
0.0,450.21274376391534
0.0,-355.51164937753356
4360.83,1132.4342515194514
0.0,273.128058172819
0.0,1207.6570442207951
0.0,445.7651562176486
1905.8,667.3730179427705
0.0,-571.2007837476153
1111.24,430.97432727018736
0.0,835.6180688032275
0.0,-28.40158509904461
0.0,545.3510342491379
0.0,-320.7575077217532
415.02,228.3260443534848
0.0,-630.6796443019953
0.0,31.4723990715363
5478.82,1314.4089474414552
0.0,394.45149810467683
0.0,240.74726981134336
632.77,330.2546698423862
0.0,876.1825817751358
0.0,-300.8421137150158
1829.14,617.5127415191075
0.0,159.88765711485178
0.0,76.73984024932452
5796.39,1345.552670554431
0.0,293.75832013261174
0.0,-256.9975681915396
0.0,996.6050824048536
0.0,70.97990314471417
0.0,674.7553046951773
2471.74,873.0949525067051
0.0,-220.98276913003667
0.0,-185.66146816441892
0.0,1345.2300369504567
0.0,271.5228344746033
0.0,699.2690673871887
707.16,455.9479693296637
0.0,450.62107473807896
0.0,-8.222358483167795
0.0,679.4620516912353
0.0,-60.513360113528734
0.0,-3.4069649974883305
0.0,913.9469036241383
0.0,394.8237159072821
2438.69,816.0643806485962
0.0,-106.13492949081092
0.0,207.910035467464
0.0,594.4192224801011
0.0,268.8398586466842
0.0,801.5800799752635
0.0,164.18691885077487
0.0,21.21229556389585
0.0,-441.2886313575958
0.0,238.55360674719827
0.0,-472.4471284614615
0.0,854.997343694361
0.0,405.78137270570755
0.0,337.48618098260727
290.61,131.44903752643108
0.0,72.11888051285962
0.0,849.1907766552677
561.05,262.3119637732407
0.0,827.6593694113324
1231.76,647.9534665190797
0.0,1124.1588826982086
0.0,808.7017206980929
981.06,468.1768442580551
0.0,996.4143560146886
0.0,-260.5872706306875
0.0,681.9187899144329
0.0,453.3716761251362
0.0,1374.616392014466
0.0,-507.9418283404251
0.0,419.4750956044379
0.0,599.9177983985869
0.0,332.51623158748794
0.0,-336.50481225097036
768.37,306.6595883862217
0.0,621.1655613324572
0.0,137.81407135084783
0.0,627.0479289936109
0.0,202.89007844908429
0.0,-259.9430099688233
0.0,742.3927946332963
0.0,475.10736468659684
0.0,491.4383381756195
0.0,-272.4013185418735
0.0,44.05677762200605
0.0,-259.8463096320264
0.0,749.1952446679747
0.0,12.45188076286945
0.0,647.962829424672
1281.66,524.2307492864609
0.0,487.7273937527905
0.0,-634.4116112832669
1152.64,510.3506496845134
1438.44,909.7208218985281
0.0,672.1948623349911
0.0,580.7711811201041
0.0,785.1010414036134
2407.44,786.4395095706252
0.0,-172.19826276791503
0.0,-533.6244482035579
0.0,813.5513312037347
0.0,625.016423469335
0.0,42.3824890560652
0.0,52.62478094483072
0.0,688.8918776654257
0.0,56.782902378269455
0.0,228.23247475880976
0.0,218.19180153413686
2864.04,908.7165107157878
542.88,272.4307973228192
0.0,818.9686767086862
0.0,-341.32837996242813
0.0,247.65750789587923
966.74,604.3422938297365
1364.4,561.9967644517385
0.0,605.1227006243246
0.0,-8.476484635928955
0.0,895.4620788790544
3222.07,920.5527150208443
3545.33,1059.6988701136604
0.0,301.84339402462933
0.0,28.481518281802437
0.0,-10.305007265491327
0.0,697.4418149931914
1781.16,686.8678425148628
0.0,-459.2926647548592
0.0,557.3487454244953
1459.87,617.7642417504492
0.0,404.1793261387752
0.0,-325.5302825233837
544.04,259.82879893353856
0.0,1089.23845407596
1506.53,786.9747507735667
0.0,45.077077205591536
0.0,-84.28387242322538
0.0,-117.77771495114723
0.0,431.29859712402936
0.0,560.5266728924291
0.0,608.8521858114693
1150.03,615.1879955853117
0.0,630.2356217280951
0.0,-27.56111664679463
0.0,192.29280983289323
0.0,674.3055848435099
0.0,761.3221599783726
0.0,1024.9402152687037
0.0,740.1664379564593
0.0,659.1942434405289
0.0,-45.489008296766315
0.0,636.6091302004788
3802.14,1021.2435480429913
1836.24,783.5935320907399
0.0,4.239288037859524
0.0,576.9207316758823
0.0,661.1429021823462
0.0,-119.01700438108423
0.0,-402.42421313870966
570.93,318.10364962141944
0.0,-113.08362043862212
1512.3,623.4973964233207
0.0,510.9578965620681
0.0,144.45149019895632
866.75,394.69064256399633
0.0,-88.26036673269095
0.0,-441.2347551271796
0.0,984.443087047476
0.0,-381.3764727904715
0.0,-193.70912207311517
2623.94,831.5749844957279
0.0,-272.7074900529137
0.0,-133.69949114560586
0.0,-90.04915026867548
4834.32,1130.9098451881207
3564.21,970.6310445786719
563.42,340.3281574216214
0.0,-197.66076856556867
0.0,-154.4387427685965
0.0,707.9004892462035
165.69,61.87843439815538
0.0,695.5555384103402
1306.77,530.553330165865
0.0,679.9622692913304
2209.65,751.6395181317052
0.0,536.7914144119484
0.0,570.0099314878014
0.0,-230.91557238927714
0.0,454.3117096912997
0.0,574.2767416225345
0.0,338.3507023349475
0.0,880.5901113957123
1982.73,645.8833578316692
1790.91,940.9997688007888
0.0,423.0887628683711
0.0,326.16193576289993
0.0,-408.46652688954725
0.0,433.24873695878796
0.0,679.1155182748782
0.0,-124.55056814287082
0.0,274.75373893085884
0.0,1086.8812043861865
0.0,1015.0620289248852
0.0,388.0935733421659
0.0,-583.0641645374997
0.0,228.4233230493819
0.0,1127.310042053747
3652.0,1161.0388387090468
0.0,1407.1915849015725
0.0,753.0490977752647
0.0,89.95998225963558
0.0,639.4035333651661
5001.84,1197.2677254834134
0.0,-397.1693104062514
0.0,1013.0699655979788
0.0,403.23472684972216
1236.24,521.9039202569368
2288.46,823.5788738062195
2454.12,866.3412632035968
0.0,1153.0151009246565
0.0,1009.0056198325642
1483.14,576.0258754772738
0.0,426.5890515454414
0.0,654.0097222987811
0.0,161.3048198226204
0.0,803.0752000904013
0.0,279.6236011816859
1318.78,481.38945888518424
0.0,186.7393766660084
0.0,180.15477753268578
2041.33,734.6749892172627
0.0,59.33464266189344
2611.74,861.6544789009438
0.0,372.9133401660072
0.0,285.56427347019894
0.0,776.8127051715348
0.0,-505.66078731803236
0.0,46.9357459266497
3358.76,1058.1037242179348
0.0,1423.7280215741305
0.0,136.05712057317783
0.0,469.0701966445931
0.0,-181.58631661349273
0.0,378.18665200634223
0.0,699.1958095720495
0.0,564.9667361471807
3209.76,961.7330319684381
0.0,528.8040513162857
0.0,776.9201128483721
0.0,491.2786626689683
0.0,1492.9970578959353
218.74,218.4223229507213
0.0,-222.28594851049172
0.0,99.61143518757012
947.52,462.4415608448096
0.0,175.04303203549614
0.0,-251.91373299613974
0.0,-643.3851598261093
626.42,364.6240324032974
0.0,507.9355708077892
0.0,797.97375152051
0.0,-99.17637974674119
0.0,662.5426735946587
0.0,4.309066798988397
1931.22,658.6180297238855
0.0,593.7276897696393
0.0,135.71890267277524
0.0,-540.2550001702991
167.03,22.21773730912082
307.76,156.2833928428114
0.0,176.30221353669003
0.0,98.00537795837784
0.0,110.80583520315349
0.0,-337.79256282896273
0.0,1243.761869327376
1180.13,605.504199694245
325.76,175.8403047079671
0.0,860.7719390411696
0.0,299.1147990011141
0.0,1507.9110544308353
0.0,922.6797886423294
0.0,351.21472966342435
2470.9,829.6064734170609
0.0,203.90111630018873
0.0,50.43270103984298
0.0,218.91595313848438
0.0,304.11410765541746
0.0,741.6661199481462
3074.4,928.4813992114794
0.0,963.1235332332565
0.0,702.0205475750247
2714.78,898.9962502992739
0.0,-339.205136596083
0.0,-604.3966315282684
0.0,1003.4839206460827
660.96,540.6206828029174
0.0,447.2655924193575
0.0,464.210814772661
842.44,377.266023945004
2339.8,821.7811533362626
2434.09,828.1407151634364
696.68,320.1919300509401
0.0,775.0976756672228
0.0,579.6725195782765
0.0,197.81491446837913
0.0,200.41336550189226
0.0,509.03423388399256
0.0,762.1178550762188
0.0,343.3601478286471
0.0,635.9258385400556
0.0,279.5289457455067
0.0,454.82412166679933
0.0,-165.91106683366957
0.0,283.7142980709259
2090.28,688.0115156911568
0.0,746.4784201727914
0.0,344.217938446827
0.0,297.74635186210503
0.0,150.92856206266788
2562.31,805.5003532105745
0.0,812.6758008543609
0.0,-68.17837807640535
0.0,-112.49726168780717
0.0,36.74400811917121
0.0,135.93218746577907
0.0,579.6216362372963
0.0,351.3019651402444
0.0,646.7312316773916
0.0,-528.1750939123754
351.14,172.08740907790002
0.0,700.461537020389
0.0,-48.449323935363395
0.0,1076.0747405998713
0.0,209.2216834307253
0.0,1230.882602828476
3505.7,1087.935559570451
4449.76,1108.677502420944
1999.5,747.0389953494177
293.7,102.82897821698623
0.0,-270.2387361797456
0.0,576.9145640849767
0.0,146.6417266814218
0.0,544.8279569945382
0.0,379.3811619178066
2536.47,906.2275308376272
0.0,832.3828061909348
0.0,474.7661946762016
0.0,336.36322673517975
0.0,176.98424894414734
0.0,-181.09753913058864
0.0,474.9336201990275
0.0,203.1059098335843
0.0,857.3633275802808
0.0,946.3919286163025
0.0,-11.171092738001676
0.0,570.6055952754343
0.0,-112.4706727537208
0.0,630.9749775179182
0.0,-544.1156698653431
0.0,-221.7587137702269
0.0,246.40220831532724
0.0,240.04018005643775
85.66,-29.25415351045274
4580.96,1119.253065657705
1086.28,473.72454222426154
0.0,365.15436677339176
0.0,444.649638645546
1652.19,590.6827258122592
0.0,543.2818565301952
0.0,141.70500701136928
0.0,52.43258239209342
2398.74,740.4446043912264
0.0,711.3889693653075
0.0,124.95709592130265
2882.7,857.5896681931342
222.62,65.47111616873144
0.0,158.77741137196267
3264.45,907.919269732259
0.0,378.34037703425474
0.0,920.9715862377705
0.0,-481.5657634742023
1510.92,662.5891423464982
0.0,949.079536151969
0.0,345.5111580176779
0.0,827.5965766136233
900.6,440.0505772323488
0.0,713.5551690263792
0.0,1067.275912169474
0.0,-288.11051697409016
0.0,1025.2581643456647
0.0,-84.38070187095127
1507.9,585.1232366843501
0.0,-374.6605445289923
0.0,-538.6296739728793
2340.15,761.6580221970969
0.0,436.46764618174825
174.93,255.3438943785627
0.0,-196.00142357400682
0.0,-74.52699280544573
0.0,-54.8204161111596
0.0,423.94555003803293
470.55,224.85903656741243
0.0,1409.050009288277
0.0,-141.9497530200547
0.0,558.0082161171208
0.0,836.4161804587682
3047.98,928.6309427595402
0.0,804.1284044503655
0.0,313.5346045123331
0.0,592.765566510405
0.0,650.1054646333689
0.0,-96.51291760159813
0.0,310.2267905387296
0.0,459.23360980295934
3605.96,1092.0128786805426
0.0,-351.3095226390642
0.0,558.1520110381109
0.0,1100.1834474229718
0.0,396.6451588226855
0.0,314.31107145295164
0.0,216.6395576514517
0.0,104.59567782760973
853.79,483.77172755504375
0.0,985.7081879641016
0.0,74.43194078946408
0.0,171.1126412423905
0.0,344.0895982538452
1814.8,1006.16878763303
0.0,62.29263670463297
854.48,455.6231136355966
0.0,74.61350590250572
0.0,934.3087167780811
0.0,-420.88843287819236
0.0,508.27858427161414
0.0,252.04815700199492
0.0,1021.0971050214271
0.0,-268.18269212057646
714.18,360.97773945667245
0.0,795.5301990179785
1339.6,652.8347710290311
0.0,600.1045646855207
0.0,-560.3356882668792
0.0,91.4855058144775
598.42,284.96542231184685
0.0,275.9156224912076
0.0,63.61265493888834
0.0,-418.9624593549445
0.0,683.5781718515993
0.0,-322.4784970822602
0.0,-371.0768110882293
0.0,17.977665401247805
0.0,982.3496958207281
0.0,438.2460760050262
0.0,797.100289759733
195.7,76.10474940974268
0.0,69.123677260004
0.0,396.27951575995826
0.0,186.39169637917257
0.0,628.5280142536083
0.0,144.12961832873077
0.0,-197.98165073769587
0.0,-588.5049523946229
0.0,512.2541374607279
3648.04,988.9502727972992
0.0,310.9050853511344
0.0,410.65234856888173
0.0,631.2292540340006
0.0,340.1568616753618
0.0,1121.5335146055402
0.0,-209.7104403090167
0.0,431.58067834902135
0.0,50.908994871602204
5050.38,1245.6885012042828
0.0,-37.61402334063223
5642.8,1256.775527396727
0.0,-313.5446119349481
0.0,-402.4307647307528
0.0,283.38028902410815
0.0,894.0617040708762
0.0,-478.6092834566762
1850.24,695.9648608256946
0.0,82.22941046332858
0.0,329.10074900173026
406.57,158.50059889884142
0.0,629.1930995479167
0.0,120.21188538277875
0.0,59.5530883894088
3322.35,956.3287302872939
2282.56,745.6921407905018
0.0,507.6137703452828
0.0,315.23019893157084
0.0,-215.15533527230934
0.0,561.8087960890041
0.0,469.1123042264178
0.0,430.2451224404242
0.0,118.29596919390087
0.0,433.2685996487369
807.22,458.152018448063
451.17,197.9539255901807
863.02,450.1693103956911
0.0,912.890956134398
0.0,302.33960317729156
0.0,549.2779767708853
0.0,245.79164678683605
0.0,717.7809995787854
0.0,660.4543222649652
0.0,57.491480736072276
0.0,583.9844628777473
0.0,165.35544514030516
0.0,-458.1734077190324
0.0,314.3580254487865
342.8,145.91943208479495
1287.91,775.617862340071
0.0,248.42656865812523
631.18,307.6561141992079
0.0,851.8251167337792
0.0,201.40103305684352
176.38,58.31041132983887
1078.18,617.0816753150514
0.0,-484.1223620607117
0.0,243.65911605602173
0.0,108.65223800638216
1680.86,894.3521281314602
3135.84,1170.4603236803023
0.0,-87.87417518947427
0.0,721.1848921407823
0.0,-246.28976695648817
0.0,593.5008030218244
0.0,201.910737283029
0.0,44.38050161317324
0.0,-357.4451029943196
0.0,-423.4475438114771
0.0,93.04737476543869
3567.62,1152.067669465097
0.0,436.8088032064177
2173.56,765.8339459207862
0.0,1255.1115269620661
0.0,728.5819181864144
0.0,573.2538241842874
734.51,418.7082693549562
0.0,528.0307719378404
0.0,-270.4222288001572
0.0,669.2662629802451
0.0,-238.88152721905544
0.0,491.4947773830845
0.0,492.7127877265159
0.0,-140.32345860290843
0.0,908.827701220637
0.0,135.81065948482433
2952.3,962.6128730524915
0.0,146.9018471002977
0.0,287.9389393397289
0.0,838.5676824101877
0.0,-102.1139933760602
0.0,-383.23516919711193
0.0,507.74275909948847
0.0,611.3347474383947
0.0,763.0572391363437
0.0,221.4927764421236
0.0,-83.24983352842162
0.0,-162.18307639395653
4807.57,1275.1256767002217
0.0,-404.25401408225986
1215.08,642.2166027587302
1441.74,849.2995241677011
0.0,298.61686198834786
1231.51,647.8437904857826
244.54,117.07552933301633
721.74,524.5372048131956
1050.38,445.205421862682
0.0,-317.5667698588031
0.0,925.2420182241513
0.0,45.13492972969755
0.0,568.494118661016
0.0,699.0715436291973
0.0,38.266958820787636
0.0,182.1739656684099
0.0,697.3343997495988
0.0,298.8862769977411
0.0,-13.480150253203533
472.02,254.4499306770715
0.0,570.1537951797902
0.0,186.78867373992193
0.0,829.5470104144563
761.72,360.28407117189954
0.0,407.58810392190367
0.0,490.35844450058653
0.0,433.55141124266424
0.0,647.8999136201567
0.0,168.34838144399566
0.0,492.14584325628675
0.0,45.75673460493306
0.0,-498.5150180869549
0.0,830.0436675300789
0.0,862.1754031664593
0.0,762.0499833965314
0.0,-173.03012051056987
0.0,1433.0754225520811
0.0,717.6197258989473
0.0,1358.4999564101238
1167.66,628.1145799471167
0.0,718.2147230305989
0.0,457.16620223903806
454.09,222.4339551771584
0.0,-238.64001368004392
0.0,577.9993257459585
0.0,456.3383812580648
0.0,-211.0062774310211
1701.98,928.7780159773818
0.0,431.47209544164184
715.08,358.4236170253705
0.0,980.6565660516624
0.0,475.56022618397833
0.0,-203.07426735810077
0.0,-280.82985840270044
2310.86,747.9916068296336
0.0,-349.06119419786904
0.0,1139.0066097963252
0.0,-257.4021432148795
0.0,30.19149396975945
0.0,760.2069484189024
0.0,901.1028536610777
0.0,-152.52481324115934
203.09,138.10983731351712
0.0,-188.16900492115053
1560.73,623.7900789788252
0.0,-308.37308511559786
0.0,499.74889628665073
0.0,561.5192806214393
0.0,-237.76280120755462
0.0,983.514394860495
0.0,645.5505574062929
1399.0,666.4838120926222
516.07,366.7167177764652
3519.68,980.8812890018028
740.14,400.7524697859328
0.0,1022.0178267860883
0.0,771.8871646808229
378.26,161.5159184318137
0.0,-569.6543568116289
2251.19,702.1961614903882
0.0,1020.8942079007509
1532.79,946.211905572856
0.0,426.5266183765996
0.0,546.2955065333003
0.0,77.75967602282776
0.0,126.6462382667537
0.0,780.5866538245066
287.63,117.2666564137379
0.0,-329.5292157500986
0.0,-67.60702114222966
0.0,175.24819230812489
0.0,-216.65286757497734
0.0,205.58629289059468
0.0,-109.47586334363245
0.0,520.1050216923679
0.0,618.7806642185658
0.0,849.7794111981668
0.0,187.95952090996616
0.0,-361.2004404923164
2961.78,861.4506199498014
0.0,-35.49648333115351
0.0,459.25967471986155
0.0,389.8867244979217
0.0,-312.4471331734967
0.0,214.44320506445206
0.0,-99.47436894863472
0.0,403.62942117996045
1597.05,598.7590472010336
0.0,-131.004109393298
0.0,-476.51785379209525
0.0,1295.3591562555691
3192.12,925.6455261288729
0.0,-81.09315600385548
0.0,294.78635298414383
0.0,281.6172429116357
0.0,799.590912600207
2112.0,755.5845465539476
0.0,1030.495914243156
0.0,-48.61296437990427
0.0,285.8119863569939
0.0,-439.05156146069294
0.0,1077.4897185581374
0.0,832.7728668790617
0.0,624.2881657962316
4039.92,1028.289211592392
0.0,472.54862839057205
0.0,522.6895711212073
0.0,448.1536369240114
0.0,228.398831530998
0.0,-599.4598501995896
0.0,458.2809814110076
0.0,471.8838593963926
0.0,-388.19732496043764
1927.85,691.0393194505384
0.0,-60.80528456511604
0.0,842.2654732968697
0.0,1475.4583523678705
0.0,433.3081826993043
0.0,29.664041636620254
0.0,700.8296072627575
0.0,127.88616140975034
0.0,-33.73879031392596
720.4,546.6034140954341
2343.08,795.434583801675
0.0,1015.9477209261722
0.0,83.15578884157162
0.0,428.0450607641021
0.0,192.98839874977602
0.0,362.45272928185364
0.0,662.7099142352192
0.0,267.53240762961354
150.38,314.33146339578684
0.0,-159.71262573457534
0.0,98.46545983436681
4949.6,1169.3845260443734
608.31,272.49004399150226
0.0,-350.66771834573694
0.0,330.3637844791658
0.0,199.62483453520917
0.0,755.5826281512282
3136.9,972.6332771843563
0.0,719.1462415368844
0.0,712.4101357572442
0.0,391.8974860787764
0.0,184.3086694794381
0.0,1037.8029104055843
0.0,-344.86471888544514
3065.95,913.4712161282266
0.0,538.1013005532548
1490.18,862.1244762465756
1494.77,814.6049021876258
1331.9,744.3462980729355
577.31,232.59027513381693
0.0,-364.00973875947267
0.0,670.0124956409452
0.0,805.7247715603501
0.0,1078.5215596364212
1564.69,606.6233287136522
0.0,819.557450594297
1891.73,649.2032045245778
0.0,622.3328168989638
0.0,291.83981013530547
1168.13,470.3551980883324
0.0,403.8182346457613
0.0,808.486330214304
0.0,652.7551808045782
0.0,-96.6497105833605
0.0,810.8511180425528
0.0,485.76106731130585
0.0,845.0843054105899
0.0,-160.7530528020768
0.0,96.61431219139217
0.0,191.24051490870625
4209.64,1092.6676434812205
0.0,984.9126923478036
0.0,174.515629315855
0.0,433.9538755275796
0.0,2.4793305198786584
466.59,245.61263201062934
0.0,184.5177021312611
0.0,1141.3787349603892
1307.76,468.8206692877527
0.0,-512.4432656875397
0.0,900.2450137939279
0.0,-425.67943388770675
0.0,722.8829019907291
0.0,313.9730337028859
0.0,825.5576484729881
0.0,346.5630441739843
0.0,714.030692097009
0.0,871.3439378266164
930.17,367.644629025546
1745.15,900.4670935910533
0.0,905.4931618903838
0.0,846.9320103297671
0.0,1165.5028719547192
0.0,363.56171994414603
2748.7,820.5283285665696
0.0,409.7626207898229
0.0,-229.35375088541036
0.0,103.29149096345907
0.0,-517.070596181615
0.0,-10.803217476575583
0.0,503.09178461759416
0.0,-545.7331786962725
0.0,625.0335849538678
0.0,619.5412843334377
0.0,1066.4445848168853
0.0,796.636874319867
0.0,-186.34899813999766
0.0,-346.9910559450787
0.0,517.5756945358012
0.0,241.46809451421518
1180.78,474.5504318748433
0.0,422.58426370008374
0.0,-412.5080968788345
0.0,1172.2640906873264
0.0,624.5349132046495
843.21,475.45679920593943
0.0,555.0752866810708
0.0,92.58045195368595
0.0,-462.6341625255857
200.52,495.14860948204637
0.0,-146.4744533499188
0.0,447.73526935998825
0.0,697.725541147883
0.0,-7.029883290638736
1019.63,434.41825900726826
0.0,76.27462150024542
0.0,184.52929941815114
0.0,-175.46429497701024
1401.18,782.5181620881206
0.0,580.8615594309738
943.28,392.2289130954566
0.0,-13.143258486546983
0.0,181.3001432864528
0.0,-242.18222764141456
0.0,116.0424434905251
907.04,341.45937742974115
0.0,227.47712353053748
0.0,66.12499121588303
2065.7,752.931464577631
2485.73,876.0077851949616
0.0,708.2037824599067
0.0,-151.95763556937095
0.0,1301.7320160838765
761.88,413.92111383362044
0.0,180.44058341599293
150.84,260.22235868276243
0.0,152.91022029437966
0.0,-221.49185836004858
1950.75,691.7618648600312
0.0,362.9279870028504
0.0,-8.608979157995577
0.0,-372.3087705534664
0.0,-223.15749214959226
0.0,989.9249267994212
0.0,229.16107446869114
709.2,373.31328135975855
5391.44,1229.4109841683496
0.0,166.2908877341407
0.0,266.87748436674724
0.0,750.8356896544778
1831.33,659.4460527456379
0.0,498.6392782659152
0.0,892.1293729721685
1056.76,546.9760304712561
0.0,462.31835932905324
0.0,-215.8728911610168
0.0,-207.30009990961003
0.0,1472.6242262297694
0.0,13.558186162975062
1945.27,736.9738008161087
0.0,1246.0649922153482
0.0,224.51115391340932
0.0,678.3090703711177
0.0,-444.98556239819953
0.0,470.81029915581234
521.53,405.366963472002
205.97,81.42744741452907
1889.69,744.4192630104603
0.0,462.4651561298331
1807.89,637.2837650826584
0.0,354.0092425469752
0.0,-39.93106576414834
1601.18,655.0231749281152
0.0,344.37989316504195
1360.47,628.4123383049157
0.0,361.91033740150283
0.0,-189.7884115953451
0.0,564.3559216618623
0.0,974.7176528934408
0.0,-178.0925329007929
0.0,473.68045625576406
0.0,640.2088857975143
0.0,129.00653333915932
0.0,521.3581805158826
0.0,185.85746963082443
0.0,445.5711134504031
0.0,-461.5822020549548
0.0,616.2708967128938
0.0,451.4315799161566
0.0,449.29742573483213
0.0,165.156536690189
951.48,627.7691965599472
0.0,1106.3269808460304
0.0,-321.9049893546721
1587.83,595.4482977475507
0.0,1024.0912160876514
0.0,246.6623831366985
0.0,-400.9588043298848
0.0,1239.5765106109582
0.0,-345.27028927704595
1093.93,624.329335385163
0.0,357.7096628484928
0.0,604.6709474560068
0.0,-503.8602498830261
0.0,178.51899580476538
0.0,161.037160746783
0.0,215.15177305873772
0.0,-446.81508565003355
0.0,1122.206496396778
0.0,286.6629114524792
0.0,-216.23802202869865
0.0,94.13517696563235
0.0,3.347768594653303
0.0,382.9004764933959
0.0,84.87423037739086
0.0,964.2168235332795
0.0,-82.14321636254215
0.0,208.00638323366275
0.0,121.87020174597262
0.0,-41.997800164060436
0.0,133.24259442918344
0.0,942.7314798462878
1334.28,576.0516703468179
176.5,-8.135432581107352
0.0,-30.97062055108745
0.0,1022.4591892416067
0.0,689.2795640402601
0.0,855.2430198166053
0.0,833.0605336212695
0.0,1209.0172049795485
1637.1,641.7238123283976
0.0,-41.697615801962456
0.0,-201.98807971405859
0.0,725.1760023846264
0.0,435.7941337476834
0.0,110.50180604900834
0.0,874.225181763765
0.0,358.37235282129654
3470.46,1011.4259087537844
0.0,75.03918326895268
0.0,-290.7275073493869
2957.16,941.7293760059372
0.0,-171.7107925063624
0.0,973.8284561079759
0.0,744.8974440828322
0.0,-105.97245637867343
0.0,958.1156667593568
1104.25,435.2443837533999
0.0,855.6830435074282
0.0,637.0044918486333
0.0,430.91928320881766
0.0,-133.7566313202767
1650.53,665.4931758281325
2029.1,701.1624547879626
1639.97,665.116832687597
0.0,516.181304850558
2221.98,841.9421125480324
0.0,-101.35141454822156
0.0,875.7987870530651
0.0,-545.7493219458268
0.0,384.3713422768335
1170.69,686.4580874794221
0.0,887.1710649732688
0.0,659.5039657410668
1006.89,447.731515697679
1519.53,615.1013974350135
5304.18,1299.6836590764099
1179.42,497.83058635544353
0.0,-359.697600810828
0.0,655.2410650161653
0.0,287.4450177546464
0.0,416.4938171183403
0.0,-139.97985042999062
0.0,325.58006963931325
0.0,307.6069191109291
0.0,-268.1307171618488
0.0,272.9633481055105
0.0,404.10136374079116
320.26,212.9033461671304
0.0,302.5852874247105
0.0,-33.5169773791572
0.0,552.4072561386738
0.0,212.03681519033148
0.0,354.74510478302795
0.0,312.85201143765994
0.0,355.9350685404004
793.46,413.0636254758349
0.0,706.6133239609578
4518.88,1129.0751845758043
0.0,39.458157647763414
0.0,789.6791315776784
0.0,341.6389906698914
0.0,622.7549512888236
2582.32,913.6010093390362
2032.3,668.6906872917662
0.0,-329.03907865870576
0.0,707.5694115113683
0.0,297.41130461206535
0.0,-185.70639902760195
0.0,39.85309609578144
0.0,191.27225334267678
1198.49,726.201115139281
887.56,590.7109821341144
0.0,-44.36308906748957
1193.87,635.480134214142
0.0,271.7131132996285
0.0,460.9787695648829
1450.17,772.2300960697776
2131.62,755.0258750758101
2122.24,724.515345271581
0.0,472.3491116753378
0.0,773.0891208770447
0.0,-525.2020301618865
362.81,203.16109274731366
0.0,-549.418536299083
0.0,509.25758442637516
0.0,675.2185320175006
0.0,274.97463113576305
3881.12,1044.5977911695595
0.0,641.4043667516551
0.0,457.04999862736145
0.0,1170.4831177881495
0.0,603.7808132761086
0.0,667.6405605949117
0.0,-2.7859375952295977
0.0,-211.96057304185354
0.0,388.5687236715287
1830.2,734.9839697934281
0.0,586.5412775559514
0.0,192.3987346755282
0.0,534.6761770007195
0.0,923.5884653147143
0.0,368.01043446299855
0.0,-146.88781342544019
0.0,1369.7781367319133
0.0,-174.7886188746138
0.0,888.4727753763059
0.0,655.8298114304446
1618.2,712.7942018511073
0.0,173.71113050746237
0.0,-459.68101028563837
519.11,539.779277915469
4164.18,1099.717794289861
0.0,727.2285472151877
0.0,230.21634449746193
402.79,154.45522683363288
0.0,155.14079431450477
0.0,490.1225598309645
912.44,634.4451643969683
0.0,926.3891125595862
0.0,75.14257319454384
0.0,832.6079165590106
0.0,782.9077255445779
689.15,303.88772501306676
0.0,-67.24969816276871
0.0,-263.6171189055209
860.56,427.21246409544574
1793.48,963.3441981890535
0.0,543.8210532491414
0.0,110.91979385069385
0.0,103.57833267331478
576.52,303.825793031516
0.0,988.5637015472464
0.0,391.85261492581526
0.0,406.84839875823445
0.0,728.483875727117
0.0,514.0508201039463
1320.64,832.8661635620169
433.2,520.5888241692867
2239.85,772.1525852937514
0.0,374.03959907778244
3804.51,1044.868300217788
0.0,-304.28331433458857
0.0,122.90763864914493
0.0,-148.24247370409716
1406.84,560.4805285771263
0.0,227.1320692689867
0.0,121.98441580194708
0.0,547.8782168320736
0.0,845.7730671321485
0.0,450.93048104868035
0.0,-300.1170270575492
0.0,250.56211817299186
997.77,499.5226220849454
0.0,432.68937392247926
0.0,85.98316294169251
866.52,636.9920167203952
0.0,-307.0970833350739
0.0,159.09195568929385
1020.42,478.99911611736024
0.0,-46.1033063785045
0.0,38.91438325529123
0.0,-393.81139903048205
3283.82,1176.199143611484
0.0,448.8509652909479
815.01,406.89695920961253
0.0,3.816429804766585
0.0,354.42221038607863
1069.29,598.9309416368285
0.0,50.40154918479561
0.0,175.36818824590137
0.0,-205.87091515980842
0.0,76.63458788742741
215.26,117.58694412428281
0.0,118.89924519446913
0.0,525.3295893055695
0.0,-178.05898107802238
0.0,1135.5763449515805
0.0,233.78374138801337
0.0,-162.20988453971222
232.75,78.57440871698145
0.0,-222.21349662333716
0.0,816.2654569816661
0.0,1247.4327169728333
1395.92,593.7098899513769
0.0,-551.0710254366625
0.0,73.51375659760015
3445.0,1048.7011896133395
0.0,-152.18802263370048
0.0,-448.9371252038212
0.0,1021.7828180286012
0.0,-459.61753973068085
1355.73,583.589611167715
0.0,1020.3020347839313
0.0,-569.8696461809628
0.0,473.0482863219506
0.0,-466.94806038842364
0.0,453.39311845365273
0.0,309.61728918876474
0.0,-357.35029359618665
764.6,410.28159438513876
0.0,362.47723653125036
859.6,378.07153054964033
424.4,520.847477642812
0.0,-292.10126368396095
0.0,-372.30543934141207
0.0,29.565901262973284
0.0,1022.4907971012947
0.0,101.23074173195289
0.0,424.9071914365527
0.0,34.38435725401666
0.0,533.549195860031
0.0,420.62238318034656
0.0,459.3357773392115
0.0,909.8916419733353
0.0,350.095750654021
2146.58,754.6548374553115
0.0,-573.8794978070385
3429.88,918.758993301348
0.0,549.13617794376
0.0,1246.3415301458474
697.94,397.79909450192986
0.0,266.0896362153919
0.0,102.21842002864537
0.0,626.4021584395937
2007.11,758.8774018634924
1574.42,886.9417646963227
0.0,1250.393792056351
863.25,465.604831321202
0.0,589.3856343405803
0.0,647.6727582711562
1410.56,581.3662044806167
0.0,235.15323880189226
0.0,647.9702698827277
0.0,168.51370323900483
1167.95,506.20830492809955
0.0,126.72669665680121
2510.24,743.0453150141427
0.0,-84.7179092875657
0.0,-309.72550443812224
0.0,481.42321614660796
0.0,605.7365974043346
0.0,939.0273997612178
0.0,1484.853458070245
442.7,232.94869582244905
0.0,450.73394698743164
0.0,724.008022638832
0.0,-352.23556258991186
0.0,-263.4126187061669
0.0,-359.49997561719647
0.0,-41.75538107224281
0.0,-65.46712652598478
0.0,642.0761234832269
0.0,-6.088403894899784
0.0,287.8524769935675
0.0,-476.46930596808045
0.0,570.8598781659366
942.21,549.8326180740057
0.0,578.4654015653109
7016.6,1400.35679146881
0.0,227.93528074682604
1094.55,579.8432259583753
0.0,396.7464116697413
0.0,140.31287637970547
0.0,480.26782278301994
0.0,650.7141757150164
0.0,-74.58858477068475
0.0,412.75558561785715
0.0,-111.77328673640056
0.0,-151.94713066789086
676.94,302.50602504751737
0.0,1359.2156816758622
0.0,752.7064779064574
0.0,918.0484929841011
0.0,-468.3387377926367
0.0,1344.7773193225473
0.0,-76.38002858041602
0.0,253.0411514874404
0.0,-22.6394450780748
0.0,-21.629777806960647
0.0,782.2298407282394
0.0,741.2698619710895
0.0,392.24710704584095
0.0,1194.9810584725483
0.0,93.28596085612674
1095.97,602.282762218247
1274.06,548.0346269240738
0.0,1409.8932002070399
0.0,158.41811128045424
0.0,579.6216426425492
0.0,-396.99364692874235
0.0,970.369293884567
0.0,66.82975604415606
0.0,990.4447003838648
0.0,331.9018048921241
0.0,322.5712218041897
469.87,302.6290609520422
0.0,-582.6205248031501
0.0,609.3111656292624
2782.24,825.6503731006462
715.65,429.09327437872685
0.0,95.33203985698833
0.0,1026.1316502140346
0.0,703.8255029664958
3518.39,1026.3328558185979
0.0,-108.4585770390587
0.0,271.48659784826873
0.0,-424.07738362631653
4578.64,1198.7181913717764
0.0,360.9799426278123
0.0,808.6137463354437
1465.94,820.591915928436
0.0,-19.141653297107837
1486.65,635.2499327921967
0.0,901.9225975993147
4072.32,1047.4456299717467
0.0,96.16429589332074
0.0,501.2058468675316
1784.88,754.5154381256148
993.8,439.93501719824167
0.0,502.2862321294158
3295.92,904.1676557645792
0.0,665.4805257578053
0.0,806.1117493214217
0.0,749.337428708779
0.0,-30.186493618988493
657.21,403.23933236937
0.0,537.1593611547532
0.0,61.732747699038896
0.0,-505.6399897855382
0.0,-11.476228258627543
0.0,-306.0590909638979
0.0,1383.3030507049555
1076.95,588.893432510655
0.0,-392.0026096525417
0.0,-233.63450039989857
4423.97,1172.6739711342152
0.0,-432.79213923184494
1020.28,489.65617818843634
1534.73,864.7609423119334
308.12,374.23289542496354
0.0,782.1929892128408
0.0,422.1066167997312
0.0,100.31825872857667
0.0,575.4978250749491
0.0,87.77852277117427
0.0,109.76093570505896
0.0,-506.87000439958035
0.0,724.2897783311655
0.0,384.2656090484436
1406.12,513.9140611921428
0.0,142.42633541037867
0.0,-83.27050498918481
0.0,709.3602654174938
2793.26,993.1497707907279
0.0,-484.43140419738097
0.0,-70.02630293601499
0.0,165.6935969132328
0.0,-152.66833825923925
0.0,156.87403249757995
0.0,477.51584567963323
0.0,344.1797158955635
0.0,-233.64080802513342
0.0,610.4436752624053
0.0,1200.3468559952858
0.0,574.5768747179484
0.0,789.0722907058116
0.0,777.2281993357358
0.0,598.4036830700136
0.0,521.9872041594028
1339.45,481.6313096530032
0.0,265.6453396299112
0.0,749.6247869050155
0.0,467.71855649636404
789.12,464.69189530290964
1237.41,562.6712823398689
0.0,1106.8722711348485
0.0,276.446407403585
0.0,826.2697869955223
4434.56,1052.1856495965883
0.0,635.3160235191165
0.0,535.9692613225222
0.0,749.8161587032862
0.0,-294.3771732724837
0.0,-215.27856592150522
0.0,771.0131423509042
0.0,301.8725198142654
2245.91,788.879246640977
1665.29,897.7078200689837
0.0,-206.57586967848556
314.03,200.54010896947716
0.0,753.2545881296339
414.12,243.41197322132234
0.0,23.104788479264926
0.0,751.6378312013892
0.0,743.9276778865831
0.0,720.3039592352272
0.0,893.9375467391981
416.59,198.3848669757083
0.0,873.5895831797343
0.0,1113.485761468112
0.0,-262.9059984600723
0.0,1139.5009123197362
1078.11,590.0987962967558
464.54,248.01728047959
0.0,963.2027603583676
0.0,699.5378458095458
0.0,847.0262479821326
0.0,491.5380452268921
0.0,413.81623410046996
0.0,741.52878261825
0.0,-340.05643207302967
0.0,163.7495767331967
0.0,437.4863344003934
0.0,545.3178013005797
0.0,50.93763226414683
0.0,-256.01045789435875
0.0,117.13732170217042
461.33,209.7109550573257
0.0,967.9626240167684
0.0,757.3059929764747
0.0,47.54220881943661
1800.79,663.9343568064946
0.0,615.3131898323788
0.0,532.4082417673546
0.0,-86.89421893241888
0.0,925.9646431721587
0.0,51.9977178872025
0.0,493.06346158444103
0.0,788.0835211885203
3499.77,950.696741134647
0.0,-92.34865690981235
766.55,403.3867910922329
0.0,813.3332734478138
0.0,547.5222814820975
0.0,218.18833979891338
1367.59,560.9224605503641
0.0,659.6138767090358
0.0,1038.016002410174
0.0,647.7795973957789
0.0,-100.80466926296253
0.0,596.9115727981384
1361.91,773.5769808953576
0.0,-232.96482441888838
0.0,-28.317137078649353
0.0,685.4330228772285
0.0,469.0721690075236
0.0,551.8747881045585
0.0,175.29816378092812
0.0,-537.3392602288809
0.0,-106.70530835338798
0.0,1172.976022381798
0.0,366.21863192050864
0.0,-273.5155502710812
0.0,621.9371020757224
0.0,275.5596604077398
871.73,407.36998820640497
0.0,149.65037033154385
807.14,497.3855464253095
0.0,-225.92444374262493
0.0,589.8930261779376
0.0,398.71198325794444
0.0,791.1172346692824
0.0,54.26529534993051
0.0,-160.56289903525135
980.67,566.6878661040735
0.0,-551.774365207447
0.0,550.0319433862871
0.0,349.1938400249171
5934.75,1406.9105803021164
0.0,251.94967451782304
0.0,-432.4812115166994
0.0,-271.97860490087385
0.0,-146.22864697787884
0.0,549.6029639720314
0.0,276.97705270262077
0.0,396.7238974206905
0.0,785.0625784294164
0.0,139.17645532066638
0.0,981.0350291679274
0.0,579.0451545939484
0.0,161.9272521994576
0.0,219.02349183880665
0.0,-368.71024464515153
3657.84,953.8377670178052
0.0,44.185715917011635
0.0,985.233904177042
1227.53,621.6583931838982
0.0,562.2063609656516
1871.4,656.3441611372452
2200.72,758.8121834066092
0.0,900.3707238250577
0.0,-83.43773646857949
0.0,866.9361259437098
0.0,-515.5030680826171
0.0,-357.4047349318578
3587.94,986.1634737429385
0.0,220.2758263838407
0.0,861.5752641401657
3165.84,903.3885145653383
0.0,-490.1941680127579
0.0,-58.404208160999815
0.0,-233.5226234049161
0.0,268.4837661325944
0.0,638.8972734369834
3061.65,849.7023647748438
0.0,293.27843569065817
0.0,498.6657584166394
5361.31,1228.0343362465776
0.0,667.2375684290653
0.0,-227.48804531440464
0.0,383.1922504064819
0.0,-185.87451126914812
0.0,1006.6016640231073
1337.91,534.2232223288256
0.0,559.3716087529976
483.83,250.73889515669316
0.0,-339.915313844701
0.0,588.881727025245
0.0,-318.4790264258919
0.0,190.08817343082933
1253.92,614.2609063501884
390.62,481.41978386731284
0.0,207.1366515694083
0.0,77.66350213272813
1956.78,671.0145880962943
0.0,-440.2003357730409
6531.4,1365.099640492814
0.0,-126.81528906476069
0.0,758.4848951133636
0.0,736.4139859781319
0.0,0.6733939531118267
52.83,-1.9837580821975962
0.0,71.24695346715316
0.0,15.920261798952879
777.7,315.442456210865
3022.36,893.2323498399298
2296.92,812.1687164963898
0.0,729.2801497765677
2584.81,806.1429024447068
0.0,-213.3809419493523
1172.7,456.85061706768033
0.0,403.3870194298663
0.0,316.24732562830764
0.0,509.3884219073377
0.0,1011.0808796985291
0.0,-8.051971605641938
0.0,751.9795867895025
0.0,236.37525165526404
0.0,803.286775801256
0.0,350.782992521614
0.0,541.1813842101253
0.0,468.77064750804607
0.0,336.9602197507986
0.0,19.040881897099325
2020.04,717.0991699191316
843.44,327.14526300117836
0.0,1102.2341976808495
0.0,350.8426254968458
0.0,39.71406163272036
0.0,666.4424889371728
2107.9,750.3498226835943
0.0,738.0402475664125
3293.65,930.8032193849074
3084.57,910.262969243505
0.0,268.26580800880606
0.0,541.4639764667074
0.0,731.5866721365458
676.67,378.61199875895886
0.0,-135.1457023000936
1294.19,559.9479022294029
0.0,469.4057877799237
0.0,313.54999319553076
666.3,505.28484939031523
221.98,73.94614409370229
0.0,1067.4380128565888
0.0,309.4685845153592
0.0,556.2068229634544
0.0,-100.05517555122174
0.0,501.63688632093067
0.0,584.178022952515
0.0,320.81046283128535
1712.22,639.6093712158558
0.0,-79.15536373611883
0.0,391.8511044912286
0.0,327.74077612820406
0.0,398.443130274419
0.0,-11.258608584534386
0.0,-447.23681413804417
0.0,244.28867947440745
0.0,-6.997374771264504
230.98,310.6635265619293
0.0,600.8195627473292
0.0,31.116088177338725
0.0,-661.7797480920591
0.0,-282.428357040563
0.0,352.1551019868157
0.0,-245.99161008043995
0.0,198.42084630096247
4301.07,1106.0205452978382
0.0,422.2176967243349
4850.2,1229.8882856832595
0.0,576.6804679431498
3360.58,968.1831029163063
0.0,880.5163120875388
0.0,361.0964122191442
0.0,456.59522281552677
0.0,203.7182081896069
318.0,230.74348493859793
0.0,-148.45994306590796
0.0,889.9514229185168
0.0,950.0401452456019
0.0,-94.66748229752557
0.0,4.618406865376301
0.0,820.1962005329704
1482.5,629.4408473679484
1026.04,432.11875203239265
0.0,145.96792620473434
0.0,527.3934643966609
0.0,421.2902547145236
0.0,-401.8958812781682
0.0,212.0643188623592
0.0,653.6650402831299
0.0,1158.0482086974175
0.0,727.0003479978132
0.0,985.6965690756913
0.0,566.4008738294663
2839.53,826.2063886090052
0.0,750.0969554777889
0.0,1095.4491577282072
0.0,1134.871547321347
860.68,482.03744614448306
0.0,-422.67714829181125
0.0,1136.2418777353662
1465.86,580.6027380739276
0.0,480.4090042492246
2329.28,842.7130291585245
0.0,1018.1829133905769
0.0,491.20155984734834
0.0,414.14385616761047
0.0,314.1635629244647
0.0,424.1983735828005
0.0,928.3736411790658
0.0,136.16724214393798
0.0,686.1322564166162
0.0,-80.79439795133226
1965.47,747.2186993079592
0.0,-406.1592667205672
0.0,1007.2221668493664
1105.24,412.6346763710151
0.0,147.6375240805619
0.0,-421.13194354291386
0.0,779.0042876026264
0.0,-307.5359568235348
2180.9,777.1277114238078
0.0,-586.8366213187303
2994.15,885.6719843776877
0.0,263.39129705230675
0.0,-247.9570009290535
0.0,892.7921899970036
0.0,486.8565085171879
105.49,80.0560467228172
0.0,-19.220331941002883
392.28,250.19931659329382
0.0,633.8830354152276
2963.13,929.835944329423
0.0,-547.7514856116245
470.17,214.30076299451366
725.88,443.6796584615563
0.0,162.31339827074362
0.0,682.8374174570788
0.0,-312.94731379975394
0.0,544.4643759947323
1543.69,886.4033017129075
0.0,-137.03160330851495
0.0,547.4132893157646
0.0,17.85678550179432
0.0,352.5502142883222
0.0,357.1233798077335
0.0,-17.249177167331936
0.0,-350.6597892521532
0.0,799.8853714416225
0.0,755.9001676454968
4627.92,1082.9562424231053
0.0,594.5535261733294
0.0,704.5744499042869
1321.52,708.5749805243045
0.0,654.9015804504556
258.46,111.01676228045835
0.0,95.19863220897196
0.0,47.084521973326105
0.0,620.9230653140846
0.0,402.236212348914
0.0,951.0368177119199
1242.19,667.8388820446737
0.0,503.6721576356797
0.0,785.9946978353983
1088.29,444.7601996357246
0.0,430.6810924073409
0.0,626.096674229553
0.0,-156.0470008615912
0.0,299.11349952190744
0.0,91.51227103524127
0.0,347.0814211555894
0.0,1092.1470710359029
0.0,599.0009943156247
0.0,-301.77732712818977
6870.17,1488.2883794660922
0.0,391.82509229383754
569.71,276.51880642296123
0.0,741.1854635439124
0.0,742.6061321785407
0.0,143.27480255649505
563.45,297.78490492905894
0.0,685.3952112782274
1727.08,627.5034933920476
0.0,-174.22805582074852
1905.92,664.7624010584361
0.0,849.5069350927804
0.0,78.06786305397964
0.0,747.0508872891771
0.0,1238.3049619311425
801.23,359.84376246613033
2429.0,808.838761516877
0.0,169.97135742747946
940.86,402.936061645197
0.0,1051.5113584317144
0.0,236.44079917301292
0.0,133.60234669567137
0.0,-349.10964515891385
1939.05,779.5693177842943
0.0,-167.43157344389147
0.0,-421.08542755225966
0.0,21.96142868960601
0.0,482.9611149653217
0.0,643.8867162328056
0.0,-49.45472923023294
0.0,-464.5458700648423
0.0,-305.0804371602501
0.0,-449.24611084896304
0.0,82.22670710570958
0.0,15.897927386095716
1405.62,520.2700834647819
0.0,895.0031426042922
453.38,229.4666579459365
0.0,-241.29464739360867
3025.68,922.8509418922572
0.0,145.838404233544
935.9,407.74530055453215
0.0,556.9563208978448
0.0,929.2703498675344
0.0,711.0525197650436
0.0,-143.351376002895
1693.91,922.1927096382212
0.0,16.018143966078696
744.2,431.51225575670856
0.0,159.80288607710656
0.0,767.5887572558729
0.0,26.064300886126375
0.0,1183.1081752277216
0.0,523.957588365972
3395.26,952.9291093685404
4847.17,1206.2592547768606
0.0,207.25338085544354
0.0,-201.6945468913841
324.53,71.10788215458263
0.0,181.0773325842722
1935.4,703.133731344994
0.0,-278.33289179482335
0.0,981.0011114649726
0.0,-179.9298630256551
0.0,-323.29525968892347
0.0,-357.96519717581856
0.0,510.80888676645714
0.0,-232.62399366898057
0.0,2.022037581916038
0.0,337.36176320369714
0.0,120.04411699396144
0.0,-156.31223172473528
0.0,1108.8582978810975
0.0,154.28815367419008
0.0,-70.93845195090546
0.0,626.4547354166787
0.0,544.7345949007447
0.0,401.3216680776152
2397.1,841.2425389121001
0.0,-233.98921866231137
0.0,562.8871923081042
0.0,910.2895585604463
6280.52,1365.4353104696613
441.42,205.24106302082782
0.0,-177.9350721798994
1754.48,704.0061687434961
0.0,1207.9253817691927
0.0,153.62717958993994
0.0,854.3546633348585
1211.11,589.4938385480175
0.0,-198.8564174295102
0.0,594.4676357500382
0.0,655.7377735858743
0.0,-243.38254651161265
0.0,260.6078915384503
0.0,458.8476284153578
0.0,314.7783235598388
0.0,248.34822238670745
0.0,1426.4735008115356
0.0,465.3837784140039
0.0,245.2531540973689
0.0,-577.5272800695443
0.0,613.1236454686966
322.1,87.32801031985582
0.0,-689.507679782766
0.0,-158.23334244304237
0.0,300.5676094910184
0.0,1026.9447869299563
0.0,-198.52905713356893
0.0,227.70517236896308
0.0,-275.38023356460235
0.0,124.75313745053086
1203.75,487.3911352982816
0.0,608.8420677812046
0.0,634.6595436972673
0.0,476.9382669737197
0.0,24.73487563799131
0.0,844.5702841728219
0.0,-324.57959933594316
0.0,1172.545043370185
0.0,416.90295611851684
0.0,-236.3950910281784
0.0,-247.63647663670008
0.0,930.9407509927478
0.0,314.33758980045513
0.0,1434.1744020150124
3700.7,1053.0253338991627
0.0,888.1250773141496
3979.88,993.104375151072
0.0,-192.20996560202514
0.0,20.146130358316213
235.4,26.5137436777394
0.0,458.07536325062256
0.0,101.86009591107302
0.0,1509.0232407763717
2536.38,813.4297598148655
0.0,827.0870375061197
5983.66,1388.972854996505
0.0,814.4148456672522
0.0,-285.84608771691046
1301.2,479.55690562841414
0.0,653.5279339240471
0.0,-105.43061180972074
0.0,242.54206630983163
0.0,-1.3183573088514322
0.0,-440.3936700664507
0.0,350.61769240274475
0.0,197.66130353329186
0.0,-248.04345857790997
0.0,829.0384649911871
0.0,-89.09656751011255
0.0,368.99515822055696
244.1,253.7348260185588
0.0,687.007140437209
0.0,-47.55899049251843
0.0,277.6200596384174
0.0,-339.7953212165083
0.0,683.1732028690283
0.0,-669.54567583457
0.0,719.6149361421917
0.0,-451.58409666772343
0.0,987.031012026587
192.62,140.48474395669086
0.0,332.52741304958204
0.0,741.9307734975866
0.0,462.89350241166926
0.0,1108.6688192575787
881.08,403.5930564615562
0.0,397.288923072201
0.0,28.90593899555381
0.0,-448.04969726318814
0.0,539.1688199404296
0.0,-461.18191452068106
0.0,164.5530289541873
0.0,350.8718112899696
0.0,629.3979834604486
0.0,737.5010243229979
0.0,1387.9021506472193
0.0,255.60295151658056
0.0,586.2205517218536
0.0,530.7577547935764
0.0,3.1205657617172164
0.0,-111.28403951923963
0.0,143.72310647242648
0.0,368.5016970701772
0.0,553.0798665403051
0.0,438.0444066392795
3616.48,1032.779376755288
0.0,432.11990908057373
0.0,896.0205353194713
0.0,986.5251933760137
0.0,-419.50801043042435
0.0,156.16941348754938
0.0,-236.99432354221858
0.0,671.11714493883
0.0,1350.861852895456
0.0,755.9466258649315
988.66,475.6480662573679
0.0,64.37987173084991
0.0,152.58351211947843
0.0,229.54488351623672
0.0,994.1236161415461
0.0,216.09358737592015
0.0,-18.957147411411597
0.0,834.8682860761814
0.0,-85.94494369400229
2632.28,856.7048224092837
0.0,474.7093965369113
0.0,759.9015533335141
6294.28,1426.8866798910915
0.0,909.1327588097699
0.0,-297.26162614266707
0.0,817.3501598782038
0.0,103.58833183844445
0.0,825.0330984812238
0.0,-508.8053889144022
0.0,-198.5050076920362
0.0,-360.6812607046463
941.4,518.7485327125253
0.0,-7.618991775880545
0.0,777.992233126841
3417.65,966.0377710937139
0.0,941.4394140726383
0.0,-47.36930818310657
0.0,-287.93402411293243
0.0,-114.5956798634461
2020.29,734.1377222205701
0.0,-160.2737072889281
0.0,1340.2218626461947
0.0,-641.7659348966627
592.12,331.7590387340997
0.0,526.7749631648915
0.0,269.0702833924249
0.0,685.9583438372019
0.0,682.5007827725319
0.0,83.29090620274417
2402.68,802.4139162114473
0.0,350.36091318243734
0.0,829.269273373777
0.0,-173.24890119007785
0.0,707.9050945418774
4613.57,1293.6919005024276
0.0,-255.60966084264783
0.0,769.706254203742
0.0,-87.3993368149271
2340.49,764.3271505603827
0.0,936.3499503339483
1155.36,500.1819551546844
0.0,-116.25965858879272
0.0,424.08771826527686
1990.5,728.986905274756
1175.29,459.34781992531066
0.0,-504.3295056553089
0.0,695.132434011585
0.0,245.18786312800762
0.0,-492.5755789338387
465.46,220.45734047193696
0.0,614.9063415767439
0.0,-36.42529538623489
1213.67,648.6556998919971
2206.14,735.6898748931583
0.0,420.6958856921524
0.0,1116.4061151803949
0.0,842.0574541512326
0.0,792.0039723330981
0.0,-110.96425315059389
0.0,-119.22663943617306
0.0,-187.5291048823417
0.0,46.6066484890905
122.93,46.6306762969416
322.82,161.7164936502595
0.0,524.5653944906464
0.0,596.4139817775699
0.0,-365.8085028907267
564.78,269.42739724537273
0.0,-286.7562346465934
0.0,263.42428714474204
0.0,652.8929568545616
0.0,-615.3384040132273
2478.35,839.1174001790289
0.0,413.2779324815849
0.0,162.76418964088305
0.0,763.5409323690542
0.0,701.1193773737484
1737.48,697.8341832191443
0.0,-426.0418207700041
0.0,863.5030506746143
0.0,806.0531663988488
0.0,313.21164649841626
0.0,689.8756404999851
0.0,-426.7319940633746
0.0,840.3190067443822
0.0,241.02043440775356
0.0,356.82767833832736
0.0,1153.0016604559971
0.0,1098.3619459043427
1208.47,492.25971933932306
4436.9,1151.0202103750985
0.0,-26.703818244134823
0.0,-299.83319841729485
0.0,1079.847540721583
0.0,1112.8523131954828
0.0,475.1010846703018
0.0,-330.84180169655633
0.0,847.1255131832056
0.0,276.2308037866792
0.0,362.2141890664104
0.0,640.0118153911217
0.0,-70.51145981252012
0.0,508.84837690641507
3534.4,977.845118910692
0.0,653.9424943415554
0.0,840.0265852896557
0.0,146.46931648054544
915.63,533.4303824946198
0.0,265.30131397211767
0.0,731.546795735602
0.0,316.39411926278376
0.0,665.4619031877239
0.0,117.93090619980444
0.0,-97.78435287861896
168.58,281.993594387601
0.0,-147.33789164659015
0.0,518.1100473783456
0.0,913.9154986029721
0.0,288.95583537594143
0.0,-275.5883932048439
0.0,424.0866510042731
0.0,1078.3346365894465
1075.53,503.36800851945736
0.0,-174.3516302493348
0.0,-155.63897682497782
0.0,598.1174421072433
0.0,528.7516471078659
0.0,1424.0643867289252
0.0,98.00476636937924
2426.64,851.4122537835899
0.0,182.06586738322608
0.0,-263.29185505303985
1016.51,382.3202005780943
0.0,110.06184350661363
0.0,634.9618316464359
0.0,-618.9460494839778
893.43,472.79373654908136
0.0,-51.891918033692264
0.0,-81.37987161714705
0.0,-24.69845000491
0.0,-440.33267577254185
0.0,-575.7143953104146
0.0,1112.0795908824123
0.0,-61.046569083746135
0.0,1192.9533107522725
0.0,309.7727100166344
0.0,815.9997471716722
0.0,647.4074703952472
0.0,698.9842428847799
2175.32,755.2107475181244
0.0,-354.41196427826765
0.0,-64.99395857276215
0.0,257.92435438961934
351.02,138.54664787156094
0.0,-45.52850001109823
0.0,460.76682451367674
1769.0,725.7036912133901
0.0,13.096758149632137
0.0,318.4065577597305
5314.24,1240.5566309913995
0.0,694.8275060545222
2637.54,842.7133005083231
0.0,1358.973566383185
1733.53,890.937763627496
0.0,419.9016838321679
0.0,-202.99403044161568
0.0,-212.36276375943123
2955.24,940.259234410425
0.0,-300.69518747156553
0.0,-101.91284589200973
0.0,172.57226046955122
0.0,549.2283065127215
0.0,16.150706541145155
0.0,486.0646761709643
0.0,310.3150850612394
0.0,183.2955808459203
0.0,-431.32478577921677
0.0,-166.80702613582594
0.0,-395.4774125872598
0.0,1033.8362950818967
0.0,433.3180048863344
0.0,786.9752149462531
0.0,-259.742136098522
0.0,-63.420573437599614
0.0,53.888963120913786
0.0,248.09736894663615
172.62,423.15816582282355
0.0,493.2295824682217
0.0,320.11682474222835
0.0,978.9331927585806
1029.07,575.9737695839751
1344.64,526.6428042964426
0.0,485.72303814187285
0.0,379.0882794856593
0.0,994.9853111340965
0.0,315.9478880539464
0.0,588.0711876697112
0.0,931.5133014396308
0.0,-80.14410956153233
982.22,475.9861483897962
0.0,425.5564237092101
0.0,1059.4189960641527
349.31,107.69145260980258
0.0,210.67099906529893
0.0,833.9740350891391
0.0,705.1282092509816
0.0,936.313635585735
5532.55,1250.041710152431
0.0,668.3771052433704
0.0,567.8188618588977
2319.68,814.0712290282129
0.0,-117.17383074691827
0.0,564.2827466454439
0.0,573.1075069020142
0.0,-137.69501878065807
0.0,901.0715655643855
1568.93,605.2042895132074
3694.2,1182.8302968200067
0.0,879.8131367974877
2241.77,834.1378619470031
0.0,1186.2107725268147
0.0,-397.46979916030824
0.0,1054.078822738608
0.0,550.9765174752922
0.0,628.756329558624
3746.3,997.865619451469
0.0,1460.5081891244374
0.0,-441.1141225721013
2836.86,826.5233380417278
3929.76,1055.8500950297444
643.98,291.2118166850562
709.23,302.6755291046927
0.0,132.00103940598626
0.0,723.1685811229402
1241.29,623.7156933941476
0.0,690.5141944335842
0.0,-244.79185352346656
0.0,883.5064203909301
1836.99,683.3580512933354
1189.05,645.2986038624829
0.0,82.92460741215177
0.0,1187.6159934670188
4571.76,1084.2286186877589
0.0,-51.76938962220663
0.0,757.8813645758989
0.0,808.3952483120906
0.0,711.7102329854679
0.0,-357.939332454821
0.0,456.6955280089603
0.0,696.8196361475075
0.0,810.3764346268945
0.0,-176.18871620072582
0.0,422.34657230866264
0.0,726.395642265692
0.0,-270.24538824855233
0.0,519.5255981887947
560.76,311.80087646220704
0.0,39.58723948351178
0.0,-332.51841794437115
787.17,441.5795439884
0.0,633.7568296177521
0.0,292.76737644520745
0.0,519.9093892768219
0.0,421.48967571831713
0.0,-519.0296022009958
0.0,438.90807514464245
0.0,439.07900702084385
0.0,-44.91918492215916
4503.98,1114.7300269465438
0.0,-200.02300861221534
0.0,736.1329284101002
0.0,69.71558257285744
0.0,520.4452588455299
1449.62,584.4660528069815
0.0,328.20948360777606
692.68,322.0691892182092
0.0,389.5019180588786
0.0,769.821495738822
0.0,293.168555869481
5088.96,1283.798621242707
0.0,254.69510731529385
0.0,67.74351472072271
0.0,509.102917365821
0.0,201.16154828510412
0.0,72.77712345616817
545.82,308.71787945251367
0.0,223.81763760370995
0.0,947.8089630058303
2171.64,799.8629119841612
0.0,-677.8987202669053
0.0,-327.95333260214704
0.0,584.5413303976677
0.0,326.2669683512247
0.0,285.61875434583794
2418.4,858.7724957949697
0.0,473.4784164398177
937.38,454.9491678253901
0.0,575.5499372945126
0.0,-17.987763006475006
0.0,177.60560659500698
0.0,-575.9552062832261
0.0,406.2350755745085
0.0,380.2870076485333
0.0,-249.7691128657117
2241.52,785.4087817298171
0.0,570.5798355696816
0.0,310.3281215909658
0.0,512.2256110802377
1318.8,682.9670960126932
0.0,368.9178476987486
0.0,241.16065330372953
0.0,-517.8705715577362
0.0,1088.100088517417
1149.52,449.9178675646265
0.0,372.9475740486639
0.0,-615.5614326846005
0.0,829.9185384802875
0.0,173.51173046316637
1900.16,694.5234798187382
5572.04,1267.4019174620637
0.0,205.3849666841445
989.5,478.38673970452555
0.0,205.97767203955004
2404.04,767.9207709203131
0.0,139.11272353197262
0.0,-62.505968985517484
0.0,-60.2841344992612
147.91,11.439027205231696
0.0,263.88592110408877
0.0,311.20916807280423
0.0,253.80389697595933
0.0,134.77588076626523
0.0,-87.10470145893169
0.0,648.2677997357187
0.0,704.4785002081769
0.0,836.204565927897
408.17,209.30402747215498
357.02,121.60543068056859
0.0,429.40225660610236
603.46,324.22223940287813
0.0,-197.83560710231643
0.0,648.9439618707513
0.0,182.33938886575447
1058.02,570.9148244351197
0.0,509.5426300059255
0.0,87.01192122790735
0.0,220.99079061087514
0.0,587.4482336782546
0.0,92.98704871334894
0.0,-544.7202553097204
0.0,665.864464284138
0.0,94.07146285334215
0.0,127.23031407662904
0.0,440.5029844737512
0.0,590.9582924326908
0.0,988.6642569600738
0.0,704.7590096288047
1497.1,545.7341355233855
1518.56,648.2132687170058
0.0,-203.8285620086416
0.0,181.67144416024598
0.0,262.27471146544735
855.26,351.3874889610893
1227.65,516.0901141533097
3331.6,1109.417928405498
299.85,85.32734178263058
0.0,596.4388237695935
0.0,46.46702191021291
0.0,-450.1247812887402
0.0,-428.9133422066124
0.0,589.893878041232
0.0,299.84907405664944
1782.25,687.7635829388325
699.14,308.87548573485924
622.45,365.771154612416
0.0,373.4788256736522
1067.38,605.3674951135733
0.0,660.3297753654813
0.0,666.1251441159995
0.0,-127.78874120216187
0.0,-93.062367508423
0.0,463.4249000138691
0.0,544.5556754245879
0.0,210.92610286965692
0.0,1056.7520273704736
2958.72,864.0959975755381
673.05,371.6181114166259
0.0,-14.605105980125927
490.67,237.78375756123046
1198.02,451.2927470761322
1455.4,623.0983334076075
2222.44,737.6979186284541
0.0,517.4393433559039
0.0,35.42423670583878
0.0,-457.66499789982043
1786.8,650.6067226644941
0.0,688.0442570594444
0.0,420.7812408733821
0.0,537.2353411766537
564.79,270.5342875843487
0.0,404.39281060872736
0.0,820.45559978193
0.0,-256.09475001835403
0.0,-146.01024038888374
0.0,898.4421347027501
0.0,265.4063847020143
0.0,253.3349876241998
0.0,-260.11609705125977
0.0,555.5247644141928
4068.52,1005.6090199419657
0.0,272.8305168191532
0.0,57.99821110478945
0.0,785.3334976233841
0.0,838.2383707945767
0.0,917.3184001415202
1617.56,726.0865776108744
0.0,810.9214689348983
0.0,-180.57197237385412
0.0,495.14433841169966
0.0,282.2980077081495
0.0,-54.53381631841967
0.0,-227.14718681458828
0.0,444.1507038948587
0.0,159.28871860343554
1949.77,1021.3473028657102
0.0,264.8519165982307
0.0,-441.23386747272366
0.0,176.1169707667268
0.0,155.72326874301007
0.0,-39.3521722691155
3931.05,1053.8457273944944
0.0,797.6063279393625
843.58,383.8181925540946
0.0,-344.33691825295364
0.0,360.71345524064486
0.0,355.38316470157247
0.0,-29.209023956604142
0.0,1402.433407869906
0.0,6.923367045033274
43.35,-85.90817131276128
0.0,259.45090290620874
0.0,479.2442446359082
0.0,-337.2797969959154
0.0,205.50215252338512
0.0,-330.8057945241827
841.7,417.75781645386746
0.0,1190.0787341163668
0.0,201.64248186646637
0.0,-6.32346144479834
0.0,671.9004474761862
349.9,164.74409734147002
0.0,375.5985832608742
0.0,826.5083051124827
5551.16,1283.3158575008658
0.0,743.5989537854698
0.0,274.4041849959201
2717.68,832.8193988047396
2572.8,813.092477684489
0.0,216.11979156905522
0.0,847.6199888339058
929.06,429.0750455194104
2112.66,744.0733005648767
1160.39,703.7248990973119
0.0,528.6722795549083
0.0,419.80101540441433
0.0,238.59876923703496
0.0,26.242631383918024
0.0,-15.009310541354694
1462.36,572.9414393862985
0.0,407.79285765093687
0.0,564.6836877820449
1432.62,668.2646823748903
0.0,-204.8833063467099
0.0,464.6831545674661
0.0,721.3731249361333
0.0,-285.21045483995977
3321.32,919.6509881144295
5463.21,1284.0250781180387
0.0,711.274099748747
0.0,734.7904856691721
0.0,742.7941016111909
0.0,103.68748431447398
0.0,539.8856031662447
0.0,402.1408540857715
0.0,92.44665422078265
0.0,64.5405232976259
1709.26,926.147023031908
0.0,207.46676839079305
0.0,442.2887032402116
0.0,-313.61452683195523
0.0,293.87825510050993
0.0,951.7188395013179
0.0,471.55777827070233
236.89,122.32300209695325
0.0,358.679856323517
0.0,604.2732446791185
0.0,-25.047072870823968
0.0,-383.2801033864921
0.0,-648.402153417318
0.0,257.9179346082947
0.0,-384.0301338716579
0.0,999.7591257867607
0.0,440.1280796235974
0.0,437.83226176142784
0.0,800.5813764602456
0.0,-641.6429230567023
0.0,898.7288696367441
2005.05,710.4053447600761
0.0,1167.2735647634595
0.0,502.59854396237756
0.0,126.70109771875298
0.0,611.609617656399
0.0,-550.7241352569031
0.0,600.5556720810873
410.94,390.39515573653534
0.0,-16.209253678170853
0.0,1336.59973239563
0.0,597.4217199735892
0.0,578.4760050459497
504.6,321.9132599027282
0.0,197.18214253100427
0.0,-177.42376819737842
505.57,520.6786071931958
0.0,241.48319354480395
0.0,406.0575120850667
0.0,-159.74043001227346
0.0,837.238217234245
1615.74,623.3805275251505
2973.4,908.2542699959799
0.0,-378.06989341561336
1995.5,677.6603418559141
0.0,668.0035270570479
0.0,1000.1708007596374
0.0,424.41531401170323
0.0,438.8922965453892
0.0,356.8640245881022
0.0,508.68368960733824
0.0,542.2601142829951
1147.59,536.5599565786877
0.0,423.87907212606797
0.0,-215.86672368561915
0.0,194.13699037589276
1574.48,725.0541337932968
0.0,-273.37337113166404
0.0,669.9550818982818
0.0,745.3176575370219
0.0,-31.90775719037663
0.0,34.8843901281906
0.0,149.67834544070558
0.0,943.9157426169436
2116.93,810.1374053034829
311.67,374.1469655721237
0.0,49.82973347475274
2474.64,760.6862407086389
0.0,844.414748001449
1341.21,763.7624373211333
0.0,959.132283731318
0.0,762.5182838189619
0.0,-463.90255326994594
723.79,556.8546765060619
0.0,679.7021311870337
0.0,301.4706816622986
0.0,-297.84893910563994
0.0,103.45609699426257
0.0,718.4669250043496
0.0,504.0765002577134
0.0,387.116081742251
662.88,305.3526712343364
0.0,269.3099492251956
1235.52,510.3792858021195
0.0,707.340623703856
728.82,323.2148518585873
0.0,793.8206526301767
783.06,400.717217575351
0.0,-526.3101721788549
2428.51,744.0135703989063
438.32,250.0527489525814
0.0,464.87989183925083
914.64,512.0787990507627
0.0,580.9243926753725
1066.81,593.0864328168743
450.13,246.12402814410643
0.0,1172.5423927400304
2102.93,760.3130865259511
0.0,65.77126780179219
0.0,433.39933201256895
0.0,763.6016416825389
0.0,562.2821933356681
3664.58,1017.2001655384513
0.0,-454.2130354521257
0.0,-24.545071925346633
0.0,403.97534107745105
0.0,621.8300717143809
307.29,190.93634119819785
834.48,604.714602919373
0.0,-11.10094639914098
0.0,554.5285781353812
0.0,264.8683430035546
0.0,827.7469682794515
0.0,91.18348232109736
0.0,1110.5283088652961
0.0,548.9541962615524
0.0,1366.1568110055998
0.0,994.7694104199165
1248.08,500.3280330899522
0.0,432.0670385104977
0.0,350.6845055600297
0.0,-140.81474867509837
2079.97,752.0687391997055
0.0,553.5383015176533
0.0,709.7335752166541
0.0,273.51946086533576
0.0,-510.74154297629804
0.0,-352.88346676749404
0.0,658.4955139644314
821.05,405.02005714946995
0.0,-55.884451109584575
0.0,928.7420092837181
0.0,401.8898427444815
364.23,149.94058218195812
0.0,-100.67618309278669
0.0,497.4693952907189
0.0,91.3053884582796
0.0,699.1861338381973
0.0,983.0496954690996
394.24,183.10573860543718
0.0,883.235343711407
0.0,-163.74114068895756
0.0,453.7819759187141
0.0,384.09552880927345
0.0,-375.604428127789
0.0,723.4067685779698
0.0,-491.22283746626033
0.0,789.0803616123249
629.4,367.3118738510923
0.0,633.7108807116726
0.0,526.3209612676201
735.32,404.2980832654812
0.0,-65.38801617106719
0.0,122.0426181169181
0.0,314.94452226290514
0.0,332.85572010073497
0.0,90.7302131791314
219.5,94.42176605113116
0.0,404.979027789022
0.0,-131.10271833205525
0.0,-536.7959452158606
0.0,-566.5270989923017
0.0,-90.56949280453978
0.0,356.8463817275476
0.0,486.889324738567
0.0,444.6596850441176
0.0,535.6869028758417
498.22,377.2698467741177
0.0,-8.86879288681962
0.0,944.8661698100725
0.0,523.8495150387407
970.56,459.1590041767388
348.62,173.59606270141126
0.0,781.1276178801888
3193.45,897.4777931133033
0.0,-204.52978637407057
0.0,1131.3880501707322
0.0,159.38439634431813
5779.33,1352.6222994810062
2147.47,734.6763394856673
0.0,-17.162797495439463
0.0,1085.2942725061173
0.0,-36.6976033343833
619.92,440.10152708045916
867.71,485.248389910548
1284.8,670.2090290516078
0.0,643.7880932238952
304.42,118.76742057956312
0.0,745.6554473744784
0.0,606.9310849185397
0.0,-57.92750444787998
0.0,-372.9419300533309
444.02,313.3407573886286
0.0,823.0522065764867
1713.96,645.8277245424999
0.0,386.36884107830156
0.0,632.5346896570238
0.0,-144.87628586569554
0.0,439.101956633315
3526.62,977.3130103581173
0.0,171.91534689460423
0.0,-341.50527383862914
4361.91,1142.1182669356758
1439.82,579.7256204181208
0.0,-57.183880478983724
0.0,255.261992698908
0.0,922.7683417571288
0.0,-376.08131202803463
0.0,1175.9990769659519
1350.69,566.455142557691
0.0,350.66778065965104
0.0,758.876432726461
1331.03,546.3219481737906
0.0,277.67787397013944
0.0,-310.72681267253427
0.0,-371.2601100359128
0.0,79.36513335758332
0.0,644.5574176367793
0.0,-52.94303409391546
0.0,-81.19289795849227
0.0,1337.691665880878
0.0,1313.966854774554
0.0,-378.1512708905549
3016.32,871.547682045245
0.0,532.7726607778384
0.0,722.753305889365
540.62,222.23079216602787
0.0,-133.55251079167363
0.0,1201.0140750090147
0.0,397.8890264088309
198.14,51.51740594611863
0.0,368.33040200536675
0.0,639.8924437695925
0.0,33.343277409692064
0.0,44.79089062137734
0.0,414.53611103953995
3144.4,957.4704869734985
0.0,-102.4170344336344
0.0,582.7725688167786
0.0,138.8509775862857
0.0,173.42813612170198
0.0,194.68984740274755
0.0,100.2070359592592
0.0,633.7563660973212
0.0,22.681476764815443
1970.58,666.0072340009144
0.0,-305.57472966859996
432.01,200.0796945056452
0.0,111.56777256025566
5073.93,1237.2699716321224
0.0,43.79835860009928
309.46,149.81217614217348
0.0,218.52156833412914
0.0,-4.671075430757355
1758.43,960.4680078399695
0.0,686.0119137341705
0.0,848.9714487475624
0.0,1042.9115421453298
886.36,500.5072498159493
0.0,1331.3663291550376
0.0,699.5116809015587
2455.95,753.7970335916277
0.0,-65.15162881623144
0.0,137.2865939310842
0.0,-91.08188923249759
0.0,950.3148843637694
0.0,277.5834717083683
0.0,-131.97662967802637
0.0,-320.1548856967445
2215.76,774.1721380863867
0.0,158.02022065088534
0.0,367.1414688021266
0.0,-429.12195025959215
0.0,216.82162705829387
0.0,719.2086547643382
0.0,1079.248271221749
0.0,376.06923292258284
0.0,372.44992109043574
1823.12,784.2635401444079
0.0,-379.2440596731628
0.0,537.6251923468274
0.0,290.6353553656079
1532.01,575.0083152364914
0.0,-420.65714625469366
0.0,-333.92789656543243
4485.96,1133.1256879992773
182.09,167.31189084561538
2642.98,915.5739948173384
4003.56,1012.5912924861775
0.0,457.9600239478482
0.0,132.67329699173024
0.0,56.94076580356136
0.0,245.03084419200763
3869.36,1029.150755217068
718.92,297.7710199378405
967.31,581.6137906024239
1147.03,579.5078474933141
1663.83,618.2425125347506
0.0,687.1325374977082
0.0,337.30468152766184
0.0,111.39245172683559
0.0,688.3663600165885
0.0,-79.44916846072272
0.0,-533.8257789667593
0.0,-246.80725245645272
0.0,849.2581995697806
0.0,822.5406341543351
0.0,351.04739733036763
0.0,19.90691196986529
1359.42,543.1557913997531
3634.65,954.3868053645924
0.0,-258.85492502990064
0.0,-172.97362626255995
0.0,680.6159010985934
0.0,-133.02870640055164
2462.72,866.1137405368997
3367.26,951.106595199409
0.0,348.7337073778517
0.0,623.9755129500174
0.0,-247.47273029109715
0.0,168.78423458943985
0.0,-82.94760616796361
1410.72,585.3679271430194
746.11,364.11176206981963
0.0,634.1400811187261
0.0,914.8369708924986
0.0,411.323102877707
0.0,825.8259050609643
0.0,1203.3621375199455
0.0,-280.5756986451696
0.0,333.0327269175109
4998.67,1239.6611827098352
0.0,-322.0238804681892
0.0,1200.5695974089583
0.0,795.6365088629557
0.0,517.924734542866
0.0,-32.61854607707926
0.0,-660.5293406156618
0.0,252.66044328104135
0.0,515.0664015901232
0.0,199.26345454648845
0.0,534.2440351142677
0.0,330.10488837718094
0.0,118.22728884894366
0.0,-59.23550005000493
2331.11,792.6625508871782
0.0,-31.498779952738573
0.0,180.36949559285017
0.0,-206.08842664138672
0.0,395.72383459280513
0.0,-171.90658757196024
0.0,137.0549170272418
0.0,896.6415934814033
1210.4,463.8611417671766
388.03,140.1170276063433
0.0,-83.82852915389776
0.0,583.5501749197815
0.0,548.0627002942035
0.0,-330.16976460824264
0.0,-307.0272249342469
0.0,602.7381619326413
0.0,-361.5238222003817
0.0,14.491744925400212
0.0,894.3603932124745
0.0,-36.04907903494018
0.0,152.62646292155512
535.5,269.3711401753915
0.0,-151.99084682122555
0.0,-447.31904638878933
2333.22,760.3912300349764
0.0,727.84842031621
0.0,899.1064828845308
1363.78,580.1150830453782
0.0,1114.1774509342713
0.0,890.5779834455695
0.0,495.9532220976648
0.0,-70.6637889222651
0.0,623.2516819484119
1917.97,686.2074370671148
387.64,144.07452408076142
0.0,267.8415440183064
1980.48,763.0498061846783
0.0,-295.9120467007066
0.0,407.3403518381199
3330.96,984.4501351354268
0.0,115.37225498865405
5219.03,1198.7674295024292
0.0,-99.37551642168148
2444.0,900.6713219469716
0.0,1046.6753726578274
0.0,517.2543894402197
0.0,491.66952866366546
0.0,571.5127744404451
0.0,-162.75464285302417
0.0,-233.94162091614749
0.0,134.7070686164983
0.0,555.1887469854089
0.0,-224.4909328807364
0.0,283.91700029171966
0.0,699.6662422565078
692.0,345.5548478708622
0.0,318.28981927829113
0.0,808.9350508829496
0.0,81.02487377168552
0.0,631.8323761342372
0.0,366.2442231883508
0.0,421.74133130762766
4788.04,1156.1988175591944
513.63,292.40487185361803
0.0,399.4671909759047
0.0,710.094157728948
0.0,246.54908989438718
665.78,333.243181722637
0.0,359.5797918361184
0.0,687.7089882114349
0.0,393.3379238643363
0.0,-302.4560216166918
664.62,467.8935552483797
0.0,-63.15029228638241
0.0,-245.85117582691396
0.0,850.690839682369
0.0,-313.4251174739825
0.0,-251.3358688207485
0.0,-203.68155685904026
0.0,54.06365462318911
0.0,-290.1058052122105
1518.45,792.8014418698665
0.0,293.1910046678486
0.0,364.61631760366186
0.0,507.0098658659733
0.0,445.58199450833604
1065.06,475.83594423008185
1399.04,708.9631010148114
3786.18,989.0932494157685
1204.42,496.32079139487246
0.0,390.4874109885825
0.0,127.81355967779609
457.1,284.91089726878
0.0,1039.5162551662117
0.0,-190.84525992223303
0.0,722.8869103747518
0.0,-0.32019779057361575
0.0,1083.7037374873137
0.0,1098.6713185547449
0.0,-72.94222142207525
2071.94,781.5387481130763
0.0,-260.0804898378975
0.0,266.5060647475964
0.0,482.98595399372266
0.0,287.64799952233034
0.0,-17.945744231470826
940.04,543.149068727698
0.0,443.41945779779303
0.0,767.6416852022862
0.0,417.77752655536096
0.0,-524.9266911511834
0.0,818.5442153382066
0.0,-164.85102784072853
0.0,403.2630756738233
0.0,90.97243695129725
0.0,-37.529137592724396
0.0,-308.81201893408263
0.0,823.939333373725
394.78,201.27747244208717
0.0,636.0019952991101
0.0,-71.12442468250447
0.0,789.6524626084286
0.0,57.58686139291626
0.0,776.0678304734422
0.0,599.2066944551896
3969.94,1065.453088651589
1711.82,752.6333886755995
0.0,1124.6911169621246
0.0,496.7407322253098
0.0,454.64219054991713
0.0,-113.90928419997772
3599.4,947.5281521501813
1808.68,786.5675432295318
3485.67,1031.9671360561351
453.98,203.76119096458274
0.0,991.3180566368294
0.0,-402.8823293502597
0.0,604.2373812684496
3227.85,928.6939594581956
0.0,-81.65295860850426
0.0,57.58950280943611
0.0,625.0073388387066
0.0,426.3494611499425
0.0,578.8860277018873
0.0,-81.14067871449663
1765.4,1042.47741024636
0.0,208.19924789995525
0.0,-53.89519537254273
0.0,457.3764113329594
0.0,762.9667736431988
1563.53,891.8941554521427
0.0,554.3051127669403
0.0,338.6409439972549
0.0,809.6454097697947
0.0,4.488859877940058
475.28,261.3311227826068
0.0,1397.5871160320996
0.0,-520.5403757723416
0.0,1300.27871334952
0.0,305.78061373530477
0.0,353.7802020909271
0.0,-267.995693355361
1471.45,582.5030559123745
0.0,-93.8895601419216
669.31,317.6593559563273
0.0,944.2997119171725
607.71,350.57343879526456
0.0,244.7072767186546
0.0,1082.5254452617676
0.0,839.230856358675
0.0,-466.29280716392503
580.56,282.28693076566606
0.0,-564.5355048164042
0.0,62.08580828801405
1709.72,676.4157959315394
0.0,650.947062239866
990.99,467.447946533061
0.0,683.2392237816987
0.0,957.8369652852919
0.0,1107.157122581396
0.0,701.8367256050644
0.0,289.7320970434371
0.0,306.2235991235102
0.0,482.86302952403753
976.61,537.0672909972016
0.0,51.90073958893049
0.0,-375.01695342510084
783.21,400.62238690621484
3084.52,932.8853081787117
0.0,814.5891797130562
569.7,272.8892913993409
0.0,-100.7002443813659
0.0,3.3106879444812876
0.0,518.366513927989
0.0,-17.360872898931575
0.0,577.5155148500014
0.0,446.14753197799337
0.0,423.53502649600114
0.0,467.0470515530917
880.66,357.0355888283623
0.0,126.74237716626385
0.0,622.9866890459027
645.35,428.62276808296906
0.0,10.471054352215333
0.0,940.8580904652056
0.0,35.63084129119102
0.0,280.1136703873276
0.0,619.2140321030136
0.0,425.77528840200694
0.0,230.89632048739963
0.0,428.56713744944454
244.78,95.39258602536745
0.0,36.30026305979936
0.0,-67.60392637699795
0.0,501.66132696182603
0.0,-53.2854780214102
1007.99,522.7620590161421
0.0,-361.3885181539866
0.0,1057.8573422036075
0.0,148.98826905304986
1058.06,444.97414383937917
1313.32,647.4185353437156
0.0,1114.0770727884214
0.0,1456.5872987591208
0.0,643.2249296524126
0.0,-100.4697329321616
230.22,114.25871586359449
0.0,-392.5829110813877
0.0,366.52768345885715
0.0,624.4517283354855
0.0,1185.596804534098
0.0,871.0756833595206
0.0,1383.395488775696
0.0,492.35922836675877
0.0,514.8757782542618
0.0,-440.3330133191817
0.0,693.6797572035096
1427.53,565.8437476952629
0.0,115.21135192223437
0.0,991.1089852136615
0.0,-270.96216981930274
1292.95,504.80518867578917
0.0,602.622458401207
2263.75,730.1657085229217
1798.58,683.9248316252567
0.0,587.4788176819834
0.0,975.949160291201
0.0,435.5289580868564
0.0,774.0369170745237
0.0,75.21725470597005
3261.08,916.8553365408338
0.0,174.47019729393264
395.05,246.89683872590672
0.0,987.0940682917744
0.0,62.423745505233114
0.0,-3.939282909419944
0.0,1082.355695799024
0.0,123.9476662548293
0.0,-585.9052768099282
0.0,816.2980976578685
0.0,1102.500220088161
1712.73,680.2179575627433
3749.56,988.7314753649625
0.0,609.3484651251451
2079.2,763.2549465417592
0.0,593.7641841891657
0.0,173.1614884711413
0.0,614.7010680841665
1659.78,601.8602782916307
0.0,255.36664069925018
0.0,-255.974561612677
1190.78,460.3608373189775
0.0,-54.06745856717964
0.0,559.068367170222
5196.12,1225.489499653226
0.0,-272.593058624249
767.39,407.2490293400647
0.0,1265.1409038505255
0.0,-46.20977290217377
0.0,397.0243545527808
0.0,974.7718005632717
0.0,1058.1023017869713
1141.56,634.5002601991314
0.0,1334.1924658479822
0.0,346.2486262364753
0.0,812.0544780518239
0.0,1.6131010998782358
0.0,344.50023231696923
775.88,347.5864146905353
0.0,-17.091412918643982
0.0,-165.8247760797667
0.0,391.7021376752807
0.0,220.87646274974645
836.68,405.4975198046218
0.0,121.31619497825557
924.46,380.4588619394847
1506.42,566.1112175478825
0.0,286.6517068448395
0.0,647.0049552189819
1638.9,582.4395982764065
0.0,503.2784834188112
0.0,-430.2773051232632
0.0,139.29863478031234
0.0,501.1425769065877
0.0,741.7102465564224
0.0,-643.0390850410931
0.0,171.72262239075962
0.0,158.75491111384474
0.0,1158.1689471339057
0.0,229.93705047569688
0.0,265.02958779415076
0.0,-31.721611150719013
242.85,361.69332830751705
0.0,740.9086144632245
0.0,147.48425182697838
692.78,320.56199960533627
955.08,437.14910529503345
0.0,-261.25002621970964
0.0,460.6064763774839
1881.34,713.8348454634786
1681.96,593.1839167300793
0.0,445.75415654241965
0.0,-62.18287922250465
0.0,-479.70563066591546
0.0,395.068810032353
0.0,-322.9989043787043
2489.67,912.5189691960852
255.85,142.16973606137515
0.0,-356.57966458907845
0.0,739.0695869752674
0.0,291.4557410347468
0.0,311.6636627058481
0.0,-248.11842595424912
0.0,1171.631479707421
0.0,605.6735691177121
0.0,-364.56847926295654
0.0,967.7704555621774
0.0,422.06695609680514
4224.96,1112.329423177312
0.0,1157.4458345194157
0.0,-268.2322378925061
328.32,134.17910277045485
0.0,364.3305224938706
0.0,438.97553908618397
550.22,308.6073331465991
1285.92,666.0643652369934
229.85,77.99811170834369
1472.22,552.3690300150065
0.0,823.3969689327621
92.11,90.11141061417948
1061.77,562.7327613724419
0.0,412.9241042220981
0.0,573.0175820014958
0.0,631.3473986988488
0.0,179.07188646865302
0.0,653.6658487241862
0.0,291.61991988892737
0.0,5.2629272365294355
0.0,327.8645158148006
0.0,61.63988919973701
0.0,-239.36265625835608
0.0,523.8299226182569
2318.88,823.4403084603173
907.4,636.899490884228
0.0,176.0886557244985
922.11,384.0406936304769
0.0,-57.96235060225831
0.0,1007.4402073591798
0.0,-343.9730481316878
0.0,652.9785219837097
0.0,537.7651314639559
331.7,161.85105752293555
1873.28,1054.685057434804
0.0,-12.01679000506283
0.0,311.94695531082493
1266.91,651.4529944958424
0.0,288.5911077607336
0.0,1022.7665846452151
2924.12,942.2225575692103
0.0,-237.3582140517866
0.0,190.50972628239083
0.0,1221.294113180429
0.0,-223.20315347756627
845.73,391.4736481749435
942.63,611.754030158027
1333.35,559.1356186650535
2598.04,858.5814292008065
0.0,365.8552306582385
3418.56,1001.6585459374676
0.0,526.0021523671717
0.0,433.2037183629948
0.0,493.07969974458047
0.0,435.8464863805091
524.08,323.9437132660237
3586.6,1034.0130656517197
0.0,542.4406114117503
0.0,646.9698891463217
0.0,-193.3550627330011
0.0,555.1648651285461
0.0,707.2359604148367
0.0,779.50042878522
0.0,-219.80899486306373
0.0,-380.8175217945937
4270.25,1080.7992450297027
0.0,898.0285146554631
0.0,353.5961862746494
0.0,-156.40012371633497
0.0,600.5732063451057
0.0,710.6995083779282
0.0,519.7068020167585
0.0,47.18005274273128
0.0,698.0960639288726
0.0,280.92391098347844
0.0,-287.00506914146035
0.0,434.51312703082976
0.0,804.5023112424244
0.0,214.77446132360478
0.0,-59.31530234883985
2497.51,796.6711449421375
0.0,-67.44345940214293
0.0,1233.5453197595418
0.0,668.9716246550149
0.0,259.8388777788964
0.0,86.4852793262969
662.8,381.8436039325368
0.0,1411.0635589969463
0.0,1080.7138291093368
0.0,541.72978643602
0.0,-63.22725759232935
0.0,44.008325132899245
0.0,389.87904747469315
0.0,-14.626562445188483
0.0,531.4214301987506
0.0,1036.2255366817078
0.0,-386.5822432544213
0.0,-116.81938758809792
0.0,129.07870401007915
439.31,240.90831487023843
2223.39,690.066431340523
0.0,681.7973890571416
2898.19,959.4649373212885
0.0,566.3077866096764
0.0,946.5194827451066
0.0,905.6792698889126
0.0,194.92758101509776
0.0,829.6348487537487
0.0,742.8026385448927
0.0,486.5275011906381
0.0,606.4498861952216
0.0,515.3722372358682
1984.44,720.1204255981384
880.06,355.16974787558956
0.0,49.3889327236725
0.0,-275.01557249692837
0.0,-199.72057937791305
0.0,-337.77164143504615
0.0,-415.47138124946014
0.0,694.5248785395709
0.0,1420.7173197271143
0.0,887.6756685573453
0.0,20.897107490183316
1838.72,688.3051670347133
1830.8,688.5525233150336
0.0,-267.10935261177383
0.0,1116.1492690765558
3926.16,1062.8184463639793
0.0,-134.4034485476966
0.0,-120.6832448542591
0.0,14.707312382199234
0.0,886.3829718259515
2571.81,789.9930744717819
2091.36,683.1388370515592
0.0,-54.36296860410107
0.0,-199.12405117092874
0.0,327.73437020082406
0.0,-62.3364112839879
467.03,216.6173061377317
6259.16,1410.459093561297
0.0,-101.39499927993211
6317.68,1364.78653581511
0.0,-198.88381083714944
0.0,513.9410629416757
0.0,167.93789737008944
0.0,953.7676453883512
0.0,509.74149792865796
0.0,417.4690081141946
0.0,402.5760116707272
0.0,60.11729630433888
0.0,-391.3295952058969
0.0,103.45574114648196
1347.18,652.7882546611645
0.0,436.1908318660637
0.0,361.5285837014683
0.0,168.63818765301016
2565.64,810.6869697546156
1849.16,645.0272174535617
0.0,635.0463491753053
0.0,896.5276669677137
0.0,551.8509969289273
0.0,-32.474643228915625
0.0,48.55599216610108
0.0,765.6969933869525
0.0,74.48952996222738
0.0,-436.3087622698264
3289.61,1019.7051160421811
0.0,223.91635949767215
0.0,772.773231024104
1357.1,518.2748071676924
3297.92,906.2671263261138
0.0,1082.4278525727948
0.0,271.37419138582345
0.0,898.0783065237335
0.0,670.010913922602
5725.62,1428.1886705496584
0.0,143.61830819340855
0.0,292.473600770383
0.0,711.3832596025461
0.0,991.8042911373491
0.0,327.8336680853813
0.0,-15.682602604424005
0.0,580.057842496039
368.5,186.47031649123528
1350.72,787.6996808376136
0.0,271.8840947896913
115.49,-53.43226268419426
0.0,898.0959947788258
0.0,397.3926063767078
0.0,-596.3080898951948
0.0,576.3183371036473
0.0,209.1182505542772
0.0,550.078623251861
3198.28,948.9185313643227
0.0,710.0638718055213
0.0,265.2373388386277
0.0,1346.6116702559814
0.0,340.9887050764655
1024.34,456.98267438380776
0.0,-336.3025751463737
4011.36,1017.5619001573971
0.0,132.61791274424422
0.0,-617.7317732232053
1149.84,490.3967636374732
0.0,179.56412511582494
0.0,681.5903399150413
0.0,-369.0866137684202
0.0,553.8430882602909
0.0,482.05705721272693
0.0,947.8132693258606
0.0,341.51676704624515
0.0,437.5111546018029
0.0,61.21537414574607
0.0,-148.61307204479067
0.0,645.4136259823006
0.0,1260.7619471355713
0.0,214.81236033905293
1465.33,588.737115700307
0.0,554.0884177377241
0.0,148.08107565194848
0.0,496.1071678018686
0.0,202.23331026839742
0.0,425.8435323747269
0.0,336.7634489534423
0.0,-532.350628130082
0.0,347.4944069759299
0.0,-273.65173212632976
0.0,76.12856688591239
1669.84,661.4242432140679
1643.76,728.7137285741956
0.0,818.8909143785024
878.47,510.96833460192306
0.0,612.6094894426344
0.0,718.8617098736393
0.0,1081.244246869649
0.0,-272.2845266954091
2724.86,856.7493908920121
0.0,398.5501275039844
0.0,37.71382506593318
5997.12,1342.9844871900002
0.0,884.434191797139
0.0,194.53307851335467
1006.29,514.6691461256389
0.0,178.34232083828283
0.0,-432.1650406697403
0.0,764.7108847531802
0.0,730.2163597727883
0.0,109.34803456048826
0.0,294.9454259591314
0.0,-82.1274680731126
0.0,145.27206043284173
0.0,-276.11359239071373
3797.19,1048.8876752499793
0.0,207.92159317058236
564.53,341.0563312214804
0.0,196.38814420278777
0.0,137.4887311258434
0.0,615.5545494130513
0.0,860.2506016507436
0.0,1251.9320151055365
0.0,223.2613422538227
0.0,529.3900709797435
0.0,1212.0166110822008
0.0,1019.885735821116
0.0,55.89177735041335
0.0,248.7651306580617
0.0,576.2006347880554
0.0,642.9548802194347
111.47,49.902074615842935
891.21,398.1365517080251
0.0,836.5989510092925
0.0,384.41279337663764
0.0,371.0266882538465
0.0,436.0201138408545
0.0,-36.23398667952631
712.47,362.20045016656854
0.0,631.0269863694002
0.0,1036.7294082161807
0.0,184.53318350746054
0.0,355.78246550737094
0.0,487.7258678051646
0.0,-272.415047134043
0.0,263.68970453762836
0.0,489.09778907181544
266.95,195.94152750118155
0.0,664.2033226798449
3255.32,971.9498526044304
0.0,1318.3930046833518
5651.08,1299.0016666257918
2367.58,790.6338352428272
0.0,102.35635676834227
0.0,1093.8065208944151
0.0,411.5739705386411
0.0,1050.3370083489654
0.0,356.1163015144141
0.0,1291.3565714622848
0.0,305.2980696081056
0.0,437.79792764056265
2493.64,858.1067548278679
0.0,414.88180211634335
0.0,-183.29286424545126
0.0,1413.5074419149125
0.0,448.65165581811857
2059.52,732.3193395889891
0.0,-71.83348729163117
0.0,139.45939060959472
0.0,803.8966102034201
0.0,1031.982016062195
0.0,429.9822364233594
0.0,-612.9746304720345
1359.36,538.5417067885166
1986.15,690.409775429803
0.0,-149.00961967281694
0.0,663.4472516879932
0.0,-326.65213292284875
337.88,319.4596514582322
2664.14,887.0502494326636
0.0,276.66492704835014
0.0,717.6149243164552
1185.45,469.9556095312712
0.0,-21.160675652667578
0.0,410.28126613171185
0.0,1283.9796806116103
0.0,719.4444926423946
0.0,-80.91746699621376
0.0,417.5679878211961
695.71,417.2037448909666
0.0,188.98587278564423
736.48,345.8357885294447
0.0,-193.41128816185176
0.0,-92.70669146935688
0.0,158.24669793869703
0.0,1268.5002400797455
0.0,637.9152776603758
2914.17,861.827287430988
0.0,376.2628686290948
1922.22,699.9990469918082
0.0,-305.55281876297306
0.0,629.0786723538101
0.0,876.3165531307304
0.0,56.89406860232123
0.0,449.0890771902466
0.0,60.06856892584551
0.0,137.42850192474043
0.0,944.4116611419511
0.0,633.0606462396006
0.0,735.5813690778393
0.0,105.61354554842035
0.0,-422.3909253688211
2096.38,729.019110711946
540.83,215.75488256639778
0.0,1021.6415315839681
1477.92,522.3727453794306
0.0,227.9009771982171
0.0,1011.5217242159599
0.0,720.1949326207384
0.0,252.52122016062867
0.0,-307.0833139936749
0.0,137.99020204190288
5942.2,1308.852500459496
721.67,345.7037079938798
0.0,408.5667406572761
0.0,214.70158997958129
0.0,503.17544095709536
2030.17,693.7507162017075
0.0,158.9126049026113
3273.55,976.7588209877276
0.0,176.23445621623296
0.0,629.1402614676385
0.0,-404.3610501627488
0.0,141.76292049853373
0.0,92.72024634238016
0.0,113.39784968433469
0.0,792.5935285138082
0.0,962.2823323780506
0.0,570.4917111907146
1356.57,515.4787963424858
1537.68,649.0067189725125
0.0,963.0923548163271
1163.61,560.3106411385663
0.0,145.9153534627534
0.0,568.5836071289025
0.0,328.31249735936285
0.0,-64.60935759423933
0.0,225.82353822653113
0.0,861.0843580680987
0.0,158.6943067950582
0.0,-133.86206026247442
0.0,-287.45854183671906
0.0,1253.7086193210837
0.0,1316.2787193053634
0.0,202.91888354467596
0.0,-466.5022292480785
0.0,315.984664396394
0.0,-212.69539663037312
0.0,310.43986153112587
0.0,-456.0278572358868
0.0,-159.12799045240888
1219.92,792.3413060067835
0.0,731.4911988761976
0.0,270.7138182832457
1057.77,559.6434210485504
2082.69,709.3066048993007
4156.23,1097.8228825660337
0.0,823.709464057172
799.34,362.7446893845722
795.8,551.2181070832669
0.0,604.6299418301817
0.0,411.99455159414333
0.0,439.7587531959027
0.0,160.11061600136486
0.0,344.4094909066912
0.0,987.2415252948342
0.0,661.0953994774366
0.0,498.1583500590648
0.0,350.81016437980156
2033.18,663.7864567930017
0.0,1445.0034945273317
0.0,521.7270517934296
0.0,598.3250990211384
4764.84,1166.5547477800853
2505.28,824.7685820145032
0.0,442.9215885776782
0.0,675.302305625097
0.0,236.05974507621045
0.0,-35.093303946890956
495.52,216.2657895812929
0.0,1200.877549093464
0.0,158.8479515980937
0.0,582.1787877114123
0.0,784.9625459838239
3190.78,1050.375763841869
568.79,323.6564175383112
0.0,654.5347076950491
0.0,-82.38617961775094
770.69,376.7178794854228
1258.17,679.542927082389
0.0,752.3497212588327
0.0,-7.279685508299508
0.0,374.7352180394098
2803.58,1043.1601613895007
906.09,436.90789666189266
0.0,792.5759624099057
0.0,217.37754863017244
1798.51,965.1651620033567
0.0,769.7853465853016
5605.16,1298.227063951803
2766.48,824.6957872904845
204.55,192.89018903827878
1283.46,466.239934755941
0.0,286.3199627695883
0.0,1003.9108880635374
0.0,541.849631377127
0.0,-197.5604374813288
0.0,-10.869355546563725
0.0,1056.7403953002834
0.0,501.36372445128904
552.51,266.7401315801792
2113.96,672.4789659896371
882.69,460.3137572986261
0.0,-9.306345043149463
205.98,101.62203699860197
0.0,-304.1943881977926
0.0,-510.1116843035598
0.0,459.45956386838543
3567.6,1023.2237477733054
0.0,-411.55589734844284
0.0,-138.28688189905006
0.0,59.686232307761884
0.0,573.1660064824925
0.0,982.4265034128287
0.0,454.9955918936182
0.0,472.52402787280494
1620.68,666.858848998032
0.0,311.310130926566
0.0,-110.00096745678525
741.57,339.9633057518506
0.0,316.22158047484595
0.0,1116.8403863679514
3166.32,879.0789404307561
0.0,452.90482548746627
1361.22,609.3452144412884
0.0,-594.4127955350978
0.0,16.217528321819714
0.0,685.318129949587
6909.44,1388.2683755275305
1371.12,739.6499373471083
0.0,-487.7413322155265
0.0,696.286962291282
0.0,325.8266316509789
0.0,171.53627241864365
0.0,409.4427297321329
0.0,1493.4119721640525
0.0,759.4517058512201
0.0,-76.90019872272592
0.0,-327.12125484766625
0.0,444.25508524666225
0.0,199.53477992935632
0.0,641.3661892910804
0.0,-545.4253147089431
0.0,475.84151884732
0.0,362.5423520237591
0.0,980.7286909918905
0.0,850.7547238689103
1612.0,655.4495229310503
2903.94,873.1781909861165
0.0,1118.24732631354
1121.02,501.4333043054919
1395.08,674.5926830682204
0.0,634.0814219940999
0.0,-102.6391647755213
0.0,557.7237779825944
0.0,240.2652366115551
0.0,474.81840182002725
1755.32,678.2671774166788
0.0,-134.16566609811844
0.0,-563.4550775048173
0.0,-149.3804379606279
0.0,-302.9154743257891
0.0,-414.3942749492636
957.7,408.5667232694377
0.0,250.0250375978892
1080.52,607.018470393084
0.0,313.3447796922653
0.0,-109.80094388812677
0.0,177.8668190343991
0.0,24.304006925580552
1911.91,1035.374888881175
0.0,1381.121348951024
4054.2,1094.7343876838888
0.0,447.6805486608712
0.0,67.1794991718375
0.0,771.6404473114724
1244.58,614.8772445638763
0.0,386.18737871301573
0.0,1197.9559073496573
0.0,451.57015489569517
0.0,-255.61373052645558
2026.4,791.2540653252997
0.0,635.307186069412
3574.05,1008.5676674506913
0.0,-276.83732858166377
0.0,-9.756790490427193
3654.5,1011.1840443907813
0.0,1234.9965870662215
78.66,118.46660706489763
504.63,424.4528310868948
0.0,-213.07368844694668
0.0,-161.37830696135916
0.0,-147.47750073909174
2563.56,867.0926934546042
0.0,-117.91415761786357
0.0,1147.8163132568543
0.0,-458.9919606250046
0.0,373.40812416532526
0.0,-91.67918135349078
0.0,-262.41413000496175
0.0,-26.919824064446743
0.0,879.919387299112
537.19,300.73705339134926
0.0,315.39322648029884
0.0,523.1712112608616
0.0,-321.08889210121345
0.0,214.6996242909638
0.0,277.22093113320443
0.0,368.82096003762035
0.0,976.8801527810954
0.0,1105.9903245417406
1303.14,744.4433871109011
609.45,303.7826712800695
873.84,408.5106274905959
0.0,81.400835097759
