actual_purchase,predicted_purchase,purchase_probability
0,0,0.000558106787174595
1,1,0.998435016730763
0,0,0.0005166752822017754
0,0,0.0005005067273809707
0,0,0.00044536757732807966
1,1,0.9984910633367001
0,0,0.0004356901592027338
0,0,0.0005104735000741005
0,0,0.0004675178688752609
0,0,0.00041180380525099623
0,0,0.0005595263230132027
0,0,0.000545917674026553
1,1,0.9990718031633223
0,0,0.00046966230893492997
1,1,0.9983591073136159
0,0,0.0004483597290467449
0,0,0.0005197040536489651
0,0,0.0004920033243648865
0,0,0.0005157403595077359
0,0,0.0005421503102393164
0,0,0.0005366844724406536
0,0,0.000440085199910179
0,0,0.0004464638564089692
0,0,0.0005086013853351773
0,0,0.00046919554964373227
0,0,0.0004165987626010208
1,1,0.9981573400889977
0,0,0.00044861056682149236
0,0,0.0004263783456616157
1,1,0.9981626811607783
0,0,0.0004424074199441339
1,1,0.9985813003047901
0,0,0.0005361086382397296
0,0,0.0004728326113910195
1,1,0.9990094115296219
0,0,0.0004273906966833466
1,1,0.9984993083077189
1,1,0.998509405147205
0,0,0.0005650975172673413
0,0,0.0004298279135162714
0,0,0.0004422631330536883
0,0,0.00041154763731248784
0,0,0.00048013641363955966
0,0,0.0005499559941716763
1,1,0.9986169738938049
0,0,0.0005415059086361994
1,1,0.9992153499643118
1,1,0.9987316634414178
0,0,0.0005551143218812315
0,0,0.0004263974982063054
0,0,0.0004382155391900728
0,0,0.00047480103200859517
0,0,0.00043271054143911587
0,0,0.0005210110114964052
0,0,0.0005684080362019101
0,0,0.00048757137148935676
1,1,0.998856732198342
0,0,0.0005440034399778183
1,1,0.9980580180271845
1,1,0.9987763228190195
0,0,0.0005192980006377123
1,1,0.9985151594676571
0,0,0.0005622593537484717
0,0,0.00043702420837590724
1,1,0.9988525237604751
0,0,0.0005741055316482466
1,1,0.9991850633767024
0,0,0.0005425280013038505
0,0,0.00044751236604140276
1,1,0.9984719110165765
0,0,0.0004474468339803753
1,1,0.9981505672947587
0,0,0.0005243052673777104
0,0,0.00043936743250593175
0,0,0.00043359256331319227
0,0,0.0004918037972093307
0,0,0.00043989924621502466
0,0,0.0004260986967196651
0,0,0.0005644562701161321
1,1,0.9981699647582233
0,0,0.0005318889653454523
0,0,0.0005252947456303006
0,0,0.0004972277299967643
0,0,0.00042057206483042485
0,0,0.0004891473696974952
0,0,0.00044863480481784534
1,1,0.9985008588851668
0,0,0.00043247027180705805
0,0,0.000412719544085805
0,0,0.00046541676829617474
0,0,0.0005214000174762965
0,0,0.0005561002313739152
1,1,0.9984826839911022
0,0,0.000413620404337872
0,0,0.00046597498714599084
0,0,0.0004379900862688356
1,1,0.9983138834086884
0,0,0.0005093674622414308
0,0,0.0004471627421763644
1,1,0.9988072336622839
1,1,0.9987800749394536
0,0,0.0005679728173099393
0,0,0.00044822670289724277
1,1,0.9992053262738332
0,0,0.0005227108299586093
0,0,0.00044774110513278673
0,0,0.00047320253601553067
0,0,0.0005350967389961618
0,0,0.00042605621044427313
0,0,0.0005739225640896485
0,0,0.0004326159172104059
0,0,0.0005443980862986119
0,0,0.0004221382942041015
0,0,0.0004637061867114595
0,0,0.0004409842689976672
0,0,0.0005056801124744822
1,1,0.9984792068756162
0,0,0.0005891518557927446
1,1,0.9985203362248418
0,0,0.00047197936332469707
0,0,0.00046545972679063244
0,0,0.000452878911759503
0,0,0.0005256635466804168
0,0,0.00047348020696158033
0,0,0.00046779941577926526
0,0,0.00043494812739414417
0,0,0.00045935656046034904
0,0,0.0004515516714237717
0,0,0.0004513762094661209
0,0,0.0005292631562372025
0,0,0.0005430881679664944
0,0,0.0004405208508487701
1,1,0.9988270433457261
0,0,0.00047127363737092424
0,0,0.000486848192449778
1,1,0.9981922540515603
0,0,0.00042999997346320975
0,0,0.0005510112344835587
0,0,0.00045519065295672326
0,0,0.0005183471195765833
0,0,0.0005403598738190727
0,0,0.00044594419878358436
0,0,0.000572048013082153
0,0,0.00042512886431363313
0,0,0.0004563623945135152
0,0,0.0005484775673897237
1,1,0.9981527183407173
0,0,0.0005328728103553385
0,0,0.0005641653155945978
0,0,0.0005218776109883776
0,0,0.00040945536930009655
0,0,0.0005569636157812788
1,1,0.9981991579471527
0,0,0.0005135728782319717
0,0,0.00045593239575378205
0,0,0.0005539386161657345
0,0,0.0005437250565884455
0,0,0.0004432460856230184
0,0,0.0005363419234632006
0,0,0.0004585484116671316
0,0,0.000545928180219463
0,0,0.00047845181816261764
1,1,0.998964196743573
0,0,0.0005068257656325413
0,0,0.0005428259545103366
0,0,0.0004656233736075935
0,0,0.0004924266398332059
0,0,0.00048660136397849624
0,0,0.00044182393700890725
0,0,0.0004276426086437796
1,1,0.9987760623475324
0,0,0.0004397259624664245
1,1,0.9986053327916444
0,0,0.00045083359139871416
0,0,0.0005432194327830371
1,1,0.9982362617167164
0,0,0.0004513362906780171
0,0,0.0005321670693665707
0,0,0.0005462788687941332
0,0,0.0004368806210567099
0,0,0.00046020808286246264
0,0,0.00044079056133106544
0,0,0.0005058629634362033
0,0,0.0005308090961380918
0,0,0.0005527833317433576
1,1,0.9988000319916276
1,1,0.9981148581941752
0,0,0.0005290383244004666
1,1,0.9982018752495253
1,1,0.9985529859856377
0,0,0.0005555911027983888
0,0,0.00047937476040892476
0,0,0.0005073446604337809
0,0,0.0004207127717531611
1,1,0.9980898362473045
0,0,0.0005075888602106862
0,0,0.0005133778775806476
0,0,0.00043499831136739885
1,1,0.9990779747240339
0,0,0.00047691447807650866
0,0,0.0005437241936683984
1,1,0.9986803440707365
0,0,0.00042271341081209584
0,0,0.0004983389270833683
0,0,0.0004424092854872673
0,0,0.0004221380606812372
0,0,0.00041105483505857594
0,0,0.0005128929881507115
0,0,0.0004370320181659797
0,0,0.00045483173190273996
1,1,0.9985082994973155
0,0,0.0005189262443995429
0,0,0.0005558353434926577
0,0,0.00045481083096279954
0,0,0.0004337079048691127
0,0,0.0004666402595043018
0,0,0.0004163493120055401
0,0,0.0004591126896843869
0,0,0.00045368378479264463
0,0,0.0004767299514519745
0,0,0.0004127212310428737
1,1,0.998378191386555
0,0,0.00046127554316074314
1,1,0.9984971093847868
0,0,0.0005150256594406893
0,0,0.0005053116375525547
0,0,0.00046796662849582244
0,0,0.00044128429980205326
0,0,0.0005268849530750511
0,0,0.00045784603862702365
0,0,0.0005459759344738421
1,1,0.9985413657218368
0,0,0.00046490347619450865
0,0,0.00045275501692303475
0,0,0.0005723349575287686
0,0,0.0004469411605299991
0,0,0.00044226351202095377
0,0,0.0005601216888132404
0,0,0.0004709514573577302
0,0,0.0005010242659631419
0,0,0.00048266582821706634
1,1,0.9985328641007114
1,1,0.9986546014413894
1,1,0.9982705737166868
0,0,0.0004875123517149415
0,0,0.00048552649068925736
0,0,0.0004276732106582965
0,0,0.00040679069925474647
0,0,0.00046067072632679693
1,1,0.9981963252448948
0,0,0.0004659012006183722
1,1,0.9984969971391041
0,0,0.0004723101612888569
0,0,0.0005221388637598492
0,0,0.000528128492726934
0,0,0.0004703792495574658
1,1,0.9985028104428747
0,0,0.0005898228330424068
0,0,0.00040744474778307057
0,0,0.000424191230668779
0,0,0.0005628021872285627
1,1,0.998185676356964
0,0,0.0004934495261351467
0,0,0.0005265175733261177
0,0,0.0004393334591504345
0,0,0.00042536859059924494
0,0,0.0005567382996922484
0,0,0.00045722256074905187
0,0,0.0005112350660486696
0,0,0.0004746868027987285
1,1,0.9984729307156941
0,0,0.0005710012378158894
0,0,0.00042517792903952364
0,0,0.000529551022703468
0,0,0.0005303821565006626
0,0,0.00043988532618428547
0,0,0.000427849663299734
0,0,0.0005625861258695192
1,1,0.9981286064987547
0,0,0.0005042067956378771
0,0,0.0004641551381785395
0,0,0.0005462258296600891
0,0,0.0004944048577898249
1,1,0.9985143422443037
0,0,0.0005226044145140909
0,0,0.00048278938166727793
0,0,0.00046191079384459683
1,1,0.9989657374741329
1,1,0.998754906572555
0,0,0.0005338224275874623
0,0,0.0005370839041336479
0,0,0.0004961881738714027
0,0,0.000416893756144186
0,0,0.000559387659036357
0,0,0.0005283057112626029
0,0,0.0004159039548870163
0,0,0.00044847108507372566
0,0,0.0005710113492203213
0,0,0.0004963220376947893
1,1,0.9985754842088461
0,0,0.0005145318155375716
0,0,0.000539189875285248
0,0,0.0004243556067530164
0,0,0.0005549791163228568
0,0,0.0004508420601292071
0,0,0.0005378735534136696
0,0,0.0004282840662844002
0,0,0.0005433119307048285
0,0,0.000559472126436895
0,0,0.00046251326421024934
0,0,0.0004834042629779259
0,0,0.00045073318984608464
1,1,0.9982266796995547
0,0,0.0005761580433964342
1,1,0.998125093784754
0,0,0.0005241441832942277
0,0,0.0005516202391919697
0,0,0.00047455658454612754
0,0,0.000436391560763578
0,0,0.0004394330325721688
0,0,0.0004243511552906144
0,0,0.000515604559013511
0,0,0.0005815599836231233
0,0,0.0004445751831489544
0,0,0.0004946434188332241
0,0,0.0004306328525585598
1,1,0.9984897390655697
0,0,0.0005665567429195173
0,0,0.00047173969082059153
0,0,0.0005587166827082468
0,0,0.0004363848420243804
0,0,0.00041821340000028915
0,0,0.0005543938179895883
1,1,0.9981019118643146
0,0,0.00043945112617663434
1,1,0.9984638294397077
0,0,0.0004409079178319543
1,1,0.998765153500807
1,1,0.9982286686437501
0,0,0.0005225778937754578
0,0,0.0004959202823813893
0,0,0.0005393196689194687
0,0,0.0005125642760570504
0,0,0.0004276599093113357
0,0,0.0005368802297254546
0,0,0.00048167012823033815
1,1,0.9990495120060349
0,0,0.00047735282190960706
1,1,0.9985249367350574
0,0,0.0005509823690240785
1,1,0.9988196676893152
0,0,0.0005615533852543936
0,0,0.0005205197287213953
1,1,0.9988088374732143
1,1,0.9987576035645829
1,1,0.9985001580142087
1,1,0.9984546599589743
0,0,0.0005411339843219374
0,0,0.00041624039804211203
0,0,0.0005039501074330398
0,0,0.0005424040829225076
0,0,0.00043799880460780155
0,0,0.0004953100327120113
1,1,0.9986189816928698
0,0,0.0004996002515001544
0,0,0.0004427560614171055
0,0,0.0005290467634294973
0,0,0.0005150398215338621
0,0,0.00043328481674880225
0,0,0.00046267214376428
0,0,0.0005151834145175292
0,0,0.0005385737746833344
0,0,0.00043971303003131044
0,0,0.0004101525676071538
0,0,0.0005329242947211334
1,1,0.99809815431155
1,1,0.9990206283480813
0,0,0.000553719172991502
0,0,0.0004201739070491588
0,0,0.0004333330921382249
0,0,0.0005697005177777556
0,0,0.0004600460554310946
1,1,0.9986619667111459
0,0,0.0004546275009540643
0,0,0.0004176301339207803
1,1,0.9987073502745589
0,0,0.0005070437226919097
0,0,0.0005217389195506585
0,0,0.000535201317050121
0,0,0.00042393226592671204
0,0,0.0005442318294067641
0,0,0.000506909834833423
0,0,0.0004872736931653519
0,0,0.00043832521156329823
1,1,0.9982155474191027
0,0,0.0005032574583611567
0,0,0.00042137536583433227
0,0,0.0005622673575753677
0,0,0.0005576210390173872
0,0,0.0004591427030690487
0,0,0.00042032178622225503
0,0,0.0004404629596847178
0,0,0.00041741726585219145
1,1,0.9984641267281826
0,0,0.0005055874209935376
0,0,0.0005521378591957488
0,0,0.0005377004941329608
0,0,0.0004448974955180238
0,0,0.000514854573821754
0,0,0.000456212443523792
0,0,0.0005301069823140305
0,0,0.0005132194888158603
0,0,0.00046973797413586005
1,1,0.9983246202035266
0,0,0.0004099810558862245
0,0,0.0005486569361493575
0,0,0.0005258560961105182
0,0,0.0005428562124335057
0,0,0.0005264655480246013
1,1,0.9984554191984559
1,1,0.998527104996106
0,0,0.0004537663802909816
0,0,0.00047398084774539237
0,0,0.00045973777148451255
1,1,0.9984261961129471
1,1,0.9990604120195432
0,0,0.0004713038044384193
0,0,0.0005260041717757044
0,0,0.0004780321970104698
0,0,0.00043469445074885616
0,0,0.0005317889421996689
0,0,0.00045981934023830274
0,0,0.00048242940315540894
1,1,0.9980669761680803
0,0,0.00046761158926162023
1,1,0.998698624396229
0,0,0.000440998632593197
0,0,0.0004292266721864242
0,0,0.0004608278817867439
0,0,0.0004164162024848044
0,0,0.00045428094377317327
0,0,0.0004737580976451407
0,0,0.0004856583855014913
0,0,0.0004587427489263969
0,0,0.000506913224905034
0,0,0.0004328658231095871
0,0,0.0005416309683092815
0,0,0.00046227118889211266
1,1,0.9987276251851009
1,1,0.9990832808243252
0,0,0.0005041971122543181
0,0,0.0005072856601748517
0,0,0.0004253153230071857
0,0,0.0004616635576070372
1,1,0.9987264054862417
1,1,0.9984370486149977
0,0,0.0005401155116885462
1,1,0.9990320181522568
1,1,0.9982443313423908
0,0,0.00044731475358596943
0,0,0.00046864411795983964
1,1,0.9987953695899147
0,0,0.0005822741985007632
0,0,0.0004555232150660128
0,0,0.0004483503974783845
1,1,0.9984119050943288
0,0,0.0004194926062450289
0,0,0.0005340227025239929
0,0,0.0005428711749015813
0,0,0.000444347979143454
0,0,0.00042722332316286096
0,0,0.00045422782431254024
1,1,0.9984130804404138
0,0,0.00043083885820813277
0,0,0.0004920249448914426
0,0,0.0005205385327692627
0,0,0.0005675814799330612
0,0,0.0005470945478548432
1,1,0.998249838246939
1,1,0.9988859355642353
1,1,0.9980752650389049
0,0,0.0004839715345482576
0,0,0.0004491552045370572
0,0,0.0005527177275169428
0,0,0.0004113155727765583
0,0,0.0005082243368975465
0,0,0.0004177721013790913
0,0,0.0005240638682518194
0,0,0.0005484067083086789
0,0,0.0004127862848003864
0,0,0.0004470047873626576
0,0,0.000476037255188816
0,0,0.0005266019175922272
0,0,0.0005560458364604332
0,0,0.0005145412700978926
0,0,0.0005708437805558922
0,0,0.00045469620410061384
0,0,0.0005102559324384138
1,1,0.9985574783301594
1,1,0.9984970175270856
0,0,0.0004795887674679896
0,0,0.0005737565782128984
1,1,0.9988733636511884
0,0,0.00046881144017979357
0,0,0.0005665655129070103
0,0,0.00043932323368504504
1,1,0.9982258116821933
0,0,0.00043701133234039626
0,0,0.0005001248748998028
0,0,0.00041514642800921707
0,0,0.000579003015118638
0,0,0.0005098071253512948
1,1,0.9985492627943776
1,1,0.9990136270721187
1,1,0.9981375417207489
0,0,0.0005147879929376168
1,1,0.9990465225814293
0,0,0.0005133292891903489
0,0,0.0004429667760559755
0,0,0.00043968103604471933
0,0,0.0004526666394359044
0,0,0.00044667375414214947
0,0,0.0005629935772281287
0,0,0.000415210653388021
0,0,0.000545923402143936
0,0,0.00041650301184873107
0,0,0.00041620416392383315
1,1,0.9984738902595207
0,0,0.00046181664483509405
1,1,0.9983958679952095
0,0,0.0005187529146251465
0,0,0.0005042548295558866
0,0,0.0005215758414700242
0,0,0.0004279191064000629
1,1,0.9982670317446898
0,0,0.0004971682110639661
1,1,0.9982674402649506
1,1,0.9992272792013892
0,0,0.0004155712022563273
0,0,0.0005279315420034685
0,0,0.0004390750383868673
0,0,0.0004733354653286871
0,0,0.0005502503628270069
1,1,0.9984488791792725
1,1,0.9980529159096488
0,0,0.0004806080373510644
0,0,0.0005201100435322206
0,0,0.0005319739204517915
1,1,0.9988400565773776
1,1,0.9984303217986628
0,0,0.00042751495564243827
0,0,0.00043678460063122034
0,0,0.0004384713419939789
1,1,0.9990144326733857
1,1,0.9988513895002582
0,0,0.0004573586158484741
0,0,0.00042709872006657423
0,0,0.00045032419021807734
0,0,0.000527836061944325
1,1,0.9984526352675405
0,0,0.0004517400927032258
0,0,0.0004992427312076872
1,1,0.998337563604808
0,0,0.0004337951480562465
0,0,0.0004210992466979664
1,1,0.9988728754894489
0,0,0.0005148086873811616
0,0,0.0005262286431172852
1,1,0.9988531421577841
1,1,0.9982228861972519
1,1,0.9990204538986797
0,0,0.00042535384743824073
0,0,0.0005114701012232003
0,0,0.000498242027170636
0,0,0.00046377560836144166
0,0,0.00044499891045333257
0,0,0.00045423205153982953
0,0,0.0004905322998842588
0,0,0.00044342751094879064
0,0,0.0004638601460505233
0,0,0.000512679584855965
0,0,0.00045395940510874487
0,0,0.00048526023376388406
1,1,0.9983953013316401
0,0,0.0005625282265285646
1,1,0.9981113085116213
0,0,0.000419377172479814
0,0,0.0004088984570285338
0,0,0.0005299909751060181
0,0,0.000560325788860414
1,1,0.9986069710060148
0,0,0.0005016579363562232
1,1,0.9988434552419132
0,0,0.0005494910187496195
0,0,0.0005256236423983063
0,0,0.00041908451688853497
0,0,0.0005439999966360832
0,0,0.0005536663198866913
0,0,0.0005572523371931848
1,1,0.9982031077418481
0,0,0.0005049563558622531
0,0,0.0005140078885675557
1,1,0.9981160852111158
0,0,0.0004288872133372971
0,0,0.00041213441260166495
0,0,0.0005186752130094842
0,0,0.0005486573760198148
1,1,0.9982203850442556
0,0,0.00046669578654570356
0,0,0.00041736054936337015
0,0,0.0005224562089201768
0,0,0.0005585445504410276
0,0,0.0005120805254484954
0,0,0.0004268162984017342
0,0,0.00046973111160651334
0,0,0.0004746924710314345
0,0,0.00046621860619709
0,0,0.0004609959397909346
0,0,0.00046592839397216766
0,0,0.0004582360035640906
0,0,0.0005890885245937731
0,0,0.00044677655011527996
0,0,0.0004339636483263878
1,1,0.9985857456897724
0,0,0.00044263631588300833
1,1,0.9985177563130399
0,0,0.000421175854490163
0,0,0.000535253226173321
0,0,0.00043921691139265165
1,1,0.9987680390353256
0,0,0.00041513076178885134
0,0,0.0005233577959807883
0,0,0.0005265956383614625
0,0,0.0004890217063349536
1,1,0.9980464882037682
1,1,0.9981274014308432
0,0,0.0004538247745646797
0,0,0.00043880903621083356
1,1,0.998698152924008
0,0,0.00042238025994669685
0,0,0.0004597676164575158
0,0,0.0005386021166187775
1,1,0.99819224311798
1,1,0.9989692017371073
1,1,0.9986352436658951
0,0,0.00044410866971804423
1,1,0.9990398346706681
0,0,0.0005260505958220913
1,1,0.9987422370578157
1,1,0.9987789247066869
0,0,0.0005010730090261341
0,0,0.00044456820975411127
1,1,0.9981670902265118
1,1,0.9985737447628028
0,0,0.0004227898149876746
1,1,0.9988585908065966
0,0,0.0004462078849980466
0,0,0.0005215709344829836
1,1,0.9980970649162809
0,0,0.0004326204583522105
0,0,0.00041602029676907266
1,1,0.9987422432814314
0,0,0.0004889024504147242
0,0,0.00044006429497679705
0,0,0.00041754293261604875
0,0,0.0005306755689060342
0,0,0.0004404397928856494
1,1,0.998051377616711
0,0,0.0005037359950133355
1,1,0.9984358707873424
0,0,0.0004904235937319528
0,0,0.0004116282965761627
0,0,0.0004654359630215452
0,0,0.0004271315013368281
0,0,0.0004230109330404655
0,0,0.0004577779059542285
0,0,0.00048322871205206536
0,0,0.00046096661950170134
0,0,0.000550777858321273
0,0,0.0004544248254992751
0,0,0.0005514994138476348
0,0,0.0005152096164012778
0,0,0.00045668815044607266
0,0,0.0004605322404410731
0,0,0.00044101834083460495
0,0,0.0004478483763736669
0,0,0.000527690437996727
1,1,0.9986075867783824
0,0,0.0005102083283323746
0,0,0.0004100021003369966
0,0,0.0004286594177848436
0,0,0.000552564148610449
0,0,0.0004648484283393652
0,0,0.0004295924755545814
0,0,0.0004503850375392811
1,1,0.9988029773915428
0,0,0.000554583942774198
0,0,0.0005226335450536505
1,1,0.9984811790146988
0,0,0.00042262310196186854
0,0,0.0005277182661213892
1,1,0.9985059891129656
0,0,0.0004540840273779051
0,0,0.0005406442083886639
0,0,0.0005021025984636721
0,0,0.00046223202507486734
0,0,0.0004242180591772197
0,0,0.0005368763458236638
1,1,0.999067090716458
0,0,0.0004211302388857051
0,0,0.00041920830859577867
0,0,0.0004576263583061029
0,0,0.0005850328982891321
0,0,0.000496793673371793
0,0,0.0005058343239733758
0,0,0.0004066623555276576
0,0,0.00046035941561366867
1,1,0.9990309585868787
0,0,0.00042794966605906294
0,0,0.0004689388531380301
0,0,0.0005473482773045373
0,0,0.0005381983576158399
0,0,0.0004280946366499452
0,0,0.00045268147508631607
0,0,0.0004304400388080302
0,0,0.0004952699765598726
0,0,0.00042450428060931207
1,1,0.9982311082873082
0,0,0.0004487833926767461
0,0,0.00043216791584499046
0,0,0.0005196435809733743
0,0,0.0005225757655549927
1,1,0.9981644314542594
0,0,0.0005263246044809191
0,0,0.00042414962108900094
0,0,0.0004441453721810426
1,1,0.9991523562940366
0,0,0.00046972178111678793
0,0,0.0004747380357218941
0,0,0.00040830556385434177
1,1,0.9992351709783466
0,0,0.0005073911831936525
0,0,0.000503454736487356
0,0,0.0004957414974366377
0,0,0.00044912359034902916
1,1,0.9985444280993978
0,0,0.0005124124440232319
0,0,0.0005149993162604575
1,1,0.9982722579941824
0,0,0.0005179841247636788
0,0,0.0004673556381399561
0,0,0.0005249124539763694
0,0,0.0005183670878465787
0,0,0.00042918160901169594
0,0,0.00040985885577923017
0,0,0.00043944018189540963
0,0,0.0005235046012465414
0,0,0.0004773359427960538
0,0,0.00046104243194256656
0,0,0.0005081939149863734
1,1,0.9989813878494576
0,0,0.0005386786613414247
0,0,0.000517906362649124
1,1,0.9985440615943749
0,0,0.0005388342264301801
0,0,0.0005077650014524146
0,0,0.0004734205022097684
1,1,0.9988527129743199
0,0,0.00047879471924822993
0,0,0.00042555110636364
0,0,0.0005277754127227613
1,1,0.9987545356870831
0,0,0.00047625649529928345
0,0,0.0004158071872714376
0,0,0.00046741221126419836
0,0,0.0005008679557550797
1,1,0.9985309329281041
0,0,0.0004787426716455781
0,0,0.0004993509547199182
1,1,0.999175306638494
0,0,0.0004406549033032361
0,0,0.00042254211912330734
1,1,0.9990430219991937
0,0,0.0004205669963625188
0,0,0.00046475449029044486
0,0,0.0005090837977674396
0,0,0.0005672133158110701
0,0,0.0005640652035140808
0,0,0.0005611681547726293
0,0,0.0005150758298319142
0,0,0.000532502332905465
0,0,0.0004349945251102588
1,1,0.9984654963947954
0,0,0.0005034306190147828
0,0,0.00047360279888959174
0,0,0.0005062645261624412
0,0,0.0004329903956602035
0,0,0.00044830833265540265
0,0,0.0004095001126636692
0,0,0.000494313732082924
0,0,0.000423160697030908
0,0,0.0005766226810600895
1,1,0.9991472200961189
1,1,0.9980088237586817
0,0,0.0005485587797996152
0,0,0.0005046001886505655
0,0,0.0005502023886565896
1,1,0.9982377346000099
1,1,0.9982207172433425
0,0,0.0005031898372915186
0,0,0.00048026355377252017
1,1,0.9984454955368043
0,0,0.0005173519243955136
0,0,0.00043779572851426404
1,1,0.9990351336459794
1,1,0.9981514835337505
0,0,0.0004237533927189519
0,0,0.0004403041461934543
0,0,0.0005533620163389022
0,0,0.0005170186866472475
0,0,0.0005724657549190956
0,0,0.0004334634096034246
1,1,0.9984667517392745
0,0,0.0004439486238122525
1,1,0.9984267892516174
0,0,0.0004529743903654218
0,0,0.0004612190366034643
0,0,0.0005573089127259809
0,0,0.0005891191175432585
0,0,0.0004963743987759637
0,0,0.0004384007699669486
1,1,0.9985681717358011
0,0,0.0005214397732371085
0,0,0.0004221833620591356
1,1,0.9982852484209137
0,0,0.0004868198500758165
0,0,0.0004699641866134155
0,0,0.000452491158312716
1,1,0.9984771775841927
1,1,0.9983978940145969
0,0,0.00047107078007918503
1,1,0.999205482632527
1,1,0.9982659365727573
0,0,0.0004425486840444501
1,1,0.9980488886695003
0,0,0.0005014029848218558
0,0,0.00047337491154009784
0,0,0.00041767932792053216
0,0,0.0005628471665459222
0,0,0.0005954178927278077
0,0,0.0005716786420153989
0,0,0.0004148254792478852
1,1,0.9984739338374643
1,1,0.9990200049505731
0,0,0.0005057711749262064
0,0,0.0005181423295607147
1,1,0.9988247385766452
0,0,0.00044838439749612794
1,1,0.9988317231192022
1,1,0.9983044160541825
0,0,0.0005628782374118115
0,0,0.0004648171264558156
0,0,0.00046295412727144085
1,1,0.9986391360843508
0,0,0.0004042573750010599
0,0,0.0005098585707422069
0,0,0.00041431377453583025
1,1,0.9984368670651957
0,0,0.0004977178642012617
0,0,0.0005298226698127578
0,0,0.0005081215222638014
1,1,0.9987250667489218
0,0,0.0005339814611263709
1,1,0.9980503481063884
0,0,0.0004422045341460168
0,0,0.0004571203631532555
0,0,0.000439724614984038
0,0,0.00042218477624877254
1,1,0.9984279951965628
1,1,0.9985193244789223
1,1,0.9980047192672039
0,0,0.0004522391115146374
0,0,0.0005098720140033672
0,0,0.000431205742337488
0,0,0.0005303935740750722
1,1,0.9987611948281598
0,0,0.0005331850876993998
0,0,0.00045185536650909155
0,0,0.00043764709880965197
0,0,0.000461305422072852
1,1,0.9982115014839282
0,0,0.0004239384978178258
1,1,0.998389642758332
1,1,0.9988284758823337
1,1,0.9982981974885421
0,0,0.0004733265958968098
0,0,0.0005237762354386823
0,0,0.0004346540023575045
0,0,0.0005420924875699675
1,1,0.9985416527033787
0,0,0.00044079246523802786
0,0,0.00042870411777816967
1,1,0.9989935832414375
0,0,0.00044743726589278616
0,0,0.0005251916061992459
0,0,0.00041628030677310295
0,0,0.00044685154319943103
0,0,0.00045911985253125714
1,1,0.9990143556454004
0,0,0.00044861089329380796
0,0,0.0005157897798317849
1,1,0.9982315438145397
1,1,0.9980865561512843
0,0,0.0004327664966429134
0,0,0.0005187865824525285
0,0,0.0004507225171598462
0,0,0.0005318628641217215
0,0,0.00048322895850139364
1,1,0.9985964522319631
0,0,0.000513378580049391
0,0,0.00041234496891604715
0,0,0.0005409776709047941
1,1,0.9988625530230869
0,0,0.00041625259841625875
0,0,0.0005237553557264559
0,0,0.0005035237303657508
0,0,0.00047894329693621955
0,0,0.0004188998010433873
0,0,0.000428260204874449
1,1,0.9992313353751475
1,1,0.9984470221308962
1,1,0.998799670292049
1,1,0.9984983513348753
0,0,0.00048677061020599704
0,0,0.00043837919573025327
0,0,0.0004730411716083729
0,0,0.000508703602712335
0,0,0.0005348013279675486
0,0,0.0004773139765749401
1,1,0.998187368109998
0,0,0.0005448036443038906
1,1,0.9988030369743625
1,1,0.998459179895861
1,1,0.9988168930353492
0,0,0.00045043988280160364
0,0,0.0005329473289213267
0,0,0.0005423895594430785
0,0,0.00046847159067614383
0,0,0.00041992174534226487
0,0,0.00042666009270751407
0,0,0.0005030943168264861
0,0,0.0005480799741071572
0,0,0.00042148126662802275
0,0,0.0004286167072084922
0,0,0.00045983834096423033
0,0,0.00041485246124857737
1,1,0.9991695052362684
0,0,0.0005294428912610933
1,1,0.9985813605147275
0,0,0.0004221662489690102
0,0,0.0004882881303686717
0,0,0.0005360139299583574
0,0,0.0005501786575445359
0,0,0.00045896383290608276
0,0,0.00045503534912295457
0,0,0.00048548691587415194
0,0,0.00040953999011510313
0,0,0.00043580105020795757
0,0,0.0005024827762325607
1,1,0.9981929880544769
0,0,0.0004718867796754406
0,0,0.0005234578973002271
0,0,0.0005210295251367788
0,0,0.0004923717306811303
1,1,0.9981059725086142
0,0,0.0004263333659263801
0,0,0.0005249423911362521
1,1,0.9985278826590104
0,0,0.0005376376956619026
0,0,0.0004618629898544022
0,0,0.0004253115368108583
0,0,0.0005146526340487863
1,1,0.99827858951928
0,0,0.0005278227072937351
0,0,0.0005335912351198357
1,1,0.9987903289085738
0,0,0.0004957113854107084
1,1,0.9981808670130893
0,0,0.000444636553149285
0,0,0.0005319517837177178
0,0,0.0005273733605731767
0,0,0.0004194431700809686
0,0,0.0005786485707702658
0,0,0.0004528250905706032
1,1,0.9981657767840715
1,1,0.9980601478412467
1,1,0.9984736623023789
0,0,0.0005335185101517896
0,0,0.0004543443657004471
0,0,0.0004167593970460427
0,0,0.0004983100182395972
1,1,0.998826674950791
0,0,0.0005504844063512257
1,1,0.9984094768814925
0,0,0.0004571927090947679
0,0,0.0005557298391814347
0,0,0.00043666854681672826
1,1,0.9987682896418294
0,0,0.0004487873464582708
0,0,0.00043101118450127545
1,1,0.9985548097781188
0,0,0.0005109971497010757
0,0,0.0005481606835529523
0,0,0.00044065733350430957
0,0,0.00042452974350136636
1,1,0.9984154921288543
1,1,0.9980800827923887
0,0,0.0004184112973671865
0,0,0.0004459122820846574
0,0,0.0005476212163370731
1,1,0.9985756038218903
0,0,0.00043844447304868726
1,1,0.998749583581015
0,0,0.0005327979789984885
0,0,0.000527031944032347
0,0,0.0005329685379997403
1,1,0.9985570342182007
1,1,0.9982367057076936
0,0,0.00042589266603119366
0,0,0.000555760907371096
1,1,0.9985699905340819
0,0,0.0004925434157729268
1,1,0.9984523897006511
0,0,0.00042245826569022965
0,0,0.0005544574920739444
0,0,0.0004594672672977247
0,0,0.0004948930773355489
0,0,0.0005120389557373826
0,0,0.00049542802175982
1,1,0.998590461792316
0,0,0.0004384504089677134
0,0,0.000507765364469096
0,0,0.0004451868850960608
0,0,0.00041504130754628
0,0,0.0004876785365590674
0,0,0.0005230529261156847
0,0,0.0004778313103203445
0,0,0.0005262941313523403
0,0,0.0005476873156255795
0,0,0.0005089193954643596
0,0,0.00041739693306026534
0,0,0.00048318704388759635
0,0,0.0005472601516233591
1,1,0.9981568201324227
0,0,0.000495669464877002
1,1,0.9991945514148535
0,0,0.0004494693819078109
0,0,0.0004906205637943035
1,1,0.9982410462165316
0,0,0.0004775480263795835
0,0,0.0004820745862089881
0,0,0.00046084428395185646
0,0,0.0004647224489763967
1,1,0.9992279348084453
0,0,0.0004640102754318082
1,1,0.9984019384380822
0,0,0.0005660415892644118
0,0,0.0004930411055562792
0,0,0.000519894397857401
1,1,0.9990923210923373
0,0,0.00045905926189438194
0,0,0.0004229392746130838
0,0,0.0004350467438884597
0,0,0.000554255802348069
0,0,0.000445115976791694
0,0,0.0004287354916768221
0,0,0.0005283704950534544
1,1,0.9981226863959947
1,1,0.998446161433858
1,1,0.9987995870498342
1,1,0.9985608033120866
0,0,0.0004761070386206168
0,0,0.0004480572738989476
0,0,0.00047613447932468017
0,0,0.0004297761336980431
0,0,0.0005421975691570148
0,0,0.00043856953806521324
0,0,0.00042976439607323136
0,0,0.00041510043712658553
0,0,0.0005181810388531216
0,0,0.0005086897132541594
1,1,0.9992502206255556
0,0,0.0004456891374260136
0,0,0.0005264220924284127
0,0,0.0005168556772130627
1,1,0.9987247826088099
0,0,0.0004717850445225166
0,0,0.00045102820131873427
0,0,0.000423876343425268
0,0,0.00045647971797706287
0,0,0.00043373012223860515
0,0,0.00042430503644707136
0,0,0.00047835015346433184
0,0,0.00046821291852519863
0,0,0.000579425645424932
0,0,0.0005472549083131501
1,1,0.9980665071335072
0,0,0.00047161244855095663
1,1,0.9981740503675934
0,0,0.00045579424738960764
0,0,0.0005315575058017347
1,1,0.9985911193954815
1,1,0.9990918690758118
0,0,0.0004428170410840691
1,1,0.9984938831653194
0,0,0.0005650630624479101
0,0,0.0004637179233450878
0,0,0.000491590982302622
0,0,0.0005311527861531966
0,0,0.000415549109416664
1,1,0.9980745630008387
1,1,0.9985473259025913
0,0,0.00044811458080064786
0,0,0.0004400132579460104
1,1,0.9986655914859764
1,1,0.9990514640602225
0,0,0.0004177342745892782
0,0,0.0005180862731636599
0,0,0.0004684321720620829
0,0,0.0005647326440367997
1,1,0.9987895895438625
0,0,0.00045552581098692364
0,0,0.0004167078765859741
0,0,0.0004661896791243588
0,0,0.0004996822441657364
0,0,0.0004368896208072217
0,0,0.000537000808161139
1,1,0.999228454235376
0,0,0.0005861758951547594
0,0,0.00042683422010249516
0,0,0.0004733359555999431
0,0,0.0005306565825771973
0,0,0.000555045181987637
0,0,0.0005633199510249804
0,0,0.0005197266462846765
1,1,0.9985659432174655
1,1,0.9982612601623865
0,0,0.00045515571882462114
0,0,0.0004391792140849067
0,0,0.000475183486801518
1,1,0.9980925836837421
0,0,0.0005684564746722533
0,0,0.0004532042252030822
0,0,0.0005080616484363978
1,1,0.9988291006651011
0,0,0.0004466976882695592
0,0,0.0005293888375044989
1,1,0.9981175904114855
0,0,0.00041651295227198995
0,0,0.00044029340302711707
1,1,0.9985328910724975
0,0,0.0005767793308361522
1,1,0.9980634661082972
1,1,0.9982248965131039
0,0,0.00047120013178944954
0,0,0.00052497426782882
0,0,0.0005585680359878329
0,0,0.00046917512946724623
0,0,0.00046396577430888474
0,0,0.0005698231480981658
1,1,0.9981814387739012
0,0,0.0004284059165538698
0,0,0.0005573656488203397
0,0,0.0004552064833841703
0,0,0.0004236987002218584
1,1,0.9982330010489974
0,0,0.0005263242631020102
0,0,0.00043597412598634565
0,0,0.0005053893781200245
1,1,0.9981614065374813
1,1,0.9989701258784577
0,0,0.00042073156116385245
0,0,0.0005099764964000912
1,1,0.9981485080834794
0,0,0.0004179635478982809
0,0,0.0005703170624631536
0,0,0.0005371545114981294
0,0,0.00043277757400265375
1,1,0.9988201326460882
0,0,0.0005909332574106556
0,0,0.00042375080498931037
0,0,0.0005404150108469868
0,0,0.0004147105631783322
0,0,0.0005586096005810877
0,0,0.000493677453609215
0,0,0.0004429921998884467
0,0,0.0005116447225490298
0,0,0.0004621417099021445
1,1,0.9985255820407053
0,0,0.00045484066554099463
0,0,0.0005143893363730896
0,0,0.0004969634341219771
0,0,0.0005085859498604675
1,1,0.9985059706948811
0,0,0.0005452453001380393
0,0,0.0005508402144762797
1,1,0.9986018533325378
0,0,0.00044723653675829726
1,1,0.999219063464019
0,0,0.0005060911596251064
0,0,0.0005020200300699386
0,0,0.00042513488329486626
1,1,0.998594784167987
0,0,0.000465503075921917
0,0,0.0005700118368675394
0,0,0.000486446193423371
0,0,0.0005252202090540066
0,0,0.000537400371822163
0,0,0.0004376209884759501
0,0,0.000421818123025685
1,1,0.9988171772085805
0,0,0.00045955079577410344
1,1,0.9981735796524046
0,0,0.0004818744528473473
0,0,0.0005062586397708385
0,0,0.00041865446206887456
1,1,0.9987150347053352
0,0,0.00041227939921767594
1,1,0.998241691063942
0,0,0.0005340294366552846
0,0,0.0004436388496366514
0,0,0.0005028156160232048
0,0,0.0004401905076841958
0,0,0.00042912767497662165
1,1,0.9984109038259475
1,1,0.9985339581325579
0,0,0.0005514045781868248
0,0,0.0005096883173565243
1,1,0.9980520606119649
0,0,0.0005619361658917159
0,0,0.0004378965016017935
0,0,0.0004363492661068502
0,0,0.0005175536232529984
0,0,0.0004928320818902871
0,0,0.00042167270722163634
0,0,0.0004326862289103707
0,0,0.0004345431691731787
0,0,0.00048230758136316883
1,1,0.9988174490115214
0,0,0.0004104674664063078
0,0,0.00045057283735519326
0,0,0.0005635982893714185
0,0,0.00050986352383094
0,0,0.00042134648480649883
0,0,0.0004657790882867309
0,0,0.0005242562079866608
0,0,0.0005049977586927404
0,0,0.0005445214939665501
1,1,0.998300112026982
1,1,0.9988087345661179
0,0,0.00043740136200651767
1,1,0.9983731835597804
0,0,0.00045512614023358975
0,0,0.0004356123465523149
0,0,0.00047457471457468524
1,1,0.99896183496262
0,0,0.0005398053626392504
1,1,0.9987271869940376
0,0,0.000511502294142528
0,0,0.0005763914320814899
0,0,0.00042463502007850887
0,0,0.00042327043148178325
0,0,0.0005171110215491323
1,1,0.9981210665961914
0,0,0.00044579720506773336
1,1,0.9985459265669943
0,0,0.0005353756681983815
0,0,0.0004932101178434043
1,1,0.9982186608701961
0,0,0.000544063850172011
0,0,0.0005356837291931058
0,0,0.000548247994063306
0,0,0.00046903128115471563
0,0,0.00045833756882646484
0,0,0.0004610924087525651
0,0,0.0005584735720562666
0,0,0.0004198509769963572
1,1,0.9984938398663644
0,0,0.00043339463048293775
0,0,0.0004721028217320829
1,1,0.9985017078346347
0,0,0.00042753366263091174
0,0,0.00047469608066585457
0,0,0.00047213983369015814
0,0,0.0005209057824663033
0,0,0.0005294167465130444
0,0,0.0004967598763819869
0,0,0.000560839700489975
0,0,0.00048302675934056526
0,0,0.0005477296683989768
1,1,0.9981352034775884
0,0,0.0005367563491436353
1,1,0.9984591970061211
1,1,0.9986544178933375
1,1,0.9982254827363846
0,0,0.00046685868433101434
0,0,0.0004166272504157773
0,0,0.0005695753603398804
0,0,0.0005054972019587374
0,0,0.0005354474773679108
0,0,0.00040452546687749194
0,0,0.0005265273968324378
0,0,0.00041769705136911775
0,0,0.0004349298281050447
0,0,0.0005635938067554435
0,0,0.0004613464550578114
0,0,0.000528083217737742
0,0,0.0004970546242373721
0,0,0.0005185725537318579
0,0,0.0004567915979080859
1,1,0.998511953124011
0,0,0.00042266371626248974
1,1,0.9982140018536992
0,0,0.0004162586397425902
1,1,0.9987304420186363
0,0,0.00044491770544902534
0,0,0.0004240728109962991
1,1,0.9982293660143068
0,0,0.00045270361207440504
0,0,0.0004611561180499632
0,0,0.0005582268339441621
0,0,0.00045413944284790494
0,0,0.00041578702278251354
0,0,0.0004081410919950437
0,0,0.00041893689551543195
1,1,0.9992244630224135
0,0,0.0004893728481519568
0,0,0.0005052842932594776
0,0,0.0004371247608531277
0,0,0.0005401441092801599
0,0,0.0004324483741831835
1,1,0.9982695252194557
0,0,0.00043562691211249864
0,0,0.0005021568041544649
0,0,0.00044593345758372663
0,0,0.0004460644338767221
0,0,0.0004989154061720132
0,0,0.0005081157373980013
0,0,0.0004614092491080067
0,0,0.000519062130634418
0,0,0.000519315471259094
1,1,0.9987420008063943
1,1,0.9991833657486081
0,0,0.00044200637383180774
0,0,0.000555539866037548
0,0,0.00042799998841580746
1,1,0.9981905341669164
0,0,0.0005046937335940619
0,0,0.00045989405187650377
1,1,0.998162128415128
0,0,0.00047756899887766867
0,0,0.0004670113948266647
0,0,0.0005509533952357505
0,0,0.00046530650047231135
0,0,0.0005547064909651459
0,0,0.00046481198061093694
0,0,0.0004480978433783989
0,0,0.00041882785864250067
0,0,0.0004601983305354538
0,0,0.0005189254094830034
0,0,0.0005260863511092501
0,0,0.0004835924976764097
0,0,0.0005490073607905277
1,1,0.9985583339556582
0,0,0.0005330090219137511
0,0,0.00047199039055994423
0,0,0.00046369398221351597
0,0,0.0005532510811998675
1,1,0.9991679024741411
0,0,0.0005374025793554603
0,0,0.0005141085117812533
0,0,0.0004999188398592539
1,1,0.998212105338467
0,0,0.0005760976114972929
1,1,0.9987832827031915
0,0,0.0004155667161313542
0,0,0.0005083830804030512
0,0,0.0004251250152822098
0,0,0.0005219796085181279
0,0,0.0004892625805040778
0,0,0.0005306562866991875
0,0,0.000529191394508417
0,0,0.00043274150970677765
0,0,0.0004493683585214416
0,0,0.0005083048603737012
1,1,0.9985728962068727
1,1,0.9987345791845509
1,1,0.998506629963843
0,0,0.0005617209897996481
0,0,0.00043499237379793015
0,0,0.0005299350692233465
0,0,0.0005266708355108211
1,1,0.9984076088751825
0,0,0.00044175478220116174
0,0,0.0005594476228252369
1,1,0.9981778520918696
0,0,0.0005541030667246868
1,1,0.998152129597676
0,0,0.0005299973385717994
1,1,0.9985880752308232
0,0,0.000489039843613504
0,0,0.00045950363790900914
0,0,0.0005755646912705115
0,0,0.00043150239642493997
0,0,0.0005632753386983004
0,0,0.0005131209178038142
1,1,0.998197384729229
0,0,0.0004236880413205004
0,0,0.0004473337249672827
0,0,0.0004381853291037562
0,0,0.0004665159398812814
1,1,0.9984687285486965
0,0,0.0004961914719493557
0,0,0.000507954455426733
0,0,0.000427283480623626
1,1,0.9985376280781678
0,0,0.00044678672203745897
0,0,0.00044034471467766835
1,1,0.9980500268363984
0,0,0.0004456051346782998
1,1,0.9990542483172059
0,0,0.0005305878978613793
0,0,0.0005448908126083309
0,0,0.00046357176009838075
0,0,0.0005456380113072423
0,0,0.00045721016233455795
1,1,0.9985595034471427
0,0,0.0005518213561633847
0,0,0.00045364639683622793
0,0,0.0004278439710204074
0,0,0.0005476577791653119
0,0,0.00043159199265565065
0,0,0.0004436939452815623
0,0,0.00046109047022260846
0,0,0.0004668273420425991
1,1,0.9989882633270092
0,0,0.00047897634406191865
0,0,0.0005386947391957914
0,0,0.00041413563154314655
1,1,0.998444983013989
1,1,0.9991539860639923
1,1,0.9980532195436186
0,0,0.00043308220257396254
0,0,0.0005222168990275859
1,1,0.99921390408245
0,0,0.0005230918665151257
0,0,0.0004290098288000184
0,0,0.00043972752065680494
0,0,0.0005008370106548485
1,1,0.9985394972688206
0,0,0.0005208484217576304
1,1,0.9986149286945801
0,0,0.0005192642395450526
0,0,0.000524925913262488
0,0,0.0005345815529878211
0,0,0.0005057962022047683
0,0,0.0004691484117607601
1,1,0.9985886975737747
0,0,0.0004726236245388154
1,1,0.9982141527081873
0,0,0.0005024611758901944
0,0,0.0005002327080915522
0,0,0.00043131836233733216
1,1,0.9988674186566603
0,0,0.0004661485884271935
0,0,0.000500106209908571
1,1,0.9984876315251795
0,0,0.00043976227367730685
1,1,0.9983995433419963
0,0,0.0004240755533350482
0,0,0.0004743499111656637
0,0,0.0005501243756494241
1,1,0.9982722501585112
0,0,0.0004202439183561615
0,0,0.0005007961575501696
1,1,0.9987785582134949
0,0,0.0005628097992613412
0,0,0.00047884804675632373
0,0,0.0004670967874493173
0,0,0.00041575871392994024
1,1,0.998100393934642
0,0,0.000548708752935001
0,0,0.0004454409712719847
1,1,0.9985388401773815
0,0,0.0005595387272114869
0,0,0.0005787879287696297
1,1,0.9984765284867541
0,0,0.0005454405422539074
0,0,0.00041662173113425686
0,0,0.00042542799846484133
0,0,0.0004977952616638464
0,0,0.00044856687348691557
0,0,0.0004503220584253848
0,0,0.00046620389010203905
1,1,0.9990034196179025
0,0,0.00041589094306303503
0,0,0.000523817511903994
0,0,0.0004599423979142594
0,0,0.0004190668406832907
0,0,0.0004803003708068408
0,0,0.0005255109312927796
0,0,0.00044126036439340105
0,0,0.0005550866212491121
0,0,0.0005239243576713067
1,1,0.9988221310375298
0,0,0.0005193070685709715
1,1,0.9982294395486072
0,0,0.00044519182625179864
0,0,0.0004256744716516687
1,1,0.9985490723053093
0,0,0.0005446765577578984
0,0,0.0005206456641611916
0,0,0.0005454578648617554
0,0,0.0005116252676250834
0,0,0.000518481926332527
0,0,0.0005559956570250929
0,0,0.0005429728157175369
0,0,0.00048341502248908466
0,0,0.0005258257652189224
0,0,0.00043788444028588624
0,0,0.0005332817370079213
0,0,0.0005605791143515606
0,0,0.0004184394587243114
0,0,0.0004955819765556283
0,0,0.00044456634113703423
0,0,0.0005790791507910858
0,0,0.00043203874150937055
0,0,0.0004612595301722464
0,0,0.0004646768634191375
0,0,0.0005911820149430594
0,0,0.0005851957416483731
0,0,0.00045477535067839185
0,0,0.0005023084284683708
0,0,0.00047123109047088
0,0,0.0004523441993237164
0,0,0.000433516033027442
1,1,0.9980669290052
0,0,0.0005309405601392269
1,1,0.9990652278082583
0,0,0.0004413399619393171
0,0,0.0004483322875639343
0,0,0.000546266039410226
0,0,0.0005061580169979214
0,0,0.0004905434399142572
0,0,0.0005423784343180667
1,1,0.9981735179174807
0,0,0.0004493119673582778
0,0,0.00042748838477163666
0,0,0.0005443320363035277
0,0,0.0004040634784857284
0,0,0.0005022273819237662
0,0,0.00041228531987115937
0,0,0.0004426724541969991
0,0,0.0005521694158315483
0,0,0.00044007486580179244
0,0,0.0005497419281449868
0,0,0.0004968787104654452
1,1,0.9988337284743597
0,0,0.00041411831102764927
1,1,0.9981439621348991
1,1,0.9987860492448346
0,0,0.0004124257537800361
0,0,0.0005238086507176775
0,0,0.0005605519509618332
0,0,0.0005244247872922776
0,0,0.0005459737859339595
0,0,0.0004398831684499222
0,0,0.0005634404747632245
0,0,0.0005299675342923437
0,0,0.0005489637519748429
0,0,0.0004688759371021807
0,0,0.0005384372089998855
0,0,0.0004657509454687733
1,1,0.998434623536162
0,0,0.0005160879796202155
0,0,0.0005139807684701744
0,0,0.0005613446022143328
0,0,0.000554983666028513
0,0,0.00046589898006637806
0,0,0.0005457806927498825
0,0,0.0004807977095839007
0,0,0.00042917085816224443
0,0,0.0005354714069017304
0,0,0.0005051537197945334
0,0,0.00047362607455560333
0,0,0.0005573215686540293
0,0,0.0004504783122737532
0,0,0.000518476537986512
0,0,0.0004690376647946374
0,0,0.0005695688322553658
0,0,0.0005346137480159278
0,0,0.0004277453934909379
0,0,0.00040280000067833226
0,0,0.0005019329619704755
0,0,0.0004975974057121414
0,0,0.0004646391325762148
0,0,0.00043642553117607616
1,1,0.9985609943419991
1,1,0.9987417590083847
0,0,0.0004576213448872677
0,0,0.00043848160898066115
0,0,0.0004918123089704394
0,0,0.0004469905813785587
0,0,0.0004745702979054964
0,0,0.000432247725035638
1,1,0.9981548466765992
0,0,0.000430110430932151
0,0,0.0005556366316109878
0,0,0.00044064176896837376
0,0,0.0005121231305298872
0,0,0.00045654040509952984
0,0,0.0005417903403994766
0,0,0.0005651339468835988
0,0,0.0004687219184762091
0,0,0.0005386969389728074
1,1,0.9984622287820181
0,0,0.00042805610918910086
1,1,0.9983243656799214
0,0,0.00045126014371158873
1,1,0.9984798567394886
1,1,0.9990362566374296
0,0,0.0005144823928710777
1,1,0.9987288946617231
0,0,0.0005663849913537504
0,0,0.0004170014178296163
0,0,0.0004110782274182424
0,0,0.0004688185518959092
0,0,0.00046938944903893035
0,0,0.00044895743476295214
0,0,0.0004263338719598011
0,0,0.0004409025774131065
0,0,0.0004234376946328541
0,0,0.0004415515258321264
0,0,0.0004427742354359422
0,0,0.0005434149127802781
1,1,0.9982367945752115
0,0,0.00045745969255247594
0,0,0.000493518358527047
0,0,0.0005100373546758859
0,0,0.0005417725501504022
0,0,0.0004381248510396833
0,0,0.000541615798898136
0,0,0.0004464663360114509
1,1,0.9984165284680557
1,1,0.9984325256925447
1,1,0.9992197865372632
0,0,0.0005056683519343227
0,0,0.000527403405082299
0,0,0.0005487494330715018
1,1,0.9985865048153411
0,0,0.00043765359552367495
0,0,0.0005072918704016985
0,0,0.0004348026575807156
0,0,0.0005178761409435525
0,0,0.0005886762693725601
0,0,0.0005719164522351092
0,0,0.00044311439548048233
0,0,0.0005325383599877286
1,1,0.9982326501884023
0,0,0.00043226201255222097
0,0,0.0005567751022757333
0,0,0.000429602301060833
1,1,0.9984542576892074
1,1,0.9984100647827424
1,1,0.9981293258543321
1,1,0.9988046236838193
0,0,0.0005281552978875992
0,0,0.0004737128537356784
0,0,0.00047842975174584146
0,0,0.0005185083103027253
0,0,0.0005140803160413756
0,0,0.0004171694856751459
1,1,0.9985083388468167
0,0,0.00043385769667174227
0,0,0.0004341860207254752
0,0,0.0005439582451851058
0,0,0.00043661708550346475
0,0,0.0005406402196117102
1,1,0.9985995681355971
0,0,0.00042166496039061776
0,0,0.00047343698553502196
0,0,0.00046760263447917126
0,0,0.0005075326757116699
0,0,0.0005551580261478603
0,0,0.000568573930322111
0,0,0.0005455253133977848
1,1,0.9988653918886226
0,0,0.00043207131009117454
0,0,0.00043459903819426435
0,0,0.0005425556439525711
0,0,0.0005717797720589754
1,1,0.9988436902978131
0,0,0.0004981068319036355
0,0,0.0005590812783490218
0,0,0.0004298706799486111
1,1,0.999219508896491
1,1,0.9987881872352746
0,0,0.00046142039906703423
0,0,0.0004955578997621283
0,0,0.0005151238592967306
0,0,0.0004619085259808828
0,0,0.0004340876154991863
0,0,0.00043465814626289794
0,0,0.0004433885946366132
0,0,0.000520697992248246
0,0,0.00041940250610324653
0,0,0.0004495640207383865
1,1,0.9983473146501725
0,0,0.00043741062757572826
0,0,0.0005676498099746627
0,0,0.00042041814257900826
0,0,0.0004361451033356204
0,0,0.00042634619178186716
0,0,0.0005213887267112497
0,0,0.0005141410106768657
1,1,0.9985280898355284
0,0,0.0005041452891117781
0,0,0.0005811876834970812
0,0,0.0005273839515506563
0,0,0.0004990241656035429
0,0,0.0004148803693166276
0,0,0.0005306381929596867
0,0,0.0005167766140069555
0,0,0.0005498496629841497
0,0,0.0004501886905667025
0,0,0.0004130174770695789
0,0,0.00046986684147967185
0,0,0.0005487408588282946
0,0,0.0005138566543735451
1,1,0.9985335323907524
0,0,0.00044083183416559866
0,0,0.0005013283486483163
0,0,0.0005425585023682401
0,0,0.0005392135299524255
0,0,0.0005106685152495655
0,0,0.0005169545247828009
0,0,0.0004966497182331802
0,0,0.0004371166490654471
0,0,0.0004487092341620671
0,0,0.00045077466289462133
1,1,0.9981712859826521
0,0,0.00045238126576263387
0,0,0.00044238651610672855
0,0,0.0004298071345131106
1,1,0.9987882069140214
0,0,0.000503154529417513
0,0,0.00045853164072807474
0,0,0.0005399369758545559
0,0,0.000462070196261711
1,1,0.9990127444116679
0,0,0.0004870818025633102
0,0,0.0004203170818287901
1,1,0.9985277922793389
0,0,0.0005322497643326765
0,0,0.0004589455212308645
0,0,0.0004229124181226926
0,0,0.0004226210373128817
0,0,0.0005419292472015568
1,1,0.9982359791442454
0,0,0.0004503016391430361
0,0,0.0005265147489444044
0,0,0.0005735359850879742
1,1,0.9988005390804054
0,0,0.0004512934938143327
0,0,0.0005286114836546812
0,0,0.0005536408594624394
1,1,0.998572119261923
0,0,0.0005500793009364643
0,0,0.00047060529860730487
0,0,0.0004293622622502317
0,0,0.0004594906365577859
0,0,0.000543141150704084
0,0,0.00045732105109303796
0,0,0.0004425299452210594
0,0,0.0004319876804166046
1,1,0.9985141710657285
1,1,0.9981758283614459
1,1,0.998804715884859
0,0,0.0005646464375894311
0,0,0.00046977945320712876
0,0,0.0005086260966694257
0,0,0.0004289939912831419
1,1,0.9981635888339764
0,0,0.00045159327419222575
1,1,0.9982612541404144
0,0,0.00046503451418621256
0,0,0.0005192839972244795
1,1,0.998205454678601
0,0,0.0005267179394941854
0,0,0.00046116554031010973
0,0,0.0005437775353700082
0,0,0.00045477447055162167
0,0,0.0005235461021879421
1,1,0.99902653411706
0,0,0.0005021193909915641
0,0,0.0004683519662630978
1,1,0.9983483207816926
0,0,0.0004647061753591105
0,0,0.0004475708392923256
0,0,0.00046694561656620854
0,0,0.00041148176059918384
0,0,0.0004673853399641626
0,0,0.0004348759819776394
0,0,0.0005262687858741187
0,0,0.0004379026259198893
1,1,0.998057810341995
0,0,0.0005161387176609388
0,0,0.000534395873542268
0,0,0.0005862840671320412
1,1,0.9980410796653274
0,0,0.0005270669557757209
0,0,0.000532358974548087
0,0,0.0005585749959492814
0,0,0.00044739770009626816
1,1,0.9980498990483205
0,0,0.00042562666055514294
1,1,0.9979954216514657
1,1,0.9984761491220867
1,1,0.9985210043566457
0,0,0.0004446019174661897
0,0,0.00044766437412756873
1,1,0.9984771588963939
0,0,0.0005261215363403022
0,0,0.0005856875229027736
1,1,0.9984564039924141
0,0,0.00047364200903196656
0,0,0.0004270450357407074
0,0,0.0005468476514020632
0,0,0.00046092077796467545
0,0,0.000567174399642064
1,1,0.9984732745970484
0,0,0.00048046079307321186
0,0,0.0004370021485685135
0,0,0.0004146438125726929
0,0,0.0004692388220044076
0,0,0.0005448487467749148
0,0,0.000472692336137862
0,0,0.00044558425417123507
1,1,0.9988397858843208
0,0,0.0005151552867639744
0,0,0.0005448078792699352
0,0,0.0005065538572132159
0,0,0.0005805428656681153
1,1,0.9989064237312891
0,0,0.00042234683664209695
0,0,0.0005527631466640995
0,0,0.00046464552473517303
0,0,0.0005037169997802095
1,1,0.9985210339368131
0,0,0.00045131783421291095
0,0,0.00040364055163085046
0,0,0.0005598405315653172
0,0,0.0004298104891266805
1,1,0.9985282973156426
1,1,0.9986267069947228
0,0,0.0005528835070562858
0,0,0.00046501493459736307
1,1,0.998174974674345
0,0,0.0005322855190203078
0,0,0.00046035552966515583
0,0,0.000519277012411517
0,0,0.00043237303000619913
1,1,0.9980788372653651
1,1,0.9986020047409644
0,0,0.000539588802756732
1,1,0.9984732995552583
0,0,0.0004447924057849599
0,0,0.0004597611688848314
1,1,0.9986053591307552
0,0,0.00047189769664514233
0,0,0.000548215700813018
1,1,0.9984392388943519
0,0,0.0005124358764199865
0,0,0.0005373163177645516
0,0,0.0004375451232534301
0,0,0.0004961120030150965
0,0,0.0005435742424807807
0,0,0.00041814518179826316
0,0,0.00042500226359552324
0,0,0.0005163714435416464
0,0,0.000528657140393056
0,0,0.0004389730036996908
0,0,0.0004632329432994571
0,0,0.0004336945512236596
0,0,0.0005189729158428271
0,0,0.00045395435226719345
0,0,0.0005419143137585356
1,1,0.9981398650514473
0,0,0.00045341606793664795
1,1,0.999169628779289
0,0,0.00045908570927551416
1,1,0.9988479965489565
0,0,0.00046504334016420464
0,0,0.0005225123486768191
1,1,0.9981724772678763
0,0,0.0005270286744099518
1,1,0.9981378592294262
0,0,0.000552391488918231
0,0,0.0005355202889878913
0,0,0.00045890803474497464
0,0,0.0004368099842898333
1,1,0.9980674026512376
1,1,0.9980453623828037
0,0,0.000500171444379774
1,1,0.9989484732450096
0,0,0.0005328661645762983
0,0,0.0005386282152384916
0,0,0.0005388551393506764
0,0,0.0005542324780126955
0,0,0.0005670471449001102
0,0,0.0005457432671164816
1,1,0.9981410769465257
0,0,0.00043263822080036774
0,0,0.0004602697524901929
0,0,0.0005590545161342228
0,0,0.0004163600543824698
0,0,0.0004942310924347107
0,0,0.00047400110522536774
0,0,0.000524414914027836
0,0,0.0005047029098420908
0,0,0.0005335280685562165
0,0,0.0004701148025955783
1,1,0.9985091575185026
0,0,0.0005267016029366152
0,0,0.0005308794871135225
0,0,0.00046720478057419754
0,0,0.0004370991514854493
0,0,0.000542322053499179
1,1,0.9981100525792787
0,0,0.0004265980135849645
0,0,0.0005507305295959063
1,1,0.9989631995272841
0,0,0.0005616552529222616
1,1,0.9982451263445248
0,0,0.00041270005334836707
0,0,0.0004804368079770849
0,0,0.0004295564950334553
0,0,0.0005112825775102615
1,1,0.9984102397379477
1,1,0.9980503792984966
1,1,0.9990158433700452
0,0,0.0005669913818730733
1,1,0.9985428816101336
0,0,0.0005042373204630722
0,0,0.0004608074112357272
0,0,0.00047858575551526077
1,1,0.9987775690940804
0,0,0.0005246058780051514
1,1,0.9988388480403457
1,1,0.998895581252867
0,0,0.00041875223901844327
0,0,0.0004699018510608296
0,0,0.0005410571246698976
0,0,0.0005180332654527193
0,0,0.000509391934471552
0,0,0.0004606753671400154
0,0,0.0004550367765363729
0,0,0.0004417598691400948
0,0,0.0004495297505417233
1,1,0.9981966595104679
0,0,0.00041776517783492084
1,1,0.9986003091818288
0,0,0.0004651431820279255
0,0,0.0005413939919059694
0,0,0.0004999324095962526
1,1,0.9981245348845751
0,0,0.0004203584871791592
1,1,0.9988356693464023
1,1,0.9983907382512449
0,0,0.0005130114765873131
0,0,0.0005124944961144419
0,0,0.00047668208003333914
0,0,0.0005419816289338246
1,1,0.9984824154383191
0,0,0.0005768765755983353
1,1,0.9981847225065141
1,1,0.9988763349807336
0,0,0.0005152533934421016
0,0,0.00044815038438484353
0,0,0.0004565514720637103
0,0,0.00045110036050039295
1,1,0.9983390705468147
0,0,0.0005281582784719824
0,0,0.0005325062422940003
0,0,0.0004342491389647624
0,0,0.0004737790909040842
0,0,0.00045396625604907743
0,0,0.0005199963794552413
0,0,0.0005698936297110146
0,0,0.00041842085719795955
0,0,0.000442302217663574
0,0,0.0005686470454339537
0,0,0.0005726131699317882
0,0,0.0005197168005655212
1,1,0.9986761078253202
1,1,0.998171599667983
0,0,0.0004220783436486008
0,0,0.0004283786511960702
0,0,0.0005163138287393465
0,0,0.0004720299783962332
0,0,0.0004303816039306054
0,0,0.0004545062102015142
0,0,0.0005404797492712956
0,0,0.0004695763776869958
0,0,0.0004406090328232081
1,1,0.9987497220761329
0,0,0.0004750307825328451
0,0,0.0004958422471522845
0,0,0.00043340356123992596
0,0,0.0005466350930665987
0,0,0.00041438421798189405
0,0,0.000524162008550731
1,1,0.9984661494737558
0,0,0.0004410722764805595
1,1,0.9982270568200466
0,0,0.0005232304835994223
0,0,0.0005482845620731361
0,0,0.00043276889461313904
0,0,0.0004660382407810569
1,1,0.9985299133325556
0,0,0.0005351152567969146
0,0,0.0004891986776516459
1,1,0.9985202325113571
0,0,0.0005359955563820633
1,1,0.9982239398318319
0,0,0.00048540277394121815
1,1,0.9981609070225747
1,1,0.9989424835292094
0,0,0.00042595235446506554
0,0,0.0005146995384280669
0,0,0.0004605136623412251
0,0,0.00044854407960842987
0,0,0.0004356327086188484
1,1,0.9983223506836676
0,0,0.00043764560571530936
0,0,0.0004488041341457322
0,0,0.0004515150616923418
0,0,0.00046621057948511955
0,0,0.0005348360062843848
1,1,0.9980939779704757
0,0,0.0004618951393679934
0,0,0.0005291096414208527
1,1,0.9982539198071518
0,0,0.0005416285054396977
0,0,0.0005451024726585531
0,0,0.0004600844349733142
0,0,0.0005247389981404403
0,0,0.00046957750348564726
0,0,0.00045142491033188314
0,0,0.0005387181337700562
0,0,0.0005305214591302829
0,0,0.0005278896619734054
0,0,0.0005241152024582401
1,1,0.9982486373505981
0,0,0.00046576469388233475
0,0,0.00044368824746982634
0,0,0.0004630516533253203
0,0,0.0004650420001941084
0,0,0.0004563680393945104
0,0,0.0004549641757379276
0,0,0.0005317950028860172
0,0,0.0004835604865138067
0,0,0.00045381619508900903
0,0,0.0005008976427063646
0,0,0.0005031648612826266
0,0,0.0004776901997855191
0,0,0.0004641964056631099
1,1,0.9992790323558497
1,1,0.998192398463057
0,0,0.0004362895453581917
0,0,0.0004522859156160079
0,0,0.00041487540894852087
0,0,0.0005613915029275748
0,0,0.00042501720754480217
1,1,0.9985616512758486
0,0,0.0005571075408298973
1,1,0.9981300209737958
0,0,0.00048617459480674316
0,0,0.0004566401847166594
1,1,0.9985127440400627
0,0,0.000432185252623723
0,0,0.00047997809115607335
0,0,0.0004336619003707481
0,0,0.0005273312299871446
0,0,0.00047128322479443894
0,0,0.00045732068669389147
1,1,0.9980582808969067
1,1,0.9985448951526321
0,0,0.000419511416557253
1,1,0.9992250903949645
0,0,0.00046676663891109024
0,0,0.0004931809543488214
0,0,0.000518459463624021
0,0,0.0005253968802592726
0,0,0.00040642074242896325
1,1,0.9988012558806613
0,0,0.0004710571691336082
0,0,0.00046084473694264864
0,0,0.0004197502064796185
1,1,0.9990817877406404
0,0,0.00043193150091464324
1,1,0.9983871625056021
1,1,0.9985643204224031
0,0,0.0005407288574840794
0,0,0.0005145885815317984
0,0,0.0004596398461985501
0,0,0.0005554233850082507
0,0,0.0005286613866087906
0,0,0.0005416848863978132
1,1,0.9988353201737807
0,0,0.0005343090091359991
0,0,0.0004735774943302142
0,0,0.0005285007343240816
0,0,0.000526972652555918
1,1,0.9982180538782418
0,0,0.00046935614164632643
0,0,0.000530538801361484
1,1,0.9983025369750435
0,0,0.0005514434128894675
0,0,0.0005332881123305829
0,0,0.0004299429198314422
1,1,0.9982479181291293
1,1,0.998294986082976
0,0,0.00045846562663914164
1,1,0.9987001210084734
0,0,0.0004611186580719403
0,0,0.0004280671016370732
0,0,0.00042787952937199534
1,1,0.9985159244727687
0,0,0.0004060494261263113
1,1,0.9984900505051687
0,0,0.00041391719285754523
1,1,0.9987937968622218
1,1,0.9982800749404503
0,0,0.00046496949501402903
0,0,0.0004492750518256735
0,0,0.000422525038157821
0,0,0.0005378835176637761
0,0,0.0005300903151370207
0,0,0.000441986469039608
0,0,0.0005434607490820758
0,0,0.00045079772040663475
1,1,0.9985775996087835
0,0,0.00043729765085030124
0,0,0.000545579438666477
0,0,0.0004957110680021371
1,1,0.9981937970697942
0,0,0.0004664675550885915
0,0,0.00046301690704902293
0,0,0.00044059973781877923
1,1,0.9984285599340561
1,1,0.998111896736708
1,1,0.9983164817254597
0,0,0.00042520067189303723
0,0,0.0004488570864065376
0,0,0.00045171408240113445
0,0,0.000497695549610581
1,1,0.9988268082877553
0,0,0.0004385410694624781
0,0,0.000524497327583272
1,1,0.9985980558621365
0,0,0.0005242264522949718
1,1,0.9980350289438267
0,0,0.0004805339799486901
1,1,0.9987093566753319
1,1,0.9985888828111084
0,0,0.0004231049417637511
0,0,0.00046798205562371357
0,0,0.00042312533755417173
1,1,0.998996307487774
0,0,0.0004441025184630138
1,1,0.9984855641274949
0,0,0.0005495956714086137
0,0,0.0004907896115060135
0,0,0.0005545074744434052
0,0,0.0004072584342467857
0,0,0.00042070801655839295
1,1,0.9986981147902793
0,0,0.0004737114911675962
0,0,0.00054035392897952
0,0,0.0004853779356329839
0,0,0.0005679506501445347
0,0,0.00041520873746706666
0,0,0.0005002130000433365
1,1,0.998288916540738
0,0,0.00043864594407456964
0,0,0.0004734024883255675
0,0,0.0005039393477375308
0,0,0.00044617490683643074
1,1,0.9985059354212663
0,0,0.0004553642066103159
0,0,0.00044537725170422084
0,0,0.0004248320407284922
0,0,0.0005277139815389034
0,0,0.00045344023391891456
0,0,0.0005559532343325497
0,0,0.000436072600555202
0,0,0.00043292505217223313
0,0,0.00041172942594123557
0,0,0.0004187771462479718
0,0,0.00041487788858127786
1,1,0.9987550434261407
0,0,0.00041701670793918924
0,0,0.0005305786194000428
1,1,0.9988033553423917
1,1,0.998129078122117
0,0,0.0005702084461535692
0,0,0.00042710069863833477
1,1,0.9986008784799162
0,0,0.00042903233175477446
0,0,0.00043813706204892195
1,1,0.9981297190964677
0,0,0.0005183542419994881
0,0,0.0004096710498924675
0,0,0.0004629947346570312
0,0,0.0004891250542911889
0,0,0.00045791846015576454
0,0,0.0004892006432350522
0,0,0.0004473705042428605
0,0,0.0005503524710146274
0,0,0.0005495859170811385
0,0,0.0005663103783890382
0,0,0.0004576342481184483
0,0,0.0004995065131696464
0,0,0.0004124591513282384
0,0,0.0004432879362607836
1,1,0.998526645051182
0,0,0.00042446382496843057
0,0,0.00046385020933693854
0,0,0.0004165421882065772
0,0,0.0005429656573022357
0,0,0.0004372937671298841
0,0,0.0005213317795968254
0,0,0.00048287206012646595
0,0,0.0004149027347060985
0,0,0.0005522341574148383
0,0,0.0005529814275042348
0,0,0.0004540968948390909
0,0,0.0005326918596910945
1,1,0.9980423020769967
1,1,0.9986332256146313
1,1,0.9985802165783284
0,0,0.000427111224345573
0,0,0.0004178006073410032
1,1,0.9987926415825822
0,0,0.0005415067379693988
0,0,0.0004263378611609425
0,0,0.0005543274914435412
0,0,0.0004723884115017371
0,0,0.0005394140282929275
0,0,0.0004272660473328375
0,0,0.0005475823254706353
1,1,0.9982805916962431
0,0,0.0004164636374490994
0,0,0.0005690212668347843
1,1,0.998876802236053
0,0,0.0004607969903013187
0,0,0.0005675546742048303
0,0,0.00045041040961829105
0,0,0.0004282876504941177
0,0,0.0005325406367135769
0,0,0.0005002069248306913
1,1,0.9991399587766256
1,1,0.9980188520579065
1,1,0.998441127389588
0,0,0.00041071921374217856
0,0,0.00043327230080180914
0,0,0.00047167041537761413
1,1,0.9988471622463754
0,0,0.00043529632661576845
0,0,0.00041653143662223944
1,1,0.9982163605437248
0,0,0.0004156851354325726
1,1,0.998497731551083
0,0,0.00045700503921188083
1,1,0.9992234029193736
0,0,0.0004991426307259156
0,0,0.0004931275605171043
0,0,0.0005566637926831133
0,0,0.000431674916595531
1,1,0.9985938398364212
1,1,0.9985512036861431
0,0,0.00044996114327003497
1,1,0.9984988489339888
1,1,0.9984617219249402
0,0,0.0005309662776166849
1,1,0.998985511019421
0,0,0.0004386913228893795
1,1,0.9981075043452957
0,0,0.000520079519695739
1,1,0.9982898559731433
0,0,0.0005242026860868438
0,0,0.0005116542046179337
0,0,0.0004265587132188369
0,0,0.00042338479456824167
1,1,0.9988775934495282
0,0,0.00046933637935738854
0,0,0.00042683221164374483
0,0,0.000446149590468686
0,0,0.00042847898919052554
1,1,0.9987976143364541
1,1,0.9987935322568403
0,0,0.0004184766428845692
0,0,0.0005408313010290401
1,1,0.9986655984388124
0,0,0.00042527785151863566
1,1,0.9984595865915876
0,0,0.0004567697416905734
1,1,0.9981379531163442
0,0,0.00048490137835803765
0,0,0.00042918488948030087
0,0,0.0005555326784920548
0,0,0.00043852562359508236
0,0,0.00047098686467281605
1,1,0.9982501567921382
0,0,0.00047952958732227965
0,0,0.0005608212580196198
0,0,0.00042769969308555143
0,0,0.0005609612204181653
1,1,0.998088465633039
0,0,0.0005114262820546808
1,1,0.9985875915223177
0,0,0.00041513962892476044
0,0,0.0004153620224881698
1,1,0.9980350877611281
0,0,0.0004328770510855526
1,1,0.9983017606154974
0,0,0.0005008454432923046
0,0,0.0005045060854735743
1,1,0.9983133889127035
1,1,0.9982448994396599
0,0,0.0005155236507167295
0,0,0.0004656105472481931
0,0,0.000544039785548497
0,0,0.00047711304512797334
0,0,0.0004945371854900481
0,0,0.0004614858784972477
0,0,0.00043124678538472013
1,1,0.9988473828010176
0,0,0.00043000136814816853
0,0,0.0004385416464232789
0,0,0.0005011845607396242
1,1,0.998778513631482
1,1,0.9982848904907257
1,1,0.998995233787203
0,0,0.0004935245661523003
0,0,0.0005008316133028826
0,0,0.0005582260086252302
0,0,0.0004926063456153807
0,0,0.00043069872397455286
0,0,0.00046482888317623703
0,0,0.00043654927469734516
1,1,0.9987325584288826
0,0,0.0004271282157416943
0,0,0.00045474214495275797
0,0,0.00044686503597257096
0,0,0.0005192351513080353
0,0,0.0005627066786222772
1,1,0.9985179888487199
1,1,0.9985856838716413
1,1,0.9984874147352247
0,0,0.00043451969174987875
0,0,0.0005236398188961015
0,0,0.0005729918352319498
0,0,0.0004263260136887668
0,0,0.00043326792963906813
0,0,0.0005203366093603016
1,1,0.9988234255441869
0,0,0.00044885298475015096
0,0,0.0005414816192686381
0,0,0.0004550146854014458
0,0,0.0005549118549590743
1,1,0.9989435951140025
0,0,0.0004506696749840251
0,0,0.0005137708174592332
0,0,0.0004297131774619492
0,0,0.00044445727917179337
0,0,0.0004389412679417088
0,0,0.0005354931057439976
1,1,0.9984128268703621
0,0,0.0005735284128267002
0,0,0.00043422487090028053
1,1,0.9982303689938942
1,1,0.9985221673190515
0,0,0.0004279792867815303
0,0,0.0004405177661126175
0,0,0.0004734392035593766
1,1,0.9982460746882023
0,0,0.0004855817422660437
0,0,0.00045933081847074656
0,0,0.00044138018800640266
0,0,0.00043560458428632524
0,0,0.0005230431734191103
0,0,0.0004781705134521369
0,0,0.0005519319756589791
0,0,0.0004744533996661792
1,1,0.9982375370502332
0,0,0.0005586879463990499
1,1,0.9987919788464973
1,1,0.9982335034110598
0,0,0.0005052943094281415
1,1,0.9982868990839777
0,0,0.0005654727911047755
0,0,0.0005035073833200433
0,0,0.0004244485185779874
0,0,0.00047652045694586106
0,0,0.0005519847019632581
0,0,0.0005265788215428233
0,0,0.00042921954103480897
0,0,0.0005286417141286936
0,0,0.0005644589012768308
0,0,0.00043616110356263873
0,0,0.0004409248450755208
0,0,0.0005436560639669838
0,0,0.0004564147708722298
0,0,0.0004157815994506896
0,0,0.0005286934230492329
0,0,0.00043647373308011955
0,0,0.0005583460285847292
0,0,0.0005401465266538801
0,0,0.0004560505968751004
0,0,0.0004112747590206539
1,1,0.99821901921647
0,0,0.00044840285072775477
1,1,0.9981464110682928
0,0,0.00043189930312646747
0,0,0.00048537124842901153
1,1,0.9983794160947709
0,0,0.0004596501171294424
0,0,0.0004570712968447594
0,0,0.0005349842810314663
0,0,0.0004753624872781211
0,0,0.000514480394533429
0,0,0.0004182098692422633
0,0,0.0004187616983541993
0,0,0.000515546160281634
1,1,0.998151624659413
0,0,0.0004742600514833263
1,1,0.9990667000855172
0,0,0.00044334846855035117
0,0,0.00046561148830373745
0,0,0.0005328852453104946
0,0,0.00042439534120417835
0,0,0.0004437691155006703
0,0,0.0004468963753064074
0,0,0.00044307962398630634
0,0,0.0005666171255569258
1,1,0.9985541885718526
0,0,0.00044667263761236347
1,1,0.9981567658314688
0,0,0.0004472354489190628
1,1,0.9985104710622801
0,0,0.00045410542516667807
0,0,0.00046968924662411937
0,0,0.0004631085032199441
1,1,0.9983917639371055
0,0,0.0005559192860884913
0,0,0.0004256208168064379
0,0,0.00046936816603918366
0,0,0.00044372281621709697
1,1,0.9985990097033007
0,0,0.0004254811906180722
0,0,0.0005393020496068181
0,0,0.0005035297117732872
0,0,0.0004645926511549566
1,1,0.9985831460615715
0,0,0.00046389969576574795
1,1,0.9981758109246222
0,0,0.0004318448499730543
0,0,0.0005637853119043495
0,0,0.0005445284806773931
1,1,0.9987678441325695
0,0,0.00044850754604307415
1,1,0.9984536736749283
0,0,0.00045517578302514927
0,0,0.0004930608015707188
0,0,0.0004583948051928504
0,0,0.0004430814920089642
1,1,0.9980721743715473
0,0,0.0004924926038640109
0,0,0.0005737489082401871
0,0,0.0005408364130984354
0,0,0.00047003189036472985
0,0,0.0005493521347756478
0,0,0.0005364496479841845
0,0,0.0004684599499440521
0,0,0.0005522005561792682
0,0,0.0004287293295321119
1,1,0.999042233676469
0,0,0.0005425782998505816
0,0,0.0005040057516309825
0,0,0.000550462174201142
0,0,0.000588974180813248
1,1,0.9988097289402744
0,0,0.0004981011228695618
0,0,0.0005108880148078972
1,1,0.998116986465002
1,1,0.9989653702487338
0,0,0.00046496771482948634
0,0,0.0004378408448382854
1,1,0.999202420161303
0,0,0.0005524420283164047
0,0,0.0005358671811551225
0,0,0.0004560384379945854
0,0,0.0004509646388382812
0,0,0.0004188902194736414
1,1,0.9981239661746217
0,0,0.0005026731913486541
0,0,0.0005374901954520201
0,0,0.00043618867809132485
0,0,0.00044019508020190983
0,0,0.00041559223810847955
0,0,0.00054045212978116
0,0,0.0005205811343216377
0,0,0.0005085863713960799
0,0,0.0005079305399772197
0,0,0.0004937629777074374
0,0,0.000509528305160009
0,0,0.0004462281610682174
1,1,0.999255793446163
1,1,0.9985239854437011
0,0,0.0005123463203134053
0,0,0.000469425717814909
0,0,0.0004222565196303408
0,0,0.0004561372619472294
1,1,0.9990345098618758
0,0,0.00041764978325338703
0,0,0.000488418012749103
0,0,0.0004453705582435414
0,0,0.0005529518161793048
1,1,0.9992701379291496
0,0,0.0004422915131464388
1,1,0.9983870912831224
0,0,0.0005531305534993735
0,0,0.00045193885391227437
1,1,0.9990086978519293
0,0,0.0004210945604004824
0,0,0.00047031658712092065
0,0,0.0005174334848233578
0,0,0.0005514531008675216
0,0,0.0005466341506698977
0,0,0.0004566501627227987
0,0,0.0004537484132483483
0,0,0.0004415948439688599
0,0,0.0004387883670480981
0,0,0.0004779540931833967
0,0,0.00044483741521602764
0,0,0.0005485191649984787
0,0,0.0005251358221227291
1,1,0.9984827628650046
0,0,0.0005057767532002432
0,0,0.0005382983023519093
0,0,0.00045849806067227135
0,0,0.0005827389648583567
0,0,0.0005033022497014558
0,0,0.0005300150923032022
0,0,0.0004504689882892473
0,0,0.00044316055864451303
1,1,0.998339356357864
0,0,0.0005425055936327642
0,0,0.0004582830471477781
0,0,0.0005154615340887957
0,0,0.0005165323151252071
0,0,0.0005017724363352749
0,0,0.0004564640059367218
0,0,0.0005644422108348884
0,0,0.0005311021814040177
1,1,0.9985139516070421
1,1,0.9992532638147608
0,0,0.0004324758043983405
0,0,0.0004851643427968116
1,1,0.9981203807653899
0,0,0.0005632264751566984
1,1,0.9984947682353583
1,1,0.998110326410136
0,0,0.0005164872203985751
0,0,0.0005447322148446261
0,0,0.0004253044270104644
0,0,0.0004217420691347163
0,0,0.0005694431156596637
0,0,0.0005243238604373609
0,0,0.00043644337927253087
0,0,0.0005451101191794683
0,0,0.0004183591877472186
0,0,0.0004352468129721664
0,0,0.0004927303696204054
0,0,0.00046763439095972973
1,1,0.999009485996281
0,0,0.00043984808601040215
1,1,0.9988027076865693
0,0,0.0005061873758594166
0,0,0.00042002761810498745
0,0,0.0005480447612334563
0,0,0.0005676734699070982
0,0,0.00047929952944109603
0,0,0.0005496845493021419
1,1,0.9981972536347358
1,1,0.9985713357134521
0,0,0.0005013339122634593
0,0,0.0005232750944785385
0,0,0.0005058478438973116
0,0,0.0005155487809959184
0,0,0.0005423719161828241
0,0,0.0005058079475045716
0,0,0.0004310134004789697
0,0,0.0005459517644268139
0,0,0.00042833360451579065
0,0,0.00045856891116919404
1,1,0.9985947008893636
1,1,0.9989699261658442
0,0,0.0004394726210911785
0,0,0.0004194392684748314
0,0,0.0005154480151233076
0,0,0.0005381359398111911
0,0,0.00044083938410932003
0,0,0.00045587680158349145
0,0,0.0004392227703843294
1,1,0.9985772080709152
0,0,0.0005530383300067928
0,0,0.0005160640653659674
0,0,0.0005415132524522021
0,0,0.0005766509624468988
1,1,0.9990689335467159
0,0,0.000506336748373506
0,0,0.0005576163861272011
0,0,0.0004988051601696083
0,0,0.00044607838654705433
0,0,0.0005737849202191182
0,0,0.000454940860609285
1,1,0.9981891840334424
0,0,0.0004873212290314667
0,0,0.00047315740013960763
0,0,0.0005459091379450972
0,0,0.00042078870952304027
0,0,0.0005427669453228511
0,0,0.000480579904215699
1,1,0.9990510023661224
0,0,0.0004581903562000306
1,1,0.9991715247857973
0,0,0.000488212572218761
1,1,0.9983146659236357
1,1,0.9985050152703696
1,1,0.998274184059905
0,0,0.0004500517299652817
0,0,0.00043696806274289463
0,0,0.0005052742462218437
0,0,0.00043496071106664466
0,0,0.00047189617345904327
0,0,0.0005552902010970243
1,1,0.9982020104116374
0,0,0.0004401109069410595
1,1,0.9982156711724803
0,0,0.0005818059008720254
0,0,0.0005306563117406986
0,0,0.0005515371430513984
1,1,0.9985424372034377
0,0,0.00041845179652066585
0,0,0.0004251186977036205
1,1,0.9990780001989035
0,0,0.0005779698965188859
0,0,0.0004755691686496578
0,0,0.0005005132003860187
1,1,0.9984149174466693
0,0,0.0004310805138778498
0,0,0.0004459899532379872
1,1,0.9981594616205516
0,0,0.0005437926265481015
0,0,0.0004592427760898885
0,0,0.0005015467599030076
0,0,0.0005670848621903855
0,0,0.0004905069064559453
0,0,0.0004151983146267616
1,1,0.9981315067407444
0,0,0.0005411963638071285
0,0,0.0004105392124581385
0,0,0.0005933923238131759
1,1,0.9985231308978134
0,0,0.00043338528895125073
0,0,0.0005348245173892658
0,0,0.00041584296676768954
0,0,0.00047064122827588945
0,0,0.000439267829831488
0,0,0.00043077575308440456
0,0,0.0005522542228359303
1,1,0.9982075545446509
1,1,0.9981014038738789
1,1,0.9987628121181868
0,0,0.00043875132048310433
0,0,0.0005197373471449518
0,0,0.00045773911746954026
1,1,0.9982794460727784
0,0,0.0005052264023613129
0,0,0.00046026484858604334
0,0,0.0004588685912991071
0,0,0.0005148853847601444
0,0,0.0004263096684627885
1,1,0.998154111447462
0,0,0.00041858726905444457
1,1,0.9981749729869162
1,1,0.9984061927220126
0,0,0.000406600938700031
0,0,0.0004695466118303923
1,1,0.9984830216955586
0,0,0.00041386744367525365
0,0,0.0005392077466293603
0,0,0.00046603634726069353
0,0,0.00042671104792784987
1,1,0.9990910203873602
0,0,0.0005399393990491178
0,0,0.0004511949888380025
0,0,0.0004540108909541169
0,0,0.0005102642302316818
0,0,0.0005443308106836346
0,0,0.0005227611221522914
0,0,0.0004186290770506763
0,0,0.00041973720544770203
0,0,0.0004552770202835878
1,1,0.9990579095966288
0,0,0.0005229143180019382
0,0,0.00043723769215932583
1,1,0.998405359329027
0,0,0.0005683852550444254
0,0,0.00048307672802670265
1,1,0.9980952403040387
0,0,0.0005227235733663637
1,1,0.9987268633934342
0,0,0.0004292976126807605
0,0,0.0004644361083193018
0,0,0.0004400614456530859
0,0,0.0005412532723813228
0,0,0.0005555643790553515
0,0,0.0004813172926028654
0,0,0.0004918439564002335
1,1,0.9984676761217043
0,0,0.0005667011990007194
0,0,0.0005065832096909556
1,1,0.9982162567991527
0,0,0.00043918806440181566
0,0,0.0005155744430470578
0,0,0.000525644749263996
0,0,0.0005169544018553499
0,0,0.00045899811088224415
0,0,0.0005008991310623786
0,0,0.0005032332638789159
0,0,0.0005533043797057558
0,0,0.00046696224899624714
0,0,0.0005058369132612837
0,0,0.0005066589282742927
0,0,0.00044021169819101475
1,1,0.9985394619117319
0,0,0.00045354469316720295
0,0,0.0005090163596473777
0,0,0.00045790281179576336
0,0,0.0005028444816699266
0,0,0.0005656527799213374
0,0,0.00048791839615232953
0,0,0.0005453120246541602
0,0,0.0005628933802870954
0,0,0.0004346297159843629
1,1,0.9982646618595892
1,1,0.9992091602696568
0,0,0.0005205793179039249
0,0,0.00042987654370893024
1,1,0.9985184799704009
0,0,0.0004173695603518559
0,0,0.0004660316060801395
0,0,0.000435308223932498
1,1,0.9980318171559972
0,0,0.0005157019474381338
0,0,0.0004352281174344757
0,0,0.0005536606871782672
0,0,0.00046644522140953986
0,0,0.0004406139629130195
0,0,0.0004359715307101666
0,0,0.0005624636836180768
0,0,0.00041386780004208347
0,0,0.00044388437685795204
0,0,0.00048465431520037784
0,0,0.0004876785501593649
0,0,0.0004316509792102133
0,0,0.0004255608198536376
0,0,0.0004173490345570305
0,0,0.0005475816763573826
0,0,0.000558935456803523
1,1,0.9992218776562679
0,0,0.00047067219776655725
0,0,0.00045770858386534846
1,1,0.9980594080287251
1,1,0.9987695541903666
0,0,0.0004578081447976587
1,1,0.9980471266590651
0,0,0.0004306706483844257
0,0,0.0005230693581876873
0,0,0.0005495763445927734
0,0,0.0005388990637491996
1,1,0.9985716173593409
0,0,0.00043445900563344065
0,0,0.000540753364398105
0,0,0.0005359626137951233
0,0,0.0005317987444632662
0,0,0.0005175092805930088
0,0,0.0005187685130898534
1,1,0.9987522151069205
1,1,0.9984051161735603
0,0,0.0004396034385815218
0,0,0.0004641341343963911
0,0,0.00056342434808428
1,1,0.9987309537520842
0,0,0.0005596399408018567
1,1,0.9985836411220743
0,0,0.000516060343653115
1,1,0.9986343976439334
0,0,0.0004304647753593
0,0,0.0005575788763084454
1,1,0.9982699644553853
0,0,0.0005057744690978375
0,0,0.0005583133830360428
1,1,0.9988564813213792
0,0,0.00047092371919465965
0,0,0.0004659618974737109
0,0,0.0005295116962103799
1,1,0.9985182595105485
0,0,0.0004222944628859237
1,1,0.9987002573811271
0,0,0.0005537731238825011
0,0,0.0005563793116215553
0,0,0.0005393492952950849
0,0,0.00042401959091740245
0,0,0.0005629861320918247
0,0,0.0005044319549610128
1,1,0.9985450966962814
0,0,0.0004731892280431547
0,0,0.00048708766875940764
0,0,0.00045154691196326385
0,0,0.000543456466013414
0,0,0.0005621991143719515
0,0,0.0005805827400642805
0,0,0.00047826548838884723
1,1,0.9988056852430469
1,1,0.9980069470838198
0,0,0.0004716565003612674
0,0,0.00048547968057385024
1,1,0.9980265502245969
0,0,0.0004322685862185718
0,0,0.0005101658974671264
0,0,0.0004591793487612734
0,0,0.0005010129010545877
0,0,0.0004931074578000188
0,0,0.000438679936711018
1,1,0.99849294954735
0,0,0.0004428634991205258
0,0,0.0004262662987758119
1,1,0.9984189837676032
0,0,0.0005566563797042521
0,0,0.00045072527875827684
0,0,0.0005560424594315051
0,0,0.0004573607860192869
0,0,0.00046799413972240775
0,0,0.00046685217703794157
0,0,0.0005653803795387164
0,0,0.00044677268809499104
0,0,0.00046533059542090054
0,0,0.0004334756518507005
0,0,0.0005700033986424583
0,0,0.0005586703793294176
0,0,0.0005637819201165434
0,0,0.0005393061009415873
0,0,0.0005566639756586361
0,0,0.0005376534145606236
0,0,0.0004996213494654349
0,0,0.0005466950807887929
1,1,0.9984261525970727
0,0,0.0004222280973525656
1,1,0.9984846974720757
1,1,0.9990375460266746
0,0,0.0005771343581792612
0,0,0.0004868698053794106
1,1,0.9985900993673936
0,0,0.0004477411782971981
0,0,0.00045111324138894285
0,0,0.0004193491196520032
0,0,0.00043844509281571636
0,0,0.0004166603486743972
1,1,0.9981039734951351
0,0,0.0004978819558622482
0,0,0.0005384769842646032
1,1,0.9987991193601912
0,0,0.00044135178343066706
0,0,0.0005278108790380721
0,0,0.00055563584691928
0,0,0.0005389345265858802
0,0,0.00042688152888260643
1,1,0.9981039057453609
0,0,0.0005379334710592655
0,0,0.00047560308725924606
1,1,0.9984912590996056
0,0,0.00043016166304271647
1,1,0.9984813523090675
1,1,0.9989570492674017
0,0,0.00056799270717203
0,0,0.0005049938063252012
1,1,0.9992151936479696
0,0,0.0004403926046540869
0,0,0.0005209099365740652
0,0,0.0004234432251258547
0,0,0.000548040191700488
0,0,0.0004399859311809499
0,0,0.0005406876447155641
0,0,0.00042033513538308217
1,1,0.9985299568217548
0,0,0.00045984091179656993
0,0,0.0004282707031864985
1,1,0.9991624940613878
0,0,0.00044981987625176685
0,0,0.0005425040042085467
0,0,0.000466072741920848
1,1,0.9990687194323826
0,0,0.00045400958414765116
0,0,0.0004226388829208872
0,0,0.0004999140357444314
0,0,0.0004186937224833848
0,0,0.0004359934966505612
1,1,0.9987668219084379
0,0,0.0004193336284089442
0,0,0.00041290647131510483
1,1,0.9991423113248755
0,0,0.0005568011197890274
0,0,0.0005275097079229839
0,0,0.0005473775858974429
0,0,0.00046787949481075485
0,0,0.000562928448884254
0,0,0.0004514636024210502
1,1,0.9988452622328013
0,0,0.00045493748862835104
1,1,0.9984624011419506
0,0,0.0004509807812246178
0,0,0.0004293976775750016
0,0,0.00043398175648095026
0,0,0.0005551574249970024
1,1,0.9980712337409477
0,0,0.0005373767361225427
0,0,0.00045951330012469955
0,0,0.0005258753242061087
0,0,0.0005203631879374127
0,0,0.00047571636059588523
0,0,0.0005252679644773462
0,0,0.0004150580741922953
0,0,0.0004802548371800838
0,0,0.0004293314808364603
0,0,0.0005368803707717474
1,1,0.9991617109313089
1,1,0.9987957561632734
0,0,0.0004663679809474501
0,0,0.00040756753107074647
0,0,0.000574244873384731
0,0,0.0004648103494730208
0,0,0.0005625169197643375
1,1,0.9982620521047326
0,0,0.0005303661711968707
1,1,0.9988932328624408
0,0,0.0005220122284548638
0,0,0.0005154746386330212
0,0,0.0004787914092213023
0,0,0.00042424146048366835
0,0,0.00042087113178327084
1,1,0.9985816206474875
0,0,0.0004384904610493233
0,0,0.0005686083630563449
0,0,0.0005532588558141816
0,0,0.0005616530391279418
0,0,0.00045927033144942597
0,0,0.00046106284805377454
0,0,0.000409123313736517
0,0,0.00042832802058415977
0,0,0.0004753151901789714
0,0,0.0004252397130557423
0,0,0.0005136413002774072
0,0,0.00043711800451723615
1,1,0.9982570891744
0,0,0.0005417138978104523
0,0,0.0005375071437122822
1,1,0.9982185933897485
0,0,0.0005371681086262886
0,0,0.0004446419680233492
0,0,0.00041679215576487125
0,0,0.00045035818631758537
0,0,0.0005291329966819669
0,0,0.00045065900727143135
0,0,0.0005081946127299088
0,0,0.0004275013025754319
0,0,0.000540093207438027
0,0,0.0005255989461446544
1,1,0.9982021750826474
1,1,0.9981282445506356
1,1,0.9984713929306582
0,0,0.0004541768489490631
1,1,0.9985457905788767
1,1,0.998335441892125
0,0,0.00042725841383800273
0,0,0.0004625765891037387
1,1,0.9984773981788957
0,0,0.0005563698554866092
1,1,0.9981217207295382
0,0,0.0005272834066846149
0,0,0.0005565216080060801
0,0,0.0005555125601203403
0,0,0.0005642958824927726
0,0,0.0005449223249455599
0,0,0.0005058650060919042
0,0,0.0004179888602756868
1,1,0.9991891861930194
0,0,0.0005946101221728719
0,0,0.0004123435711956241
0,0,0.00046721263685946344
1,1,0.9981369579850559
0,0,0.00045711290270848085
0,0,0.0004171307321543989
0,0,0.00045444637874993404
1,1,0.99900901346316
0,0,0.0004555453955947622
0,0,0.0004930860141422448
0,0,0.0004203008795927139
0,0,0.0005736572933861655
0,0,0.0005332141633102825
0,0,0.000407179644951132
0,0,0.0004122909717457709
0,0,0.0005029740213290659
0,0,0.00045112286916043116
0,0,0.0005387797329104141
0,0,0.0005601515222449682
0,0,0.00042830196103665533
0,0,0.0004440490612924702
0,0,0.0004448395810120288
0,0,0.0004232550061407057
1,1,0.9987291815630611
0,0,0.0005227924860396855
0,0,0.00044325915328016503
0,0,0.0004410176499118279
0,0,0.0004218197402461829
0,0,0.000430871700316746
0,0,0.0005716342913780977
1,1,0.9992048942909728
0,0,0.0004209393305622516
0,0,0.0005367062363090308
0,0,0.0004426337105300542
0,0,0.0004293970533404501
0,0,0.0004691725595410863
0,0,0.000406016382960096
0,0,0.0005597830478250322
1,1,0.9984534789331686
0,0,0.0005601473067162304
1,1,0.9984999892955848
0,0,0.0004513505653492708
0,0,0.00043645267802226565
0,0,0.00045144158022669234
0,0,0.00044290244790214507
0,0,0.000423996676856669
0,0,0.00045169268333243053
0,0,0.0005657115670499223
0,0,0.00046626576647451303
0,0,0.0005336443949170557
0,0,0.0004216797496654882
0,0,0.00045109573636054105
0,0,0.0004315723763765926
0,0,0.000420708157819289
0,0,0.00046235221052909835
0,0,0.00042416854446466394
0,0,0.0005542004602586433
1,1,0.9984987639303726
0,0,0.0005483480428980208
1,1,0.9987835012026323
1,1,0.9984153765111644
0,0,0.00041651062469432864
0,0,0.0005239962518264129
0,0,0.0004600693913652296
0,0,0.0005552200275830944
0,0,0.000420683212131744
0,0,0.0005249037879284734
0,0,0.0005358478892342162
1,1,0.9982016302669663
0,0,0.0005440891903721076
0,0,0.0004669849813528856
0,0,0.00045796891340398564
1,1,0.9981370971772926
0,0,0.00041928368652040547
0,0,0.0005473856882511769
1,1,0.9985412907712397
0,0,0.00051443266253687
0,0,0.0005417687390679636
1,1,0.9985090503523759
1,1,0.9981555509763724
1,1,0.9985843203829399
0,0,0.0005219676254015917
0,0,0.000541444218211902
0,0,0.0004183650738878404
0,0,0.0004663050901455948
1,1,0.9982194491040339
0,0,0.0004960557412948231
0,0,0.0004401087683937475
0,0,0.0004586003095522549
0,0,0.0004276745522715197
1,1,0.9988331309450802
0,0,0.0005167338126018949
0,0,0.0004688601142415733
0,0,0.0005432778085888645
1,1,0.998841030041031
0,0,0.00046957639313633607
0,0,0.00046997792071650646
1,1,0.9987485810466517
1,1,0.9984373397379663
1,1,0.998820459375298
1,1,0.9988426979657883
0,0,0.0004251140647623016
0,0,0.0005600802184346843
0,0,0.00045448129481483456
0,0,0.0005349864347743897
0,0,0.0004313463066337565
0,0,0.0005367233590597344
0,0,0.0005290657804853913
0,0,0.000421615861384532
0,0,0.00044866921107220893
0,0,0.0005066846562734039
0,0,0.0004670873662384688
0,0,0.000431613501452883
0,0,0.00045305198461092274
0,0,0.0005311500827701957
0,0,0.00043225134388782716
1,1,0.9988218456566531
0,0,0.0005288203186374026
0,0,0.00044858563145163646
0,0,0.0005923059119431324
0,0,0.0004436172775208263
0,0,0.0005079697575945109
1,1,0.9983907810174287
0,0,0.0004268514975657331
0,0,0.00046857065322658884
0,0,0.00041808694220918445
0,0,0.00043817339734284334
0,0,0.00044121432670958305
0,0,0.0005188882668173528
0,0,0.0004939544667575869
0,0,0.00043411669189349856
0,0,0.0005353845586079354
0,0,0.0005575508288267454
0,0,0.0005206459250189953
1,1,0.9980731308864024
0,0,0.0005570489583986243
0,0,0.00045555757842015735
0,0,0.0004259409506696469
0,0,0.0004273557182883252
1,1,0.9985690652202961
0,0,0.0005093307791266334
0,0,0.0005083561386463148
0,0,0.0005093759347566997
0,0,0.0005545249482770406
0,0,0.0004616843727019529
0,0,0.000417465908357675
0,0,0.0005536156563621652
0,0,0.0005223102447317799
0,0,0.0005491123977535455
0,0,0.0005471804087742618
0,0,0.0005386288096843963
0,0,0.0005194730864168211
0,0,0.0004508368714734776
0,0,0.0005226402962183816
1,1,0.9985772500044103
1,1,0.998132605282394
0,0,0.000556430529422161
0,0,0.0004157204969876006
0,0,0.0005600328737909964
1,1,0.998109843551244
0,0,0.0004151978464946406
0,0,0.0005321843759284878
0,0,0.00042768693527530597
0,0,0.00042283846605055934
0,0,0.00046097068052757857
0,0,0.0004349634349380506
0,0,0.0005330221249896434
0,0,0.0005404225707375569
0,0,0.00043592698429695584
0,0,0.0005063691969549186
0,0,0.0005027328933891341
1,1,0.9985470557268227
0,0,0.00044875977274764844
1,1,0.9988268874003643
1,1,0.9985874735689186
0,0,0.0005123050830467932
0,0,0.0005517242594328514
0,0,0.0005143364756918239
1,1,0.9987882410453938
0,0,0.000452378525287838
0,0,0.0005293907373496408
1,1,0.998358054276279
1,1,0.9986150631460594
0,0,0.00043449176113510813
0,0,0.00042621696534803663
0,0,0.0005048163701983307
0,0,0.0005512778425558035
0,0,0.00045580226001307433
1,1,0.9989772715885842
1,1,0.998604976697442
1,1,0.9981041548970956
1,1,0.9992395523933895
1,1,0.9983837931392139
0,0,0.0005398606309940076
0,0,0.00044457638739563805
0,0,0.00043278897825972727
0,0,0.0004522270943672894
0,0,0.00044057529189151954
0,0,0.0005210987678083883
0,0,0.0005014250586357029
0,0,0.00046447189574160794
1,1,0.9985616867527268
1,1,0.9987576086972766
1,1,0.9981943442807225
1,1,0.9992395740956959
0,0,0.0005550345267207977
0,0,0.0005551075681665799
0,0,0.0005535810706990491
0,0,0.0005349749641062596
0,0,0.0004824498167369436
1,1,0.9989998122743146
0,0,0.000531449273219237
1,1,0.9990717678769979
0,0,0.0004216846587849606
0,0,0.00044500335695093747
0,0,0.0004466982499289603
1,1,0.9988440016447425
0,0,0.0005248313331048256
0,0,0.00046092861475215797
0,0,0.00045703058320006217
0,0,0.0005360252637428153
0,0,0.0005415877132271368
0,0,0.00042619350317371727
0,0,0.0004931061298132399
1,1,0.9986289629777839
1,1,0.9989614169434311
0,0,0.0004591908995612228
0,0,0.0005196617514533474
1,1,0.9988740367882037
1,1,0.9990248057386683
0,0,0.0005499552663439083
0,0,0.0004842704547308525
0,0,0.0004212745716671002
0,0,0.0004707080572593031
0,0,0.0005063359074283533
0,0,0.00044444418815045594
0,0,0.00041775600150101484
0,0,0.0005404777932725545
0,0,0.00046618238605061757
1,1,0.9988421998833095
1,1,0.9985357416550275
0,0,0.0005347390146900663
0,0,0.0005601091302428756
0,0,0.0004901054799273521
0,0,0.0005153413013431436
1,1,0.9983190263927638
0,0,0.0005069078048664709
0,0,0.000542551210646461
0,0,0.00041149873528128843
0,0,0.000505576467440059
0,0,0.00043754408634133366
0,0,0.0004994935789837017
0,0,0.00044654270225909486
0,0,0.00047678850405154856
0,0,0.0004843321691097163
0,0,0.000458999845965235
0,0,0.0005178569662625895
1,1,0.9981745336959273
0,0,0.0005058964509467138
0,0,0.0004475491875814146
0,0,0.0005353174016275126
0,0,0.00046113359800755127
1,1,0.9983797366448601
0,0,0.0005658376758847136
1,1,0.9988582741308802
1,1,0.9984464974524921
0,0,0.0004389031550394327
1,1,0.9988049969115363
1,1,0.9992066499583189
0,0,0.000530651374215326
0,0,0.00046509051627871946
0,0,0.0004667320124031464
1,1,0.9987420707190094
0,0,0.0005189738065363477
1,1,0.9981149257337637
0,0,0.0005304348777916459
1,1,0.9983961548117318
0,0,0.0005173090340463209
1,1,0.998563513352773
0,0,0.00045162774169257126
0,0,0.0004810550722885249
0,0,0.0004669307224683462
0,0,0.0004720588810206227
0,0,0.00046006597485975803
0,0,0.00041129396158005627
1,1,0.9987113503811653
0,0,0.00042582788498684226
0,0,0.0005258629587814668
1,1,0.9990321028100458
0,0,0.0004478535463290467
1,1,0.9981022456604052
0,0,0.00046835531482564163
1,1,0.9982154275954037
0,0,0.000544020495276621
0,0,0.0004550733022288917
0,0,0.000416255348277591
0,0,0.0004563094342683691
0,0,0.00044402760434708686
0,0,0.00046257375759485374
0,0,0.00044817877039863516
0,0,0.0005682489411655458
0,0,0.0004120622781028269
0,0,0.0005259970405267333
0,0,0.0004488776743684807
1,1,0.9982607943422221
0,0,0.0005254294247427093
0,0,0.0005166719957702442
0,0,0.0004441011770908177
0,0,0.0005558332131770302
1,1,0.9985072994474287
0,0,0.0004885505817900608
1,1,0.9981922118034343
1,1,0.9984436531447761
0,0,0.0004501585739859217
0,0,0.0005642769170215542
1,1,0.998545918525808
0,0,0.00047117632511284655
0,0,0.0005087275464676575
0,0,0.0004482504030415695
0,0,0.0005466990347866314
0,0,0.0004158675804674326
0,0,0.00043334977322266805
0,0,0.0005166317952286324
0,0,0.0005551556862093874
0,0,0.00041404591686543485
1,1,0.9981580772897969
0,0,0.00044361043852200483
0,0,0.0005367869921295148
0,0,0.0005051602136507936
0,0,0.000513813184806563
1,1,0.9985986096471967
1,1,0.9982254147439336
0,0,0.0005616981804636215
1,1,0.998523039773755
0,0,0.00043540029890164417
0,0,0.0004607120380345067
0,0,0.0005525798359074624
0,0,0.0005087664868235997
0,0,0.0004461165759609129
0,0,0.0005370388552979288
0,0,0.00044810715083457177
0,0,0.0004516900518848726
0,0,0.0005237986973934921
0,0,0.0005365671823448613
0,0,0.0005287510993493532
0,0,0.0004972265598376677
0,0,0.0004144068181780148
1,1,0.9983318245475561
0,0,0.0004999729333911028
0,0,0.0005331161147114707
0,0,0.0004873802225342571
0,0,0.0005293309653163913
0,0,0.0005445722185960815
0,0,0.0005262930944690714
0,0,0.0005551454175589743
0,0,0.000450038813516771
0,0,0.0005550802419329891
0,0,0.0005264887904536208
0,0,0.0004699809721805817
0,0,0.0004741556346356115
0,0,0.00047399038517984194
0,0,0.0004611867148701992
0,0,0.0004687730625980125
0,0,0.0004126776728720497
0,0,0.0004382967344130732
0,0,0.0005022000299593775
0,0,0.0005188134122459792
0,0,0.00046401268499355865
0,0,0.0004322985334165574
1,1,0.9992503254438844
1,1,0.9984686832453258
1,1,0.99847484340575
0,0,0.00046503160284617194
0,0,0.0004453467175026767
0,0,0.0005496832681298842
0,0,0.0005476487932211807
0,0,0.0004863698658807131
1,1,0.9990405893269635
1,1,0.9987243961138738
0,0,0.00046219091873760435
1,1,0.9989312839945758
1,1,0.9990168180354775
0,0,0.0004326424393221407
0,0,0.0005114532042611489
0,0,0.00046536682104392934
1,1,0.9987637890145484
1,1,0.9984542093736668
0,0,0.00045120039829630226
0,0,0.0004474187091197431
0,0,0.00042372571261187377
1,1,0.998618257257623
0,0,0.0005455661394831912
0,0,0.0005605693119259529
1,1,0.9985552201160149
0,0,0.0005109869964935953
0,0,0.000546245585721927
0,0,0.0004442157896229539
0,0,0.0005414783026195157
1,1,0.9988342035426716
0,0,0.0005426605644320105
0,0,0.000453226009448061
0,0,0.00043795633232047364
0,0,0.0005552115583631844
0,0,0.0004983452467249069
0,0,0.0005409899775496657
0,0,0.00043267009424923544
0,0,0.00044912625790720926
0,0,0.0004657334680071597
0,0,0.00043130318767887517
0,0,0.0005373160255642798
1,1,0.9989867853605395
1,1,0.9985351886617924
0,0,0.0004466769562664618
0,0,0.00043178061468678616
0,0,0.00046295100450674184
0,0,0.0005711809205630915
1,1,0.9985173470699902
1,1,0.9992423607459824
1,1,0.9990305674333743
0,0,0.0005004853052158755
0,0,0.0005406042225622083
0,0,0.000435270742764021
0,0,0.0005656455167339786
1,1,0.998188752757815
0,0,0.00044620657960369245
0,0,0.00043296745773841475
0,0,0.0004443171914017777
0,0,0.0005539973450933296
0,0,0.0005013691926356298
1,1,0.9988660559903563
0,0,0.0005596858464493609
0,0,0.0005081264677511949
1,1,0.9988191748371198
0,0,0.0005191955015311413
0,0,0.00046452765566606214
1,1,0.9981445662179181
0,0,0.0004283844535010255
0,0,0.0004987463771178339
0,0,0.0005248238319415225
0,0,0.0005380021024787399
1,1,0.998795535046324
0,0,0.00045621924258979987
1,1,0.9992400576272182
0,0,0.00045325441961180656
1,1,0.9980417581698224
0,0,0.0005226336150567477
0,0,0.0004476990654841112
0,0,0.000490663375230431
0,0,0.0005828634056398898
0,0,0.0005134006871349951
0,0,0.0004225480179640915
0,0,0.0004584579581186051
0,0,0.0005084448221290308
0,0,0.00044361359809862855
0,0,0.0005295765138260505
0,0,0.0004112215824830355
0,0,0.0005238570319850285
0,0,0.0005456727369920107
1,1,0.9981404898029494
0,0,0.0005252228225709355
0,0,0.0005118217878215336
0,0,0.0005578237377993782
0,0,0.0005016455134563616
0,0,0.0005050129021244473
0,0,0.0005619255497555787
0,0,0.0005167193038257567
0,0,0.0004286339265116197
0,0,0.0004257428536813817
0,0,0.00046143101530729313
0,0,0.000413700264620914
1,1,0.9990284486190585
0,0,0.0005134363586738398
0,0,0.0005377735561904393
0,0,0.0004348277377546059
0,0,0.0005507178811388904
0,0,0.00043394214030707774
0,0,0.0004676055971598426
0,0,0.0004667520659661898
0,0,0.0005066760804705251
0,0,0.0005106349818396962
1,1,0.9984367627571944
0,0,0.0005735384684213473
0,0,0.0005536374399918838
0,0,0.0005156026059051256
0,0,0.0004463262563583164
0,0,0.00045466413025467626
0,0,0.00043366032398579066
0,0,0.00047785399832978823
1,1,0.9982351106313402
0,0,0.000493869986931628
1,1,0.9981404679995994
0,0,0.00042921911167824407
0,0,0.0005496813681045299
0,0,0.00046383182883970916
1,1,0.99817037276292
0,0,0.00041457722204879543
0,0,0.00047295045990754367
0,0,0.00041847692756763726
0,0,0.0004156859242730681
0,0,0.00049565753661515
0,0,0.0004528501853680972
0,0,0.0005268960024266699
0,0,0.0004904633138717205
0,0,0.0005235698810457395
0,0,0.00044234057290174286
0,0,0.0004225150154339906
1,1,0.9985463562548533
0,0,0.000426550328272954
0,0,0.0004468808568697569
0,0,0.0005551277384481148
0,0,0.00042613448050032914
0,0,0.0005030870711618058
0,0,0.0004686166546037228
1,1,0.9980715982632031
0,0,0.0004152984350715684
0,0,0.00042273707960013965
0,0,0.00042634601420132265
0,0,0.0005179650662714458
0,0,0.000512087119780092
1,1,0.9985910471038816
0,0,0.0005160480629051133
0,0,0.00043040995159736545
1,1,0.9980850631707999
0,0,0.00045060088589585006
0,0,0.0005392274265087608
0,0,0.0004289095175108889
0,0,0.0005504656857704002
1,1,0.9980602861328167
1,1,0.9982666706855184
0,0,0.0004093161441613788
1,1,0.9985109081205511
0,0,0.00045890058573894805
0,0,0.0005377183308307557
1,1,0.9988110975016526
1,1,0.9990284328910113
1,1,0.998566261220241
0,0,0.0004655687694616813
0,0,0.00045275384374819985
0,0,0.0004273871172543195
0,0,0.00046832007971415746
1,1,0.9984082067093444
0,0,0.00044894302753229994
0,0,0.000446608123641566
0,0,0.0005468422717794397
1,1,0.998093910884416
0,0,0.00042181303653700714
0,0,0.0005541380040920238
0,0,0.0005298582913737854
0,0,0.0004612515928133504
0,0,0.0004234606290510105
0,0,0.0004313024845635694
1,1,0.998145894843367
0,0,0.0004369107392774807
0,0,0.0004511439779327806
0,0,0.0004177316332992296
0,0,0.0004135637638266172
1,1,0.9980869265289048
1,1,0.9991395857326411
0,0,0.0004326681922316271
1,1,0.9985792756389569
0,0,0.00046657815364380356
0,0,0.00045057984612275416
0,0,0.0005590338560652516
0,0,0.0004371426485434024
0,0,0.0004969719346683689
0,0,0.0005273748029522999
0,0,0.0004207117176862109
0,0,0.0004514364866852373
0,0,0.0005599258811673805
0,0,0.00046100248418379296
0,0,0.0004937763742853359
1,1,0.9992322676652984
0,0,0.0005635202239581922
0,0,0.0004987360167405649
0,0,0.0004698439031727101
0,0,0.00045371836581389473
0,0,0.0005696679155831049
1,1,0.9981251969794876
1,1,0.9982120024766796
0,0,0.00046778446489149184
0,0,0.0004293467197594636
0,0,0.0004732187365669638
1,1,0.9986087268465259
0,0,0.00041827489323825474
0,0,0.000555960609188782
0,0,0.0004479604731351521
0,0,0.00044838401431204837
0,0,0.00048339757153213693
0,0,0.0005713435986550322
1,1,0.9988010348684608
0,0,0.00044628971562998897
0,0,0.0005035749203183584
1,1,0.9988454042100698
0,0,0.0005603125032449375
0,0,0.00046542652027947826
0,0,0.0004423474409050926
1,1,0.9985305915530341
0,0,0.0004497406010167381
0,0,0.0004567749529638999
0,0,0.0005256062164071411
1,1,0.9984810150807109
0,0,0.0004411727916656349
0,0,0.00047058658123903195
0,0,0.0004651147894696166
1,1,0.9985542251778841
0,0,0.0005436792415048414
1,1,0.9982411041125139
0,0,0.000509512664538942
1,1,0.9987103159551863
0,0,0.0004308819875913268
1,1,0.9984849717096167
0,0,0.00042444654798228984
0,0,0.000474789589541986
1,1,0.9987977858701635
0,0,0.0004156414493296609
0,0,0.00047565381958183586
0,0,0.0004432129717549222
0,0,0.0005319143734773791
0,0,0.0005339457008532436
0,0,0.0004204245319721533
0,0,0.0004370520326646229
0,0,0.0004500491899592629
0,0,0.00044896535118042595
0,0,0.0004073393398340062
0,0,0.0005528148964318842
0,0,0.0005604434483962758
1,1,0.9988286931482014
0,0,0.0004491071265010372
0,0,0.00043299072666925066
0,0,0.00047234380492858555
0,0,0.0005159893271265695
0,0,0.00047666050252349765
0,0,0.0005298644446766937
0,0,0.0004351380023601774
1,1,0.9980959008901068
0,0,0.0005471714931618416
1,1,0.9987153029010888
0,0,0.0005248827001458019
0,0,0.00045689856946835796
0,0,0.000408466670720371
1,1,0.9986715120247107
0,0,0.00048769292705836504
0,0,0.0004465117265752272
0,0,0.0004574418966546402
0,0,0.000542940159655587
0,0,0.0004315214692105495
0,0,0.00041167379678141774
0,0,0.00043382820575537105
0,0,0.0004464760028694628
0,0,0.0004291955576135954
0,0,0.00046103623328685886
0,0,0.0004205487478549863
0,0,0.0005082196219282943
0,0,0.00043248437295722783
0,0,0.0004598785241596631
1,1,0.9991153788314265
1,1,0.9982511592071276
1,1,0.9984490486592364
1,1,0.9985711424867089
0,0,0.00040956903242240903
1,1,0.9985546237124309
0,0,0.0004299157309788126
0,0,0.0004279840436417065
0,0,0.0005201148684370735
0,0,0.00041527807801168537
0,0,0.00047566097817823094
1,1,0.9987170916427313
0,0,0.00046294044001577724
0,0,0.0004703914581932978
0,0,0.00045199217180929137
0,0,0.0005352219049251764
0,0,0.0005620625096631783
1,1,0.9985478822630409
1,1,0.9987914034906197
0,0,0.0005565849786282454
0,0,0.00042682855552075887
0,0,0.00045111577817155224
1,1,0.9982972897426513
0,0,0.0005336450937383964
0,0,0.00043414892498124484
0,0,0.0004616748806441266
0,0,0.0005576916245404583
0,0,0.00044511592042704035
0,0,0.0005504382158359458
0,0,0.00043696265451414324
0,0,0.0005615206585689262
0,0,0.0005289555477473104
1,1,0.9982570400540537
1,1,0.9985887831640377
1,1,0.998524139270075
0,0,0.0004166420956336203
1,1,0.9984415414842777
1,1,0.9985357480287
0,0,0.0005181056324492353
0,0,0.000541136401696024
0,0,0.0004966995657992113
0,0,0.0005011951035850878
1,1,0.998824544205223
1,1,0.9982280142004127
0,0,0.00041965174948924497
0,0,0.000531298025454161
0,0,0.00045112524213446274
0,0,0.00046095477482698666
0,0,0.00046459281521551326
1,1,0.9985062083052135
0,0,0.0005419294092097298
1,1,0.99881910477173
1,1,0.9982262825895456
0,0,0.00045062910343465925
1,1,0.9988443845620949
1,1,0.9992353482530509
0,0,0.0004370132758395793
0,0,0.0004648004171424007
0,0,0.0004678529933499036
0,0,0.0005048293805006063
0,0,0.0004984528153667173
0,0,0.0004403669513490178
0,0,0.00041668179619316795
0,0,0.0005263967893628942
0,0,0.0004661529198600486
0,0,0.00046445475103293587
0,0,0.0005089324270276232
0,0,0.0004517712831324424
0,0,0.0004593627414758223
0,0,0.000558491349583522
0,0,0.00042016206460555064
1,1,0.9987520313069483
0,0,0.00047468277005173736
0,0,0.0005041087583327672
0,0,0.00041185370128505406
0,0,0.00044214691042854715
0,0,0.0005251925872178439
0,0,0.0005443120502189112
1,1,0.9986601235422053
0,0,0.0004417792394193791
0,0,0.0004135966583617942
0,0,0.0004519549407646537
0,0,0.0004663767402249646
0,0,0.0004405158091256542
0,0,0.0005396917562729757
0,0,0.0004308732396667466
0,0,0.00045583331859265887
0,0,0.0005100691691553637
0,0,0.00046747430355568634
0,0,0.0005208640265921245
0,0,0.0004949214585538792
0,0,0.0004582458019239675
0,0,0.000543432865948143
0,0,0.0005114277826286136
0,0,0.0005377526393548761
0,0,0.00044516315862149413
0,0,0.00045948869539885707
0,0,0.000485244152834958
0,0,0.00044134363259813817
1,1,0.9984194586336803
0,0,0.000510702581529009
0,0,0.00044715004195010143
0,0,0.0005283381211014674
0,0,0.00043975598751109005
1,1,0.9982441548640442
0,0,0.0004545981185608908
0,0,0.00045359805313008046
0,0,0.0004560897054503987
1,1,0.9982109771884097
1,1,0.9988674519550458
0,0,0.0005117713673232641
1,1,0.9991770285187388
0,0,0.00044714343404006913
0,0,0.0004384037561039994
0,0,0.0005239409892512869
0,0,0.0005327346062679182
0,0,0.0004316582876212812
0,0,0.00042865284170730733
1,1,0.9987398729591304
0,0,0.0004960406381724856
0,0,0.0004584959783385691
0,0,0.0005345339900888659
0,0,0.0004867319335723059
1,1,0.9987481546714673
1,1,0.9980635049265273
1,1,0.9983624079817812
0,0,0.00040453212790532027
1,1,0.9990733325808419
0,0,0.000528735720102824
0,0,0.0005126360363754069
0,0,0.0005333312919300136
1,1,0.998768958937903
0,0,0.0004334187105943226
0,0,0.0005530282606637887
0,0,0.0004888686900179468
0,0,0.0005330190200143361
1,1,0.9989729420323226
0,0,0.0005250962097463629
0,0,0.0004814510468902175
0,0,0.0005699315902468356
0,0,0.00046837766463535876
0,0,0.00043149698055470776
0,0,0.0005553395163788781
0,0,0.00043970722973510394
0,0,0.0005358723342194771
0,0,0.0004732868688993744
0,0,0.0004294426635418396
1,1,0.9988864326307639
0,0,0.0004349673283686881
0,0,0.0005183539533826476
0,0,0.0005349157898686758
0,0,0.0005390498176126137
1,1,0.9984048673581175
0,0,0.0005227131179630023
0,0,0.0004542198780748701
0,0,0.00043316927514825933
0,0,0.0005424475454773231
0,0,0.0005302426638073156
1,1,0.9985080172040345
0,0,0.0005120644874951575
0,0,0.0005144517724009857
1,1,0.9988591233009065
0,0,0.0004471376539768516
0,0,0.0005159333878022225
0,0,0.00042265928136105813
0,0,0.000567014991567416
1,1,0.9987909110037042
0,0,0.0004437086413131514
0,0,0.0005504954291388831
0,0,0.00045927351701533756
1,1,0.9981793524994517
0,0,0.0004739346795546045
0,0,0.00045737544293536427
0,0,0.0004462491158793828
0,0,0.0004220905909906345
0,0,0.0005561769418930318
0,0,0.0005007025128081432
0,0,0.0005320913355326768
0,0,0.0004600636792856891
0,0,0.0005474286286500764
0,0,0.0004596270494891482
1,1,0.99806310265311
0,0,0.0004640247221729797
0,0,0.0004593936032178115
0,0,0.0005097278090648696
1,1,0.9980953842109959
0,0,0.0004392735320539921
0,0,0.00044412906797906745
0,0,0.0005184266050594614
1,1,0.99827751746072
0,0,0.0004280942375554147
0,0,0.0005277001731081321
1,1,0.9985580986090828
0,0,0.0004968376330350734
0,0,0.0004340404389758638
0,0,0.0004977250334573621
0,0,0.00043514145877193467
1,1,0.9981589743799049
1,1,0.9981638313750963
0,0,0.0004678101608364313
1,1,0.9984195137916656
1,1,0.9989862928413539
0,0,0.00043542357434328804
0,0,0.0004918949410872534
0,0,0.0005330997566194373
0,0,0.00045378222133428696
0,0,0.00043976295462631296
0,0,0.00043470980419875525
0,0,0.0005098532971149338
1,1,0.9981768699426381
0,0,0.0005248475530180711
0,0,0.00054653699900434
0,0,0.00044082401838376026
0,0,0.0004437194400037267
1,1,0.9988357138594015
0,0,0.0005115480588978693
0,0,0.00041713810388274263
1,1,0.9981985854730999
0,0,0.00045032225795195213
0,0,0.00046098142963935557
0,0,0.0005573141982525073
0,0,0.000543298352773323
0,0,0.00044790719688619105
1,1,0.9984985490200395
1,1,0.998805551701885
0,0,0.00043588720969465653
0,0,0.0005357336395442865
0,0,0.0005109126497633335
0,0,0.0004164947769377171
0,0,0.0005406286154181501
0,0,0.0005193104362895659
1,1,0.9981518906012147
0,0,0.0004550452308648221
0,0,0.0004856113685125728
0,0,0.00042897601082244344
0,0,0.0005470376436711471
0,0,0.0004791932704752594
1,1,0.9988484889475645
0,0,0.0005389067605944439
0,0,0.0005064991998804178
0,0,0.0005221103661119417
1,1,0.9986244216543188
0,0,0.0005354236974842846
0,0,0.00043499414283722834
0,0,0.0005530255961267
0,0,0.0004413054307304773
1,1,0.998437215411274
0,0,0.0005390061990642494
1,1,0.9988521269902929
0,0,0.0004978368415196492
0,0,0.00047450134214224114
0,0,0.000568800128173594
0,0,0.00043458476053930386
1,1,0.9980291970043551
1,1,0.9989970043638068
0,0,0.0005450699766083551
0,0,0.0005407746159750986
0,0,0.0004958370828812036
0,0,0.0004761481458347569
0,0,0.0004622153340374101
1,1,0.9985601277232032
0,0,0.0004343626733734202
0,0,0.0004675180827723471
1,1,0.9988492440827662
0,0,0.0005122011614893072
0,0,0.0005221150726093543
0,0,0.0004171974509102279
0,0,0.00044060003458574733
0,0,0.00042525441711134315
0,0,0.0005571679131631336
0,0,0.0004453311325228706
0,0,0.00045642412126397963
1,1,0.9981101889805509
0,0,0.0004945908848344238
0,0,0.0004400378247600542
0,0,0.00045864836239639054
1,1,0.9984120253674967
1,1,0.9984835301682784
0,0,0.00046653932532989375
1,1,0.9988104191351826
1,1,0.9985168704685515
0,0,0.00040953403214119983
0,0,0.000556851205256456
0,0,0.00043524566929705795
0,0,0.0004753214906013079
1,1,0.9991072054757046
0,0,0.0005161707718697163
0,0,0.00043412575000278004
0,0,0.000451386654747099
1,1,0.9986012371257422
0,0,0.0004515198678027942
0,0,0.0005232558264146275
0,0,0.0004993382551481109
0,0,0.0005065759965262052
1,1,0.9987716415349724
0,0,0.0004401568161961288
0,0,0.0005669814332536264
0,0,0.00045938922638280057
0,0,0.00043609720555826316
0,0,0.00044756860453135496
0,0,0.0004268261427753798
1,1,0.9981438938500197
0,0,0.0004256404834098354
0,0,0.0004438845459318432
1,1,0.9982322951175306
0,0,0.0004519408121739673
1,1,0.9981590006009522
0,0,0.0005285300580877957
1,1,0.9985496396786612
0,0,0.0005780646320669887
0,0,0.0005505256965627688
1,1,0.9989495545930552
0,0,0.0004724816341991931
1,1,0.998085915320416
0,0,0.0005566894763666503
0,0,0.0005274495423175784
0,0,0.00044618354312901833
0,0,0.00046916052416219156
0,0,0.00045018408866162867
0,0,0.00044035559718748785
0,0,0.00053617295479551
0,0,0.00047037987332829325
0,0,0.00046969433160246775
0,0,0.0004626021547545632
1,1,0.998043997720535
0,0,0.00041543695339625407
0,0,0.0005132342309132873
0,0,0.00044967437447228776
1,1,0.998132647614744
0,0,0.00043369732506489257
0,0,0.0005745492058939916
0,0,0.0005597612326795273
0,0,0.0004372280856182544
0,0,0.00045619827651137245
0,0,0.0005116402193449301
0,0,0.0004564749859016533
0,0,0.0004147777971884891
0,0,0.000525438567560906
0,0,0.00047834477775773334
1,1,0.9984964977249496
0,0,0.00047501266951086425
1,1,0.9982429140213286
0,0,0.0005000820294502268
0,0,0.00044189801907617513
1,1,0.9985022147645203
1,1,0.9987847345572572
0,0,0.0005388103491843783
0,0,0.00046720406831773627
0,0,0.00046969900388073933
0,0,0.0005710468341926224
0,0,0.00043083926357974687
1,1,0.998135654727717
0,0,0.00047669642929969554
0,0,0.000438956295403995
0,0,0.0005214337242340344
1,1,0.9980625013270353
1,1,0.998439219953617
1,1,0.9987862343157166
0,0,0.0004545888052556428
0,0,0.0005313529411491534
0,0,0.0004989214081288622
0,0,0.0005090710580835984
0,0,0.00041167751446864287
1,1,0.9980809387855769
0,0,0.0004365746091470883
0,0,0.0004370272689063219
0,0,0.0005557754998845699
1,1,0.9990308737140094
0,0,0.0004544789137092001
1,1,0.9984342789050553
0,0,0.0004671983657898221
0,0,0.0005376165864130972
1,1,0.9985033980688508
0,0,0.0005595561871369157
1,1,0.9990450119032341
0,0,0.0004569516784312391
0,0,0.0005837800407316779
0,0,0.0005545677370176177
0,0,0.0005515654847422303
0,0,0.0004233480554206705
0,0,0.00043570557109992906
1,1,0.9988231309013755
0,0,0.0005178105595007341
0,0,0.00043773107028453754
0,0,0.00044758038537189666
0,0,0.0004877183956445983
1,1,0.9982182481613922
1,1,0.9987746034941374
1,1,0.9987725721104732
0,0,0.0005233777241505298
1,1,0.9982519876707905
0,0,0.000434514088395748
0,0,0.0004510128911013783
0,0,0.0005491794330365327
0,0,0.0004506466844437826
1,1,0.9985370446659764
0,0,0.0005207839362208658
1,1,0.9987885496622123
0,0,0.0005518270566560234
0,0,0.0004607763724616023
0,0,0.00043508173713441924
0,0,0.00043657342979994514
0,0,0.00045523019760691433
0,0,0.0005573094346356211
0,0,0.00046852151081157973
0,0,0.0005484429761900106
0,0,0.0004558803371700135
0,0,0.0005435815323519217
0,0,0.00041852903098998017
0,0,0.0005019896506604584
0,0,0.0005458730703564642
1,1,0.9981047200015382
1,1,0.998500820951106
1,1,0.9987760299125795
0,0,0.0004232768936647502
0,0,0.0005430256279321036
0,0,0.0004547823728004962
0,0,0.00045362070818802755
0,0,0.000454326600076129
0,0,0.00042015916381304394
0,0,0.0005388410086772981
0,0,0.0004057812219937606
1,1,0.9981341553684022
0,0,0.0005291446122215069
1,1,0.9991783539418245
1,1,0.9984480169736678
1,1,0.998711898802999
1,1,0.9985121639749849
0,0,0.00045302407939659895
0,0,0.0004489146328270325
0,0,0.0005471729746597437
0,0,0.00045221742969476966
0,0,0.00046724841417482906
0,0,0.00045976332899971725
0,0,0.0004328261985478931
0,0,0.0004613965416584392
0,0,0.00042504590220461563
0,0,0.0005365952884288042
1,1,0.9988376015527765
0,0,0.0004094377830483824
0,0,0.000420469083594439
0,0,0.000449259126213297
0,0,0.0005307286130038238
0,0,0.00044185530586196667
0,0,0.0005413496895678563
0,0,0.0005541956311557294
0,0,0.000426525122505683
0,0,0.00046683104734190233
0,0,0.0005569578659936883
1,1,0.9982997064913872
1,1,0.9985238230635735
0,0,0.00046297183652363867
0,0,0.0004396352365904402
1,1,0.9981210675038934
1,1,0.9989736111846608
1,1,0.9984682828109985
0,0,0.0005015059380371464
0,0,0.0004804324380460171
0,0,0.0005574911447732174
1,1,0.9988006661915754
0,0,0.0004303349426536744
1,1,0.9983107083449099
1,1,0.9988426476801295
0,0,0.0004467243005411419
0,0,0.00041797786170121026
0,0,0.0005160591938705031
0,0,0.000440957570090658
0,0,0.0005477653395243341
0,0,0.00045369426380965406
0,0,0.0004664499729478184
1,1,0.9988204256825529
0,0,0.0005131844241784049
0,0,0.0005701786777616797
0,0,0.0005476946892648235
0,0,0.0004320113376480399
0,0,0.0004931585909191189
0,0,0.0005268193521452988
0,0,0.0004576600108384575
0,0,0.0005165373219259843
0,0,0.0005693231548903852
0,0,0.0005598953383719658
1,1,0.998489774155421
0,0,0.00044990374256945463
1,1,0.9990740966772166
0,0,0.0004982472324553801
0,0,0.00046982365529680403
0,0,0.0005279020087574004
1,1,0.998489571598782
1,1,0.9985122053089553
1,1,0.9985715414689225
0,0,0.00044773975372480604
0,0,0.00046216680750979874
0,0,0.0004555088089411324
0,0,0.0004517776988603999
0,0,0.0004645059464697984
0,0,0.0005478386988600881
1,1,0.9988040626761211
0,0,0.0005033185812287708
0,0,0.0005602224745226629
1,1,0.9981407317925308
0,0,0.00046367601602415173
1,1,0.9985366696581605
1,1,0.9984008609764435
0,0,0.00045002179437129974
0,0,0.0005015219689391873
0,0,0.00042546201775818965
1,1,0.9980371029988772
0,0,0.00041940327962456894
0,0,0.0004500686419210354
0,0,0.00046875282571673984
0,0,0.0005179462941125324
1,1,0.9984034395337665
0,0,0.0004436030622496002
0,0,0.0005438855630051984
0,0,0.0005286493621194585
0,0,0.000532948585446413
0,0,0.0005224733798566122
0,0,0.0005175482614015624
0,0,0.0004718732164440089
0,0,0.0005648674090921799
1,1,0.9985193143204841
0,0,0.00047232139191124575
0,0,0.0004140746158571346
1,1,0.9986058163219037
0,0,0.000528107087428011
0,0,0.0004427494023434043
0,0,0.0004148347981345191
0,0,0.0005451428736144981
1,1,0.9988185712057562
0,0,0.0004681381547019145
1,1,0.9988209953071444
0,0,0.0004577686678495168
0,0,0.0004272405009298529
0,0,0.0005250005930364052
0,0,0.0004195229173484774
0,0,0.00041620888820817313
1,1,0.9991985837952013
0,0,0.0005340802573328854
0,0,0.0005208740411554973
0,0,0.00043744432862163316
1,1,0.9981801794522922
0,0,0.00043784451872251075
0,0,0.00042692296023228983
0,0,0.0004408174163979558
0,0,0.00046377455344875267
0,0,0.0005507228121026648
0,0,0.000452896990569192
0,0,0.000488592217812995
0,0,0.0004057197856742608
0,0,0.00043070675032105224
0,0,0.00043266317110472394
1,1,0.9980758388883806
0,0,0.00042126603788724087
0,0,0.00044159868111963955
0,0,0.0005536237719322174
0,0,0.0005175018656755699
0,0,0.0004240121724542461
0,0,0.000421638174555957
0,0,0.0004225281544058329
0,0,0.0004143348936805818
0,0,0.0004384684629615683
1,1,0.9986077620409312
1,1,0.9984397903955493
0,0,0.0005135225366418508
0,0,0.0005761106469079466
0,0,0.0005137707251465436
0,0,0.0004452272674684843
0,0,0.00048281304173265267
0,0,0.00047874128621316767
1,1,0.9987734791551327
1,1,0.9985043389924145
0,0,0.000435090789251089
0,0,0.00052825986387063
1,1,0.9982466090845056
1,1,0.9981154130815326
1,1,0.9985218031532506
0,0,0.0005564137292021597
1,1,0.9984753448789521
0,0,0.00042999734743950614
0,0,0.0005232966882916445
0,0,0.00041447061289822084
0,0,0.00046824319608534894
0,0,0.00042953056064939677
0,0,0.0004594842609195582
0,0,0.0005313177447335178
0,0,0.0004271768854337233
0,0,0.0004249121668986007
0,0,0.000454492189712688
0,0,0.00043168821605116514
0,0,0.00046345000003999916
0,0,0.00047898156333373606
1,1,0.9988740336728683
0,0,0.00045677352807498435
0,0,0.00045054039723358964
0,0,0.0004934388170899975
0,0,0.000536583221405071
0,0,0.0005485060590701454
0,0,0.0005407679607926578
0,0,0.0005640430909136552
0,0,0.00046116375826622976
0,0,0.0004940807653541345
0,0,0.0005182770911660228
1,1,0.9984903176379383
0,0,0.000503582114687199
0,0,0.0004406748962013403
0,0,0.0005222268565918799
1,1,0.9984813705460501
0,0,0.0005678228339506218
0,0,0.0004246029320173895
1,1,0.9985883913686551
1,1,0.9985096803616292
0,0,0.0004460747179311294
0,0,0.00043708414329096727
0,0,0.0005461161707380747
0,0,0.0004122300563161106
0,0,0.000500255971482802
1,1,0.9985824162656253
0,0,0.0004537220230987706
1,1,0.9982499676905695
0,0,0.0005375675619639893
1,1,0.9988292475432484
1,1,0.9989527300643805
1,1,0.9985597446697966
0,0,0.0004408923225316441
0,0,0.00042656082008755454
0,0,0.0004695500857460061
0,0,0.0005198659456005951
0,0,0.00043154280749083574
0,0,0.00042117208764839596
0,0,0.0005406395958004014
0,0,0.0005416094930109713
1,1,0.9981353843507242
0,0,0.0005128199572838392
0,0,0.00040931833247610165
1,1,0.9991759260462365
0,0,0.0004345124130285584
0,0,0.000417003646003091
0,0,0.00044673519782549825
0,0,0.00046229574226649837
0,0,0.0005041478200986752
0,0,0.0004233356515178802
1,1,0.9988370938642325
0,0,0.00041754805230575224
0,0,0.0004558029725797693
0,0,0.00046080846865987176
0,0,0.00045715668439495424
0,0,0.0004192512262030594
0,0,0.00041733583850220117
0,0,0.00041160048391335674
0,0,0.00044417428735177414
0,0,0.000443917632156334
1,1,0.9984522214039693
0,0,0.00041969340783981835
0,0,0.00042995613482759923
0,0,0.0005299681134427394
0,0,0.0005440548884444494
1,1,0.9985196913507168
0,0,0.0005151681349820936
0,0,0.0004859372735023491
0,0,0.0005646705742786613
0,0,0.0004242722793286246
0,0,0.0005795831138971116
1,1,0.9985408612077926
0,0,0.00046190529294982366
1,1,0.9985508007892252
0,0,0.0004340648329004978
1,1,0.9984164572525013
1,1,0.998470634507575
0,0,0.00043791405294651915
0,0,0.0004443947858015404
0,0,0.000565119528765694
0,0,0.00041709696537036366
1,1,0.9984708554366726
1,1,0.9987640128153065
0,0,0.00046552372252985314
0,0,0.0004633746485255401
0,0,0.0005415622862069138
0,0,0.0004161494038287804
0,0,0.00044568544364983857
0,0,0.0005260377983665635
0,0,0.0005351538676843284
0,0,0.0005487556053031058
0,0,0.0005475002885964748
0,0,0.0004536449252172275
0,0,0.0005091827945022389
0,0,0.00052696950624105
0,0,0.0005360515414557925
0,0,0.000500990251245801
0,0,0.00042234551200258537
1,1,0.9985373862421554
0,0,0.0005393119165083909
0,0,0.0004278938998643553
0,0,0.0005568459948311424
0,0,0.0005509679597207998
1,1,0.9984275957640836
0,0,0.0005175462533542063
1,1,0.9984479457106321
0,0,0.00047461376501195936
0,0,0.00041496513327620387
0,0,0.00047222681485049704
0,0,0.0004830829669667649
1,1,0.9988145762186738
0,0,0.00044419924736445037
0,0,0.00041159599044847617
0,0,0.000463054397638899
0,0,0.00048183688124887273
0,0,0.00041959792264896104
0,0,0.00043698321752234925
0,0,0.0004198449543782122
0,0,0.00043223794130697326
1,1,0.9991507131459328
1,1,0.9988363685069558
0,0,0.00045034106945062
0,0,0.00046820291631510043
0,0,0.0005354195596070351
0,0,0.00047880386466348516
0,0,0.00044312189807451584
0,0,0.0005398910618327904
1,1,0.9982856125309258
0,0,0.0005545537810557994
0,0,0.0004216979231892495
1,1,0.9984624120463392
0,0,0.0005643277729103972
0,0,0.0004184054197908595
0,0,0.0004442942385507845
0,0,0.000423809657277638
0,0,0.000540105422473347
1,1,0.9991535934002338
0,0,0.00047082971164045097
0,0,0.0004345308209760027
1,1,0.998045941621883
0,0,0.0005494732276757571
1,1,0.9990438797660507
0,0,0.0005345214388419643
0,0,0.00047334692590264576
1,1,0.9982436659534368
0,0,0.000447800155259645
0,0,0.0004624217034160356
0,0,0.0005023279920041512
0,0,0.00042495344597661826
0,0,0.0005524581825500836
0,0,0.00043241567046451953
0,0,0.0005417731879925382
0,0,0.0004682409186618419
1,1,0.9980869637095802
0,0,0.0005849886546266185
0,0,0.0005768537769286952
1,1,0.9982685644640928
0,0,0.0004195281995916999
0,0,0.0004159051376036933
0,0,0.0004974661383892743
0,0,0.0005760464673769318
0,0,0.000506480457412807
0,0,0.00043181411210587237
0,0,0.0005076007621305465
1,1,0.9985888772887864
0,0,0.0004471481992287827
0,0,0.0005295602115964338
0,0,0.0005259825237889299
0,0,0.00046373345405964717
0,0,0.000447587010971208
0,0,0.0005367886352126252
0,0,0.0005199746715029108
0,0,0.0005543838794570871
0,0,0.0004242597204092591
0,0,0.00044827118928804084
0,0,0.0004626290577573298
0,0,0.0005088318697093127
1,1,0.998997335407605
0,0,0.0004278875431665485
0,0,0.00043663841548211225
0,0,0.000535603363905239
0,0,0.0004183574579210583
0,0,0.0005181750111178452
0,0,0.00048435177201884165
0,0,0.0005197454687871835
0,0,0.0005437755226095648
0,0,0.00042445505490748244
0,0,0.0005389768247190991
0,0,0.00047708567816699796
0,0,0.0005654737324005694
0,0,0.0005329477338787555
0,0,0.00042784102288312507
0,0,0.00046067817382736473
1,1,0.9981859605971908
0,0,0.00043361107603241315
0,0,0.0005331129193058657
0,0,0.0005028357664118001
1,1,0.9981872321167864
1,1,0.9985638651884658
0,0,0.000427397783818846
0,0,0.0005387802972854149
0,0,0.0005594845243336637
1,1,0.9987602095448845
0,0,0.0004725600841511941
0,0,0.0004102773622124716
0,0,0.0004673334316100505
0,0,0.0005318951054824493
0,0,0.00042662529808319206
1,1,0.9988284316492493
0,0,0.0004585027105274695
0,0,0.00044648004419035805
0,0,0.0005220570181631187
1,1,0.9990313442554086
0,0,0.0005363887679202321
0,0,0.00048041206977129605
0,0,0.00046313622323642485
1,1,0.9987655917757277
0,0,0.0004318783500388378
0,0,0.0004469170989994978
0,0,0.0004621573297973072
0,0,0.000522245721359849
0,0,0.00047252711727404
0,0,0.0004927436031153037
1,1,0.9981998264607878
0,0,0.0004411010429497064
0,0,0.0004545668767740479
1,1,0.998198129572513
0,0,0.0004900888315771675
1,1,0.9982502399739123
0,0,0.0004503753761715222
0,0,0.0005389134051292053
0,0,0.0004464816503060344
0,0,0.000568030872401098
1,1,0.998161211029806
0,0,0.0004515925440366412
0,0,0.0005235409911988001
0,0,0.0004338642551245547
0,0,0.0005558105392533381
0,0,0.0005543564334568596
0,0,0.0004473427508551535
0,0,0.00048662104783477256
0,0,0.0005598368432671659
0,0,0.0005586148764559163
0,0,0.000555288260083795
0,0,0.0004310896289444833
0,0,0.0005472309201233393
0,0,0.0005118865430290302
1,1,0.9982295992998298
0,0,0.0004481327005856791
0,0,0.00042320859884526125
1,1,0.9987810892217002
0,0,0.00045170890923041084
0,0,0.0004349591991590361
0,0,0.00043027956024556835
0,0,0.0004534113038293694
0,0,0.0005149749898479074
1,1,0.9986024661129679
0,0,0.0005341253934241979
0,0,0.0004724038027560209
0,0,0.00046389183404841613
0,0,0.0004806905895294114
0,0,0.00041625271629468485
1,1,0.99858063429891
0,0,0.00042529442662343466
0,0,0.00043498876454784553
0,0,0.0005646226477867139
1,1,0.9982661038129444
0,0,0.00046747361892988736
0,0,0.00042126505994897746
1,1,0.9981940574160102
0,0,0.0004551566484131265
0,0,0.0005192033701702924
0,0,0.0005021802902080038
0,0,0.00058102918835203
0,0,0.00043165973091983777
0,0,0.00046339884316080063
0,0,0.0005403456685347608
0,0,0.0005181523855165165
0,0,0.0005491635431412056
0,0,0.0005633917751171117
0,0,0.0004210893307142079
0,0,0.0005557576587225394
0,0,0.0005185730111414593
0,0,0.0005281827281749056
0,0,0.0005077242902623763
0,0,0.0005397013932996882
0,0,0.0005571927542963838
1,1,0.9981607425731674
0,0,0.0005275832237315378
0,0,0.0004165558160624251
1,1,0.9988622931262044
0,0,0.00043845125794927936
0,0,0.0005441606335458477
0,0,0.0005462743729895882
0,0,0.0004549100503320061
0,0,0.0005248819850821967
0,0,0.0005626440577016846
0,0,0.0005283194922755461
0,0,0.0005422653085271386
0,0,0.00041595077131359036
0,0,0.0004505553263736602
0,0,0.0004332462474967257
1,1,0.998619152461619
0,0,0.00042381987677258366
0,0,0.00044378658206082483
0,0,0.0005124147104493633
0,0,0.0004870250885802982
0,0,0.0005328456834403337
1,1,0.9982180713125783
0,0,0.00045359203661187017
0,0,0.000470646460931135
0,0,0.0005047256738586169
1,1,0.9981652455346647
0,0,0.0005244639346656649
0,0,0.0005383185274586557
0,0,0.0005049010361920091
0,0,0.0005120480328882832
0,0,0.0005100625222795621
0,0,0.000518941745569765
1,1,0.998473732209602
0,0,0.0005621935832365647
0,0,0.000421763494759844
0,0,0.00048467734456120626
0,0,0.0004910985351804735
0,0,0.0005590408136145362
0,0,0.0005596177652603632
1,1,0.9982782018952334
0,0,0.0005120546709722502
0,0,0.0004219261077839156
0,0,0.0004973025838178256
0,0,0.00045347519039964164
0,0,0.0005234078923548867
0,0,0.0005636041798040392
0,0,0.0005157787671873447
0,0,0.0004595167602001778
0,0,0.0004304383146345821
0,0,0.00042136870851759836
0,0,0.00042775319053410727
1,1,0.9981221550695406
0,0,0.0005652129151497138
0,0,0.00045979087848023307
1,1,0.9985978531358365
0,0,0.00044071489393099285
0,0,0.0004646756410703842
0,0,0.0005299330740007975
0,0,0.000426512677232553
0,0,0.00047352954295039155
0,0,0.0005091632089488145
0,0,0.0005539572471711868
0,0,0.00046530385392185545
0,0,0.0005614646011314615
0,0,0.00044649608994303165
0,0,0.0004860505425694362
1,1,0.9988776715947713
0,0,0.0005287024316755159
0,0,0.0005943938536689233
0,0,0.0004265689235162624
1,1,0.9985843941064948
0,0,0.00040853702548596213
1,1,0.998482402908474
0,0,0.0005229891062763102
0,0,0.0005285861320675868
1,1,0.9981973042707002
0,0,0.00046516664603002194
0,0,0.000480584815708001
0,0,0.0005276732157028716
1,1,0.998506227146209
0,0,0.0004703724974130788
1,1,0.9984760455661909
1,1,0.9980241574585015
0,0,0.0004532772405242457
0,0,0.0005437344059612303
0,0,0.0004708623988567407
0,0,0.0004872726810634761
0,0,0.00041176547745893195
0,0,0.0004926502001487074
0,0,0.0004122986822246732
0,0,0.0004664767936623906
0,0,0.0004550936242502694
0,0,0.0005437962315408147
1,1,0.9988249494407025
0,0,0.0005297233330366855
0,0,0.0005090697801401397
0,0,0.0004511929452812542
1,1,0.9982498401560124
0,0,0.0004742660685840033
1,1,0.9980963770879924
0,0,0.0004425177794518676
1,1,0.998502158120124
0,0,0.00044338323470873194
0,0,0.00045535440872551615
0,0,0.0004269049541659236
0,0,0.0005343900879228829
0,0,0.0005029822647544122
0,0,0.00044477062264207547
0,0,0.0005019729010208242
1,1,0.99845924348085
1,1,0.998888812509486
1,1,0.99858634382184
1,1,0.9986677503900999
0,0,0.00041811664346892637
0,0,0.0004276263790786087
0,0,0.0004097791045817245
1,1,0.9988099585793438
0,0,0.00045664490813353357
0,0,0.0004723931526771588
0,0,0.0004460752882441611
0,0,0.0005494287562938601
0,0,0.0005104175317654137
0,0,0.0005469992111298254
0,0,0.0004503633304153932
0,0,0.0004211710304689925
0,0,0.000489277181185109
0,0,0.0004240328392552728
0,0,0.0005749656281946887
0,0,0.00043749347161897153
0,0,0.00046959943848868515
0,0,0.0004498137985396801
0,0,0.00043631560318212317
0,0,0.00044036124776112174
0,0,0.0005549980662603768
0,0,0.0004611612112173481
0,0,0.0005622961311392725
0,0,0.0004419169801635869
0,0,0.0004806811228396022
0,0,0.0004986534510260302
0,0,0.0005022319778437758
0,0,0.0004293547674151672
0,0,0.000455701792187898
0,0,0.0005106568202586072
1,1,0.9990634202508193
0,0,0.0005228848517776135
1,1,0.9982233756807412
0,0,0.0005013187198161124
0,0,0.0005192816383892771
0,0,0.000553586005692859
0,0,0.000501933041475213
0,0,0.0004429450231375934
0,0,0.0004996264536711062
0,0,0.0005377776302373338
1,1,0.9986047094742425
1,1,0.9988473754210316
0,0,0.000460044188382006
0,0,0.00045206149325478247
0,0,0.0004136127226099918
0,0,0.0004573950569670573
0,0,0.00041096804063467423
0,0,0.0005569239005525535
0,0,0.0005155358071948525
1,1,0.9990249767336029
1,1,0.9988213096950816
1,1,0.9987777959232812
0,0,0.00044321587548248686
0,0,0.0005235827247436699
1,1,0.9982948863220446
0,0,0.0005059262480135317
0,0,0.00042100908249961583
0,0,0.0005239327345019557
0,0,0.00045492922094244486
0,0,0.00048722165258923474
0,0,0.0005368524815391042
0,0,0.0005298249593860561
0,0,0.0005357760726920809
0,0,0.000422407666979587
0,0,0.00043344278965444966
0,0,0.0004570749381875646
1,1,0.9984328224882074
0,0,0.0004521950008321139
1,1,0.9981191044516391
1,1,0.9980739800553571
0,0,0.0004374575958662869
0,0,0.000469649216429325
0,0,0.0005444078357977025
0,0,0.00045298131073698896
1,1,0.9988514475522802
0,0,0.0004779698033050747
1,1,0.9990356612556412
0,0,0.0004517495436836036
0,0,0.0004145523205753665
1,1,0.9985614448623804
0,0,0.00047427318982560363
1,1,0.9982473899813111
0,0,0.00044095978555194195
0,0,0.00053375309752109
0,0,0.0004456977692190381
0,0,0.0004462545147201921
0,0,0.0004150592385594794
1,1,0.9980956490063319
1,1,0.9988768906509933
1,1,0.9988345389913144
0,0,0.0004980883600453453
0,0,0.0005642005332035695
0,0,0.00048309033306561197
0,0,0.0004609914025136324
0,0,0.00042111607681928593
0,0,0.0004341972780138073
0,0,0.0005017149603802101
0,0,0.00044484796433108916
1,1,0.9984458915581076
0,0,0.00044674269223521145
1,1,0.9981514072166561
0,0,0.00045176021421071443
0,0,0.0005387025549254852
0,0,0.0005527288024283498
0,0,0.0004753163459597715
1,1,0.9987359096409845
0,0,0.00045049235835140365
0,0,0.0005268801218518135
0,0,0.0005225710493701856
0,0,0.0004682946041389897
0,0,0.0005487403042959269
0,0,0.000423000840334202
1,1,0.9985632757084971
0,0,0.0005359846820218474
0,0,0.0005680577935997832
0,0,0.00044608413388776916
1,1,0.9987636524635801
0,0,0.0004562063253844437
0,0,0.0005637049312597545
0,0,0.000477963115136069
0,0,0.0004337396163528923
0,0,0.0005092025552725938
0,0,0.0004105872748207074
1,1,0.9986042840356967
0,0,0.0004317527167012591
0,0,0.00041356007962418283
0,0,0.0004655918936125809
0,0,0.0005456978485955991
0,0,0.00047744749034624666
0,0,0.0005303406277303546
0,0,0.00042125516024065987
0,0,0.0005471794985975582
0,0,0.0005542383199386746
0,0,0.0004624406400242795
0,0,0.00042886503283544693
0,0,0.0005307171752343699
0,0,0.0005026225719592228
0,0,0.0005167343788487151
1,1,0.9985018207693893
1,1,0.9985599046646481
1,1,0.9987512840053767
1,1,0.9984586426016239
0,0,0.00047053442575209335
0,0,0.0005199121281894916
1,1,0.9986077081937738
0,0,0.0004373944840802552
0,0,0.0004629546209372516
0,0,0.0005526187258878094
0,0,0.0005102956594269198
1,1,0.9982458862136342
0,0,0.00045082990618006016
1,1,0.998275509406869
0,0,0.0004942267840789695
0,0,0.0005188602834480373
0,0,0.0004825418949772003
0,0,0.0005605640929951879
1,1,0.9986932280470845
0,0,0.00045252395152789844
0,0,0.0004230473696322586
0,0,0.0004883049507314142
0,0,0.0005619909974994343
0,0,0.000546978557774505
0,0,0.00042871828358274363
0,0,0.0005265711910650959
0,0,0.00047619425383721664
1,1,0.9980892465394696
0,0,0.0005200922219687174
0,0,0.00047628440865897764
0,0,0.00044887634880775424
0,0,0.0005441072916339612
0,0,0.000550815507287614
0,0,0.0005685866939669847
0,0,0.0004240481161104347
0,0,0.00043707627656853386
0,0,0.00042368238508783964
0,0,0.00043369185566291844
1,1,0.9984976241560563
1,1,0.9984649833304061
0,0,0.0005445077538777719
0,0,0.0005090345581988445
0,0,0.0004406227117748911
0,0,0.0005208244602363405
0,0,0.0005819048674335509
0,0,0.0004231414399391409
0,0,0.0005298921949969183
0,0,0.0005311015586867608
0,0,0.0004220613233730929
0,0,0.00045724443702553207
0,0,0.000563734797875262
0,0,0.0005466875598270788
0,0,0.0005088713462709331
1,1,0.9988321781763642
1,1,0.9988569814064866
0,0,0.00043803229755993485
0,0,0.0004286868087229987
0,0,0.0005678133512587286
1,1,0.9985826034719965
0,0,0.0005124894660691598
0,0,0.0005591111188311024
0,0,0.0005012516328740147
0,0,0.0004618668414813309
1,1,0.9981854084820961
0,0,0.0004932508104190414
0,0,0.0005647173786627565
0,0,0.0005198692318852931
0,0,0.00045344779024665847
1,1,0.9983102865650398
0,0,0.0004685194486193608
0,0,0.0004254001745017239
0,0,0.0004973993177529994
0,0,0.0004685238357861464
0,0,0.0004447468994849559
0,0,0.000482791165975927
0,0,0.0004922916677618642
0,0,0.00043313827266778084
0,0,0.00044269761035295305
0,0,0.0004732770371922342
1,1,0.9991911761541117
0,0,0.0005064335944574582
0,0,0.0004916388767204332
0,0,0.000546260588517164
0,0,0.0005300493358195658
0,0,0.0004930924723075564
0,0,0.0004167128446851903
0,0,0.0005579432350956987
0,0,0.0004550200532448051
0,0,0.0004893824813476233
0,0,0.000452233155807267
0,0,0.0005587664814851349
0,0,0.0004685399076626029
0,0,0.0005513324914980344
1,1,0.998532533448975
1,1,0.9982370116867012
0,0,0.00046242567175684213
0,0,0.0004638637604891578
0,0,0.0004331857188908241
0,0,0.0005237594864696543
0,0,0.00045617746661948973
0,0,0.0004598849210543404
0,0,0.00041775412905330743
0,0,0.0005225449921252358
0,0,0.00044834921191691827
1,1,0.9992050497560936
0,0,0.00040687014642508065
0,0,0.0005210712472160041
1,1,0.9984877014950763
0,0,0.000571184350898528
0,0,0.0004278291446397168
0,0,0.0005553669873697628
0,0,0.00046385291567469216
0,0,0.00043085355711888225
0,0,0.0005570887969895546
0,0,0.00045118004444555485
0,0,0.0004817413722854804
0,0,0.0005523119031915663
0,0,0.0005586804941562827
1,1,0.9990025427932688
0,0,0.00043325290413084167
0,0,0.00044755216686613754
1,1,0.9985402874072746
1,1,0.9982594785617029
0,0,0.0005423544371468449
0,0,0.0005480330909571811
0,0,0.00044743128041232604
1,1,0.9981566667600154
0,0,0.0004758487794661956
1,1,0.9986982346306955
1,1,0.9981722318609372
1,1,0.9985535547058921
0,0,0.00042607120547478376
1,1,0.9982399770226621
1,1,0.9989563902870204
0,0,0.0004579656588613403
0,0,0.0005426283121982276
0,0,0.00043984117367536105
0,0,0.0004302051685321515
0,0,0.0004935396032074237
0,0,0.00044179657133852515
0,0,0.0005578748218738267
0,0,0.0004462145728093488
0,0,0.0004397025176406078
0,0,0.000540572825649357
0,0,0.00047701398359179317
0,0,0.00043791854143732665
0,0,0.0005433554061136195
0,0,0.0005744257502424129
0,0,0.0005581326486690792
0,0,0.0004919581550684455
1,1,0.9990431892591808
0,0,0.0004707215198201314
0,0,0.0005509133392979273
1,1,0.9990401181545796
0,0,0.0005264869288534524
1,1,0.9984375214902869
0,0,0.000519247641659293
0,0,0.000565364718914286
0,0,0.0005223721972053733
0,0,0.0004457843275489401
0,0,0.0004380570256369003
0,0,0.0005694913337239688
0,0,0.0004941214672038672
0,0,0.0004399613520727993
0,0,0.00045872190070906163
0,0,0.0004221104312199528
1,1,0.9981764529448767
1,1,0.9985936587440314
1,1,0.9987751288590265
0,0,0.0004153769082634599
0,0,0.0005476508351726635
0,0,0.000542632854089429
0,0,0.0004356242285873022
0,0,0.0004826413152232081
1,1,0.9983860236914107
0,0,0.00044749793564016754
0,0,0.0005498505305364406
0,0,0.0004675363929624771
1,1,0.9983506723171678
0,0,0.0004950307784596822
0,0,0.00044118922701637063
0,0,0.0005503862612442938
0,0,0.0005297919960748938
0,0,0.0005383862579529472
0,0,0.0005238635668504096
0,0,0.00045870732622848377
0,0,0.000424019181514985
1,1,0.9987562822735576
1,1,0.9985334029309928
0,0,0.0004475750924240188
0,0,0.0004236431908759845
1,1,0.9984509665491829
1,1,0.99877819847183
1,1,0.998758995188726
0,0,0.00041573105691939457
