customer_id,total_sessions,total_purchases,total_revenue,average_order_value,average_pages_viewed,average_time_on_site,average_rating,total_quantity,average_discount,cart_additions,cart_abandoned,purchase_rate,abandonment_rate
1000,2,1,1228.72,614.36,17.5,1014.0,3.5,7,17.5,2,1,0.5,0.5
1001,1,0,0.0,0.0,15.0,996.0,4.0,4,0.0,0,0,0.0,0.0
1002,3,0,0.0,0.0,8.333333333333334,313.6666666666667,4.0,8,3.3333333333333335,2,2,0.0,1.0
1003,3,1,1681.96,560.6533333333333,5.666666666666667,695.3333333333334,4.333333333333333,9,11.666666666666666,1,0,0.3333333333333333,0.0
1004,3,0,0.0,0.0,12.333333333333334,923.6666666666666,4.0,5,16.666666666666668,1,1,0.0,1.0
1005,3,0,0.0,0.0,14.0,312.3333333333333,4.0,12,15.0,2,2,0.0,1.0
1006,2,0,0.0,0.0,13.5,1145.0,4.0,8,10.0,1,1,0.0,1.0
1007,1,0,0.0,0.0,22.0,557.0,4.0,1,20.0,0,0,0.0,0.0
1008,5,1,1546.42,309.284,9.8,829.2,4.0,11,17.0,2,1,0.2,0.5
1009,5,3,4616.63,923.326,11.0,806.6,4.2,13,12.0,5,2,0.6,0.4
1011,4,0,0.0,0.0,10.75,894.25,4.0,14,5.0,2,2,0.0,1.0
1012,3,0,0.0,0.0,12.666666666666666,700.0,4.0,4,8.333333333333334,1,1,0.0,1.0
1013,2,0,0.0,0.0,19.5,267.0,4.0,8,0.0,0,0,0.0,0.0
1014,4,1,2423.92,605.98,11.75,985.0,4.25,9,5.0,2,1,0.25,0.5
1015,1,0,0.0,0.0,3.0,1405.0,4.0,2,0.0,1,1,0.0,1.0
1016,1,0,0.0,0.0,2.0,1523.0,4.0,4,30.0,0,0,0.0,0.0
1017,2,0,0.0,0.0,10.0,565.5,4.0,8,5.0,1,1,0.0,1.0
1018,1,0,0.0,0.0,22.0,875.0,4.0,1,15.0,1,1,0.0,1.0
1019,1,0,0.0,0.0,10.0,1096.0,4.0,1,10.0,0,0,0.0,0.0
1020,4,0,0.0,0.0,10.25,1165.25,4.0,13,6.25,3,3,0.0,1.0
1021,5,0,0.0,0.0,6.6,1136.8,4.0,14,9.0,3,3,0.0,1.0
1022,1,0,0.0,0.0,6.0,1751.0,4.0,3,0.0,0,0,0.0,0.0
1023,2,0,0.0,0.0,5.5,325.0,4.0,5,5.0,1,1,0.0,1.0
1024,2,0,0.0,0.0,10.5,774.0,4.0,4,0.0,0,0,0.0,0.0
1025,2,0,0.0,0.0,5.0,582.0,4.0,4,7.5,2,2,0.0,1.0
1026,3,1,244.3,81.43333333333334,16.333333333333332,603.0,4.0,6,5.0,3,2,0.3333333333333333,0.6666666666666666
1027,4,0,0.0,0.0,14.25,1235.5,4.0,11,3.75,0,0,0.0,0.0
1028,5,1,2328.44,465.688,11.4,956.6,4.0,15,5.0,4,3,0.2,0.75
1029,1,1,357.02,357.02,17.0,272.0,5.0,1,15.0,1,0,1.0,0.0
1030,3,0,0.0,0.0,8.666666666666666,792.3333333333334,4.0,5,0.0,1,1,0.0,1.0
1031,4,2,2231.42,557.855,19.25,1274.0,4.25,11,16.25,4,2,0.5,0.5
1032,4,0,0.0,0.0,11.25,973.75,4.0,8,10.0,1,1,0.0,1.0
1033,5,1,571.06,114.21199999999999,17.0,480.2,4.2,13,9.0,2,1,0.2,0.5
1034,1,0,0.0,0.0,19.0,1748.0,4.0,3,0.0,1,1,0.0,1.0
1035,4,1,325.77,81.4425,12.25,733.0,4.0,11,3.75,3,2,0.25,0.6666666666666666
1036,3,1,395.17,131.72333333333333,13.666666666666666,170.0,4.333333333333333,5,6.666666666666667,2,1,0.3333333333333333,0.5
1037,4,0,0.0,0.0,16.0,1087.0,4.0,10,11.25,2,2,0.0,1.0
1038,4,1,4503.98,1125.995,7.75,1076.0,4.0,11,7.5,3,2,0.25,0.6666666666666666
1039,4,2,1852.98,463.245,19.0,1146.5,4.25,11,13.75,3,1,0.5,0.3333333333333333
1040,5,2,7417.69,1483.538,5.0,1016.0,3.6,15,3.0,5,3,0.4,0.6
1041,2,1,1296.48,648.24,19.0,1041.5,3.5,4,2.5,2,1,0.5,0.5
1042,5,3,4330.68,866.1360000000001,14.2,525.2,4.4,12,7.0,5,2,0.6,0.4
1043,1,0,0.0,0.0,17.0,152.0,4.0,4,20.0,1,1,0.0,1.0
1044,7,2,1008.62,144.08857142857144,10.285714285714286,888.5714285714286,3.5714285714285716,22,15.714285714285714,5,3,0.2857142857142857,0.6
1045,2,0,0.0,0.0,16.0,868.0,4.0,8,5.0,1,1,0.0,1.0
1046,3,0,0.0,0.0,12.0,461.3333333333333,4.0,11,15.0,0,0,0.0,0.0
1047,5,1,922.92,184.584,9.8,783.2,4.2,12,9.0,3,2,0.2,0.6666666666666666
1048,3,0,0.0,0.0,13.333333333333334,1699.0,4.0,12,11.666666666666666,2,2,0.0,1.0
1049,4,0,0.0,0.0,13.25,951.75,4.0,8,13.75,2,2,0.0,1.0
1050,3,0,0.0,0.0,11.333333333333334,806.0,4.0,4,11.666666666666666,2,2,0.0,1.0
1051,3,0,0.0,0.0,16.333333333333332,715.0,4.0,4,13.333333333333334,1,1,0.0,1.0
1052,6,0,0.0,0.0,10.666666666666666,780.5,4.0,13,1.6666666666666667,4,4,0.0,1.0
1053,1,0,0.0,0.0,9.0,1385.0,4.0,4,30.0,0,0,0.0,0.0
1054,5,1,2322.16,464.43199999999996,12.2,535.0,4.0,14,2.0,2,1,0.2,0.5
1055,2,0,0.0,0.0,17.0,1525.0,4.0,3,5.0,1,1,0.0,1.0
1056,1,1,345.71,345.71,19.0,375.0,4.0,1,0.0,1,0,1.0,0.0
1057,4,0,0.0,0.0,10.0,1014.25,4.0,10,3.75,1,1,0.0,1.0
1058,3,2,6257.73,2085.91,16.666666666666668,903.3333333333334,3.3333333333333335,9,11.666666666666666,2,0,0.6666666666666666,0.0
1059,2,0,0.0,0.0,17.5,947.0,4.0,6,20.0,1,1,0.0,1.0
1060,1,0,0.0,0.0,10.0,1131.0,4.0,2,15.0,0,0,0.0,0.0
1061,2,0,0.0,0.0,10.5,1219.0,4.0,5,7.5,2,2,0.0,1.0
1062,3,2,5304.35,1768.1166666666668,19.0,1032.0,3.6666666666666665,8,13.333333333333334,2,0,0.6666666666666666,0.0
1063,3,0,0.0,0.0,15.0,914.0,4.0,8,11.666666666666666,2,2,0.0,1.0
1064,1,0,0.0,0.0,17.0,1377.0,4.0,4,30.0,1,1,0.0,1.0
1065,1,1,7889.36,7889.36,6.0,1586.0,5.0,4,0.0,1,0,1.0,0.0
1066,4,1,3654.18,913.545,5.75,852.0,4.0,12,17.5,3,2,0.25,0.6666666666666666
1067,4,1,2032.07,508.0175,11.0,889.25,4.25,13,8.75,4,3,0.25,0.75
1068,2,0,0.0,0.0,8.0,928.5,4.0,2,0.0,1,1,0.0,1.0
1069,3,0,0.0,0.0,5.0,603.3333333333334,4.0,10,18.333333333333332,0,0,0.0,0.0
1070,3,0,0.0,0.0,9.666666666666666,1023.6666666666666,4.0,7,5.0,0,0,0.0,0.0
1071,5,1,1331.9,266.38,15.0,1117.6,4.0,13,7.0,2,1,0.2,0.5
1072,1,0,0.0,0.0,7.0,1566.0,4.0,4,20.0,1,1,0.0,1.0
1073,2,0,0.0,0.0,11.5,387.0,4.0,2,15.0,2,2,0.0,1.0
1074,1,0,0.0,0.0,5.0,856.0,4.0,1,0.0,1,1,0.0,1.0
1075,2,0,0.0,0.0,21.5,1292.0,4.0,4,0.0,1,1,0.0,1.0
1076,4,1,1449.62,362.405,19.25,882.25,3.5,7,8.75,3,2,0.25,0.6666666666666666
1077,3,1,1959.6,653.1999999999999,7.0,526.0,4.0,8,0.0,2,1,0.3333333333333333,0.5
1078,2,1,490.0,245.0,4.5,1327.0,4.0,5,10.0,1,0,0.5,0.0
1079,4,1,4252.77,1063.1925,7.25,1218.0,3.5,11,2.5,3,2,0.25,0.6666666666666666
1080,4,1,2111.96,527.99,6.5,765.5,4.25,14,12.5,1,0,0.25,0.0
1081,1,0,0.0,0.0,2.0,910.0,4.0,2,0.0,1,1,0.0,1.0
1082,3,1,1601.42,533.8066666666667,9.666666666666666,1434.6666666666667,4.0,7,10.0,3,2,0.3333333333333333,0.6666666666666666
1083,4,1,1056.76,264.19,8.25,926.25,4.0,9,10.0,3,2,0.25,0.6666666666666666
1084,3,1,3648.04,1216.0133333333333,7.333333333333333,1055.6666666666667,3.6666666666666665,9,0.0,2,1,0.3333333333333333,0.5
1086,3,1,1236.24,412.08,12.333333333333334,524.3333333333334,3.6666666666666665,10,0.0,2,1,0.3333333333333333,0.5
1087,3,1,222.61,74.20333333333333,17.666666666666668,951.0,4.0,9,11.666666666666666,1,0,0.3333333333333333,0.0
1088,1,0,0.0,0.0,1.0,1666.0,4.0,2,20.0,1,1,0.0,1.0
1089,3,1,2169.46,723.1533333333333,16.333333333333332,856.3333333333334,4.0,8,6.666666666666667,3,2,0.3333333333333333,0.6666666666666666
1090,7,1,3331.6,475.9428571428571,14.571428571428571,776.7142857142857,4.0,14,3.5714285714285716,4,3,0.14285714285714285,0.75
1091,4,0,0.0,0.0,14.75,1005.25,4.0,9,10.0,2,2,0.0,1.0
1092,2,1,2987.93,1493.965,12.5,173.0,4.5,6,17.5,2,1,0.5,0.5
1093,1,0,0.0,0.0,3.0,193.0,4.0,3,0.0,0,0,0.0,0.0
1094,2,0,0.0,0.0,6.5,1235.5,4.0,2,2.5,1,1,0.0,1.0
1095,3,2,3681.54,1227.18,3.6666666666666665,474.0,4.0,9,1.6666666666666667,3,1,0.6666666666666666,0.3333333333333333
1096,4,2,4912.93,1228.2325,16.0,846.5,4.0,12,5.0,3,1,0.5,0.3333333333333333
1097,2,0,0.0,0.0,6.0,1629.5,4.0,8,2.5,1,1,0.0,1.0
1098,3,0,0.0,0.0,12.666666666666666,1288.0,4.0,7,11.666666666666666,2,2,0.0,1.0
1099,5,1,2717.82,543.5640000000001,16.8,858.0,4.2,13,6.0,4,3,0.2,0.75
1100,2,2,788.77,394.385,5.0,988.0,2.5,3,2.5,2,0,1.0,0.0
1101,1,1,1339.45,1339.45,14.0,168.0,2.0,2,10.0,1,0,1.0,0.0
1102,3,0,0.0,0.0,14.666666666666666,1455.3333333333333,4.0,5,13.333333333333334,1,1,0.0,1.0
1104,1,0,0.0,0.0,15.0,809.0,4.0,1,15.0,1,1,0.0,1.0
1105,4,1,1244.58,311.145,16.75,761.75,4.0,8,8.75,3,2,0.25,0.6666666666666666
1106,2,0,0.0,0.0,12.0,968.5,4.0,6,7.5,1,1,0.0,1.0
1107,3,0,0.0,0.0,12.333333333333334,686.0,4.0,8,13.333333333333334,3,3,0.0,1.0
1108,6,0,0.0,0.0,14.0,858.8333333333334,4.0,14,12.5,3,3,0.0,1.0
1109,3,0,0.0,0.0,8.0,743.3333333333334,4.0,9,3.3333333333333335,3,3,0.0,1.0
1110,4,1,2098.22,524.555,5.5,1089.75,3.75,11,3.75,3,2,0.25,0.6666666666666666
1111,2,1,1839.86,919.93,19.0,1010.0,4.5,4,7.5,1,0,0.5,0.0
1112,5,1,2540.56,508.11199999999997,7.8,1001.4,4.2,12,8.0,3,2,0.2,0.6666666666666666
1113,2,0,0.0,0.0,11.5,677.5,4.0,7,10.0,2,2,0.0,1.0
1114,2,0,0.0,0.0,13.0,1415.5,4.0,4,20.0,0,0,0.0,0.0
1115,2,1,1763.68,881.84,13.0,1087.0,4.5,4,10.0,2,1,0.5,0.5
1116,4,0,0.0,0.0,9.0,966.25,4.0,13,8.75,2,2,0.0,1.0
1118,1,1,4522.5,4522.5,14.0,500.0,5.0,3,15.0,1,0,1.0,0.0
1119,1,0,0.0,0.0,20.0,1639.0,4.0,1,0.0,1,1,0.0,1.0
1120,3,0,0.0,0.0,11.333333333333334,239.33333333333334,4.0,5,10.0,1,1,0.0,1.0
1121,2,1,1894.59,947.295,21.5,1424.0,4.0,5,22.5,2,1,0.5,0.5
1122,1,0,0.0,0.0,21.0,863.0,4.0,1,10.0,1,1,0.0,1.0
1123,3,0,0.0,0.0,15.666666666666666,776.6666666666666,4.0,8,26.666666666666668,1,1,0.0,1.0
1124,4,2,1684.02,421.005,9.5,897.0,4.5,8,0.0,4,2,0.5,0.5
1125,4,0,0.0,0.0,13.25,879.75,4.0,10,6.25,1,1,0.0,1.0
1126,4,2,2051.36,512.84,16.75,632.75,4.25,11,0.0,3,1,0.5,0.3333333333333333
1127,4,0,0.0,0.0,13.25,724.0,4.0,13,5.0,1,1,0.0,1.0
1128,1,0,0.0,0.0,3.0,618.0,4.0,3,10.0,0,0,0.0,0.0
1129,4,0,0.0,0.0,18.25,981.25,4.0,7,6.25,1,1,0.0,1.0
1130,2,1,1026.78,513.39,11.0,928.5,3.5,6,22.5,2,1,0.5,0.5
1131,2,1,1150.86,575.43,18.5,739.0,4.0,5,5.0,1,0,0.5,0.0
1132,3,2,3476.2200000000003,1158.74,8.333333333333334,901.0,3.6666666666666665,7,8.333333333333334,3,1,0.6666666666666666,0.3333333333333333
1134,8,3,7061.16,882.645,11.625,863.625,4.0,24,9.375,5,2,0.375,0.4
1135,3,0,0.0,0.0,9.666666666666666,556.6666666666666,4.0,12,5.0,1,1,0.0,1.0
1136,2,0,0.0,0.0,16.0,1251.0,4.0,4,10.0,1,1,0.0,1.0
1138,6,1,924.05,154.00833333333333,11.833333333333334,993.6666666666666,4.166666666666667,10,6.666666666666667,5,4,0.16666666666666666,0.8
1139,2,0,0.0,0.0,15.5,430.0,4.0,4,5.0,2,2,0.0,1.0
1140,1,0,0.0,0.0,6.0,1580.0,4.0,3,10.0,0,0,0.0,0.0
1141,2,0,0.0,0.0,12.5,966.0,4.0,6,15.0,1,1,0.0,1.0
1142,4,0,0.0,0.0,14.25,724.0,4.0,13,18.75,3,3,0.0,1.0
1143,6,0,0.0,0.0,17.666666666666668,901.1666666666666,4.0,20,11.666666666666666,3,3,0.0,1.0
1144,2,0,0.0,0.0,21.0,1122.5,4.0,5,7.5,1,1,0.0,1.0
1145,2,1,997.25,498.625,10.5,617.0,4.5,3,2.5,1,0,0.5,0.0
1146,4,1,2950.09,737.5225,13.25,859.0,4.25,10,12.5,3,2,0.25,0.6666666666666666
1147,3,0,0.0,0.0,13.666666666666666,972.0,4.0,8,10.0,1,1,0.0,1.0
1148,4,1,843.58,210.895,8.0,928.0,4.25,10,6.25,2,1,0.25,0.5
1149,2,0,0.0,0.0,16.5,1439.5,4.0,3,0.0,1,1,0.0,1.0
1150,3,1,2340.49,780.1633333333333,18.0,184.0,4.0,9,15.0,2,1,0.3333333333333333,0.5
1151,5,1,673.69,134.738,14.2,1165.0,3.8,10,7.0,1,0,0.2,0.0
1152,1,1,772.78,772.78,2.0,1482.0,3.0,1,15.0,1,0,1.0,0.0
1153,1,1,1069.29,1069.29,1.0,1351.0,3.0,1,0.0,1,0,1.0,0.0
1155,5,2,4908.51,981.702,14.6,805.8,4.4,13,13.0,2,0,0.4,0.0
1156,2,0,0.0,0.0,17.5,986.5,4.0,4,12.5,0,0,0.0,0.0
1157,1,0,0.0,0.0,15.0,1236.0,4.0,3,0.0,0,0,0.0,0.0
1158,3,1,2864.37,954.79,19.333333333333332,948.3333333333334,4.333333333333333,8,11.666666666666666,2,1,0.3333333333333333,0.5
1159,4,1,5605.16,1401.29,10.75,452.0,4.0,12,5.0,3,2,0.25,0.6666666666666666
1160,6,1,2058.0,343.0,15.0,778.6666666666666,3.6666666666666665,16,13.333333333333334,4,3,0.16666666666666666,0.75
1161,2,0,0.0,0.0,9.0,1205.0,4.0,5,5.0,2,2,0.0,1.0
1162,1,1,1483.14,1483.14,12.0,487.0,3.0,3,0.0,1,0,1.0,0.0
1163,5,1,403.7,80.74,12.4,798.4,4.2,11,15.0,5,4,0.2,0.8
1164,3,1,1126.58,375.52666666666664,16.333333333333332,781.3333333333334,3.6666666666666665,10,13.333333333333334,3,2,0.3333333333333333,0.6666666666666666
1165,5,2,1357.8700000000001,271.574,13.8,1153.0,3.2,13,9.0,4,2,0.4,0.5
1166,1,0,0.0,0.0,21.0,440.0,4.0,2,30.0,1,1,0.0,1.0
1167,3,2,3059.2,1019.7333333333332,13.0,615.3333333333334,3.6666666666666665,7,3.3333333333333335,2,0,0.6666666666666666,0.0
1168,2,0,0.0,0.0,11.0,898.0,4.0,5,12.5,2,2,0.0,1.0
1169,4,2,947.29,236.8225,15.5,1171.0,4.5,10,6.25,3,1,0.5,0.3333333333333333
1171,1,0,0.0,0.0,9.0,915.0,4.0,1,15.0,1,1,0.0,1.0
1172,4,1,332.26,83.065,12.0,506.0,4.25,10,11.25,2,1,0.25,0.5
1174,3,1,1507.02,502.34,17.0,1019.0,4.333333333333333,10,5.0,3,2,0.3333333333333333,0.6666666666666666
1175,3,2,2666.8900000000003,888.9633333333335,15.666666666666666,811.3333333333334,4.333333333333333,7,11.666666666666666,2,0,0.6666666666666666,0.0
1176,2,0,0.0,0.0,5.0,935.5,4.0,8,0.0,2,2,0.0,1.0
1177,3,1,756.39,252.13,12.0,1207.0,3.3333333333333335,5,5.0,2,1,0.3333333333333333,0.5
1179,2,0,0.0,0.0,9.0,1009.5,4.0,3,17.5,0,0,0.0,0.0
1181,4,0,0.0,0.0,11.0,794.0,4.0,10,6.25,1,1,0.0,1.0
1182,3,0,0.0,0.0,9.666666666666666,546.3333333333334,4.0,9,5.0,1,1,0.0,1.0
1183,4,1,5294.04,1323.51,19.75,1005.25,4.0,12,6.25,3,2,0.25,0.6666666666666666
1184,3,2,3314.81,1104.9366666666667,16.0,519.6666666666666,4.333333333333333,4,5.0,3,1,0.6666666666666666,0.3333333333333333
1185,5,0,0.0,0.0,10.2,1114.6,4.0,11,7.0,2,2,0.0,1.0
1186,3,0,0.0,0.0,14.0,589.0,4.0,8,5.0,2,2,0.0,1.0
1187,3,2,9145.76,3048.5866666666666,11.0,1133.6666666666667,3.6666666666666665,12,1.6666666666666667,2,0,0.6666666666666666,0.0
1188,4,3,1550.69,387.6725,15.75,751.5,4.25,7,3.75,3,0,0.75,0.0
1189,3,0,0.0,0.0,10.666666666666666,1113.0,4.0,9,10.0,1,1,0.0,1.0
1190,4,2,1456.45,364.1125,8.25,1003.5,4.25,11,6.25,3,1,0.5,0.3333333333333333
1191,2,0,0.0,0.0,12.5,1039.0,4.0,4,12.5,1,1,0.0,1.0
1192,1,0,0.0,0.0,21.0,1482.0,4.0,1,5.0,1,1,0.0,1.0
1193,3,1,1818.94,606.3133333333334,5.666666666666667,1533.6666666666667,4.333333333333333,5,3.3333333333333335,2,1,0.3333333333333333,0.5
1194,2,0,0.0,0.0,3.5,1216.5,4.0,3,15.0,0,0,0.0,0.0
1195,3,1,1219.67,406.5566666666667,13.333333333333334,932.3333333333334,4.0,8,8.333333333333334,2,1,0.3333333333333333,0.5
1196,5,2,5634.82,1126.964,8.2,1109.6,3.6,16,5.0,5,3,0.4,0.6
1197,4,1,4518.88,1129.72,16.0,1150.0,3.75,14,11.25,3,2,0.25,0.6666666666666666
1198,2,1,973.3,486.65,4.5,978.5,4.5,3,5.0,1,0,0.5,0.0
1199,1,0,0.0,0.0,13.0,257.0,4.0,3,15.0,0,0,0.0,0.0
1200,4,1,1897.32,474.33,12.75,907.5,4.25,12,10.0,4,3,0.25,0.75
1201,3,0,0.0,0.0,13.333333333333334,827.3333333333334,4.0,10,8.333333333333334,2,2,0.0,1.0
1202,2,1,1248.59,624.295,15.0,515.0,3.0,6,2.5,1,0,0.5,0.0
1203,6,2,3619.66,603.2766666666666,14.5,512.1666666666666,4.0,15,9.166666666666666,3,1,0.3333333333333333,0.3333333333333333
1204,5,1,969.32,193.864,12.6,1281.2,3.8,15,5.0,3,2,0.2,0.6666666666666666
1205,2,0,0.0,0.0,23.5,380.5,4.0,4,0.0,1,1,0.0,1.0
1206,2,1,3324.51,1662.255,17.0,1118.0,3.5,4,0.0,2,1,0.5,0.5
1207,1,0,0.0,0.0,23.0,1574.0,4.0,1,0.0,0,0,0.0,0.0
1208,4,1,1136.65,284.1625,9.75,1024.75,3.25,9,7.5,3,2,0.25,0.6666666666666666
1209,7,1,816.6,116.65714285714286,11.142857142857142,787.5714285714286,4.142857142857143,18,10.714285714285714,4,3,0.14285714285714285,0.75
1210,3,0,0.0,0.0,10.666666666666666,1188.6666666666667,4.0,7,23.333333333333332,1,1,0.0,1.0
1211,1,0,0.0,0.0,14.0,694.0,4.0,1,15.0,1,1,0.0,1.0
1212,6,3,2666.46,444.41,14.0,1062.5,4.0,15,5.0,6,3,0.5,0.5
1213,6,1,744.78,124.13,13.0,999.0,3.8333333333333335,18,9.166666666666666,3,2,0.16666666666666666,0.6666666666666666
1214,2,1,3055.83,1527.915,5.0,1094.5,4.0,4,2.5,2,1,0.5,0.5
1215,4,1,1328.42,332.105,11.0,717.5,3.75,11,16.25,1,0,0.25,0.0
1216,2,0,0.0,0.0,9.5,857.0,4.0,7,7.5,1,1,0.0,1.0
1217,1,0,0.0,0.0,8.0,757.0,4.0,2,0.0,0,0,0.0,0.0
1218,4,2,3526.43,881.6075,15.25,1397.5,3.75,10,7.5,3,1,0.5,0.3333333333333333
1219,4,0,0.0,0.0,12.25,814.25,4.0,10,11.25,1,1,0.0,1.0
1220,3,1,1765.86,588.62,10.666666666666666,266.0,4.333333333333333,10,1.6666666666666667,3,2,0.3333333333333333,0.6666666666666666
1221,2,0,0.0,0.0,3.5,863.0,4.0,5,15.0,0,0,0.0,0.0
1222,6,1,898.63,149.77166666666668,13.666666666666666,1123.3333333333333,4.166666666666667,14,10.833333333333334,5,4,0.16666666666666666,0.8
1223,2,1,522.78,261.39,12.5,834.5,2.5,3,5.0,1,0,0.5,0.0
1224,2,0,0.0,0.0,9.0,1026.5,4.0,4,12.5,0,0,0.0,0.0
1225,4,1,268.76,67.19,14.25,799.5,3.75,8,8.75,3,2,0.25,0.6666666666666666
1226,3,1,1203.09,401.03,9.666666666666666,1239.0,3.3333333333333335,9,5.0,1,0,0.3333333333333333,0.0
1227,2,1,4039.92,2019.96,13.5,363.0,4.0,8,5.0,1,0,0.5,0.0
1228,2,1,829.75,414.875,7.0,513.5,4.5,5,15.0,2,1,0.5,0.5
1229,5,1,651.56,130.31199999999998,16.6,951.4,4.0,14,3.0,4,3,0.2,0.75
1230,4,0,0.0,0.0,13.5,748.0,4.0,14,11.25,2,2,0.0,1.0
1231,4,1,741.57,185.3925,15.5,894.0,3.5,9,7.5,2,1,0.25,0.5
1232,2,0,0.0,0.0,10.5,1132.0,4.0,6,15.0,0,0,0.0,0.0
1233,2,0,0.0,0.0,14.0,1095.5,4.0,3,10.0,1,1,0.0,1.0
1234,3,1,377.35,125.78333333333335,10.333333333333334,1082.0,4.333333333333333,7,6.666666666666667,1,0,0.3333333333333333,0.0
1235,5,0,0.0,0.0,11.2,1086.4,4.0,11,12.0,2,2,0.0,1.0
1236,1,0,0.0,0.0,15.0,643.0,4.0,4,5.0,1,1,0.0,1.0
1237,3,0,0.0,0.0,11.0,844.6666666666666,4.0,6,1.6666666666666667,3,3,0.0,1.0
1238,2,0,0.0,0.0,8.5,350.5,4.0,6,10.0,1,1,0.0,1.0
1239,3,0,0.0,0.0,10.666666666666666,1067.6666666666667,4.0,9,1.6666666666666667,1,1,0.0,1.0
1240,3,1,1882.12,627.3733333333333,5.333333333333333,1336.0,3.3333333333333335,10,10.0,2,1,0.3333333333333333,0.5
1241,6,2,3617.15,602.8583333333333,14.0,854.0,4.166666666666667,15,7.5,2,0,0.3333333333333333,0.0
1242,2,0,0.0,0.0,14.5,1129.5,4.0,4,5.0,1,1,0.0,1.0
1243,3,1,3898.5,1299.5,12.0,434.6666666666667,4.0,6,8.333333333333334,3,2,0.3333333333333333,0.6666666666666666
1244,5,2,3078.65,615.73,10.6,1256.4,4.0,10,6.0,4,2,0.4,0.5
1245,2,0,0.0,0.0,11.0,1217.0,4.0,6,12.5,1,1,0.0,1.0
1246,1,0,0.0,0.0,11.0,808.0,4.0,3,20.0,0,0,0.0,0.0
1247,1,0,0.0,0.0,1.0,573.0,4.0,4,20.0,1,1,0.0,1.0
1248,2,0,0.0,0.0,21.0,1247.0,4.0,6,25.0,1,1,0.0,1.0
1250,2,0,0.0,0.0,17.5,336.0,4.0,6,15.0,1,1,0.0,1.0
1251,2,0,0.0,0.0,20.5,648.5,4.0,6,12.5,0,0,0.0,0.0
1252,3,2,7790.94,2596.98,11.666666666666666,984.0,3.3333333333333335,8,1.6666666666666667,2,0,0.6666666666666666,0.0
1253,3,1,2191.33,730.4433333333333,14.333333333333334,974.6666666666666,4.0,4,6.666666666666667,2,1,0.3333333333333333,0.5
1254,1,0,0.0,0.0,5.0,306.0,4.0,3,0.0,0,0,0.0,0.0
1255,1,0,0.0,0.0,20.0,288.0,4.0,1,10.0,0,0,0.0,0.0
1256,1,0,0.0,0.0,1.0,1562.0,4.0,1,20.0,0,0,0.0,0.0
1257,2,0,0.0,0.0,6.5,916.5,4.0,6,2.5,0,0,0.0,0.0
1258,1,0,0.0,0.0,15.0,1623.0,4.0,2,20.0,1,1,0.0,1.0
1259,2,0,0.0,0.0,18.0,1049.0,4.0,6,7.5,1,1,0.0,1.0
1260,2,0,0.0,0.0,17.0,1362.0,4.0,5,12.5,2,2,0.0,1.0
1261,3,0,0.0,0.0,17.666666666666668,828.3333333333334,4.0,8,6.666666666666667,2,2,0.0,1.0
1262,3,1,797.16,265.71999999999997,8.0,967.0,3.6666666666666665,8,15.0,3,2,0.3333333333333333,0.6666666666666666
1263,4,0,0.0,0.0,14.75,800.25,4.0,9,11.25,3,3,0.0,1.0
1264,3,1,1712.22,570.74,15.333333333333334,1122.3333333333333,4.333333333333333,6,3.3333333333333335,2,1,0.3333333333333333,0.5
1266,3,0,0.0,0.0,12.666666666666666,1164.3333333333333,4.0,6,3.3333333333333335,2,2,0.0,1.0
1267,4,0,0.0,0.0,13.25,723.5,4.0,12,2.5,2,2,0.0,1.0
1268,3,1,1455.21,485.07,10.333333333333334,623.6666666666666,4.0,9,6.666666666666667,2,1,0.3333333333333333,0.5
1269,4,1,1787.02,446.755,18.75,650.75,4.25,10,3.75,3,2,0.25,0.6666666666666666
1270,4,2,3845.93,961.4825,15.5,728.5,4.25,9,2.5,3,1,0.5,0.3333333333333333
1271,8,1,1130.35,141.29375,12.0,1140.25,3.625,16,8.75,5,4,0.125,0.8
1273,1,0,0.0,0.0,6.0,697.0,4.0,4,0.0,0,0,0.0,0.0
1274,3,1,2065.7,688.5666666666666,20.666666666666668,1052.6666666666667,3.3333333333333335,5,1.6666666666666667,2,1,0.3333333333333333,0.5
1275,4,2,7788.92,1947.23,14.5,1021.0,3.5,12,5.0,3,1,0.5,0.3333333333333333
1277,4,1,414.36,103.59,10.75,993.75,4.0,7,12.5,3,2,0.25,0.6666666666666666
1278,4,2,4367.72,1091.93,11.5,581.75,3.5,11,3.75,4,2,0.5,0.5
1279,6,1,3180.17,530.0283333333333,13.0,642.3333333333334,4.0,13,12.5,3,2,0.16666666666666666,0.6666666666666666
1280,2,0,0.0,0.0,9.5,659.5,4.0,4,17.5,1,1,0.0,1.0
1281,3,0,0.0,0.0,15.666666666666666,879.3333333333334,4.0,11,8.333333333333334,1,1,0.0,1.0
1282,2,1,281.46,140.73,23.0,1346.0,3.5,4,12.5,2,1,0.5,0.5
1283,2,1,3166.32,1583.16,8.0,1113.5,3.5,6,5.0,2,1,0.5,0.5
1284,4,1,6649.04,1662.26,4.25,1320.0,3.25,11,8.75,2,1,0.25,0.5
1285,3,1,2942.34,980.7800000000001,17.666666666666668,1607.0,4.0,10,11.666666666666666,1,0,0.3333333333333333,0.0
1286,1,0,0.0,0.0,21.0,311.0,4.0,4,10.0,0,0,0.0,0.0
1287,3,0,0.0,0.0,8.666666666666666,816.3333333333334,4.0,7,13.333333333333334,2,2,0.0,1.0
1288,2,0,0.0,0.0,21.5,1229.0,4.0,5,10.0,0,0,0.0,0.0
1289,2,0,0.0,0.0,9.0,554.5,4.0,3,12.5,0,0,0.0,0.0
1290,4,2,1015.65,253.9125,9.25,1117.5,4.5,6,12.5,3,1,0.5,0.3333333333333333
1291,2,1,2457.68,1228.84,9.0,1307.5,3.5,5,5.0,2,1,0.5,0.5
1292,2,2,3075.91,1537.955,10.5,789.5,3.0,5,7.5,2,0,1.0,0.0
1293,2,0,0.0,0.0,13.5,606.5,4.0,5,2.5,0,0,0.0,0.0
1294,1,0,0.0,0.0,14.0,443.0,4.0,4,0.0,0,0,0.0,0.0
1295,4,1,267.34,66.835,12.5,1431.25,4.0,9,16.25,2,1,0.25,0.5
1296,1,0,0.0,0.0,20.0,1305.0,4.0,4,20.0,0,0,0.0,0.0
1297,2,0,0.0,0.0,16.5,966.5,4.0,6,7.5,2,2,0.0,1.0
1298,1,1,285.16,285.16,9.0,918.0,4.0,1,10.0,1,0,1.0,0.0
1299,3,0,0.0,0.0,15.333333333333334,1063.3333333333333,4.0,8,10.0,2,2,0.0,1.0
1300,4,0,0.0,0.0,10.75,1095.75,4.0,8,1.25,2,2,0.0,1.0
1301,2,0,0.0,0.0,16.0,839.5,4.0,4,5.0,2,2,0.0,1.0
1302,2,1,821.62,410.81,16.5,518.0,3.0,2,0.0,2,1,0.5,0.5
1303,1,1,989.88,989.88,5.0,1726.0,5.0,3,20.0,1,0,1.0,0.0
1304,2,1,529.27,264.635,9.0,1683.5,4.0,2,2.5,2,1,0.5,0.5
1305,2,0,0.0,0.0,12.5,1226.0,4.0,7,22.5,1,1,0.0,1.0
1306,3,0,0.0,0.0,9.0,689.6666666666666,4.0,10,6.666666666666667,2,2,0.0,1.0
1307,2,1,553.52,276.76,13.5,776.5,4.5,3,20.0,2,1,0.5,0.5
1308,4,1,566.61,141.6525,11.5,987.75,3.5,12,16.25,3,2,0.25,0.6666666666666666
1309,2,0,0.0,0.0,19.0,1045.0,4.0,6,15.0,1,1,0.0,1.0
1310,7,0,0.0,0.0,10.0,1459.0,4.0,21,8.571428571428571,3,3,0.0,1.0
1311,1,0,0.0,0.0,20.0,778.0,4.0,2,0.0,0,0,0.0,0.0
1312,3,2,6037.98,2012.6599999999999,8.333333333333334,665.3333333333334,3.6666666666666665,7,0.0,2,0,0.6666666666666666,0.0
1313,2,0,0.0,0.0,15.5,967.0,4.0,4,10.0,1,1,0.0,1.0
1314,1,0,0.0,0.0,9.0,218.0,4.0,2,15.0,1,1,0.0,1.0
1315,4,1,1937.57,484.3925,8.0,1050.5,4.25,10,11.25,2,1,0.25,0.5
1316,7,5,9432.31,1347.472857142857,8.714285714285714,856.4285714285714,4.142857142857143,16,11.428571428571429,7,2,0.7142857142857143,0.2857142857142857
1317,6,4,8119.4400000000005,1353.24,5.333333333333333,546.5,3.5,14,10.833333333333334,5,1,0.6666666666666666,0.2
1318,5,2,1692.53,338.506,18.4,922.0,4.0,15,6.0,3,1,0.4,0.3333333333333333
1319,4,2,3602.98,900.745,10.25,1192.5,4.5,12,12.5,3,1,0.5,0.3333333333333333
1320,1,0,0.0,0.0,6.0,1029.0,4.0,4,0.0,0,0,0.0,0.0
1322,5,2,2239.44,447.88800000000003,16.2,660.8,4.4,12,11.0,4,2,0.4,0.5
1323,3,1,3132.29,1044.0966666666666,13.666666666666666,796.3333333333334,3.6666666666666665,8,18.333333333333332,1,0,0.3333333333333333,0.0
1324,4,1,3519.68,879.92,11.5,1069.25,3.5,13,0.0,2,1,0.25,0.5
1325,7,0,0.0,0.0,11.714285714285714,898.2857142857143,4.0,22,5.714285714285714,5,5,0.0,1.0
1326,2,0,0.0,0.0,8.0,1302.5,4.0,4,7.5,1,1,0.0,1.0
1327,3,2,4069.45,1356.4833333333333,10.333333333333334,1089.6666666666667,3.0,7,3.3333333333333335,3,1,0.6666666666666666,0.3333333333333333
1328,4,0,0.0,0.0,14.25,1012.0,4.0,10,3.75,2,2,0.0,1.0
1329,4,1,443.01,110.7525,9.75,894.5,4.25,10,7.5,3,2,0.25,0.6666666666666666
1330,2,0,0.0,0.0,17.0,805.0,4.0,4,7.5,1,1,0.0,1.0
1331,3,1,4930.51,1643.5033333333333,12.0,434.0,3.3333333333333335,10,10.0,3,2,0.3333333333333333,0.6666666666666666
1332,4,1,3016.32,754.08,14.0,872.5,4.25,12,6.25,4,3,0.25,0.75
1333,1,0,0.0,0.0,18.0,1202.0,4.0,1,10.0,1,1,0.0,1.0
1334,8,5,12203.21,1525.40125,16.75,794.0,3.75,18,6.875,6,1,0.625,0.16666666666666666
1335,6,3,3522.92,587.1533333333333,4.333333333333333,1033.1666666666667,4.0,13,13.333333333333334,3,0,0.5,0.0
1336,3,1,3797.19,1265.73,12.666666666666666,899.0,4.0,10,6.666666666666667,3,2,0.3333333333333333,0.6666666666666666
1337,2,1,783.06,391.53,17.0,668.5,3.5,4,7.5,2,1,0.5,0.5
1338,2,0,0.0,0.0,8.0,780.5,4.0,8,17.5,1,1,0.0,1.0
1339,5,1,530.31,106.06199999999998,13.2,1079.4,4.0,9,11.0,3,2,0.2,0.6666666666666666
1340,1,0,0.0,0.0,17.0,1255.0,4.0,2,10.0,1,1,0.0,1.0
1341,1,0,0.0,0.0,7.0,102.0,4.0,3,0.0,0,0,0.0,0.0
1342,2,0,0.0,0.0,8.0,811.0,4.0,5,17.5,0,0,0.0,0.0
1343,6,1,3053.36,508.8933333333334,8.0,799.8333333333334,3.8333333333333335,16,5.833333333333333,4,3,0.16666666666666666,0.75
1344,3,0,0.0,0.0,16.666666666666668,1010.3333333333334,4.0,7,8.333333333333334,2,2,0.0,1.0
1345,4,1,256.67,64.1675,6.25,570.25,3.75,4,18.75,3,2,0.25,0.6666666666666666
1346,4,0,0.0,0.0,11.25,857.25,4.0,13,15.0,1,1,0.0,1.0
1347,3,1,3357.67,1119.2233333333334,2.3333333333333335,1014.3333333333334,4.333333333333333,8,15.0,2,1,0.3333333333333333,0.5
1348,4,1,4789.77,1197.4425,16.5,1083.0,3.75,12,8.75,3,2,0.25,0.6666666666666666
1349,4,1,307.29,76.8225,11.5,875.0,4.25,8,5.0,2,1,0.25,0.5
1350,6,3,1480.29,246.715,9.5,773.0,4.333333333333333,12,6.666666666666667,5,2,0.5,0.4
1351,2,1,4652.64,2326.32,12.0,537.0,3.5,5,15.0,1,0,0.5,0.0
1352,5,2,1316.79,263.358,13.0,848.2,3.8,13,17.0,3,1,0.4,0.3333333333333333
1353,3,0,0.0,0.0,12.666666666666666,1327.6666666666667,4.0,7,8.333333333333334,1,1,0.0,1.0
1354,1,0,0.0,0.0,18.0,989.0,4.0,4,10.0,1,1,0.0,1.0
1355,3,0,0.0,0.0,10.0,953.6666666666666,4.0,9,6.666666666666667,3,3,0.0,1.0
1356,2,1,2397.1,1198.55,13.0,988.0,4.5,3,7.5,1,0,0.5,0.0
1357,1,1,1199.55,1199.55,23.0,692.0,2.0,3,0.0,1,0,1.0,0.0
1358,1,0,0.0,0.0,1.0,588.0,4.0,2,0.0,1,1,0.0,1.0
1359,2,0,0.0,0.0,12.0,1017.5,4.0,5,15.0,2,2,0.0,1.0
1360,3,3,3696.46,1232.1533333333334,7.333333333333333,903.6666666666666,3.6666666666666665,8,6.666666666666667,3,0,1.0,0.0
1361,3,3,4596.29,1532.0966666666666,11.666666666666666,1319.6666666666667,3.3333333333333335,5,10.0,3,0,1.0,0.0
1362,3,1,3356.54,1118.8466666666666,16.0,1147.6666666666667,4.0,9,16.666666666666668,2,1,0.3333333333333333,0.5
1363,4,2,181.93,45.4825,16.25,808.75,4.25,10,13.75,4,2,0.5,0.5
1364,2,0,0.0,0.0,15.0,1467.0,4.0,4,10.0,1,1,0.0,1.0
1365,4,2,3247.63,811.9075,14.75,636.5,4.5,7,13.75,3,1,0.5,0.3333333333333333
1366,6,1,4299.17,716.5283333333333,13.333333333333334,1031.8333333333333,4.0,14,11.666666666666666,3,2,0.16666666666666666,0.6666666666666666
1367,2,0,0.0,0.0,24.0,609.0,4.0,6,7.5,1,1,0.0,1.0
1368,4,2,4747.9400000000005,1186.9850000000001,13.0,832.0,4.25,13,7.5,4,2,0.5,0.5
1369,1,0,0.0,0.0,16.0,470.0,4.0,1,10.0,1,1,0.0,1.0
1370,2,1,1920.92,960.46,10.5,588.0,3.5,4,2.5,1,0,0.5,0.0
1371,2,0,0.0,0.0,9.0,210.5,4.0,8,5.0,0,0,0.0,0.0
1372,3,2,7627.08,2542.36,7.333333333333333,1100.6666666666667,3.6666666666666665,11,13.333333333333334,2,0,0.6666666666666666,0.0
1374,3,0,0.0,0.0,12.333333333333334,278.6666666666667,4.0,6,15.0,2,2,0.0,1.0
1375,1,0,0.0,0.0,13.0,1021.0,4.0,1,0.0,0,0,0.0,0.0
1376,2,0,0.0,0.0,4.5,694.5,4.0,6,12.5,0,0,0.0,0.0
1377,1,0,0.0,0.0,9.0,1043.0,4.0,1,5.0,0,0,0.0,0.0
1378,3,3,2604.1,868.0333333333333,15.333333333333334,948.3333333333334,4.0,6,6.666666666666667,3,0,1.0,0.0
1379,1,1,863.94,863.94,17.0,1243.0,4.0,4,15.0,1,0,1.0,0.0
1380,2,1,700.35,350.175,12.0,1237.5,3.5,4,0.0,1,0,0.5,0.0
1381,3,1,566.3,188.76666666666665,11.0,994.0,3.6666666666666665,4,15.0,2,1,0.3333333333333333,0.5
1382,3,2,4061.77,1353.9233333333334,17.333333333333332,992.6666666666666,4.333333333333333,6,11.666666666666666,2,0,0.6666666666666666,0.0
1383,1,0,0.0,0.0,5.0,1319.0,4.0,1,15.0,1,1,0.0,1.0
1384,3,0,0.0,0.0,8.666666666666666,1196.3333333333333,4.0,6,1.6666666666666667,3,3,0.0,1.0
1385,1,1,3694.52,3694.52,8.0,1246.0,5.0,4,0.0,1,0,1.0,0.0
1386,3,2,3064.78,1021.5933333333334,5.666666666666667,913.0,4.333333333333333,6,10.0,3,1,0.6666666666666666,0.3333333333333333
1387,3,2,1111.73,370.57666666666665,11.333333333333334,1360.6666666666667,3.3333333333333335,3,10.0,3,1,0.6666666666666666,0.3333333333333333
1388,7,1,3964.28,566.3257142857143,16.857142857142858,581.8571428571429,4.0,18,13.571428571428571,3,2,0.14285714285714285,0.6666666666666666
1389,2,0,0.0,0.0,19.5,1396.5,4.0,6,10.0,2,2,0.0,1.0
1390,4,0,0.0,0.0,11.25,1203.75,4.0,11,21.25,1,1,0.0,1.0
1391,4,0,0.0,0.0,19.0,1169.5,4.0,14,11.25,2,2,0.0,1.0
1393,2,0,0.0,0.0,5.0,1135.0,4.0,7,2.5,1,1,0.0,1.0
1394,3,0,0.0,0.0,11.666666666666666,821.3333333333334,4.0,8,11.666666666666666,2,2,0.0,1.0
1395,7,2,2703.44,386.2057142857143,11.0,1112.4285714285713,4.285714285714286,19,9.285714285714286,3,1,0.2857142857142857,0.3333333333333333
1396,1,0,0.0,0.0,7.0,1685.0,4.0,2,10.0,1,1,0.0,1.0
1397,5,1,2856.24,571.2479999999999,13.8,1247.8,3.8,14,7.0,3,2,0.2,0.6666666666666666
1398,4,1,663.37,165.8425,9.75,918.75,3.75,11,6.25,3,2,0.25,0.6666666666666666
1399,2,0,0.0,0.0,15.0,147.5,4.0,7,7.5,2,2,0.0,1.0
1400,2,1,527.51,263.755,16.5,858.5,3.0,5,12.5,1,0,0.5,0.0
1401,3,0,0.0,0.0,12.666666666666666,1047.0,4.0,3,5.0,1,1,0.0,1.0
1402,3,0,0.0,0.0,11.0,1374.3333333333333,4.0,6,3.3333333333333335,1,1,0.0,1.0
1403,6,2,2038.8500000000001,339.80833333333334,8.333333333333334,1110.5,4.166666666666667,12,5.833333333333333,3,1,0.3333333333333333,0.3333333333333333
1404,6,2,1646.99,274.49833333333333,11.833333333333334,712.0,4.166666666666667,16,15.833333333333334,3,1,0.3333333333333333,0.3333333333333333
1405,3,1,1296.62,432.20666666666665,10.666666666666666,499.0,4.0,11,6.666666666666667,2,1,0.3333333333333333,0.5
1406,3,0,0.0,0.0,16.333333333333332,377.0,4.0,8,5.0,1,1,0.0,1.0
1407,1,0,0.0,0.0,5.0,1008.0,4.0,2,10.0,0,0,0.0,0.0
1408,2,0,0.0,0.0,5.0,668.5,4.0,8,5.0,1,1,0.0,1.0
1409,2,0,0.0,0.0,17.0,1156.0,4.0,5,7.5,1,1,0.0,1.0
1410,5,1,162.49,32.498000000000005,10.2,925.4,3.6,13,9.0,2,1,0.2,0.5
1411,2,0,0.0,0.0,13.5,1230.0,4.0,6,2.5,1,1,0.0,1.0
1412,3,1,698.61,232.87,12.0,1168.3333333333333,3.6666666666666665,7,15.0,2,1,0.3333333333333333,0.5
1413,3,0,0.0,0.0,5.333333333333333,1243.6666666666667,4.0,9,5.0,3,3,0.0,1.0
1414,2,0,0.0,0.0,11.0,1111.0,4.0,5,10.0,2,2,0.0,1.0
1416,5,0,0.0,0.0,9.6,904.4,4.0,9,5.0,2,2,0.0,1.0
1417,5,0,0.0,0.0,14.8,672.2,4.0,10,8.0,2,2,0.0,1.0
1418,2,1,829.86,414.93,22.0,1283.5,4.5,5,17.5,2,1,0.5,0.5
1419,6,2,5203.04,867.1733333333333,9.666666666666666,830.6666666666666,3.5,14,7.5,3,1,0.3333333333333333,0.3333333333333333
1420,3,1,4219.62,1406.54,15.0,1197.0,4.0,8,3.3333333333333335,1,0,0.3333333333333333,0.0
1421,2,0,0.0,0.0,8.0,139.5,4.0,6,20.0,1,1,0.0,1.0
1422,2,1,2685.78,1342.89,7.0,1415.0,4.5,5,7.5,1,0,0.5,0.0
1423,2,1,1066.1,533.05,9.5,950.5,2.5,3,17.5,1,0,0.5,0.0
1424,2,1,513.7,256.85,19.5,1408.0,3.0,5,0.0,2,1,0.5,0.5
1425,4,1,518.32,129.58,17.0,1112.5,4.0,10,7.5,3,2,0.25,0.6666666666666666
1426,6,0,0.0,0.0,13.166666666666666,768.6666666666666,4.0,14,6.666666666666667,5,5,0.0,1.0
1427,4,1,2279.68,569.92,19.75,803.75,3.5,9,15.0,3,2,0.25,0.6666666666666666
1429,2,0,0.0,0.0,18.5,945.0,4.0,5,5.0,2,2,0.0,1.0
1430,2,1,3753.0,1876.5,15.5,472.0,3.0,5,10.0,1,0,0.5,0.0
1431,1,0,0.0,0.0,1.0,1538.0,4.0,1,0.0,1,1,0.0,1.0
1432,2,0,0.0,0.0,17.0,1338.0,4.0,4,0.0,1,1,0.0,1.0
1433,2,2,8307.94,4153.97,9.5,520.0,2.5,8,5.0,2,0,1.0,0.0
1434,3,1,2580.84,860.2800000000001,11.333333333333334,687.3333333333334,3.6666666666666665,7,6.666666666666667,1,0,0.3333333333333333,0.0
1435,1,0,0.0,0.0,4.0,1393.0,4.0,2,0.0,1,1,0.0,1.0
1436,2,1,3005.46,1502.73,14.0,524.5,4.0,6,10.0,2,1,0.5,0.5
1437,5,2,1919.23,383.846,17.8,852.8,3.8,9,9.0,4,2,0.4,0.5
1438,3,1,313.88,104.62666666666667,13.666666666666666,1319.3333333333333,4.0,4,8.333333333333334,2,1,0.3333333333333333,0.5
1439,2,0,0.0,0.0,14.5,758.0,4.0,6,12.5,1,1,0.0,1.0
1440,4,1,5960.25,1490.0625,11.75,1001.0,4.25,9,10.0,1,0,0.25,0.0
1441,3,1,503.92,167.97333333333333,12.0,1008.6666666666666,4.0,9,13.333333333333334,2,1,0.3333333333333333,0.5
1442,4,0,0.0,0.0,10.25,379.25,4.0,9,12.5,3,3,0.0,1.0
1443,3,0,0.0,0.0,14.333333333333334,900.0,4.0,7,11.666666666666666,3,3,0.0,1.0
1445,4,2,2774.91,693.7275,19.25,1218.75,3.75,7,6.25,4,2,0.5,0.5
1446,3,0,0.0,0.0,13.333333333333334,1193.6666666666667,4.0,9,10.0,1,1,0.0,1.0
1447,5,2,2317.7200000000003,463.54400000000004,16.8,553.4,4.2,11,11.0,3,1,0.4,0.3333333333333333
1448,3,0,0.0,0.0,8.333333333333334,863.3333333333334,4.0,9,16.666666666666668,2,2,0.0,1.0
1450,3,1,2384.76,794.9200000000001,10.666666666666666,620.3333333333334,4.333333333333333,12,1.6666666666666667,2,1,0.3333333333333333,0.5
1451,2,1,471.13,235.565,11.5,1287.5,4.0,4,12.5,2,1,0.5,0.5
1452,1,0,0.0,0.0,6.0,523.0,4.0,3,20.0,0,0,0.0,0.0
1453,4,0,0.0,0.0,11.75,1076.0,4.0,7,6.25,1,1,0.0,1.0
1454,6,1,2611.03,435.1716666666667,14.333333333333334,792.0,3.8333333333333335,16,16.666666666666668,3,2,0.16666666666666666,0.6666666666666666
1455,3,1,254.85,84.95,9.0,1184.6666666666667,3.3333333333333335,6,13.333333333333334,2,1,0.3333333333333333,0.5
1456,2,2,2899.21,1449.605,16.0,1511.5,4.5,3,7.5,2,0,1.0,0.0
1457,3,0,0.0,0.0,8.666666666666666,498.3333333333333,4.0,8,5.0,2,2,0.0,1.0
1458,5,2,2026.27,405.254,7.8,779.4,4.2,7,8.0,3,1,0.4,0.3333333333333333
1459,1,0,0.0,0.0,24.0,1594.0,4.0,3,0.0,0,0,0.0,0.0
1460,1,0,0.0,0.0,17.0,1420.0,4.0,2,15.0,0,0,0.0,0.0
1461,1,1,579.51,579.51,10.0,988.0,3.0,1,0.0,1,0,1.0,0.0
1462,3,2,1191.03,397.01,10.666666666666666,1306.0,4.0,7,13.333333333333334,2,0,0.6666666666666666,0.0
1463,3,1,4949.6,1649.8666666666668,11.333333333333334,1130.6666666666667,4.333333333333333,11,11.666666666666666,3,2,0.3333333333333333,0.6666666666666666
1464,5,2,1238.58,247.71599999999998,12.4,1342.6,3.8,12,4.0,4,2,0.4,0.5
1465,6,0,0.0,0.0,9.333333333333334,753.0,4.0,19,14.166666666666666,5,5,0.0,1.0
1466,2,1,1417.23,708.615,19.0,326.0,4.0,5,7.5,2,1,0.5,0.5
1467,5,2,1121.45,224.29000000000002,16.0,1026.2,4.2,12,11.0,4,2,0.4,0.5
1468,3,0,0.0,0.0,17.0,835.0,4.0,10,6.666666666666667,2,2,0.0,1.0
1469,2,0,0.0,0.0,12.5,292.0,4.0,4,0.0,1,1,0.0,1.0
1470,4,0,0.0,0.0,9.0,679.25,4.0,12,10.0,3,3,0.0,1.0
1471,3,1,1161.18,387.06,15.0,1144.0,4.333333333333333,8,15.0,2,1,0.3333333333333333,0.5
1472,3,1,220.52,73.50666666666667,17.0,1233.3333333333333,3.3333333333333335,8,18.333333333333332,1,0,0.3333333333333333,0.0
1473,3,1,1213.67,404.5566666666667,5.333333333333333,859.6666666666666,4.0,11,8.333333333333334,2,1,0.3333333333333333,0.5
1474,2,0,0.0,0.0,18.0,527.5,4.0,2,10.0,1,1,0.0,1.0
1475,1,0,0.0,0.0,16.0,471.0,4.0,3,15.0,1,1,0.0,1.0
1477,3,1,2809.28,936.4266666666667,10.666666666666666,1105.6666666666667,3.6666666666666665,10,11.666666666666666,2,1,0.3333333333333333,0.5
1478,3,1,656.62,218.87333333333333,13.333333333333334,1012.6666666666666,4.0,6,3.3333333333333335,1,0,0.3333333333333333,0.0
1479,5,1,2925.48,585.096,11.8,840.2,4.0,10,11.0,3,2,0.2,0.6666666666666666
1480,3,0,0.0,0.0,12.0,585.3333333333334,4.0,3,6.666666666666667,2,2,0.0,1.0
1482,1,0,0.0,0.0,3.0,784.0,4.0,4,10.0,1,1,0.0,1.0
1483,2,2,4226.91,2113.455,16.5,886.5,4.0,4,10.0,2,0,1.0,0.0
1484,6,2,4044.9100000000003,674.1516666666668,14.833333333333334,704.5,3.5,16,7.5,6,4,0.3333333333333333,0.6666666666666666
1485,2,0,0.0,0.0,11.0,519.0,4.0,6,0.0,1,1,0.0,1.0
1486,2,1,2089.06,1044.53,15.0,668.0,4.5,4,7.5,1,0,0.5,0.0
1487,3,1,5778.76,1926.2533333333333,16.0,961.0,4.333333333333333,10,13.333333333333334,1,0,0.3333333333333333,0.0
1488,2,0,0.0,0.0,11.5,383.0,4.0,7,7.5,2,2,0.0,1.0
1489,5,2,730.27,146.054,9.6,874.6,4.0,7,11.0,2,0,0.4,0.0
1490,4,1,1211.39,302.8475,18.75,506.0,4.0,8,11.25,3,2,0.25,0.6666666666666666
1491,2,0,0.0,0.0,13.0,737.0,4.0,4,5.0,2,2,0.0,1.0
1492,6,2,2307.7699999999995,384.6283333333333,8.833333333333334,1171.0,3.8333333333333335,11,0.0,4,2,0.3333333333333333,0.5
1493,1,1,416.59,416.59,3.0,419.0,3.0,1,0.0,1,0,1.0,0.0
1494,3,0,0.0,0.0,9.666666666666666,931.0,4.0,8,10.0,2,2,0.0,1.0
1495,2,0,0.0,0.0,13.0,883.5,4.0,6,5.0,1,1,0.0,1.0
1496,5,2,2929.2999999999997,585.8599999999999,10.6,603.6,4.2,14,2.0,3,1,0.4,0.3333333333333333
1497,2,1,5020.5,2510.25,7.0,1730.0,4.5,7,5.0,1,0,0.5,0.0
1498,4,1,5302.37,1325.5925,12.75,452.0,3.75,11,8.75,1,0,0.25,0.0
1499,5,1,131.96,26.392000000000003,18.4,941.4,4.0,12,5.0,5,4,0.2,0.8
1500,2,0,0.0,0.0,18.5,1562.0,4.0,6,5.0,1,1,0.0,1.0
1501,1,1,6016.54,6016.54,10.0,127.0,5.0,4,15.0,1,0,1.0,0.0
1502,1,0,0.0,0.0,19.0,972.0,4.0,2,30.0,1,1,0.0,1.0
1503,4,1,4151.74,1037.935,12.75,1148.0,3.75,10,8.75,4,3,0.25,0.75
1505,4,1,574.4,143.6,14.25,884.0,4.0,13,5.0,4,3,0.25,0.75
1506,5,4,11867.1,2373.42,9.8,1118.6,3.2,17,12.0,4,0,0.8,0.0
1507,1,0,0.0,0.0,13.0,965.0,4.0,4,0.0,0,0,0.0,0.0
1508,1,0,0.0,0.0,4.0,1451.0,4.0,2,15.0,1,1,0.0,1.0
1509,2,1,963.2,481.6,13.0,1218.5,4.0,5,10.0,2,1,0.5,0.5
1510,3,1,4993.48,1664.493333333333,14.666666666666666,1422.0,4.0,11,5.0,2,1,0.3333333333333333,0.5
1511,2,0,0.0,0.0,10.5,1034.0,4.0,4,5.0,0,0,0.0,0.0
1512,2,0,0.0,0.0,5.0,764.0,4.0,5,10.0,0,0,0.0,0.0
1513,4,1,165.17,41.2925,10.25,933.75,3.75,8,17.5,2,1,0.25,0.5
1514,2,0,0.0,0.0,13.0,925.5,4.0,6,7.5,2,2,0.0,1.0
1515,5,3,1602.91,320.582,16.8,1310.6,4.0,11,5.0,3,0,0.6,0.0
1516,2,0,0.0,0.0,12.0,989.5,4.0,7,10.0,0,0,0.0,0.0
1517,4,1,2029.92,507.48,11.75,762.75,4.0,12,25.0,4,3,0.25,0.75
1518,4,3,6890.76,1722.69,9.5,1506.25,4.0,11,8.75,4,1,0.75,0.25
1519,2,0,0.0,0.0,5.0,791.0,4.0,6,0.0,2,2,0.0,1.0
1520,1,0,0.0,0.0,23.0,514.0,4.0,2,0.0,0,0,0.0,0.0
1521,3,1,334.46,111.48666666666666,6.333333333333333,807.0,4.0,6,5.0,2,1,0.3333333333333333,0.5
1522,4,0,0.0,0.0,10.25,790.0,4.0,14,2.5,4,4,0.0,1.0
1523,3,1,5576.1,1858.7,9.333333333333334,987.0,4.0,6,10.0,2,1,0.3333333333333333,0.5
1524,5,1,972.99,194.598,10.2,728.0,4.0,13,10.0,2,1,0.2,0.5
1525,1,0,0.0,0.0,15.0,54.0,4.0,2,20.0,1,1,0.0,1.0
1526,4,0,0.0,0.0,8.25,634.0,4.0,12,12.5,0,0,0.0,0.0
1527,1,1,476.82,476.82,10.0,294.0,4.0,1,10.0,1,0,1.0,0.0
1528,2,0,0.0,0.0,14.0,291.0,4.0,7,5.0,1,1,0.0,1.0
1529,3,2,4588.91,1529.6366666666665,9.666666666666666,1317.6666666666667,4.0,4,0.0,3,1,0.6666666666666666,0.3333333333333333
1530,2,2,1126.92,563.46,7.5,910.5,4.5,5,7.5,2,0,1.0,0.0
1531,1,1,2598.35,2598.35,21.0,1152.0,3.0,2,10.0,1,0,1.0,0.0
1532,5,1,3212.5,642.5,9.8,892.8,4.0,12,16.0,3,2,0.2,0.6666666666666666
1533,1,1,1858.18,1858.18,8.0,989.0,4.0,4,10.0,1,0,1.0,0.0
1534,4,0,0.0,0.0,13.5,462.25,4.0,13,6.25,2,2,0.0,1.0
1535,4,0,0.0,0.0,14.25,1204.75,4.0,9,7.5,3,3,0.0,1.0
1536,1,0,0.0,0.0,11.0,504.0,4.0,2,15.0,1,1,0.0,1.0
1537,2,0,0.0,0.0,12.5,1294.5,4.0,6,17.5,1,1,0.0,1.0
1538,5,1,1661.69,332.338,17.2,762.4,4.0,13,5.0,2,1,0.2,0.5
1539,4,2,4421.79,1105.4475,16.5,732.5,3.25,8,5.0,2,0,0.5,0.0
1541,1,0,0.0,0.0,18.0,1405.0,4.0,4,10.0,1,1,0.0,1.0
1542,2,0,0.0,0.0,19.0,1252.5,4.0,4,27.5,1,1,0.0,1.0
1543,4,1,4321.89,1080.4725,11.0,713.0,4.25,13,5.0,4,3,0.25,0.75
1544,4,0,0.0,0.0,14.5,702.0,4.0,8,15.0,2,2,0.0,1.0
1545,7,2,1395.81,199.40142857142857,16.571428571428573,570.0,4.142857142857143,15,7.857142857142857,4,2,0.2857142857142857,0.5
1546,1,0,0.0,0.0,19.0,146.0,4.0,4,25.0,0,0,0.0,0.0
1547,3,0,0.0,0.0,17.666666666666668,871.0,4.0,11,21.666666666666668,2,2,0.0,1.0
1548,1,1,2348.55,2348.55,3.0,165.0,5.0,3,15.0,1,0,1.0,0.0
1550,5,2,7921.13,1584.226,13.8,729.4,4.0,14,11.0,4,2,0.4,0.5
1551,4,1,641.61,160.4025,13.5,465.75,3.75,8,20.0,4,3,0.25,0.75
1552,1,0,0.0,0.0,23.0,437.0,4.0,1,0.0,1,1,0.0,1.0
1553,2,0,0.0,0.0,10.5,849.5,4.0,6,0.0,1,1,0.0,1.0
1554,3,0,0.0,0.0,19.333333333333332,1134.6666666666667,4.0,10,6.666666666666667,1,1,0.0,1.0
1555,3,1,2601.76,867.2533333333334,14.0,578.0,4.333333333333333,7,8.333333333333334,1,0,0.3333333333333333,0.0
1556,4,0,0.0,0.0,16.5,479.0,4.0,10,6.25,2,2,0.0,1.0
1557,2,1,1890.24,945.12,17.0,733.0,2.5,5,10.0,2,1,0.5,0.5
1558,2,0,0.0,0.0,14.0,1353.0,4.0,7,12.5,1,1,0.0,1.0
1559,1,0,0.0,0.0,15.0,1440.0,4.0,2,0.0,1,1,0.0,1.0
1560,2,1,1852.44,926.22,10.5,1141.5,4.5,7,12.5,2,1,0.5,0.5
1561,2,0,0.0,0.0,5.0,1039.0,4.0,5,17.5,1,1,0.0,1.0
1562,3,0,0.0,0.0,12.666666666666666,1122.0,4.0,5,5.0,2,2,0.0,1.0
1563,3,0,0.0,0.0,15.666666666666666,785.0,4.0,10,8.333333333333334,2,2,0.0,1.0
1564,5,1,1536.96,307.392,13.6,864.2,4.0,14,11.0,2,1,0.2,0.5
1565,1,0,0.0,0.0,4.0,1566.0,4.0,4,0.0,1,1,0.0,1.0
1566,3,1,589.15,196.38333333333333,7.0,797.6666666666666,4.333333333333333,7,16.666666666666668,3,2,0.3333333333333333,0.6666666666666666
1567,1,0,0.0,0.0,14.0,929.0,4.0,4,15.0,0,0,0.0,0.0
1568,1,0,0.0,0.0,18.0,442.0,4.0,1,0.0,1,1,0.0,1.0
1569,5,1,2879.92,575.984,14.2,965.8,4.2,14,11.0,4,3,0.2,0.75
1570,3,1,3623.82,1207.94,10.333333333333334,1001.0,4.333333333333333,10,5.0,1,0,0.3333333333333333,0.0
1571,2,1,2562.31,1281.155,17.0,1048.5,3.5,5,7.5,1,0,0.5,0.0
1572,2,0,0.0,0.0,11.0,913.0,4.0,5,15.0,1,1,0.0,1.0
1573,3,0,0.0,0.0,11.0,962.0,4.0,7,6.666666666666667,2,2,0.0,1.0
1574,2,0,0.0,0.0,14.0,906.5,4.0,3,10.0,0,0,0.0,0.0
1575,4,0,0.0,0.0,9.25,1327.5,4.0,7,12.5,0,0,0.0,0.0
1576,1,0,0.0,0.0,22.0,1426.0,4.0,1,20.0,0,0,0.0,0.0
1577,4,1,1887.37,471.8425,15.75,989.75,4.0,10,1.25,3,2,0.25,0.6666666666666666
1578,1,0,0.0,0.0,4.0,74.0,4.0,1,0.0,0,0,0.0,0.0
1579,4,0,0.0,0.0,14.25,933.75,4.0,9,18.75,4,4,0.0,1.0
1580,1,0,0.0,0.0,17.0,1461.0,4.0,1,25.0,1,1,0.0,1.0
1581,2,1,956.08,478.04,11.5,1053.0,3.5,2,7.5,2,1,0.5,0.5
1582,4,0,0.0,0.0,4.25,746.5,4.0,9,5.0,3,3,0.0,1.0
1583,3,0,0.0,0.0,16.666666666666668,1274.6666666666667,4.0,10,5.0,0,0,0.0,0.0
1584,2,0,0.0,0.0,11.5,859.0,4.0,6,25.0,1,1,0.0,1.0
1585,3,1,4847.17,1615.7233333333334,16.0,1178.6666666666667,4.333333333333333,7,3.3333333333333335,2,1,0.3333333333333333,0.5
1586,4,0,0.0,0.0,9.25,873.25,4.0,9,6.25,2,2,0.0,1.0
1587,1,0,0.0,0.0,12.0,268.0,4.0,1,0.0,1,1,0.0,1.0
1588,1,0,0.0,0.0,2.0,220.0,4.0,2,5.0,0,0,0.0,0.0
1589,3,1,1146.6,382.2,9.666666666666666,634.0,4.333333333333333,4,3.3333333333333335,3,2,0.3333333333333333,0.6666666666666666
1591,3,0,0.0,0.0,19.666666666666668,1146.3333333333333,4.0,9,8.333333333333334,2,2,0.0,1.0
1592,2,0,0.0,0.0,13.0,1219.0,4.0,5,2.5,1,1,0.0,1.0
1593,4,0,0.0,0.0,9.75,1396.5,4.0,10,7.5,3,3,0.0,1.0
1594,5,0,0.0,0.0,15.4,1385.4,4.0,17,3.0,2,2,0.0,1.0
1595,2,1,253.56,126.78,16.0,1225.0,3.0,6,22.5,2,1,0.5,0.5
1596,1,0,0.0,0.0,24.0,1579.0,4.0,3,10.0,0,0,0.0,0.0
1597,4,0,0.0,0.0,14.25,808.5,4.0,12,13.75,3,3,0.0,1.0
1598,5,0,0.0,0.0,12.6,1180.8,4.0,12,9.0,2,2,0.0,1.0
1599,4,2,3167.7400000000002,791.9350000000001,14.5,755.5,4.0,7,8.75,4,2,0.5,0.5
1600,2,1,970.88,485.44,14.0,277.0,2.5,5,0.0,1,0,0.5,0.0
1601,2,1,1166.22,583.11,14.0,421.0,4.5,4,12.5,2,1,0.5,0.5
1602,2,0,0.0,0.0,17.5,531.0,4.0,3,0.0,1,1,0.0,1.0
1603,1,0,0.0,0.0,2.0,522.0,4.0,4,0.0,1,1,0.0,1.0
1604,5,1,425.65,85.13,7.2,969.6,4.0,8,11.0,2,1,0.2,0.5
1605,2,0,0.0,0.0,17.5,943.0,4.0,6,5.0,1,1,0.0,1.0
1606,2,0,0.0,0.0,18.0,716.5,4.0,3,12.5,1,1,0.0,1.0
1607,4,1,766.55,191.6375,11.75,1076.25,4.25,9,5.0,3,2,0.25,0.6666666666666666
1608,5,4,8634.02,1726.804,12.4,630.4,3.8,16,8.0,4,0,0.8,0.0
1609,2,0,0.0,0.0,11.0,789.0,4.0,7,5.0,1,1,0.0,1.0
1610,1,0,0.0,0.0,23.0,94.0,4.0,4,0.0,0,0,0.0,0.0
1611,5,0,0.0,0.0,10.8,419.4,4.0,13,12.0,3,3,0.0,1.0
1612,2,1,2539.1,1269.55,12.5,411.5,4.0,7,12.5,2,1,0.5,0.5
1613,3,2,2440.56,813.52,18.666666666666668,915.6666666666666,3.3333333333333335,7,0.0,3,1,0.6666666666666666,0.3333333333333333
1614,2,0,0.0,0.0,6.0,845.0,4.0,7,0.0,1,1,0.0,1.0
1615,5,1,2330.22,466.044,16.4,651.8,4.2,11,19.0,3,2,0.2,0.6666666666666666
1616,2,0,0.0,0.0,17.0,423.5,4.0,6,2.5,2,2,0.0,1.0
1617,1,0,0.0,0.0,8.0,714.0,4.0,2,25.0,1,1,0.0,1.0
1618,3,2,1529.82,509.94,14.666666666666666,932.0,3.3333333333333335,7,15.0,2,0,0.6666666666666666,0.0
1619,2,0,0.0,0.0,9.0,567.5,4.0,5,12.5,1,1,0.0,1.0
1620,3,1,4390.95,1463.6499999999999,12.666666666666666,920.0,4.0,7,3.3333333333333335,3,2,0.3333333333333333,0.6666666666666666
1621,1,0,0.0,0.0,3.0,617.0,4.0,2,10.0,1,1,0.0,1.0
1622,4,1,1951.13,487.7825,11.5,1088.25,4.0,12,13.75,1,0,0.25,0.0
1623,3,0,0.0,0.0,13.666666666666666,601.3333333333334,4.0,6,1.6666666666666667,1,1,0.0,1.0
1624,4,2,1483.5700000000002,370.89250000000004,13.0,932.25,4.0,9,5.0,3,1,0.5,0.3333333333333333
1625,2,0,0.0,0.0,14.0,365.5,4.0,3,12.5,1,1,0.0,1.0
1626,5,0,0.0,0.0,11.8,825.8,4.0,15,8.0,3,3,0.0,1.0
1627,1,1,1327.0,1327.0,22.0,802.0,5.0,2,25.0,1,0,1.0,0.0
1628,6,0,0.0,0.0,12.333333333333334,1022.8333333333334,4.0,12,12.5,5,5,0.0,1.0
1629,3,1,432.01,144.00333333333333,16.333333333333332,886.0,3.3333333333333335,5,11.666666666666666,3,2,0.3333333333333333,0.6666666666666666
1630,3,0,0.0,0.0,11.333333333333334,480.0,4.0,8,10.0,1,1,0.0,1.0
1631,3,1,2336.52,778.84,16.333333333333332,1277.6666666666667,4.333333333333333,11,1.6666666666666667,1,0,0.3333333333333333,0.0
1632,5,2,1683.59,336.71799999999996,12.4,817.2,3.8,11,11.0,3,1,0.4,0.3333333333333333
1633,1,0,0.0,0.0,7.0,1566.0,4.0,3,30.0,1,1,0.0,1.0
1634,6,0,0.0,0.0,11.0,760.5,4.0,15,13.333333333333334,3,3,0.0,1.0
1635,5,2,1696.4,339.28000000000003,9.8,890.6,4.2,11,9.0,5,3,0.4,0.6
1636,2,0,0.0,0.0,6.0,812.5,4.0,6,5.0,1,1,0.0,1.0
1637,2,0,0.0,0.0,23.0,439.0,4.0,6,2.5,1,1,0.0,1.0
1638,2,0,0.0,0.0,13.5,953.0,4.0,7,7.5,1,1,0.0,1.0
1639,3,0,0.0,0.0,11.666666666666666,611.3333333333334,4.0,11,0.0,2,2,0.0,1.0
1640,2,1,765.98,382.99,18.0,1462.0,4.0,4,10.0,2,1,0.5,0.5
1641,4,1,1094.88,273.72,14.75,1204.25,4.25,12,11.25,4,3,0.25,0.75
1642,2,0,0.0,0.0,16.0,1340.5,4.0,4,10.0,0,0,0.0,0.0
1643,2,0,0.0,0.0,5.5,974.5,4.0,2,12.5,2,2,0.0,1.0
1644,4,2,1552.99,388.2475,8.75,902.5,3.5,10,17.5,4,2,0.5,0.5
1645,2,1,3067.74,1533.87,15.0,843.5,3.5,8,12.5,2,1,0.5,0.5
1646,8,2,5386.24,673.28,13.0,621.75,3.875,21,7.5,4,2,0.25,0.5
1647,3,2,3613.1000000000004,1204.3666666666668,10.333333333333334,1119.3333333333333,3.6666666666666665,6,10.0,3,1,0.6666666666666666,0.3333333333333333
1648,2,0,0.0,0.0,11.5,1176.0,4.0,4,7.5,1,1,0.0,1.0
1649,2,1,1929.76,964.88,10.5,846.5,3.0,3,10.0,2,1,0.5,0.5
1651,2,0,0.0,0.0,16.5,1019.0,4.0,7,10.0,0,0,0.0,0.0
1652,4,0,0.0,0.0,10.75,793.5,4.0,9,2.5,2,2,0.0,1.0
1653,1,0,0.0,0.0,14.0,1105.0,4.0,2,0.0,1,1,0.0,1.0
1655,2,0,0.0,0.0,16.0,981.0,4.0,3,12.5,1,1,0.0,1.0
1656,3,0,0.0,0.0,13.666666666666666,103.33333333333333,4.0,10,0.0,3,3,0.0,1.0
1657,3,2,1068.19,356.06333333333333,13.0,1091.0,4.666666666666667,6,3.3333333333333335,3,1,0.6666666666666666,0.3333333333333333
1658,2,1,1048.12,524.06,19.0,1014.0,4.0,6,2.5,2,1,0.5,0.5
1659,5,1,809.91,161.982,10.6,789.4,3.4,15,11.0,3,2,0.2,0.6666666666666666
1660,1,0,0.0,0.0,19.0,1046.0,4.0,3,0.0,0,0,0.0,0.0
1661,5,3,10152.52,2030.5040000000001,14.2,1171.0,4.4,18,3.0,4,1,0.6,0.25
1662,3,0,0.0,0.0,17.333333333333332,839.3333333333334,4.0,6,10.0,2,2,0.0,1.0
1663,3,0,0.0,0.0,12.333333333333334,888.3333333333334,4.0,10,5.0,1,1,0.0,1.0
1664,2,0,0.0,0.0,15.0,1016.5,4.0,7,5.0,1,1,0.0,1.0
1665,3,0,0.0,0.0,17.0,636.0,4.0,7,11.666666666666666,2,2,0.0,1.0
1666,6,0,0.0,0.0,13.333333333333334,987.6666666666666,4.0,9,10.0,2,2,0.0,1.0
1667,3,1,3170.98,1056.9933333333333,12.666666666666666,961.6666666666666,4.0,7,6.666666666666667,2,1,0.3333333333333333,0.5
1668,3,1,722.8,240.9333333333333,11.333333333333334,1243.0,4.0,8,6.666666666666667,2,1,0.3333333333333333,0.5
1669,1,0,0.0,0.0,16.0,297.0,4.0,3,0.0,1,1,0.0,1.0
1671,3,0,0.0,0.0,13.333333333333334,491.0,4.0,8,11.666666666666666,1,1,0.0,1.0
1672,4,1,807.22,201.805,16.75,898.75,4.0,6,15.0,3,2,0.25,0.6666666666666666
1673,1,1,1104.84,1104.84,22.0,304.0,2.0,4,0.0,1,0,1.0,0.0
1674,4,0,0.0,0.0,13.75,969.25,4.0,11,6.25,3,3,0.0,1.0
1675,5,2,5207.360000000001,1041.4720000000002,11.6,641.6,4.0,13,7.0,4,2,0.4,0.5
1676,2,2,3942.9700000000003,1971.4850000000001,12.5,756.5,4.0,5,10.0,2,0,1.0,0.0
1677,3,0,0.0,0.0,19.666666666666668,761.6666666666666,4.0,6,15.0,3,3,0.0,1.0
1678,2,0,0.0,0.0,10.5,1047.5,4.0,5,7.5,1,1,0.0,1.0
1679,3,0,0.0,0.0,16.0,1063.6666666666667,4.0,6,3.3333333333333335,1,1,0.0,1.0
1680,2,0,0.0,0.0,7.5,1161.0,4.0,7,10.0,2,2,0.0,1.0
1681,2,1,407.71,203.855,20.0,1142.0,4.0,3,20.0,1,0,0.5,0.0
1682,3,1,2536.28,845.4266666666667,13.333333333333334,847.0,4.0,5,13.333333333333334,3,2,0.3333333333333333,0.6666666666666666
1683,3,1,1929.0,643.0,11.333333333333334,723.3333333333334,3.3333333333333335,8,10.0,2,1,0.3333333333333333,0.5
1684,2,0,0.0,0.0,19.0,896.5,4.0,4,12.5,0,0,0.0,0.0
1687,2,1,1318.78,659.39,9.5,176.5,2.5,6,0.0,1,0,0.5,0.0
1688,3,1,1141.31,380.43666666666667,19.333333333333332,672.0,4.333333333333333,9,10.0,2,1,0.3333333333333333,0.5
1689,3,0,0.0,0.0,15.0,487.6666666666667,4.0,7,10.0,2,2,0.0,1.0
1690,5,2,3004.06,600.812,16.4,996.2,3.8,12,9.0,2,0,0.4,0.0
1691,2,0,0.0,0.0,12.0,559.0,4.0,4,15.0,1,1,0.0,1.0
1692,5,0,0.0,0.0,15.8,746.0,4.0,11,13.0,4,4,0.0,1.0
1693,2,0,0.0,0.0,11.0,1266.0,4.0,5,0.0,1,1,0.0,1.0
1694,4,1,3849.17,962.2925,9.0,546.0,4.0,8,7.5,1,0,0.25,0.0
1695,2,1,725.39,362.695,3.0,377.5,4.5,5,2.5,1,0,0.5,0.0
1696,3,0,0.0,0.0,13.333333333333334,997.6666666666666,4.0,6,15.0,2,2,0.0,1.0
1697,3,1,1989.62,663.2066666666666,16.333333333333332,1493.0,3.6666666666666665,5,0.0,2,1,0.3333333333333333,0.5
1698,2,2,4020.0,2010.0,20.5,743.0,3.5,4,0.0,2,0,1.0,0.0
1699,2,1,1136.57,568.285,14.0,458.0,4.5,5,17.5,1,0,0.5,0.0
1700,2,0,0.0,0.0,5.5,372.5,4.0,5,5.0,1,1,0.0,1.0
1701,1,0,0.0,0.0,16.0,286.0,4.0,2,10.0,0,0,0.0,0.0
1702,2,2,805.1700000000001,402.58500000000004,6.0,779.5,5.0,3,10.0,2,0,1.0,0.0
1703,4,1,2702.64,675.66,17.25,1272.5,4.0,12,6.25,3,2,0.25,0.6666666666666666
1704,1,0,0.0,0.0,13.0,1288.0,4.0,2,20.0,1,1,0.0,1.0
1705,1,0,0.0,0.0,8.0,1537.0,4.0,4,5.0,0,0,0.0,0.0
1706,5,1,1735.8,347.15999999999997,12.2,745.4,3.8,12,6.0,1,0,0.2,0.0
1707,2,0,0.0,0.0,10.0,1297.0,4.0,3,10.0,0,0,0.0,0.0
1708,3,2,1565.29,521.7633333333333,17.0,895.6666666666666,4.0,6,10.0,2,0,0.6666666666666666,0.0
1709,2,1,1876.09,938.045,6.5,638.0,4.0,7,17.5,2,1,0.5,0.5
1710,2,1,6703.32,3351.66,9.5,1109.0,3.5,8,0.0,1,0,0.5,0.0
1711,5,3,1730.48,346.096,12.4,963.4,4.0,9,8.0,4,1,0.6,0.25
1712,6,1,3794.86,632.4766666666667,12.333333333333334,979.6666666666666,4.0,17,0.8333333333333334,2,1,0.16666666666666666,0.5
1713,3,1,1641.2,547.0666666666667,12.666666666666666,688.6666666666666,4.0,9,3.3333333333333335,1,0,0.3333333333333333,0.0
1714,1,0,0.0,0.0,18.0,570.0,4.0,2,25.0,1,1,0.0,1.0
1715,4,0,0.0,0.0,15.75,337.5,4.0,12,10.0,1,1,0.0,1.0
1716,2,0,0.0,0.0,6.0,916.0,4.0,3,15.0,1,1,0.0,1.0
1717,4,0,0.0,0.0,11.25,1094.75,4.0,7,6.25,1,1,0.0,1.0
1719,3,2,4606.89,1535.63,9.333333333333334,978.3333333333334,2.3333333333333335,8,8.333333333333334,2,0,0.6666666666666666,0.0
1720,4,1,2791.04,697.76,14.0,922.5,4.25,8,12.5,2,1,0.25,0.5
1721,1,0,0.0,0.0,5.0,618.0,4.0,3,10.0,1,1,0.0,1.0
1722,2,2,2146.9700000000003,1073.4850000000001,16.0,1572.5,2.5,5,15.0,2,0,1.0,0.0
1723,3,1,365.57,121.85666666666667,11.0,819.6666666666666,3.6666666666666665,8,3.3333333333333335,3,2,0.3333333333333333,0.6666666666666666
1724,1,0,0.0,0.0,5.0,1138.0,4.0,1,0.0,1,1,0.0,1.0
1725,1,0,0.0,0.0,4.0,908.0,4.0,4,20.0,1,1,0.0,1.0
1726,4,0,0.0,0.0,9.0,1090.25,4.0,10,6.25,1,1,0.0,1.0
1727,5,0,0.0,0.0,9.0,927.2,4.0,10,13.0,3,3,0.0,1.0
1728,2,1,4775.0,2387.5,22.0,1721.5,4.5,7,7.5,1,0,0.5,0.0
1729,1,0,0.0,0.0,15.0,1161.0,4.0,4,15.0,0,0,0.0,0.0
1730,3,1,681.53,227.17666666666665,18.666666666666668,757.6666666666666,3.0,3,15.0,2,1,0.3333333333333333,0.5
1731,3,1,1130.1,376.7,13.666666666666666,669.0,3.3333333333333335,8,10.0,2,1,0.3333333333333333,0.5
1732,2,1,415.91,207.955,22.0,342.0,3.0,3,7.5,2,1,0.5,0.5
1733,2,1,688.34,344.17,15.5,936.0,4.5,2,7.5,2,1,0.5,0.5
1734,5,0,0.0,0.0,12.8,1007.2,4.0,10,5.0,3,3,0.0,1.0
1735,2,0,0.0,0.0,19.5,591.0,4.0,4,7.5,1,1,0.0,1.0
1736,1,1,2510.82,2510.82,1.0,286.0,4.0,3,30.0,1,0,1.0,0.0
1737,2,0,0.0,0.0,21.0,712.0,4.0,5,5.0,0,0,0.0,0.0
1738,3,3,13800.96,4600.32,14.666666666666666,1403.0,2.6666666666666665,9,0.0,3,0,1.0,0.0
1740,2,0,0.0,0.0,17.0,149.5,4.0,7,5.0,0,0,0.0,0.0
1741,5,0,0.0,0.0,18.2,1457.6,4.0,16,11.0,2,2,0.0,1.0
1742,2,1,1286.8,643.4,6.0,1661.5,3.0,6,10.0,2,1,0.5,0.5
1743,3,0,0.0,0.0,14.0,566.0,4.0,5,16.666666666666668,3,3,0.0,1.0
1744,1,0,0.0,0.0,8.0,1599.0,4.0,1,0.0,0,0,0.0,0.0
1745,4,2,1012.98,253.245,12.0,1258.5,4.0,13,7.5,3,1,0.5,0.3333333333333333
1746,3,1,288.04,96.01333333333334,16.666666666666668,553.3333333333334,4.0,7,11.666666666666666,2,1,0.3333333333333333,0.5
1747,3,3,5489.889999999999,1829.9633333333331,13.666666666666666,811.6666666666666,4.0,7,6.666666666666667,3,0,1.0,0.0
1748,3,0,0.0,0.0,19.0,833.6666666666666,4.0,8,11.666666666666666,0,0,0.0,0.0
1749,3,1,882.81,294.27,12.0,649.6666666666666,3.6666666666666665,6,10.0,2,1,0.3333333333333333,0.5
1750,1,0,0.0,0.0,2.0,1003.0,4.0,2,10.0,1,1,0.0,1.0
1751,5,1,1128.93,225.786,7.2,997.8,4.2,10,2.0,3,2,0.2,0.6666666666666666
1752,1,0,0.0,0.0,10.0,201.0,4.0,3,0.0,0,0,0.0,0.0
1753,1,0,0.0,0.0,2.0,1099.0,4.0,2,15.0,1,1,0.0,1.0
1754,3,0,0.0,0.0,10.666666666666666,1398.3333333333333,4.0,9,3.3333333333333335,1,1,0.0,1.0
1755,2,0,0.0,0.0,7.5,660.5,4.0,5,10.0,1,1,0.0,1.0
1756,2,1,666.3,333.15,9.5,669.5,4.5,7,12.5,2,1,0.5,0.5
1757,2,1,794.94,397.47,11.5,889.0,3.0,4,7.5,1,0,0.5,0.0
1758,1,0,0.0,0.0,14.0,891.0,4.0,2,20.0,0,0,0.0,0.0
1759,4,1,922.11,230.5275,21.5,610.75,4.0,12,11.25,2,1,0.25,0.5
1760,2,0,0.0,0.0,12.5,534.0,4.0,8,2.5,0,0,0.0,0.0
1761,3,0,0.0,0.0,9.0,937.0,4.0,9,11.666666666666666,3,3,0.0,1.0
1762,2,1,4314.87,2157.435,7.0,414.5,4.0,5,10.0,2,1,0.5,0.5
1763,5,1,5219.03,1043.806,7.4,605.4,3.8,14,8.0,2,1,0.2,0.5
1764,4,1,1182.76,295.69,13.25,641.5,4.0,12,13.75,3,2,0.25,0.6666666666666666
1765,4,3,6114.2,1528.55,13.25,1160.75,3.75,11,0.0,4,1,0.75,0.25
1766,4,1,606.83,151.7075,15.5,1104.5,3.75,15,5.0,3,2,0.25,0.6666666666666666
1767,2,1,537.62,268.81,23.5,248.5,4.0,4,7.5,1,0,0.5,0.0
1768,1,0,0.0,0.0,15.0,941.0,4.0,2,15.0,0,0,0.0,0.0
1769,1,0,0.0,0.0,16.0,1664.0,4.0,1,10.0,0,0,0.0,0.0
1770,2,1,678.33,339.165,4.0,1541.0,4.0,6,2.5,1,0,0.5,0.0
1772,4,0,0.0,0.0,9.5,1176.0,4.0,12,5.0,1,1,0.0,1.0
1773,5,4,4761.9400000000005,952.3880000000001,10.2,948.0,3.8,12,13.0,5,1,0.8,0.2
1774,2,0,0.0,0.0,4.5,577.0,4.0,5,2.5,2,2,0.0,1.0
1775,1,0,0.0,0.0,12.0,1746.0,4.0,2,15.0,1,1,0.0,1.0
1776,4,0,0.0,0.0,14.75,825.5,4.0,10,7.5,3,3,0.0,1.0
1777,5,1,150.84,30.168,17.6,1116.8,3.4,16,10.0,4,3,0.2,0.75
1778,1,1,1006.0,1006.0,17.0,346.0,4.0,2,10.0,1,0,1.0,0.0
1779,1,0,0.0,0.0,9.0,1449.0,4.0,4,0.0,1,1,0.0,1.0
1780,4,1,3213.85,803.4625,9.25,1069.25,4.0,8,15.0,3,2,0.25,0.6666666666666666
1781,6,1,752.89,125.48166666666667,19.666666666666668,1047.5,3.8333333333333335,12,10.0,4,3,0.16666666666666666,0.75
1782,1,0,0.0,0.0,5.0,1028.0,4.0,2,25.0,1,1,0.0,1.0
1783,2,1,958.94,479.47,6.5,1475.0,4.5,3,15.0,2,1,0.5,0.5
1784,3,0,0.0,0.0,12.333333333333334,382.0,4.0,8,8.333333333333334,2,2,0.0,1.0
1785,2,0,0.0,0.0,13.0,965.0,4.0,2,7.5,1,1,0.0,1.0
1786,2,2,2626.37,1313.185,15.5,244.5,4.5,5,15.0,2,0,1.0,0.0
1787,3,1,1424.09,474.69666666666666,8.0,171.0,4.0,5,8.333333333333334,2,1,0.3333333333333333,0.5
1788,3,1,632.04,210.67999999999998,14.333333333333334,791.3333333333334,3.6666666666666665,7,15.0,1,0,0.3333333333333333,0.0
1789,4,1,4764.74,1191.185,15.75,705.0,4.25,10,8.75,2,1,0.25,0.5
1790,2,0,0.0,0.0,11.5,1529.0,4.0,2,10.0,1,1,0.0,1.0
1791,1,0,0.0,0.0,7.0,868.0,4.0,4,15.0,1,1,0.0,1.0
1792,1,0,0.0,0.0,22.0,580.0,4.0,2,0.0,1,1,0.0,1.0
1793,1,0,0.0,0.0,7.0,567.0,4.0,3,0.0,1,1,0.0,1.0
1794,2,0,0.0,0.0,7.5,1436.0,4.0,3,7.5,1,1,0.0,1.0
1795,4,1,527.61,131.9025,11.75,445.25,3.75,8,7.5,2,1,0.25,0.5
1797,4,1,2043.63,510.9075,13.25,638.75,4.0,10,18.75,2,1,0.25,0.5
1798,3,1,3230.25,1076.75,13.333333333333334,799.0,3.6666666666666665,8,15.0,2,1,0.3333333333333333,0.5
1799,6,0,0.0,0.0,18.0,990.8333333333334,4.0,11,8.333333333333334,3,3,0.0,1.0
1800,3,1,1153.65,384.55,8.666666666666666,949.6666666666666,3.3333333333333335,9,21.666666666666668,1,0,0.3333333333333333,0.0
1801,2,1,2547.22,1273.61,13.0,1489.5,4.0,4,0.0,2,1,0.5,0.5
1802,2,1,1337.24,668.62,5.5,989.5,3.5,2,7.5,2,1,0.5,0.5
1803,6,1,2206.11,367.685,16.166666666666668,1016.3333333333334,4.0,12,10.833333333333334,5,4,0.16666666666666666,0.8
1804,3,0,0.0,0.0,10.666666666666666,846.0,4.0,6,5.0,0,0,0.0,0.0
1805,1,0,0.0,0.0,21.0,1564.0,4.0,2,15.0,1,1,0.0,1.0
1806,1,0,0.0,0.0,4.0,1709.0,4.0,3,0.0,0,0,0.0,0.0
1807,2,0,0.0,0.0,17.0,1564.0,4.0,5,7.5,2,2,0.0,1.0
1808,3,1,506.2,168.73333333333332,16.333333333333332,712.6666666666666,4.0,4,5.0,1,0,0.3333333333333333,0.0
1809,1,0,0.0,0.0,10.0,182.0,4.0,1,0.0,0,0,0.0,0.0
1810,4,0,0.0,0.0,14.5,1066.75,4.0,10,3.75,1,1,0.0,1.0
1811,4,2,2675.0099999999998,668.7524999999999,20.0,1086.75,4.25,9,10.0,2,0,0.5,0.0
1812,3,1,1980.48,660.16,20.333333333333332,965.3333333333334,4.0,8,0.0,2,1,0.3333333333333333,0.5
1813,5,0,0.0,0.0,13.4,650.0,4.0,15,5.0,3,3,0.0,1.0
1814,5,2,2276.38,455.276,15.2,1218.8,4.0,10,10.0,4,2,0.4,0.5
1815,4,1,1156.8,289.2,17.75,895.0,4.0,15,6.25,2,1,0.25,0.5
1816,2,0,0.0,0.0,11.5,1089.0,4.0,3,15.0,1,1,0.0,1.0
1817,1,0,0.0,0.0,15.0,62.0,4.0,2,0.0,0,0,0.0,0.0
1818,2,0,0.0,0.0,16.0,481.5,4.0,4,15.0,2,2,0.0,1.0
1819,2,1,3192.12,1596.06,10.0,1061.0,4.0,8,10.0,2,1,0.5,0.5
1820,3,0,0.0,0.0,13.666666666666666,1126.3333333333333,4.0,8,6.666666666666667,2,2,0.0,1.0
1823,5,2,2421.66,484.332,12.8,1106.4,4.0,13,11.0,5,3,0.4,0.6
1824,1,0,0.0,0.0,5.0,1677.0,4.0,4,0.0,0,0,0.0,0.0
1825,4,2,2864.42,716.105,15.75,1248.25,3.75,6,7.5,3,1,0.5,0.3333333333333333
1826,4,0,0.0,0.0,18.0,1386.5,4.0,11,12.5,2,2,0.0,1.0
1827,1,0,0.0,0.0,7.0,1088.0,4.0,4,0.0,1,1,0.0,1.0
1829,2,1,1398.4,699.2,12.0,517.5,4.5,5,25.0,2,1,0.5,0.5
1830,2,2,1788.8899999999999,894.4449999999999,6.0,436.5,5.0,4,5.0,2,0,1.0,0.0
1831,1,0,0.0,0.0,17.0,80.0,4.0,2,0.0,0,0,0.0,0.0
1832,6,1,1846.82,307.80333333333334,6.666666666666667,1017.8333333333334,4.0,15,15.0,2,1,0.16666666666666666,0.5
1833,2,0,0.0,0.0,10.5,840.0,4.0,5,5.0,1,1,0.0,1.0
1834,5,2,1904.63,380.92600000000004,8.0,955.8,4.0,13,11.0,4,2,0.4,0.5
1835,2,1,177.68,88.84,12.0,1116.5,4.0,5,7.5,2,1,0.5,0.5
1836,1,0,0.0,0.0,12.0,434.0,4.0,1,10.0,1,1,0.0,1.0
1837,2,1,343.86,171.93,13.5,1031.0,4.0,2,12.5,2,1,0.5,0.5
1838,3,0,0.0,0.0,9.666666666666666,1474.6666666666667,4.0,4,11.666666666666666,2,2,0.0,1.0
1839,3,1,756.53,252.17666666666665,9.333333333333334,1037.3333333333333,4.0,6,5.0,2,1,0.3333333333333333,0.5
1840,3,2,6283.03,2094.3433333333332,6.333333333333333,962.3333333333334,3.0,8,5.0,3,1,0.6666666666666666,0.3333333333333333
1841,3,1,689.02,229.67333333333332,15.0,691.0,4.333333333333333,4,13.333333333333334,3,2,0.3333333333333333,0.6666666666666666
1842,4,2,2288.83,572.2075,5.75,1070.25,4.25,6,12.5,3,1,0.5,0.3333333333333333
1843,2,0,0.0,0.0,9.5,459.0,4.0,4,0.0,2,2,0.0,1.0
1844,2,0,0.0,0.0,15.0,649.0,4.0,8,5.0,2,2,0.0,1.0
1845,2,0,0.0,0.0,13.5,726.5,4.0,6,15.0,0,0,0.0,0.0
1846,4,1,2908.1,727.025,8.75,1114.75,4.25,14,10.0,2,1,0.25,0.5
1847,3,0,0.0,0.0,11.0,826.3333333333334,4.0,7,10.0,2,2,0.0,1.0
1848,2,0,0.0,0.0,10.5,385.0,4.0,8,2.5,2,2,0.0,1.0
1849,2,0,0.0,0.0,17.0,170.5,4.0,5,10.0,2,2,0.0,1.0
1850,2,0,0.0,0.0,9.5,1021.5,4.0,5,5.0,1,1,0.0,1.0
1851,3,1,5448.2,1816.0666666666666,12.666666666666666,249.33333333333334,4.333333333333333,7,0.0,2,1,0.3333333333333333,0.5
1852,3,0,0.0,0.0,11.666666666666666,624.0,4.0,6,18.333333333333332,1,1,0.0,1.0
1853,5,2,3799.8199999999997,759.9639999999999,12.4,570.2,3.8,16,8.0,3,1,0.4,0.3333333333333333
1854,2,2,4694.13,2347.065,21.0,905.0,4.5,6,0.0,2,0,1.0,0.0
1855,6,0,0.0,0.0,9.666666666666666,833.5,4.0,14,11.666666666666666,2,2,0.0,1.0
1856,4,1,1251.12,312.78,15.75,593.0,4.25,8,5.0,3,2,0.25,0.6666666666666666
1857,5,0,0.0,0.0,12.2,1032.6,4.0,18,11.0,2,2,0.0,1.0
1858,2,0,0.0,0.0,20.0,1166.5,4.0,7,25.0,1,1,0.0,1.0
1859,4,0,0.0,0.0,14.75,841.5,4.0,9,7.5,2,2,0.0,1.0
1860,1,0,0.0,0.0,13.0,305.0,4.0,3,0.0,1,1,0.0,1.0
1861,5,2,6969.4400000000005,1393.8880000000001,17.0,1418.6,4.0,15,6.0,3,1,0.4,0.3333333333333333
1862,4,1,787.95,196.9875,11.5,855.0,4.0,13,7.5,2,1,0.25,0.5
1863,3,0,0.0,0.0,11.333333333333334,744.3333333333334,4.0,5,3.3333333333333335,1,1,0.0,1.0
1864,2,0,0.0,0.0,15.0,1329.0,4.0,6,12.5,1,1,0.0,1.0
1865,1,1,934.29,934.29,2.0,975.0,5.0,2,20.0,1,0,1.0,0.0
1867,3,1,1414.74,471.58,17.666666666666668,611.0,3.6666666666666665,5,15.0,3,2,0.3333333333333333,0.6666666666666666
1868,4,1,550.28,137.57,16.75,1300.0,4.25,7,13.75,2,1,0.25,0.5
1869,2,0,0.0,0.0,13.0,1022.5,4.0,6,7.5,2,2,0.0,1.0
1870,2,0,0.0,0.0,11.5,719.0,4.0,5,5.0,1,1,0.0,1.0
1871,2,0,0.0,0.0,14.0,1441.5,4.0,3,2.5,2,2,0.0,1.0
1872,5,0,0.0,0.0,20.6,978.4,4.0,10,10.0,2,2,0.0,1.0
1873,2,1,4479.51,2239.755,20.5,703.0,4.5,6,0.0,1,0,0.5,0.0
1874,3,1,742.85,247.61666666666667,11.0,1279.0,4.0,6,20.0,2,1,0.3333333333333333,0.5
1875,1,0,0.0,0.0,24.0,776.0,4.0,4,20.0,1,1,0.0,1.0
1876,1,0,0.0,0.0,5.0,1091.0,4.0,3,0.0,1,1,0.0,1.0
1877,2,0,0.0,0.0,12.5,1148.0,4.0,5,7.5,1,1,0.0,1.0
1879,2,0,0.0,0.0,12.0,1433.5,4.0,5,15.0,1,1,0.0,1.0
1880,3,1,7776.56,2592.186666666667,9.333333333333334,845.0,4.333333333333333,9,8.333333333333334,2,1,0.3333333333333333,0.5
1881,3,1,2444.0,814.6666666666666,11.333333333333334,857.3333333333334,4.0,8,23.333333333333332,3,2,0.3333333333333333,0.6666666666666666
1882,1,0,0.0,0.0,24.0,1632.0,4.0,2,0.0,1,1,0.0,1.0
1884,6,0,0.0,0.0,9.666666666666666,1031.3333333333333,4.0,13,16.666666666666668,4,4,0.0,1.0
1885,3,1,773.51,257.83666666666664,17.666666666666668,481.3333333333333,4.0,10,15.0,3,2,0.3333333333333333,0.6666666666666666
1886,1,1,3758.12,3758.12,15.0,1524.0,5.0,2,0.0,1,0,1.0,0.0
1887,2,0,0.0,0.0,10.5,975.0,4.0,7,17.5,1,1,0.0,1.0
1888,2,0,0.0,0.0,6.5,1045.0,4.0,5,2.5,0,0,0.0,0.0
1889,2,1,3985.24,1992.62,14.5,1251.0,4.0,8,0.0,2,1,0.5,0.5
1890,5,1,1673.45,334.69,9.2,951.4,4.0,16,17.0,3,2,0.2,0.6666666666666666
1891,5,0,0.0,0.0,16.0,735.0,4.0,12,3.0,2,2,0.0,1.0
1892,1,0,0.0,0.0,21.0,1431.0,4.0,1,5.0,1,1,0.0,1.0
1893,1,0,0.0,0.0,22.0,408.0,4.0,2,5.0,1,1,0.0,1.0
1894,1,1,3616.48,3616.48,21.0,1530.0,5.0,4,15.0,1,0,1.0,0.0
1895,1,0,0.0,0.0,14.0,1758.0,4.0,4,0.0,1,1,0.0,1.0
1897,1,0,0.0,0.0,16.0,1682.0,4.0,3,25.0,1,1,0.0,1.0
1898,3,0,0.0,0.0,6.666666666666667,951.6666666666666,4.0,10,8.333333333333334,1,1,0.0,1.0
1899,4,1,3473.2,868.3,11.75,929.5,4.0,16,10.0,2,1,0.25,0.5
1900,4,0,0.0,0.0,13.5,1045.0,4.0,11,15.0,1,1,0.0,1.0
1901,3,0,0.0,0.0,14.333333333333334,961.0,4.0,8,13.333333333333334,1,1,0.0,1.0
1902,2,0,0.0,0.0,13.5,756.5,4.0,4,12.5,1,1,0.0,1.0
1903,3,1,611.98,203.99333333333334,10.666666666666666,1093.0,4.333333333333333,6,10.0,2,1,0.3333333333333333,0.5
1904,2,0,0.0,0.0,12.5,948.0,4.0,4,17.5,1,1,0.0,1.0
1905,1,0,0.0,0.0,23.0,561.0,4.0,2,25.0,0,0,0.0,0.0
1906,3,0,0.0,0.0,8.0,521.3333333333334,4.0,10,15.0,1,1,0.0,1.0
1907,1,0,0.0,0.0,22.0,1223.0,4.0,1,0.0,0,0,0.0,0.0
1908,3,1,619.54,206.51333333333332,12.0,1252.0,4.333333333333333,7,10.0,2,1,0.3333333333333333,0.5
1909,3,0,0.0,0.0,5.0,1033.3333333333333,4.0,10,5.0,2,2,0.0,1.0
1910,6,0,0.0,0.0,8.166666666666666,997.6666666666666,4.0,14,10.833333333333334,4,4,0.0,1.0
1912,3,0,0.0,0.0,11.333333333333334,762.0,4.0,8,3.3333333333333335,1,1,0.0,1.0
1913,1,0,0.0,0.0,5.0,34.0,4.0,3,5.0,1,1,0.0,1.0
1914,4,1,337.89,84.4725,11.25,1309.5,3.75,7,10.0,2,1,0.25,0.5
1915,6,1,1722.87,287.145,13.5,1149.3333333333333,3.6666666666666665,12,4.166666666666667,2,1,0.16666666666666666,0.5
1916,5,1,211.63,42.326,15.0,1324.6,4.0,8,3.0,4,3,0.2,0.75
1917,2,0,0.0,0.0,4.0,1320.5,4.0,6,10.0,0,0,0.0,0.0
1918,2,0,0.0,0.0,6.5,1050.5,4.0,2,17.5,0,0,0.0,0.0
1919,1,0,0.0,0.0,4.0,680.0,4.0,2,15.0,1,1,0.0,1.0
1920,3,0,0.0,0.0,18.0,1103.0,4.0,7,0.0,1,1,0.0,1.0
1921,5,0,0.0,0.0,15.0,1063.6,4.0,13,10.0,4,4,0.0,1.0
1922,2,1,742.32,371.16,9.5,1264.0,4.5,4,7.5,2,1,0.5,0.5
1923,3,1,2511.84,837.2800000000001,12.666666666666666,800.3333333333334,4.333333333333333,10,6.666666666666667,3,2,0.3333333333333333,0.6666666666666666
1924,2,0,0.0,0.0,14.5,895.0,4.0,7,0.0,1,1,0.0,1.0
1925,2,0,0.0,0.0,18.5,651.5,4.0,5,15.0,0,0,0.0,0.0
1926,8,3,3901.2299999999996,487.65374999999995,11.75,928.75,3.875,22,10.625,5,2,0.375,0.4
1927,4,1,944.91,236.2275,9.5,757.25,4.25,8,8.75,2,1,0.25,0.5
1928,2,0,0.0,0.0,23.0,275.5,4.0,5,0.0,1,1,0.0,1.0
1929,3,2,2165.5699999999997,721.8566666666666,16.333333333333332,1151.3333333333333,4.666666666666667,5,0.0,3,1,0.6666666666666666,0.3333333333333333
1930,4,2,1232.25,308.0625,14.0,929.0,4.0,10,17.5,3,1,0.5,0.3333333333333333
1931,2,0,0.0,0.0,14.0,1005.0,4.0,6,20.0,0,0,0.0,0.0
1933,1,0,0.0,0.0,2.0,1701.0,4.0,2,20.0,0,0,0.0,0.0
1934,4,2,3780.33,945.0825,12.75,1109.0,4.25,11,7.5,3,1,0.5,0.3333333333333333
1935,4,0,0.0,0.0,10.75,1332.75,4.0,10,3.75,2,2,0.0,1.0
1936,4,1,1525.02,381.255,11.0,921.25,3.75,14,11.25,1,0,0.25,0.0
1937,3,1,450.44,150.14666666666668,13.333333333333334,1092.3333333333333,3.0,6,6.666666666666667,2,1,0.3333333333333333,0.5
1938,4,0,0.0,0.0,15.25,1060.5,4.0,9,13.75,2,2,0.0,1.0
1940,2,0,0.0,0.0,10.5,1141.5,4.0,6,5.0,0,0,0.0,0.0
1941,6,3,4066.58,677.7633333333333,11.333333333333334,1064.3333333333333,4.0,16,16.666666666666668,5,2,0.5,0.4
1942,1,0,0.0,0.0,23.0,1426.0,4.0,3,10.0,1,1,0.0,1.0
1943,5,2,5817.66,1163.532,15.4,635.6,4.0,15,6.0,3,1,0.4,0.3333333333333333
1944,1,0,0.0,0.0,20.0,807.0,4.0,3,0.0,0,0,0.0,0.0
1945,2,1,740.14,370.07,2.0,1144.5,4.5,3,7.5,2,1,0.5,0.5
1946,4,1,442.42,110.605,9.25,1087.75,3.75,11,6.25,2,1,0.25,0.5
1947,4,1,2008.35,502.0875,15.0,979.5,4.25,13,20.0,1,0,0.25,0.0
1948,2,1,3147.14,1573.57,16.0,51.5,4.5,7,2.5,2,1,0.5,0.5
1949,4,0,0.0,0.0,14.0,679.5,4.0,5,12.5,3,3,0.0,1.0
1950,5,1,3595.68,719.136,12.6,800.8,4.0,13,18.0,2,1,0.2,0.5
1951,4,4,5702.030000000001,1425.5075000000002,11.75,530.25,4.25,11,5.0,4,0,1.0,0.0
1952,5,0,0.0,0.0,10.8,1274.2,4.0,14,12.0,4,4,0.0,1.0
1953,4,2,4341.24,1085.31,14.25,935.5,4.25,10,10.0,4,2,0.5,0.5
1954,1,0,0.0,0.0,7.0,335.0,4.0,1,0.0,1,1,0.0,1.0
1955,2,1,2123.25,1061.625,15.0,751.0,2.5,6,20.0,2,1,0.5,0.5
1956,3,1,1135.6,378.5333333333333,6.0,867.0,4.0,10,8.333333333333334,3,2,0.3333333333333333,0.6666666666666666
1957,3,2,2259.73,753.2433333333333,7.0,801.3333333333334,4.333333333333333,5,10.0,3,1,0.6666666666666666,0.3333333333333333
1958,3,2,3011.63,1003.8766666666667,15.333333333333334,954.3333333333334,4.333333333333333,4,6.666666666666667,3,1,0.6666666666666666,0.3333333333333333
1959,3,1,825.0,275.0,5.0,993.3333333333334,4.333333333333333,9,10.0,2,1,0.3333333333333333,0.5
1960,5,2,7002.41,1400.482,17.6,615.4,3.4,12,1.0,4,2,0.4,0.5
1961,2,0,0.0,0.0,10.0,929.0,4.0,7,20.0,0,0,0.0,0.0
1962,1,0,0.0,0.0,8.0,1083.0,4.0,2,20.0,0,0,0.0,0.0
1963,3,1,1399.0,466.3333333333333,13.333333333333334,376.0,3.3333333333333335,10,0.0,2,1,0.3333333333333333,0.5
1964,2,0,0.0,0.0,7.0,1213.5,4.0,4,7.5,0,0,0.0,0.0
1965,7,1,1619.46,231.35142857142858,9.285714285714286,1001.1428571428571,4.142857142857143,22,15.714285714285714,4,3,0.14285714285714285,0.75
1966,4,1,2704.6,676.15,9.75,466.75,3.75,13,12.5,2,1,0.25,0.5
1967,3,0,0.0,0.0,19.333333333333332,395.3333333333333,4.0,7,5.0,3,3,0.0,1.0
1968,2,0,0.0,0.0,19.0,1152.0,4.0,2,17.5,0,0,0.0,0.0
1969,4,1,3084.52,771.13,11.25,806.75,4.25,10,8.75,2,1,0.25,0.5
1970,1,0,0.0,0.0,13.0,49.0,4.0,3,25.0,1,1,0.0,1.0
1971,5,1,1431.76,286.352,6.6,586.2,4.0,9,8.0,3,2,0.2,0.6666666666666666
1972,2,0,0.0,0.0,12.0,973.5,4.0,6,0.0,1,1,0.0,1.0
1973,5,2,10467.41,2093.482,18.4,1104.4,3.6,14,5.0,4,2,0.4,0.5
1974,4,2,1278.26,319.565,19.5,1041.5,4.0,9,8.75,3,1,0.5,0.3333333333333333
1975,1,0,0.0,0.0,8.0,1466.0,4.0,4,5.0,0,0,0.0,0.0
1976,1,0,0.0,0.0,1.0,1154.0,4.0,4,20.0,1,1,0.0,1.0
1977,5,3,6820.77,1364.154,11.6,856.8,3.4,11,7.0,3,0,0.6,0.0
1978,2,0,0.0,0.0,12.0,904.0,4.0,6,10.0,1,1,0.0,1.0
1979,2,1,6200.4,3100.2,5.5,1460.0,4.5,7,0.0,1,0,0.5,0.0
1980,1,0,0.0,0.0,8.0,609.0,4.0,4,25.0,1,1,0.0,1.0
1981,5,0,0.0,0.0,9.2,1006.6,4.0,16,11.0,3,3,0.0,1.0
1982,5,1,1212.63,242.526,10.8,884.0,4.0,9,9.0,4,3,0.2,0.75
1983,4,0,0.0,0.0,9.0,1319.75,4.0,5,10.0,4,4,0.0,1.0
1984,1,0,0.0,0.0,3.0,131.0,4.0,2,15.0,0,0,0.0,0.0
1985,6,1,4485.96,747.66,18.666666666666668,1161.1666666666667,3.6666666666666665,21,5.833333333333333,6,5,0.16666666666666666,0.8333333333333334
1986,6,1,723.1,120.51666666666667,13.333333333333334,521.5,3.8333333333333335,17,11.666666666666666,4,3,0.16666666666666666,0.75
1987,2,1,564.16,282.08,17.5,1095.5,4.0,5,5.0,1,0,0.5,0.0
1988,1,0,0.0,0.0,4.0,536.0,4.0,2,15.0,1,1,0.0,1.0
1989,1,0,0.0,0.0,6.0,1116.0,4.0,1,5.0,0,0,0.0,0.0
1990,1,1,4020.52,4020.52,13.0,1454.0,3.0,4,0.0,1,0,1.0,0.0
1991,3,0,0.0,0.0,10.333333333333334,945.6666666666666,4.0,7,11.666666666666666,1,1,0.0,1.0
1992,2,0,0.0,0.0,12.5,1044.0,4.0,5,20.0,1,1,0.0,1.0
1993,4,2,756.09,189.0225,17.0,670.25,3.75,8,8.75,3,1,0.5,0.3333333333333333
1994,2,1,355.84,177.92,10.0,1674.5,3.5,3,15.0,2,1,0.5,0.5
1995,3,1,493.96,164.65333333333334,9.0,977.3333333333334,4.333333333333333,5,10.0,3,2,0.3333333333333333,0.6666666666666666
1996,6,1,3338.77,556.4616666666667,12.0,949.0,4.0,14,11.666666666666666,5,4,0.16666666666666666,0.8
1997,4,1,2431.34,607.835,13.5,819.75,4.25,10,12.5,2,1,0.25,0.5
1998,3,0,0.0,0.0,19.666666666666668,756.0,4.0,7,8.333333333333334,1,1,0.0,1.0
1999,1,0,0.0,0.0,19.0,1668.0,4.0,3,10.0,1,1,0.0,1.0
2000,2,0,0.0,0.0,12.5,221.0,4.0,7,12.5,1,1,0.0,1.0
2001,1,0,0.0,0.0,6.0,1751.0,4.0,1,0.0,1,1,0.0,1.0
2002,5,2,1472.05,294.40999999999997,17.2,892.8,4.0,16,12.0,4,2,0.4,0.5
2003,4,0,0.0,0.0,13.5,814.0,4.0,12,12.5,4,4,0.0,1.0
2004,2,1,315.81,157.905,12.0,1025.0,3.0,5,5.0,2,1,0.5,0.5
2005,2,0,0.0,0.0,18.5,759.5,4.0,5,2.5,1,1,0.0,1.0
2006,2,0,0.0,0.0,7.0,646.5,4.0,7,10.0,0,0,0.0,0.0
2007,2,0,0.0,0.0,15.0,814.5,4.0,5,5.0,1,1,0.0,1.0
2008,5,2,2099.95,419.98999999999995,13.6,866.2,4.2,14,6.0,3,1,0.4,0.3333333333333333
2009,4,2,4369.6,1092.4,18.0,935.75,4.0,11,7.5,2,0,0.5,0.0
2010,2,0,0.0,0.0,8.5,1041.5,4.0,4,12.5,1,1,0.0,1.0
2011,2,0,0.0,0.0,12.5,778.5,4.0,7,2.5,0,0,0.0,0.0
2013,3,2,1609.31,536.4366666666666,14.0,869.6666666666666,3.3333333333333335,8,6.666666666666667,2,0,0.6666666666666666,0.0
2014,4,1,232.87,58.2175,13.25,803.25,4.0,11,13.75,2,1,0.25,0.5
2015,2,0,0.0,0.0,16.0,1541.0,4.0,7,25.0,2,2,0.0,1.0
2016,1,0,0.0,0.0,7.0,566.0,4.0,2,20.0,1,1,0.0,1.0
2017,3,1,325.76,108.58666666666666,7.666666666666667,707.6666666666666,4.0,4,15.0,1,0,0.3333333333333333,0.0
2018,2,0,0.0,0.0,12.5,1178.0,4.0,6,25.0,0,0,0.0,0.0
2019,2,0,0.0,0.0,2.0,1658.0,4.0,6,0.0,1,1,0.0,1.0
2020,3,1,3592.26,1197.42,17.666666666666668,889.0,4.0,8,5.0,3,2,0.3333333333333333,0.6666666666666666
2021,3,0,0.0,0.0,14.666666666666666,926.3333333333334,4.0,11,13.333333333333334,2,2,0.0,1.0
2022,2,0,0.0,0.0,5.5,894.5,4.0,8,0.0,2,2,0.0,1.0
2023,4,0,0.0,0.0,18.75,484.75,4.0,12,11.25,4,4,0.0,1.0
2025,3,1,407.23,135.74333333333334,13.0,1054.6666666666667,4.333333333333333,4,0.0,1,0,0.3333333333333333,0.0
2026,7,2,7683.26,1097.6085714285714,11.428571428571429,1055.4285714285713,4.0,20,5.0,4,2,0.2857142857142857,0.5
2027,4,1,1507.9,376.975,11.5,879.5,4.25,9,10.0,3,2,0.25,0.6666666666666666
2028,2,0,0.0,0.0,15.0,1679.5,4.0,4,0.0,1,1,0.0,1.0
2029,6,1,970.4,161.73333333333332,10.5,607.1666666666666,4.0,15,8.333333333333334,2,1,0.16666666666666666,0.5
2030,3,1,415.02,138.34,7.333333333333333,893.0,3.3333333333333335,5,6.666666666666667,1,0,0.3333333333333333,0.0
2031,1,0,0.0,0.0,6.0,592.0,4.0,4,0.0,0,0,0.0,0.0
2032,1,0,0.0,0.0,5.0,1261.0,4.0,4,15.0,1,1,0.0,1.0
2033,2,0,0.0,0.0,11.0,924.5,4.0,3,10.0,2,2,0.0,1.0
2034,1,0,0.0,0.0,20.0,1598.0,4.0,3,10.0,1,1,0.0,1.0
2035,5,1,2652.92,530.5840000000001,16.0,1044.8,4.0,11,12.0,3,2,0.2,0.6666666666666666
2036,2,1,522.43,261.215,23.5,1152.5,3.0,3,2.5,1,0,0.5,0.0
2037,4,1,3138.17,784.5425,20.75,1287.5,4.0,15,15.0,2,1,0.25,0.5
2038,1,0,0.0,0.0,1.0,356.0,4.0,4,10.0,0,0,0.0,0.0
2039,5,2,1490.94,298.188,7.6,1027.8,3.8,13,16.0,4,2,0.4,0.5
2040,1,0,0.0,0.0,11.0,1402.0,4.0,2,20.0,0,0,0.0,0.0
2041,3,2,8680.05,2893.35,17.333333333333332,1219.3333333333333,3.0,10,5.0,2,0,0.6666666666666666,0.0
2042,4,0,0.0,0.0,13.25,672.25,4.0,13,16.25,2,2,0.0,1.0
2043,2,0,0.0,0.0,13.0,987.5,4.0,7,5.0,0,0,0.0,0.0
2044,2,1,843.44,421.72,12.0,195.5,4.0,5,7.5,1,0,0.5,0.0
2045,1,0,0.0,0.0,15.0,1473.0,4.0,2,0.0,1,1,0.0,1.0
2046,2,1,898.84,449.42,12.5,1281.0,4.0,2,5.0,2,1,0.5,0.5
2047,1,0,0.0,0.0,4.0,52.0,4.0,1,30.0,1,1,0.0,1.0
2048,4,1,1290.46,322.615,9.5,742.0,3.75,12,7.5,2,1,0.25,0.5
2049,2,0,0.0,0.0,12.5,1052.0,4.0,4,17.5,1,1,0.0,1.0
2050,2,0,0.0,0.0,7.5,654.0,4.0,6,7.5,2,2,0.0,1.0
2051,2,1,507.47,253.735,20.5,1047.5,4.5,5,12.5,2,1,0.5,0.5
2052,3,0,0.0,0.0,10.666666666666666,993.6666666666666,4.0,10,10.0,2,2,0.0,1.0
2053,4,2,1988.96,497.24,11.75,891.0,3.5,11,10.0,3,1,0.5,0.3333333333333333
2054,2,1,433.5,216.75,11.0,1290.0,4.0,7,20.0,1,0,0.5,0.0
2055,5,1,213.01,42.602,6.8,682.2,3.6,16,13.0,3,2,0.2,0.6666666666666666
2056,3,0,0.0,0.0,13.333333333333334,914.0,4.0,9,8.333333333333334,2,2,0.0,1.0
2057,2,1,2175.32,1087.66,19.5,436.0,4.0,7,27.5,2,1,0.5,0.5
2058,1,1,1955.16,1955.16,22.0,441.0,4.0,4,0.0,1,0,1.0,0.0
2060,3,0,0.0,0.0,14.0,609.0,4.0,9,8.333333333333334,0,0,0.0,0.0
2061,2,0,0.0,0.0,16.0,1253.5,4.0,8,15.0,1,1,0.0,1.0
2062,1,0,0.0,0.0,2.0,83.0,4.0,1,25.0,0,0,0.0,0.0
2063,5,1,1665.32,333.06399999999996,5.4,516.6,4.2,17,11.0,4,3,0.2,0.75
2064,5,1,4722.15,944.43,16.2,1189.6,4.2,12,2.0,2,1,0.2,0.5
2065,1,0,0.0,0.0,13.0,347.0,4.0,1,10.0,0,0,0.0,0.0
2066,5,2,2298.8,459.76000000000005,15.0,901.0,4.2,12,14.0,3,1,0.4,0.3333333333333333
2067,4,0,0.0,0.0,12.25,1029.5,4.0,9,8.75,3,3,0.0,1.0
2068,1,1,319.95,319.95,15.0,995.0,4.0,1,20.0,1,0,1.0,0.0
2069,6,2,2338.08,389.68,11.333333333333334,1154.8333333333333,4.166666666666667,17,10.833333333333334,3,1,0.3333333333333333,0.3333333333333333
2070,4,0,0.0,0.0,20.75,1016.0,4.0,7,10.0,2,2,0.0,1.0
2071,3,0,0.0,0.0,15.0,1030.3333333333333,4.0,10,15.0,1,1,0.0,1.0
2072,5,2,1600.6,320.12,9.0,852.6,3.8,10,3.0,2,0,0.4,0.0
2073,2,1,3105.8,1552.9,9.0,1583.0,3.5,5,0.0,1,0,0.5,0.0
2074,7,2,5171.09,738.7271428571429,15.285714285714286,816.0,4.142857142857143,15,5.714285714285714,6,4,0.2857142857142857,0.6666666666666666
2075,1,0,0.0,0.0,9.0,315.0,4.0,2,0.0,0,0,0.0,0.0
2076,4,1,2587.71,646.9275,17.5,768.25,3.5,15,8.75,2,1,0.25,0.5
2077,3,1,1295.93,431.9766666666667,8.0,881.0,4.0,6,11.666666666666666,3,2,0.3333333333333333,0.6666666666666666
2078,1,1,482.55,482.55,12.0,187.0,3.0,2,15.0,1,0,1.0,0.0
2079,4,1,863.97,215.9925,10.5,792.5,3.75,12,8.75,4,3,0.25,0.75
2080,2,0,0.0,0.0,8.5,1081.5,4.0,5,10.0,1,1,0.0,1.0
2081,3,1,3992.52,1330.84,10.666666666666666,728.0,4.0,11,6.666666666666667,2,1,0.3333333333333333,0.5
2082,3,2,6424.95,2141.65,16.333333333333332,544.3333333333334,3.3333333333333335,10,8.333333333333334,2,0,0.6666666666666666,0.0
2083,5,0,0.0,0.0,11.8,464.4,4.0,10,11.0,1,1,0.0,1.0
2084,1,0,0.0,0.0,14.0,1747.0,4.0,1,0.0,0,0,0.0,0.0
2085,4,0,0.0,0.0,17.5,884.0,4.0,9,8.75,1,1,0.0,1.0
2087,3,0,0.0,0.0,10.333333333333334,880.6666666666666,4.0,4,8.333333333333334,2,2,0.0,1.0
2088,1,0,0.0,0.0,8.0,406.0,4.0,4,0.0,0,0,0.0,0.0
2089,3,1,679.29,226.42999999999998,9.666666666666666,561.0,4.333333333333333,6,11.666666666666666,2,1,0.3333333333333333,0.5
2091,2,0,0.0,0.0,16.0,1017.5,4.0,7,5.0,1,1,0.0,1.0
2092,1,0,0.0,0.0,20.0,1073.0,4.0,1,5.0,1,1,0.0,1.0
2093,1,0,0.0,0.0,12.0,1426.0,4.0,3,0.0,0,0,0.0,0.0
2095,3,0,0.0,0.0,8.333333333333334,1572.6666666666667,4.0,10,3.3333333333333335,3,3,0.0,1.0
2096,2,0,0.0,0.0,10.0,914.5,4.0,2,12.5,2,2,0.0,1.0
2097,5,3,4193.98,838.7959999999999,12.4,625.8,3.8,10,12.0,5,2,0.6,0.4
2098,3,0,0.0,0.0,6.0,1145.0,4.0,9,6.666666666666667,2,2,0.0,1.0
2100,2,0,0.0,0.0,11.5,1180.0,4.0,7,20.0,1,1,0.0,1.0
2101,2,0,0.0,0.0,19.5,938.5,4.0,6,0.0,1,1,0.0,1.0
2103,2,0,0.0,0.0,8.5,369.5,4.0,7,12.5,1,1,0.0,1.0
2104,4,0,0.0,0.0,13.25,1295.25,4.0,12,8.75,2,2,0.0,1.0
2106,3,1,539.16,179.72,9.333333333333334,985.0,3.3333333333333335,5,5.0,3,2,0.3333333333333333,0.6666666666666666
2107,3,1,2090.28,696.7600000000001,16.0,356.3333333333333,4.0,9,1.6666666666666667,3,2,0.3333333333333333,0.6666666666666666
2108,2,0,0.0,0.0,5.5,1132.5,4.0,4,17.5,1,1,0.0,1.0
2110,3,0,0.0,0.0,7.0,699.3333333333334,4.0,8,16.666666666666668,1,1,0.0,1.0
2111,3,0,0.0,0.0,3.6666666666666665,655.3333333333334,4.0,10,0.0,0,0,0.0,0.0
2112,2,0,0.0,0.0,19.0,1070.0,4.0,2,5.0,2,2,0.0,1.0
2113,5,1,1287.54,257.508,11.6,793.0,4.2,9,9.0,5,4,0.2,0.8
2114,8,1,1299.41,162.42625,14.125,1275.25,4.0,22,6.875,6,5,0.125,0.8333333333333334
2115,6,1,1159.48,193.24666666666667,10.166666666666666,1089.3333333333333,3.5,14,1.6666666666666667,4,3,0.16666666666666666,0.75
2116,7,1,545.1,77.87142857142858,10.428571428571429,1173.142857142857,4.142857142857143,14,7.857142857142857,6,5,0.14285714285714285,0.8333333333333334
2117,3,1,1873.58,624.5266666666666,8.333333333333334,564.0,4.333333333333333,8,10.0,2,1,0.3333333333333333,0.5
2119,6,2,1731.77,288.62833333333333,14.0,1055.0,3.8333333333333335,15,15.833333333333334,2,0,0.3333333333333333,0.0
2120,3,1,4068.52,1356.1733333333334,16.666666666666668,927.0,4.0,9,6.666666666666667,2,1,0.3333333333333333,0.5
2121,2,2,1081.49,540.745,16.0,726.5,5.0,3,20.0,2,0,1.0,0.0
2123,2,1,414.46,207.23,8.5,1267.5,3.0,3,10.0,2,1,0.5,0.5
2124,2,0,0.0,0.0,11.0,481.0,4.0,3,5.0,2,2,0.0,1.0
2125,2,0,0.0,0.0,13.5,387.0,4.0,3,7.5,2,2,0.0,1.0
2126,1,0,0.0,0.0,13.0,1533.0,4.0,3,30.0,1,1,0.0,1.0
2127,1,0,0.0,0.0,22.0,534.0,4.0,1,0.0,0,0,0.0,0.0
2128,2,0,0.0,0.0,6.0,1115.0,4.0,5,7.5,0,0,0.0,0.0
2129,3,0,0.0,0.0,14.666666666666666,452.3333333333333,4.0,6,18.333333333333332,1,1,0.0,1.0
2130,4,1,1295.7,323.925,17.25,1115.25,4.0,10,5.0,3,2,0.25,0.6666666666666666
2131,3,1,648.46,216.15333333333334,14.333333333333334,560.6666666666666,4.0,10,10.0,3,2,0.3333333333333333,0.6666666666666666
2132,4,1,1207.19,301.7975,7.0,839.5,4.25,11,15.0,2,1,0.25,0.5
2133,1,0,0.0,0.0,23.0,1396.0,4.0,4,20.0,0,0,0.0,0.0
2134,4,0,0.0,0.0,6.5,1212.25,4.0,12,8.75,3,3,0.0,1.0
2135,4,1,390.76,97.69,10.25,1046.75,4.25,10,5.0,2,1,0.25,0.5
2136,2,1,2507.7,1253.85,19.5,1089.5,4.5,6,12.5,2,1,0.5,0.5
2137,1,0,0.0,0.0,22.0,1765.0,4.0,3,10.0,1,1,0.0,1.0
2138,2,0,0.0,0.0,21.5,805.5,4.0,4,22.5,2,2,0.0,1.0
2139,4,0,0.0,0.0,19.75,1265.5,4.0,11,13.75,2,2,0.0,1.0
2140,2,1,3053.3,1526.65,9.0,590.0,4.0,5,2.5,2,1,0.5,0.5
2141,3,1,4993.64,1664.5466666666669,14.333333333333334,1524.6666666666667,4.0,5,16.666666666666668,3,2,0.3333333333333333,0.6666666666666666
2142,5,0,0.0,0.0,7.8,1340.6,4.0,14,15.0,4,4,0.0,1.0
2143,1,1,1030.14,1030.14,5.0,1361.0,5.0,2,0.0,1,0,1.0,0.0
2144,1,1,251.92,251.92,24.0,931.0,5.0,1,15.0,1,0,1.0,0.0
2145,4,0,0.0,0.0,12.0,1189.25,4.0,9,11.25,3,3,0.0,1.0
2146,5,0,0.0,0.0,13.0,965.4,4.0,8,9.0,2,2,0.0,1.0
2147,4,1,2638.53,659.6325,13.25,1007.5,3.75,14,5.0,3,2,0.25,0.6666666666666666
2148,3,0,0.0,0.0,8.666666666666666,516.6666666666666,4.0,5,11.666666666666666,1,1,0.0,1.0
2149,3,0,0.0,0.0,12.0,507.3333333333333,4.0,8,10.0,2,2,0.0,1.0
2150,3,0,0.0,0.0,12.333333333333334,1264.0,4.0,3,11.666666666666666,3,3,0.0,1.0
2151,4,3,7503.79,1875.9475,12.0,974.25,4.25,14,15.0,3,0,0.75,0.0
2152,2,0,0.0,0.0,17.5,1187.5,4.0,8,2.5,2,2,0.0,1.0
2153,5,0,0.0,0.0,8.4,837.2,4.0,15,9.0,3,3,0.0,1.0
2154,5,1,304.51,60.902,16.0,616.0,3.8,12,11.0,4,3,0.2,0.75
2155,5,3,5645.68,1129.136,16.2,964.2,3.6,12,7.0,3,0,0.6,0.0
2156,3,2,1314.3600000000001,438.12000000000006,12.666666666666666,1139.6666666666667,4.0,6,16.666666666666668,3,1,0.6666666666666666,0.3333333333333333
2157,4,2,1499.4299999999998,374.85749999999996,12.25,1093.75,4.0,8,12.5,4,2,0.5,0.5
2158,1,0,0.0,0.0,21.0,1241.0,4.0,4,15.0,0,0,0.0,0.0
2159,6,0,0.0,0.0,15.166666666666666,1201.3333333333333,4.0,18,7.5,6,6,0.0,1.0
2161,2,0,0.0,0.0,12.0,1601.5,4.0,5,10.0,1,1,0.0,1.0
2162,4,0,0.0,0.0,13.25,667.0,4.0,11,7.5,4,4,0.0,1.0
2163,5,2,1255.83,251.166,8.8,766.6,4.2,11,7.0,5,3,0.4,0.6
2164,4,1,2502.0,625.5,16.75,706.0,4.25,10,6.25,3,2,0.25,0.6666666666666666
2165,4,1,1361.19,340.2975,10.25,970.75,4.25,13,13.75,2,1,0.25,0.5
2166,3,0,0.0,0.0,18.333333333333332,911.6666666666666,4.0,9,3.3333333333333335,2,2,0.0,1.0
2167,4,2,667.13,166.7825,18.0,789.5,4.5,8,12.5,4,2,0.5,0.5
2168,3,0,0.0,0.0,9.0,1382.3333333333333,4.0,6,10.0,1,1,0.0,1.0
2169,5,1,633.88,126.776,16.0,804.8,4.2,8,10.0,4,3,0.2,0.75
2170,5,2,7742.3,1548.46,7.4,632.0,3.8,13,11.0,4,2,0.4,0.5
2171,1,0,0.0,0.0,16.0,1572.0,4.0,3,0.0,0,0,0.0,0.0
2173,2,0,0.0,0.0,14.5,1215.5,4.0,6,12.5,1,1,0.0,1.0
2174,1,0,0.0,0.0,1.0,1764.0,4.0,2,20.0,1,1,0.0,1.0
2175,4,0,0.0,0.0,10.0,687.25,4.0,10,8.75,2,2,0.0,1.0
2176,2,1,563.42,281.71,18.5,1584.5,4.0,3,0.0,1,0,0.5,0.0
2177,3,1,427.52,142.50666666666666,13.666666666666666,728.0,4.0,6,10.0,1,0,0.3333333333333333,0.0
2178,4,0,0.0,0.0,8.75,756.0,4.0,9,17.5,2,2,0.0,1.0
2179,2,1,255.85,127.925,3.5,1226.5,4.0,3,15.0,2,1,0.5,0.5
2180,3,1,1217.97,405.99,13.0,1058.6666666666667,3.6666666666666665,8,10.0,2,1,0.3333333333333333,0.5
2181,2,0,0.0,0.0,4.5,353.0,4.0,4,5.0,1,1,0.0,1.0
2182,1,1,597.85,597.85,9.0,707.0,5.0,3,15.0,1,0,1.0,0.0
2183,1,1,2957.16,2957.16,3.0,1644.0,3.0,3,20.0,1,0,1.0,0.0
2184,2,1,1473.0,736.5,18.5,1186.0,4.0,6,0.0,1,0,0.5,0.0
2185,2,1,2041.33,1020.665,19.0,1043.5,4.5,6,5.0,1,0,0.5,0.0
2186,3,0,0.0,0.0,9.0,607.6666666666666,4.0,10,8.333333333333334,2,2,0.0,1.0
2187,2,0,0.0,0.0,20.5,1373.0,4.0,3,5.0,1,1,0.0,1.0
2188,6,0,0.0,0.0,13.5,968.8333333333334,4.0,15,11.666666666666666,3,3,0.0,1.0
2189,3,1,3144.92,1048.3066666666666,10.333333333333334,1149.6666666666667,4.0,10,11.666666666666666,2,1,0.3333333333333333,0.5
2190,3,0,0.0,0.0,17.0,822.3333333333334,4.0,6,11.666666666666666,1,1,0.0,1.0
2191,4,1,1446.88,361.72,18.0,678.5,4.0,11,5.0,4,3,0.25,0.75
2192,2,1,1029.07,514.535,8.5,1253.0,4.0,4,10.0,2,1,0.5,0.5
2193,4,2,2115.64,528.91,15.5,776.0,3.75,10,2.5,4,2,0.5,0.5
2194,4,0,0.0,0.0,14.5,1154.25,4.0,9,2.5,2,2,0.0,1.0
2196,3,0,0.0,0.0,14.333333333333334,720.0,4.0,5,13.333333333333334,3,3,0.0,1.0
2197,1,0,0.0,0.0,10.0,628.0,4.0,4,20.0,0,0,0.0,0.0
2198,3,0,0.0,0.0,9.666666666666666,720.3333333333334,4.0,6,5.0,3,3,0.0,1.0
2199,3,2,4552.85,1517.6166666666668,8.666666666666666,309.0,4.0,10,10.0,3,1,0.6666666666666666,0.3333333333333333
2200,3,2,2584.41,861.4699999999999,11.666666666666666,1003.0,3.0,4,10.0,3,1,0.6666666666666666,0.3333333333333333
2201,2,1,2167.5,1083.75,16.5,1217.5,3.0,4,7.5,1,0,0.5,0.0
2202,4,2,2080.6000000000004,520.1500000000001,17.5,779.75,3.0,8,10.0,2,0,0.5,0.0
2203,2,0,0.0,0.0,9.5,494.0,4.0,6,12.5,1,1,0.0,1.0
2204,4,0,0.0,0.0,16.75,653.25,4.0,10,11.25,2,2,0.0,1.0
2205,2,1,694.49,347.245,8.5,1259.5,4.0,4,2.5,2,1,0.5,0.5
2206,4,0,0.0,0.0,13.25,527.25,4.0,11,5.0,3,3,0.0,1.0
2207,3,1,348.62,116.20666666666666,9.333333333333334,590.3333333333334,4.0,6,3.3333333333333335,2,1,0.3333333333333333,0.5
2208,4,0,0.0,0.0,14.5,854.25,4.0,13,1.25,4,4,0.0,1.0
2209,3,0,0.0,0.0,10.666666666666666,949.0,4.0,8,5.0,1,1,0.0,1.0
2210,2,1,2921.29,1460.645,18.0,394.5,4.0,7,10.0,2,1,0.5,0.5
2211,1,0,0.0,0.0,6.0,1424.0,4.0,2,10.0,0,0,0.0,0.0
2212,2,0,0.0,0.0,9.0,422.0,4.0,3,7.5,0,0,0.0,0.0
2213,2,0,0.0,0.0,14.0,552.0,4.0,6,25.0,1,1,0.0,1.0
2214,2,0,0.0,0.0,6.5,746.0,4.0,7,2.5,1,1,0.0,1.0
2215,3,2,4814.959999999999,1604.9866666666665,13.0,794.0,3.6666666666666665,7,1.6666666666666667,2,0,0.6666666666666666,0.0
2216,3,0,0.0,0.0,18.666666666666668,1033.0,4.0,7,5.0,2,2,0.0,1.0
2217,3,0,0.0,0.0,11.0,1243.6666666666667,4.0,5,5.0,1,1,0.0,1.0
2218,4,0,0.0,0.0,12.25,771.25,4.0,12,10.0,2,2,0.0,1.0
2220,4,0,0.0,0.0,8.75,899.0,4.0,9,5.0,3,3,0.0,1.0
2221,3,0,0.0,0.0,8.666666666666666,1468.3333333333333,4.0,10,6.666666666666667,2,2,0.0,1.0
2222,2,0,0.0,0.0,19.0,45.0,4.0,4,10.0,1,1,0.0,1.0
2223,1,1,6708.92,6708.92,4.0,1623.0,4.0,4,0.0,1,0,1.0,0.0
2224,2,1,888.29,444.145,9.0,1124.0,4.0,7,10.0,1,0,0.5,0.0
2225,2,1,864.8,432.4,13.0,1678.5,4.5,5,20.0,1,0,0.5,0.0
2226,2,1,4514.0,2257.0,11.5,1252.5,3.5,7,5.0,2,1,0.5,0.5
2227,2,1,508.2,254.1,9.0,1379.5,3.0,4,7.5,1,0,0.5,0.0
2228,5,1,1168.78,233.756,9.6,1027.0,3.8,9,5.0,2,1,0.2,0.5
2229,5,1,1940.76,388.152,14.0,823.4,3.8,12,6.0,2,1,0.2,0.5
2230,2,0,0.0,0.0,17.0,843.0,4.0,3,17.5,1,1,0.0,1.0
2231,5,0,0.0,0.0,11.8,694.8,4.0,8,18.0,4,4,0.0,1.0
2232,3,1,490.58,163.52666666666667,11.666666666666666,1596.3333333333333,3.3333333333333335,8,15.0,2,1,0.3333333333333333,0.5
2234,6,1,66.76,11.126666666666667,15.666666666666666,816.0,4.0,16,19.166666666666668,5,4,0.16666666666666666,0.8
2235,2,0,0.0,0.0,19.5,219.5,4.0,3,5.0,0,0,0.0,0.0
2236,3,1,802.98,267.66,13.666666666666666,507.0,3.6666666666666665,8,11.666666666666666,2,1,0.3333333333333333,0.5
2237,4,1,3555.01,888.7525,5.75,529.25,3.5,13,7.5,3,2,0.25,0.6666666666666666
2238,3,0,0.0,0.0,13.0,934.0,4.0,10,13.333333333333334,0,0,0.0,0.0
2239,1,0,0.0,0.0,24.0,184.0,4.0,1,0.0,1,1,0.0,1.0
2240,3,1,2536.47,845.4899999999999,10.0,1011.6666666666666,3.6666666666666665,5,15.0,3,2,0.3333333333333333,0.6666666666666666
2241,3,0,0.0,0.0,14.333333333333334,1241.6666666666667,4.0,8,15.0,1,1,0.0,1.0
2242,4,0,0.0,0.0,12.0,814.0,4.0,11,2.5,0,0,0.0,0.0
2243,3,0,0.0,0.0,6.666666666666667,877.3333333333334,4.0,7,6.666666666666667,1,1,0.0,1.0
2244,3,1,2059.52,686.5066666666667,13.0,1144.6666666666667,3.6666666666666665,10,6.666666666666667,1,0,0.3333333333333333,0.0
2245,3,0,0.0,0.0,9.333333333333334,1385.0,4.0,8,5.0,1,1,0.0,1.0
2247,2,1,450.13,225.065,12.0,1156.0,4.5,3,20.0,1,0,0.5,0.0
2248,4,0,0.0,0.0,17.0,1110.25,4.0,15,0.0,2,2,0.0,1.0
2249,4,0,0.0,0.0,10.75,761.5,4.0,5,8.75,0,0,0.0,0.0
2250,3,0,0.0,0.0,18.666666666666668,945.6666666666666,4.0,7,6.666666666666667,1,1,0.0,1.0
2251,1,0,0.0,0.0,8.0,122.0,4.0,3,0.0,0,0,0.0,0.0
2252,1,0,0.0,0.0,2.0,459.0,4.0,4,10.0,1,1,0.0,1.0
2253,4,0,0.0,0.0,10.0,1419.5,4.0,13,11.25,3,3,0.0,1.0
2254,1,0,0.0,0.0,4.0,453.0,4.0,2,20.0,0,0,0.0,0.0
2255,5,2,3328.34,665.668,19.2,1167.8,3.4,9,7.0,3,1,0.4,0.3333333333333333
2256,3,0,0.0,0.0,18.333333333333332,431.6666666666667,4.0,9,5.0,3,3,0.0,1.0
2257,4,0,0.0,0.0,16.25,928.75,4.0,10,11.25,4,4,0.0,1.0
2258,2,1,617.2,308.6,22.0,885.5,3.5,4,10.0,2,1,0.5,0.5
2259,3,0,0.0,0.0,16.333333333333332,1490.6666666666667,4.0,8,8.333333333333334,3,3,0.0,1.0
2260,3,2,4882.51,1627.5033333333333,8.333333333333334,599.3333333333334,3.6666666666666665,8,8.333333333333334,2,0,0.6666666666666666,0.0
2261,7,0,0.0,0.0,15.571428571428571,947.2857142857143,4.0,18,5.0,3,3,0.0,1.0
2262,6,1,415.06,69.17666666666666,8.666666666666666,915.0,4.0,13,9.166666666666666,3,2,0.16666666666666666,0.6666666666666666
2263,5,0,0.0,0.0,12.0,804.2,4.0,11,7.0,1,1,0.0,1.0
2264,1,0,0.0,0.0,6.0,1228.0,4.0,2,15.0,1,1,0.0,1.0
2266,1,1,641.5,641.5,17.0,672.0,4.0,1,15.0,1,0,1.0,0.0
2267,2,0,0.0,0.0,18.5,1177.0,4.0,2,7.5,0,0,0.0,0.0
2268,3,0,0.0,0.0,12.333333333333334,647.0,4.0,9,8.333333333333334,2,2,0.0,1.0
2269,4,0,0.0,0.0,15.0,428.75,4.0,12,12.5,3,3,0.0,1.0
2270,3,0,0.0,0.0,11.333333333333334,724.3333333333334,4.0,10,5.0,0,0,0.0,0.0
2271,6,0,0.0,0.0,11.333333333333334,575.6666666666666,4.0,16,8.333333333333334,2,2,0.0,1.0
2272,4,0,0.0,0.0,16.0,464.5,4.0,9,3.75,3,3,0.0,1.0
2273,2,0,0.0,0.0,14.0,927.5,4.0,3,15.0,0,0,0.0,0.0
2274,2,0,0.0,0.0,14.5,939.0,4.0,3,7.5,1,1,0.0,1.0
2275,1,1,767.39,767.39,3.0,796.0,5.0,1,0.0,1,0,1.0,0.0
2277,3,1,951.32,317.1066666666667,15.666666666666666,1125.3333333333333,4.0,9,8.333333333333334,3,2,0.3333333333333333,0.6666666666666666
2278,5,1,2229.28,445.85600000000005,13.2,946.8,4.2,14,4.0,3,2,0.2,0.6666666666666666
2279,2,0,0.0,0.0,9.0,766.0,4.0,4,17.5,1,1,0.0,1.0
2280,3,1,1117.05,372.34999999999997,18.0,1081.6666666666667,4.0,9,5.0,3,2,0.3333333333333333,0.6666666666666666
2281,5,1,1506.42,301.284,10.2,900.0,4.0,12,6.0,4,3,0.2,0.75
2282,3,1,2032.3,677.4333333333333,20.333333333333332,725.0,3.6666666666666665,8,10.0,3,2,0.3333333333333333,0.6666666666666666
2284,4,0,0.0,0.0,8.25,1407.25,4.0,10,15.0,3,3,0.0,1.0
2285,2,0,0.0,0.0,15.0,756.0,4.0,7,7.5,1,1,0.0,1.0
2286,2,2,1859.9899999999998,929.9949999999999,14.5,343.5,4.5,4,0.0,2,0,1.0,0.0
2287,3,2,7664.75,2554.9166666666665,11.333333333333334,807.0,4.333333333333333,9,10.0,2,0,0.6666666666666666,0.0
2288,5,1,2882.34,576.4680000000001,9.0,652.2,4.0,12,13.0,4,3,0.2,0.75
2289,8,1,2204.36,275.545,14.5,938.625,3.75,20,12.5,3,2,0.125,0.6666666666666666
2290,4,0,0.0,0.0,8.0,956.0,4.0,12,8.75,0,0,0.0,0.0
2291,1,0,0.0,0.0,22.0,925.0,4.0,3,15.0,0,0,0.0,0.0
2292,3,1,2318.59,772.8633333333333,21.0,1086.0,4.0,6,11.666666666666666,3,2,0.3333333333333333,0.6666666666666666
2293,5,0,0.0,0.0,9.6,660.0,4.0,10,18.0,4,4,0.0,1.0
2294,4,2,1449.48,362.37,15.25,642.5,3.75,9,5.0,3,1,0.5,0.3333333333333333
2295,2,1,6400.47,3200.235,20.0,366.0,3.5,7,7.5,2,1,0.5,0.5
2296,3,2,2406.66,802.2199999999999,13.666666666666666,819.3333333333334,3.6666666666666665,4,16.666666666666668,3,1,0.6666666666666666,0.3333333333333333
2297,5,2,2106.12,421.224,12.8,1016.2,4.4,12,6.0,3,1,0.4,0.3333333333333333
2298,1,0,0.0,0.0,1.0,978.0,4.0,3,15.0,0,0,0.0,0.0
2299,3,0,0.0,0.0,9.666666666666666,839.6666666666666,4.0,5,15.0,2,2,0.0,1.0
2300,1,0,0.0,0.0,22.0,1726.0,4.0,3,30.0,1,1,0.0,1.0
2301,3,0,0.0,0.0,13.0,1108.0,4.0,6,13.333333333333334,1,1,0.0,1.0
2303,2,1,403.28,201.64,12.0,709.0,4.5,7,2.5,1,0,0.5,0.0
2304,4,0,0.0,0.0,16.25,499.0,4.0,11,7.5,4,4,0.0,1.0
2305,2,0,0.0,0.0,12.0,713.0,4.0,3,22.5,2,2,0.0,1.0
2306,2,0,0.0,0.0,12.5,995.5,4.0,2,15.0,2,2,0.0,1.0
2307,2,1,1828.44,914.22,14.0,840.5,4.0,6,10.0,2,1,0.5,0.5
2308,2,1,1523.48,761.74,8.5,834.0,4.5,2,5.0,2,1,0.5,0.5
2310,2,0,0.0,0.0,16.5,720.0,4.0,5,5.0,1,1,0.0,1.0
2311,3,0,0.0,0.0,8.333333333333334,770.3333333333334,4.0,8,3.3333333333333335,3,3,0.0,1.0
2312,5,1,5409.68,1081.9360000000001,16.4,689.4,4.0,16,13.0,4,3,0.2,0.75
2313,2,0,0.0,0.0,11.5,1430.0,4.0,3,7.5,1,1,0.0,1.0
2314,7,2,2389.71,341.38714285714286,11.571428571428571,702.0,3.7142857142857144,15,9.285714285714286,6,4,0.2857142857142857,0.6666666666666666
2315,3,0,0.0,0.0,8.333333333333334,738.3333333333334,4.0,9,6.666666666666667,3,3,0.0,1.0
2316,1,0,0.0,0.0,1.0,56.0,4.0,2,30.0,0,0,0.0,0.0
2317,2,0,0.0,0.0,16.0,1144.0,4.0,5,5.0,0,0,0.0,0.0
2318,5,0,0.0,0.0,12.2,774.4,4.0,11,10.0,3,3,0.0,1.0
2319,5,1,799.92,159.98399999999998,13.8,1104.4,4.2,11,11.0,2,1,0.2,0.5
2320,5,0,0.0,0.0,8.4,808.4,4.0,15,7.0,3,3,0.0,1.0
2321,1,0,0.0,0.0,2.0,300.0,4.0,4,15.0,1,1,0.0,1.0
2323,3,0,0.0,0.0,14.666666666666666,1340.3333333333333,4.0,4,15.0,2,2,0.0,1.0
2324,2,1,632.77,316.385,13.0,640.0,4.0,2,5.0,2,1,0.5,0.5
2325,4,1,5234.01,1308.5025,8.0,1024.5,4.0,8,7.5,2,1,0.25,0.5
2326,3,0,0.0,0.0,8.666666666666666,1091.3333333333333,4.0,10,5.0,3,3,0.0,1.0
2327,1,1,354.06,354.06,4.0,1698.0,5.0,3,5.0,1,0,1.0,0.0
2328,1,0,0.0,0.0,20.0,250.0,4.0,1,5.0,0,0,0.0,0.0
2329,6,2,2434.0,405.6666666666667,11.666666666666666,808.6666666666666,4.0,15,16.666666666666668,4,2,0.3333333333333333,0.5
2330,2,0,0.0,0.0,11.0,1240.0,4.0,8,10.0,0,0,0.0,0.0
2331,5,0,0.0,0.0,9.2,776.2,4.0,8,3.0,4,4,0.0,1.0
2332,1,0,0.0,0.0,9.0,170.0,4.0,2,15.0,1,1,0.0,1.0
2333,1,0,0.0,0.0,23.0,588.0,4.0,1,15.0,0,0,0.0,0.0
2334,3,0,0.0,0.0,9.666666666666666,664.3333333333334,4.0,7,3.3333333333333335,1,1,0.0,1.0
2335,5,2,3961.23,792.246,12.4,529.4,4.4,9,7.0,4,2,0.4,0.5
2336,1,0,0.0,0.0,6.0,322.0,4.0,1,0.0,0,0,0.0,0.0
2337,5,0,0.0,0.0,13.0,896.8,4.0,9,8.0,4,4,0.0,1.0
2338,2,0,0.0,0.0,5.0,1119.5,4.0,4,0.0,2,2,0.0,1.0
2340,1,0,0.0,0.0,2.0,665.0,4.0,3,0.0,1,1,0.0,1.0
2341,1,0,0.0,0.0,8.0,34.0,4.0,2,10.0,1,1,0.0,1.0
2342,2,0,0.0,0.0,18.5,136.5,4.0,5,20.0,2,2,0.0,1.0
2343,2,0,0.0,0.0,15.0,1360.5,4.0,7,15.0,0,0,0.0,0.0
2344,3,2,2970.8500000000004,990.2833333333334,10.666666666666666,908.0,2.6666666666666665,5,15.0,2,0,0.6666666666666666,0.0
2345,4,0,0.0,0.0,15.0,786.5,4.0,11,5.0,2,2,0.0,1.0
2347,6,2,3007.0,501.1666666666667,7.666666666666667,1033.1666666666667,3.5,19,14.166666666666666,4,2,0.3333333333333333,0.5
2348,2,0,0.0,0.0,23.5,607.0,4.0,8,10.0,2,2,0.0,1.0
2349,5,2,4454.23,890.8459999999999,14.2,744.2,3.4,15,12.0,3,1,0.4,0.3333333333333333
2350,3,1,1769.0,589.6666666666666,15.666666666666666,1196.0,4.333333333333333,9,10.0,3,2,0.3333333333333333,0.6666666666666666
2351,1,0,0.0,0.0,16.0,1424.0,4.0,1,0.0,1,1,0.0,1.0
2352,2,0,0.0,0.0,2.0,396.5,4.0,4,5.0,2,2,0.0,1.0
2353,3,0,0.0,0.0,13.0,593.6666666666666,4.0,9,10.0,1,1,0.0,1.0
2355,6,2,2391.05,398.5083333333334,13.333333333333334,966.5,4.166666666666667,14,7.5,4,2,0.3333333333333333,0.5
2356,2,0,0.0,0.0,16.0,1116.5,4.0,5,22.5,1,1,0.0,1.0
2357,1,1,484.42,484.42,10.0,925.0,4.0,1,0.0,1,0,1.0,0.0
2358,2,0,0.0,0.0,7.0,797.0,4.0,2,5.0,2,2,0.0,1.0
2359,5,3,10788.55,2157.71,17.4,1344.6,3.8,15,8.0,3,0,0.6,0.0
2360,1,0,0.0,0.0,17.0,842.0,4.0,3,0.0,1,1,0.0,1.0
2361,4,1,1184.9,296.225,17.25,710.5,4.0,10,7.5,4,3,0.25,0.75
2362,2,0,0.0,0.0,19.0,124.5,4.0,4,30.0,1,1,0.0,1.0
2363,4,1,423.72,105.93,20.25,981.0,3.75,11,6.25,1,0,0.25,0.0
2364,2,1,4331.28,2165.64,21.5,316.5,4.5,5,0.0,1,0,0.5,0.0
2365,3,1,495.65,165.21666666666667,11.333333333333334,1047.6666666666667,4.0,6,15.0,3,2,0.3333333333333333,0.6666666666666666
2366,2,0,0.0,0.0,17.5,1222.5,4.0,5,2.5,0,0,0.0,0.0
2367,1,1,1637.1,1637.1,3.0,1215.0,4.0,3,0.0,1,0,1.0,0.0
2368,3,1,793.74,264.58,9.0,186.66666666666666,4.0,5,6.666666666666667,2,1,0.3333333333333333,0.5
2370,6,1,540.62,90.10333333333334,8.333333333333334,932.0,4.166666666666667,17,15.0,3,2,0.16666666666666666,0.6666666666666666
2371,2,0,0.0,0.0,4.0,982.0,4.0,8,5.0,1,1,0.0,1.0
2372,3,0,0.0,0.0,14.666666666666666,721.6666666666666,4.0,9,23.333333333333332,2,2,0.0,1.0
2373,2,0,0.0,0.0,10.0,1322.5,4.0,3,2.5,1,1,0.0,1.0
2374,4,0,0.0,0.0,11.0,515.5,4.0,11,8.75,4,4,0.0,1.0
2375,8,1,3161.86,395.2325,8.625,470.625,4.125,21,6.25,8,7,0.125,0.875
2376,4,1,1353.56,338.39,8.25,1189.5,4.25,14,5.0,3,2,0.25,0.6666666666666666
2377,4,0,0.0,0.0,16.25,1255.0,4.0,10,6.25,3,3,0.0,1.0
2378,5,2,5497.6,1099.52,9.2,942.2,3.6,16,6.0,3,1,0.4,0.3333333333333333
2379,2,0,0.0,0.0,7.5,552.5,4.0,5,0.0,1,1,0.0,1.0
2380,3,0,0.0,0.0,12.666666666666666,1105.0,4.0,5,20.0,1,1,0.0,1.0
2381,7,1,869.54,124.22,7.0,1014.7142857142857,4.0,21,12.857142857142858,4,3,0.14285714285714285,0.75
2382,6,0,0.0,0.0,16.666666666666668,696.8333333333334,4.0,20,5.0,3,3,0.0,1.0
2383,3,0,0.0,0.0,8.333333333333334,1010.3333333333334,4.0,8,8.333333333333334,1,1,0.0,1.0
2385,5,1,2476.74,495.34799999999996,14.8,1326.0,4.2,9,9.0,4,3,0.2,0.75
2386,2,0,0.0,0.0,21.5,1021.5,4.0,8,7.5,1,1,0.0,1.0
2387,2,1,643.25,321.625,10.5,1210.5,4.5,3,0.0,2,1,0.5,0.5
2388,6,1,1168.64,194.77333333333334,13.5,792.5,4.166666666666667,12,7.5,2,1,0.16666666666666666,0.5
2389,4,0,0.0,0.0,18.0,1186.0,4.0,13,7.5,2,2,0.0,1.0
2390,3,1,1128.06,376.02,17.0,1064.3333333333333,4.333333333333333,8,5.0,1,0,0.3333333333333333,0.0
2391,1,0,0.0,0.0,11.0,836.0,4.0,3,10.0,1,1,0.0,1.0
2392,4,0,0.0,0.0,9.25,749.5,4.0,9,6.25,4,4,0.0,1.0
2393,1,0,0.0,0.0,17.0,953.0,4.0,4,0.0,0,0,0.0,0.0
2394,3,1,2244.2,748.0666666666666,16.0,529.6666666666666,4.0,10,8.333333333333334,3,2,0.3333333333333333,0.6666666666666666
2395,5,1,963.64,192.728,13.4,804.2,4.2,9,10.0,4,3,0.2,0.75
2396,4,2,3426.21,856.5525,11.75,952.25,4.25,7,6.25,2,0,0.5,0.0
2397,1,0,0.0,0.0,6.0,161.0,4.0,1,0.0,1,1,0.0,1.0
2398,4,2,7151.139999999999,1787.7849999999999,15.0,707.5,4.0,11,7.5,4,2,0.5,0.5
2399,3,1,256.94,85.64666666666666,12.333333333333334,867.3333333333334,4.333333333333333,8,5.0,1,0,0.3333333333333333,0.0
2400,2,0,0.0,0.0,5.0,80.5,4.0,3,5.0,0,0,0.0,0.0
2401,5,0,0.0,0.0,11.0,1260.4,4.0,16,7.0,3,3,0.0,1.0
2402,3,2,4831.389999999999,1610.4633333333331,19.333333333333332,1154.3333333333333,3.3333333333333335,6,6.666666666666667,2,0,0.6666666666666666,0.0
2403,2,0,0.0,0.0,8.0,453.5,4.0,5,22.5,1,1,0.0,1.0
2405,3,1,1034.52,344.84,13.333333333333334,1214.0,3.0,7,8.333333333333334,3,2,0.3333333333333333,0.6666666666666666
2406,6,1,2242.92,373.82,9.833333333333334,723.6666666666666,3.6666666666666665,11,5.833333333333333,6,5,0.16666666666666666,0.8333333333333334
2407,3,1,242.01,80.67,9.333333333333334,605.3333333333334,4.333333333333333,6,3.3333333333333335,3,2,0.3333333333333333,0.6666666666666666
2409,2,0,0.0,0.0,16.0,566.0,4.0,5,12.5,0,0,0.0,0.0
2410,5,1,1982.73,396.546,13.2,699.6,3.6,12,3.0,5,4,0.2,0.8
2411,2,0,0.0,0.0,14.0,1076.5,4.0,6,17.5,1,1,0.0,1.0
2412,2,2,842.66,421.33,10.5,952.0,4.5,5,15.0,2,0,1.0,0.0
2413,4,0,0.0,0.0,3.5,1200.0,4.0,7,10.0,3,3,0.0,1.0
2414,2,0,0.0,0.0,19.0,747.0,4.0,4,5.0,1,1,0.0,1.0
2415,2,1,2792.32,1396.16,14.0,1302.0,4.0,5,2.5,1,0,0.5,0.0
2416,1,0,0.0,0.0,9.0,1151.0,4.0,1,10.0,0,0,0.0,0.0
2417,4,3,7266.429999999999,1816.6074999999998,14.0,1247.25,3.0,14,12.5,4,1,0.75,0.25
2418,5,3,3150.91,630.182,11.8,736.0,3.4,12,0.0,4,1,0.6,0.25
2419,3,1,262.53,87.50999999999999,16.0,1109.3333333333333,4.0,5,10.0,2,1,0.3333333333333333,0.5
2420,1,0,0.0,0.0,24.0,494.0,4.0,2,0.0,1,1,0.0,1.0
2421,2,2,4790.17,2395.085,23.0,888.0,2.5,3,0.0,2,0,1.0,0.0
2422,4,3,2554.2200000000003,638.5550000000001,14.0,1176.25,4.75,13,10.0,4,1,0.75,0.25
2423,4,2,1721.88,430.47,18.0,923.5,3.25,8,8.75,3,1,0.5,0.3333333333333333
2424,3,1,3172.36,1057.4533333333334,16.0,1329.0,4.0,11,16.666666666666668,2,1,0.3333333333333333,0.5
2425,2,1,1592.51,796.255,8.0,477.5,4.5,8,10.0,1,0,0.5,0.0
2426,4,0,0.0,0.0,8.0,730.25,4.0,12,8.75,3,3,0.0,1.0
2427,1,0,0.0,0.0,6.0,58.0,4.0,1,10.0,1,1,0.0,1.0
2428,2,0,0.0,0.0,7.5,821.0,4.0,5,12.5,1,1,0.0,1.0
2429,4,1,3957.48,989.37,12.5,824.0,4.0,8,13.75,3,2,0.25,0.6666666666666666
2430,2,1,641.88,320.94,4.0,572.0,4.5,6,0.0,1,0,0.5,0.0
2431,4,2,2341.2799999999997,585.3199999999999,11.75,958.5,4.0,11,5.0,2,0,0.5,0.0
2434,1,0,0.0,0.0,10.0,1484.0,4.0,4,15.0,1,1,0.0,1.0
2435,4,2,5916.63,1479.1575,11.25,746.75,3.25,15,5.0,3,1,0.5,0.3333333333333333
2436,1,1,1363.24,1363.24,6.0,154.0,4.0,3,5.0,1,0,1.0,0.0
2437,2,0,0.0,0.0,16.5,1105.0,4.0,3,0.0,1,1,0.0,1.0
2438,3,1,4495.8,1498.6000000000001,10.0,1284.6666666666667,4.0,12,0.0,3,2,0.3333333333333333,0.6666666666666666
2439,3,0,0.0,0.0,13.0,643.0,4.0,6,1.6666666666666667,3,3,0.0,1.0
2440,5,1,1616.89,323.37800000000004,11.6,580.4,4.2,13,12.0,4,3,0.2,0.75
2441,3,0,0.0,0.0,9.0,448.0,4.0,7,6.666666666666667,3,3,0.0,1.0
2442,5,0,0.0,0.0,12.8,1053.6,4.0,14,9.0,3,3,0.0,1.0
2443,4,2,1095.1399999999999,273.78499999999997,13.75,905.75,3.25,8,0.0,3,1,0.5,0.3333333333333333
2444,2,0,0.0,0.0,15.5,478.0,4.0,3,22.5,2,2,0.0,1.0
2445,4,0,0.0,0.0,16.75,1051.5,4.0,7,5.0,2,2,0.0,1.0
2446,6,1,6305.0,1050.8333333333333,12.833333333333334,993.1666666666666,3.8333333333333335,21,4.166666666666667,4,3,0.16666666666666666,0.75
2447,1,0,0.0,0.0,18.0,992.0,4.0,3,0.0,1,1,0.0,1.0
2448,3,1,3704.66,1234.8866666666665,9.0,1033.6666666666667,4.0,6,10.0,3,2,0.3333333333333333,0.6666666666666666
2449,4,0,0.0,0.0,14.25,859.75,4.0,12,5.0,4,4,0.0,1.0
2450,1,0,0.0,0.0,21.0,189.0,4.0,1,0.0,1,1,0.0,1.0
2451,5,2,4754.38,950.876,12.8,699.6,3.8,17,6.0,3,1,0.4,0.3333333333333333
2453,3,2,8017.26,2672.42,6.0,628.0,4.333333333333333,9,5.0,3,1,0.6666666666666666,0.3333333333333333
2454,1,0,0.0,0.0,8.0,1725.0,4.0,2,0.0,0,0,0.0,0.0
2455,4,1,2008.08,502.02,10.75,849.5,3.75,9,3.75,3,2,0.25,0.6666666666666666
2456,3,0,0.0,0.0,10.666666666666666,562.0,4.0,8,5.0,2,2,0.0,1.0
2457,3,0,0.0,0.0,7.333333333333333,265.6666666666667,4.0,7,6.666666666666667,2,2,0.0,1.0
2458,3,1,1843.14,614.38,12.0,645.0,3.3333333333333335,9,10.0,2,1,0.3333333333333333,0.5
2459,2,1,1398.81,699.405,9.0,484.0,4.0,5,7.5,1,0,0.5,0.0
2460,2,1,634.56,317.28,6.0,245.0,3.5,2,15.0,2,1,0.5,0.5
2461,5,1,3136.9,627.38,13.4,982.2,4.0,14,15.0,3,2,0.2,0.6666666666666666
2462,6,2,3195.4700000000003,532.5783333333334,8.666666666666666,985.1666666666666,3.6666666666666665,13,12.5,3,1,0.3333333333333333,0.3333333333333333
2464,4,0,0.0,0.0,12.75,1165.25,4.0,9,7.5,2,2,0.0,1.0
2465,4,2,1060.6599999999999,265.16499999999996,11.75,1101.0,3.5,8,2.5,4,2,0.5,0.5
2466,3,1,1050.38,350.1266666666667,17.666666666666668,1023.6666666666666,3.0,7,0.0,3,2,0.3333333333333333,0.6666666666666666
2467,2,0,0.0,0.0,10.5,828.5,4.0,3,10.0,1,1,0.0,1.0
2468,3,0,0.0,0.0,10.666666666666666,1199.0,4.0,7,15.0,1,1,0.0,1.0
2469,2,2,2834.2,1417.1,16.0,1302.5,3.5,6,10.0,2,0,1.0,0.0
2470,4,0,0.0,0.0,13.75,664.25,4.0,13,3.75,2,2,0.0,1.0
2471,2,0,0.0,0.0,7.5,753.0,4.0,7,5.0,1,1,0.0,1.0
2472,3,1,2631.31,877.1033333333334,19.333333333333332,1144.6666666666667,3.0,10,5.0,2,1,0.3333333333333333,0.5
2473,4,0,0.0,0.0,10.75,680.5,4.0,9,5.0,2,2,0.0,1.0
2474,2,1,2877.06,1438.53,12.0,1562.5,4.0,6,17.5,2,1,0.5,0.5
2475,2,0,0.0,0.0,15.5,272.0,4.0,8,0.0,1,1,0.0,1.0
2476,1,1,1014.83,1014.83,12.0,1120.0,3.0,1,0.0,1,0,1.0,0.0
2477,1,0,0.0,0.0,10.0,1335.0,4.0,3,0.0,1,1,0.0,1.0
2478,1,1,619.42,619.42,21.0,404.0,2.0,1,10.0,1,0,1.0,0.0
2479,3,0,0.0,0.0,13.0,788.6666666666666,4.0,11,6.666666666666667,1,1,0.0,1.0
2480,2,0,0.0,0.0,19.5,1416.0,4.0,3,7.5,0,0,0.0,0.0
2481,2,0,0.0,0.0,12.0,1724.0,4.0,4,7.5,2,2,0.0,1.0
2482,2,0,0.0,0.0,4.5,1016.5,4.0,7,12.5,1,1,0.0,1.0
2483,2,0,0.0,0.0,13.5,1141.5,4.0,5,15.0,1,1,0.0,1.0
2484,4,1,442.98,110.745,14.25,911.25,3.5,8,8.75,2,1,0.25,0.5
2485,4,0,0.0,0.0,16.5,638.5,4.0,9,10.0,4,4,0.0,1.0
2486,3,1,986.19,328.73,17.333333333333332,1242.0,3.0,5,5.0,3,2,0.3333333333333333,0.6666666666666666
2487,4,1,3466.22,866.555,11.0,970.25,3.5,8,7.5,2,1,0.25,0.5
2488,5,3,2745.75,549.15,12.6,1205.0,3.4,11,11.0,3,0,0.6,0.0
2489,5,1,384.48,76.896,10.0,1490.8,4.2,10,7.0,4,3,0.2,0.75
2490,2,1,1874.09,937.045,11.5,411.0,4.0,5,15.0,1,0,0.5,0.0
2491,2,1,1057.06,528.53,9.5,968.5,4.0,3,7.5,2,1,0.5,0.5
2492,4,1,1765.4,441.35,7.5,868.25,4.25,8,11.25,2,1,0.25,0.5
2493,6,0,0.0,0.0,13.833333333333334,525.6666666666666,4.0,16,8.333333333333334,4,4,0.0,1.0
2494,5,1,174.93,34.986000000000004,9.0,587.8,4.2,13,8.0,3,2,0.2,0.6666666666666666
2495,2,0,0.0,0.0,15.0,683.0,4.0,3,0.0,1,1,0.0,1.0
2497,1,0,0.0,0.0,4.0,104.0,4.0,2,0.0,1,1,0.0,1.0
2498,2,1,2589.03,1294.515,10.0,584.5,3.5,8,15.0,1,0,0.5,0.0
2499,3,0,0.0,0.0,7.666666666666667,421.0,4.0,8,13.333333333333334,2,2,0.0,1.0
2501,4,1,289.33,72.3325,13.25,1488.5,4.0,11,7.5,2,1,0.25,0.5
2502,1,0,0.0,0.0,18.0,30.0,4.0,3,20.0,1,1,0.0,1.0
2503,3,1,1406.12,468.70666666666665,11.0,800.3333333333334,4.333333333333333,7,11.666666666666666,2,1,0.3333333333333333,0.5
2505,2,0,0.0,0.0,8.0,1419.5,4.0,6,2.5,2,2,0.0,1.0
2506,6,1,5779.33,963.2216666666667,7.833333333333333,736.5,4.166666666666667,18,5.0,3,2,0.16666666666666666,0.6666666666666666
2507,1,1,943.81,943.81,1.0,661.0,4.0,2,30.0,1,0,1.0,0.0
2508,1,0,0.0,0.0,21.0,716.0,4.0,2,15.0,0,0,0.0,0.0
2509,5,4,9080.46,1816.0919999999999,10.2,278.8,3.2,15,2.0,4,0,0.8,0.0
2510,1,1,655.47,655.47,6.0,1587.0,5.0,2,10.0,1,0,1.0,0.0
2511,6,1,3293.65,548.9416666666667,9.333333333333334,891.1666666666666,4.166666666666667,18,8.333333333333334,5,4,0.16666666666666666,0.8
2512,1,0,0.0,0.0,10.0,1376.0,4.0,1,0.0,0,0,0.0,0.0
2513,1,0,0.0,0.0,13.0,1026.0,4.0,3,0.0,1,1,0.0,1.0
2514,3,0,0.0,0.0,14.333333333333334,847.0,4.0,12,15.0,1,1,0.0,1.0
2515,6,2,2717.28,452.88000000000005,13.5,1016.6666666666666,4.0,16,14.166666666666666,5,3,0.3333333333333333,0.6
2516,1,0,0.0,0.0,1.0,1234.0,4.0,4,10.0,1,1,0.0,1.0
2517,2,2,4964.02,2482.01,9.0,1471.0,4.0,5,7.5,2,0,1.0,0.0
2518,2,0,0.0,0.0,14.5,871.5,4.0,3,0.0,1,1,0.0,1.0
2519,3,2,1165.01,388.33666666666664,14.0,697.0,3.3333333333333335,6,18.333333333333332,3,1,0.6666666666666666,0.3333333333333333
2521,1,0,0.0,0.0,13.0,942.0,4.0,2,15.0,1,1,0.0,1.0
2522,3,1,2041.77,680.59,12.0,751.6666666666666,4.333333333333333,9,0.0,1,0,0.3333333333333333,0.0
2523,3,0,0.0,0.0,19.666666666666668,844.6666666666666,4.0,7,11.666666666666666,1,1,0.0,1.0
2524,6,1,544.2,90.7,14.5,1313.3333333333333,4.0,17,7.5,6,5,0.16666666666666666,0.8333333333333334
2525,1,0,0.0,0.0,1.0,363.0,4.0,4,0.0,0,0,0.0,0.0
2526,3,2,4137.12,1379.04,16.0,811.3333333333334,3.6666666666666665,9,15.0,3,1,0.6666666666666666,0.3333333333333333
2527,3,2,4376.7,1458.8999999999999,8.666666666666666,1126.6666666666667,4.333333333333333,8,6.666666666666667,3,1,0.6666666666666666,0.3333333333333333
2528,5,1,325.58,65.116,16.0,643.6,4.0,13,10.0,4,3,0.2,0.75
2529,4,0,0.0,0.0,18.0,810.75,4.0,10,11.25,3,3,0.0,1.0
2530,1,0,0.0,0.0,23.0,1534.0,4.0,1,20.0,0,0,0.0,0.0
2531,2,0,0.0,0.0,8.5,1441.5,4.0,6,10.0,0,0,0.0,0.0
2532,5,1,2456.1,491.21999999999997,14.6,796.4,3.8,9,10.0,3,2,0.2,0.6666666666666666
2533,4,1,3765.61,941.4025,12.0,1265.25,3.5,9,8.75,4,3,0.25,0.75
2534,5,1,2291.33,458.26599999999996,6.6,687.8,4.2,16,17.0,5,4,0.2,0.8
2535,3,1,800.73,266.91,15.0,1012.6666666666666,3.6666666666666665,5,16.666666666666668,2,1,0.3333333333333333,0.5
2536,2,0,0.0,0.0,13.0,1311.5,4.0,5,5.0,0,0,0.0,0.0
2538,1,0,0.0,0.0,14.0,500.0,4.0,2,20.0,0,0,0.0,0.0
2539,1,0,0.0,0.0,22.0,339.0,4.0,3,20.0,1,1,0.0,1.0
2540,3,0,0.0,0.0,9.0,1356.6666666666667,4.0,9,18.333333333333332,1,1,0.0,1.0
2541,1,0,0.0,0.0,19.0,49.0,4.0,2,15.0,1,1,0.0,1.0
2543,1,1,308.43,308.43,8.0,450.0,5.0,1,25.0,1,0,1.0,0.0
2544,2,0,0.0,0.0,12.5,599.0,4.0,6,2.5,1,1,0.0,1.0
2545,6,0,0.0,0.0,13.5,633.5,4.0,13,10.833333333333334,2,2,0.0,1.0
2546,5,1,5820.69,1164.138,13.6,374.4,4.2,17,4.0,3,2,0.2,0.6666666666666666
2547,2,0,0.0,0.0,17.0,1330.5,4.0,5,2.5,2,2,0.0,1.0
2548,2,0,0.0,0.0,9.0,118.0,4.0,5,5.0,1,1,0.0,1.0
2549,6,2,4126.59,687.765,9.666666666666666,1066.6666666666667,3.5,12,5.0,4,2,0.3333333333333333,0.5
2550,1,0,0.0,0.0,2.0,1544.0,4.0,4,0.0,1,1,0.0,1.0
2551,4,2,2166.74,541.685,13.75,1171.0,4.25,8,12.5,3,1,0.5,0.3333333333333333
2552,1,0,0.0,0.0,18.0,1108.0,4.0,1,0.0,0,0,0.0,0.0
2553,2,0,0.0,0.0,16.5,412.0,4.0,2,10.0,1,1,0.0,1.0
2554,1,0,0.0,0.0,10.0,848.0,4.0,3,10.0,0,0,0.0,0.0
2555,2,0,0.0,0.0,11.0,223.0,4.0,2,12.5,0,0,0.0,0.0
2556,5,1,4668.81,933.7620000000001,12.6,793.4,3.8,13,11.0,4,3,0.2,0.75
2557,3,1,1406.84,468.94666666666666,16.333333333333332,1322.0,4.333333333333333,9,8.333333333333334,1,0,0.3333333333333333,0.0
2558,7,3,7011.08,1001.5828571428572,14.0,770.0,4.142857142857143,13,8.571428571428571,5,2,0.42857142857142855,0.4
2559,4,1,3969.94,992.485,17.25,838.5,4.25,8,6.25,3,2,0.25,0.6666666666666666
2560,3,0,0.0,0.0,18.0,238.66666666666666,4.0,6,10.0,3,3,0.0,1.0
2561,1,0,0.0,0.0,21.0,1588.0,4.0,3,20.0,1,1,0.0,1.0
2562,1,0,0.0,0.0,15.0,1043.0,4.0,4,15.0,1,1,0.0,1.0
2563,3,0,0.0,0.0,16.0,518.0,4.0,5,0.0,1,1,0.0,1.0
2564,2,1,3319.36,1659.68,9.0,776.0,4.5,4,7.5,1,0,0.5,0.0
2565,3,0,0.0,0.0,17.0,906.3333333333334,4.0,7,16.666666666666668,1,1,0.0,1.0
2567,4,1,602.4,150.6,15.25,1445.0,4.0,14,5.0,2,1,0.25,0.5
2568,2,0,0.0,0.0,13.5,1507.5,4.0,5,7.5,1,1,0.0,1.0
2569,6,1,217.17,36.195,16.166666666666668,1019.5,4.0,9,13.333333333333334,5,4,0.16666666666666666,0.8
2570,6,0,0.0,0.0,8.0,652.1666666666666,4.0,14,8.333333333333334,5,5,0.0,1.0
2571,6,0,0.0,0.0,10.0,811.0,4.0,20,10.0,5,5,0.0,1.0
2572,2,1,1479.39,739.695,21.5,1220.5,4.0,6,15.0,1,0,0.5,0.0
2573,3,1,233.0,77.66666666666667,16.333333333333332,651.3333333333334,3.3333333333333335,9,10.0,3,2,0.3333333333333333,0.6666666666666666
2574,6,3,8379.22,1396.5366666666666,6.666666666666667,1218.5,3.8333333333333335,19,8.333333333333334,5,2,0.5,0.4
2575,3,0,0.0,0.0,12.0,1460.0,4.0,4,5.0,1,1,0.0,1.0
2576,3,1,1934.76,644.92,20.666666666666668,524.6666666666666,4.333333333333333,4,16.666666666666668,2,1,0.3333333333333333,0.5
2577,3,1,1496.55,498.84999999999997,5.333333333333333,760.6666666666666,3.3333333333333335,4,0.0,2,1,0.3333333333333333,0.5
2578,2,0,0.0,0.0,6.5,878.5,4.0,6,0.0,1,1,0.0,1.0
2579,1,0,0.0,0.0,4.0,789.0,4.0,4,0.0,0,0,0.0,0.0
2580,1,0,0.0,0.0,24.0,1285.0,4.0,4,5.0,0,0,0.0,0.0
2581,1,0,0.0,0.0,18.0,1603.0,4.0,2,5.0,1,1,0.0,1.0
2582,3,0,0.0,0.0,12.666666666666666,576.6666666666666,4.0,6,5.0,2,2,0.0,1.0
2583,6,1,473.5,78.91666666666667,8.833333333333334,683.1666666666666,4.0,17,17.5,2,1,0.16666666666666666,0.5
2584,3,1,3175.56,1058.52,5.666666666666667,870.0,4.0,7,15.0,3,2,0.3333333333333333,0.6666666666666666
2585,5,3,10070.72,2014.1439999999998,13.0,797.0,3.6,12,15.0,5,2,0.6,0.4
2586,3,1,4102.48,1367.493333333333,13.666666666666666,838.6666666666666,4.0,7,10.0,2,1,0.3333333333333333,0.5
2587,8,0,0.0,0.0,15.0,616.5,4.0,18,11.25,5,5,0.0,1.0
2589,3,0,0.0,0.0,13.333333333333334,768.3333333333334,4.0,7,20.0,0,0,0.0,0.0
2590,3,2,1663.9,554.6333333333333,6.333333333333333,435.3333333333333,2.6666666666666665,8,6.666666666666667,2,0,0.6666666666666666,0.0
2591,2,1,3883.94,1941.97,3.5,1059.0,4.5,6,0.0,1,0,0.5,0.0
2592,4,0,0.0,0.0,10.0,1020.25,4.0,8,7.5,0,0,0.0,0.0
2594,3,0,0.0,0.0,12.333333333333334,747.6666666666666,4.0,7,10.0,2,2,0.0,1.0
2595,5,1,822.96,164.592,9.0,812.8,4.2,12,16.0,2,1,0.2,0.5
2596,2,1,425.54,212.77,2.0,906.0,3.0,3,12.5,2,1,0.5,0.5
2597,2,1,3559.62,1779.81,14.5,903.0,3.0,4,5.0,1,0,0.5,0.0
2598,2,0,0.0,0.0,11.0,294.0,4.0,7,7.5,2,2,0.0,1.0
2599,1,1,2026.4,2026.4,20.0,1646.0,5.0,4,10.0,1,0,1.0,0.0
2600,3,1,819.53,273.1766666666667,15.666666666666666,835.6666666666666,4.0,6,11.666666666666666,2,1,0.3333333333333333,0.5
2601,4,3,2820.4300000000003,705.1075000000001,15.75,1296.5,3.75,10,11.25,3,0,0.75,0.0
2602,4,1,5324.58,1331.145,21.5,1195.75,4.0,14,13.75,2,1,0.25,0.5
2603,4,0,0.0,0.0,13.75,946.25,4.0,12,8.75,2,2,0.0,1.0
2604,5,0,0.0,0.0,17.4,850.6,4.0,13,9.0,3,3,0.0,1.0
2605,2,0,0.0,0.0,11.5,574.5,4.0,4,10.0,1,1,0.0,1.0
2606,2,0,0.0,0.0,10.5,402.5,4.0,2,5.0,0,0,0.0,0.0
2607,2,2,8590.07,4295.035,18.5,602.0,3.5,6,2.5,2,0,1.0,0.0
2608,3,1,2632.28,877.4266666666667,18.333333333333332,1445.3333333333333,4.333333333333333,8,3.3333333333333335,3,2,0.3333333333333333,0.6666666666666666
2609,2,0,0.0,0.0,18.5,238.5,4.0,6,7.5,1,1,0.0,1.0
2610,2,0,0.0,0.0,12.0,792.0,4.0,5,15.0,0,0,0.0,0.0
2611,2,1,868.77,434.385,9.0,930.5,4.0,3,12.5,2,1,0.5,0.5
2612,2,0,0.0,0.0,10.5,1165.5,4.0,8,17.5,1,1,0.0,1.0
2613,1,1,2156.08,2156.08,24.0,59.0,5.0,2,10.0,1,0,1.0,0.0
2614,5,0,0.0,0.0,10.8,1362.0,4.0,15,11.0,3,3,0.0,1.0
2615,4,1,1471.45,367.8625,14.0,1249.5,4.0,7,7.5,3,2,0.25,0.6666666666666666
2616,7,0,0.0,0.0,11.428571428571429,753.8571428571429,4.0,19,12.142857142857142,5,5,0.0,1.0
2617,2,0,0.0,0.0,14.5,777.0,4.0,4,0.0,1,1,0.0,1.0
2618,4,0,0.0,0.0,15.5,1000.5,4.0,9,6.25,3,3,0.0,1.0
2620,4,0,0.0,0.0,12.5,835.5,4.0,6,8.75,3,3,0.0,1.0
2621,4,0,0.0,0.0,14.75,1036.75,4.0,13,5.0,2,2,0.0,1.0
2622,3,1,236.64,78.88,12.666666666666666,865.0,4.0,6,8.333333333333334,2,1,0.3333333333333333,0.5
2623,2,0,0.0,0.0,12.5,1260.0,4.0,6,15.0,1,1,0.0,1.0
2624,2,0,0.0,0.0,8.0,1513.5,4.0,4,15.0,1,1,0.0,1.0
2625,3,0,0.0,0.0,16.0,832.3333333333334,4.0,6,6.666666666666667,3,3,0.0,1.0
2626,4,0,0.0,0.0,12.75,944.0,4.0,9,10.0,2,2,0.0,1.0
2627,4,0,0.0,0.0,4.75,984.25,4.0,14,13.75,2,2,0.0,1.0
2628,4,0,0.0,0.0,10.75,888.0,4.0,8,13.75,3,3,0.0,1.0
2629,4,1,372.65,93.1625,13.0,417.25,4.25,7,20.0,2,1,0.25,0.5
2630,4,0,0.0,0.0,13.25,981.75,4.0,9,3.75,3,3,0.0,1.0
2631,3,1,4762.62,1587.54,10.333333333333334,1212.3333333333333,3.3333333333333335,9,8.333333333333334,3,2,0.3333333333333333,0.6666666666666666
2632,5,1,631.96,126.39200000000001,14.2,413.2,4.0,11,9.0,4,3,0.2,0.75
2633,4,1,320.26,80.065,5.0,1350.25,3.5,6,7.5,4,3,0.25,0.75
2634,2,0,0.0,0.0,18.0,1172.0,4.0,4,15.0,0,0,0.0,0.0
2635,3,0,0.0,0.0,16.0,1315.6666666666667,4.0,7,3.3333333333333335,2,2,0.0,1.0
2636,2,1,545.95,272.975,4.5,1271.0,4.5,2,15.0,2,1,0.5,0.5
2637,2,0,0.0,0.0,8.0,631.5,4.0,6,15.0,2,2,0.0,1.0
2638,1,0,0.0,0.0,15.0,1029.0,4.0,1,10.0,0,0,0.0,0.0
2639,2,0,0.0,0.0,14.0,843.0,4.0,6,7.5,2,2,0.0,1.0
2640,4,0,0.0,0.0,9.75,713.75,4.0,9,10.0,3,3,0.0,1.0
2642,2,0,0.0,0.0,13.5,1379.5,4.0,2,12.5,2,2,0.0,1.0
2643,2,0,0.0,0.0,20.0,932.0,4.0,5,5.0,0,0,0.0,0.0
2644,4,2,3809.29,952.3225,7.0,761.75,4.0,11,15.0,2,0,0.5,0.0
2645,2,0,0.0,0.0,12.5,614.0,4.0,8,7.5,1,1,0.0,1.0
2646,4,2,2113.0499999999997,528.2624999999999,20.25,1365.75,4.5,5,11.25,4,2,0.5,0.5
2647,1,1,2839.53,2839.53,21.0,617.0,5.0,3,0.0,1,0,1.0,0.0
2648,6,3,6517.379999999999,1086.2299999999998,12.833333333333334,814.8333333333334,3.8333333333333335,20,9.166666666666666,3,0,0.5,0.0
2649,3,1,1448.16,482.72,9.666666666666666,915.3333333333334,4.0,6,11.666666666666666,2,1,0.3333333333333333,0.5
2650,2,1,752.76,376.38,8.5,817.0,3.5,7,0.0,2,1,0.5,0.5
2651,3,0,0.0,0.0,7.666666666666667,1019.6666666666666,4.0,8,6.666666666666667,1,1,0.0,1.0
2652,2,0,0.0,0.0,11.5,1553.5,4.0,3,7.5,1,1,0.0,1.0
2653,1,0,0.0,0.0,19.0,597.0,4.0,1,25.0,1,1,0.0,1.0
2654,2,0,0.0,0.0,10.0,935.0,4.0,5,17.5,2,2,0.0,1.0
2655,2,0,0.0,0.0,21.5,1314.5,4.0,8,12.5,1,1,0.0,1.0
2656,2,1,1952.0,976.0,13.0,842.5,4.5,5,15.0,2,1,0.5,0.5
2657,4,0,0.0,0.0,10.75,1199.0,4.0,9,12.5,3,3,0.0,1.0
2658,5,1,783.21,156.642,15.0,345.8,4.0,13,15.0,4,3,0.2,0.75
2659,1,1,3550.06,3550.06,3.0,275.0,2.0,2,5.0,1,0,1.0,0.0
2660,2,0,0.0,0.0,16.0,1030.5,4.0,5,12.5,1,1,0.0,1.0
2661,1,0,0.0,0.0,9.0,615.0,4.0,4,0.0,0,0,0.0,0.0
2662,2,0,0.0,0.0,19.5,599.0,4.0,5,10.0,0,0,0.0,0.0
2663,5,2,2529.43,505.88599999999997,14.2,783.0,4.0,14,9.0,3,1,0.4,0.3333333333333333
2664,2,0,0.0,0.0,12.0,706.0,4.0,4,7.5,2,2,0.0,1.0
2665,1,1,2962.44,2962.44,3.0,982.0,3.0,3,0.0,1,0,1.0,0.0
2666,6,1,180.92,30.153333333333332,14.166666666666666,526.5,4.0,12,15.0,4,3,0.16666666666666666,0.75
2667,3,2,2895.0600000000004,965.0200000000001,16.0,970.3333333333334,4.333333333333333,7,13.333333333333334,3,1,0.6666666666666666,0.3333333333333333
2668,1,1,749.17,749.17,6.0,904.0,4.0,1,0.0,1,0,1.0,0.0
2669,5,1,673.05,134.60999999999999,16.0,854.8,3.6,12,12.0,5,4,0.2,0.8
2670,2,0,0.0,0.0,5.5,1050.0,4.0,2,7.5,1,1,0.0,1.0
2671,4,3,7731.25,1932.8125,13.25,683.0,3.75,13,10.0,3,0,0.75,0.0
2673,2,0,0.0,0.0,17.5,1122.0,4.0,2,0.0,0,0,0.0,0.0
2675,3,0,0.0,0.0,12.333333333333334,671.0,4.0,6,8.333333333333334,1,1,0.0,1.0
2676,2,0,0.0,0.0,21.0,605.5,4.0,3,7.5,1,1,0.0,1.0
2677,1,0,0.0,0.0,21.0,1169.0,4.0,2,10.0,0,0,0.0,0.0
2678,5,1,236.89,47.378,12.2,1380.8,4.0,10,6.0,4,3,0.2,0.75
2679,2,0,0.0,0.0,18.0,410.0,4.0,8,10.0,0,0,0.0,0.0
2680,7,2,4179.96,597.1371428571429,12.571428571428571,840.1428571428571,3.7142857142857144,18,10.714285714285714,4,2,0.2857142857142857,0.5
2683,2,0,0.0,0.0,13.5,833.5,4.0,6,0.0,0,0,0.0,0.0
2684,4,2,3029.67,757.4175,17.25,863.5,3.0,9,8.75,4,2,0.5,0.5
2685,3,0,0.0,0.0,9.0,1059.3333333333333,4.0,4,10.0,1,1,0.0,1.0
2686,2,0,0.0,0.0,9.5,1450.5,4.0,2,7.5,0,0,0.0,0.0
2687,4,0,0.0,0.0,9.0,939.75,4.0,12,7.5,3,3,0.0,1.0
2688,7,4,4665.7699999999995,666.5385714285713,12.0,1060.4285714285713,3.5714285714285716,14,6.428571428571429,6,2,0.5714285714285714,0.3333333333333333
2689,3,3,3816.79,1272.2633333333333,13.666666666666666,900.6666666666666,4.333333333333333,6,10.0,3,0,1.0,0.0
2690,7,1,557.97,79.71000000000001,9.285714285714286,1280.7142857142858,4.142857142857143,16,10.714285714285714,2,1,0.14285714285714285,0.5
2691,1,1,92.11,92.11,12.0,1757.0,5.0,1,0.0,1,0,1.0,0.0
2692,4,1,223.47,55.8675,16.5,737.75,3.75,8,0.0,3,2,0.25,0.6666666666666666
2693,3,1,1687.28,562.4266666666666,17.333333333333332,512.0,3.0,10,16.666666666666668,2,1,0.3333333333333333,0.5
2694,2,0,0.0,0.0,22.0,1114.0,4.0,5,10.0,2,2,0.0,1.0
2695,2,0,0.0,0.0,10.0,926.0,4.0,6,10.0,1,1,0.0,1.0
2696,4,0,0.0,0.0,15.0,879.75,4.0,9,8.75,3,3,0.0,1.0
2697,2,0,0.0,0.0,6.0,1439.5,4.0,6,0.0,2,2,0.0,1.0
2698,8,1,296.98,37.1225,10.0,923.0,4.0,19,8.75,3,2,0.125,0.6666666666666666
2699,2,0,0.0,0.0,7.0,340.5,4.0,2,2.5,1,1,0.0,1.0
2700,4,0,0.0,0.0,13.0,1128.25,4.0,11,5.0,2,2,0.0,1.0
2701,3,1,3732.45,1244.1499999999999,9.0,795.6666666666666,4.0,6,11.666666666666666,1,0,0.3333333333333333,0.0
2702,1,0,0.0,0.0,22.0,1472.0,4.0,4,5.0,1,1,0.0,1.0
2703,4,1,1355.73,338.9325,17.0,1364.75,3.75,8,6.25,2,1,0.25,0.5
2704,4,0,0.0,0.0,8.25,569.25,4.0,9,11.25,2,2,0.0,1.0
2705,3,1,5568.58,1856.1933333333334,14.333333333333334,991.3333333333334,4.0,12,28.333333333333332,1,0,0.3333333333333333,0.0
2706,2,0,0.0,0.0,11.0,1131.5,4.0,4,7.5,1,1,0.0,1.0
2707,6,1,731.68,121.94666666666666,7.833333333333333,1190.0,4.166666666666667,13,15.0,5,4,0.16666666666666666,0.8
2708,1,1,2952.29,2952.29,9.0,665.0,5.0,4,10.0,1,0,1.0,0.0
2710,7,2,1335.5700000000002,190.7957142857143,11.714285714285714,1270.857142857143,4.0,18,7.142857142857143,6,4,0.2857142857142857,0.6666666666666666
2711,2,1,1368.76,684.38,19.0,846.0,3.0,6,0.0,2,1,0.5,0.5
2713,1,0,0.0,0.0,15.0,1472.0,4.0,1,0.0,1,1,0.0,1.0
2714,3,1,514.09,171.36333333333334,13.333333333333334,768.0,4.333333333333333,5,5.0,2,1,0.3333333333333333,0.5
2715,1,0,0.0,0.0,17.0,331.0,4.0,4,0.0,0,0,0.0,0.0
2716,3,1,2245.98,748.66,6.333333333333333,660.0,3.6666666666666665,9,8.333333333333334,1,0,0.3333333333333333,0.0
2717,2,2,3890.17,1945.085,21.5,1306.0,5.0,6,10.0,2,0,1.0,0.0
2718,1,0,0.0,0.0,19.0,894.0,4.0,1,5.0,1,1,0.0,1.0
2720,1,0,0.0,0.0,4.0,527.0,4.0,2,15.0,0,0,0.0,0.0
2721,1,1,389.03,389.03,12.0,1114.0,5.0,1,5.0,1,0,1.0,0.0
2722,3,1,2545.56,848.52,17.333333333333332,1565.0,4.333333333333333,7,8.333333333333334,1,0,0.3333333333333333,0.0
2723,1,0,0.0,0.0,8.0,1776.0,4.0,1,0.0,1,1,0.0,1.0
2724,4,0,0.0,0.0,12.5,679.5,4.0,13,10.0,2,2,0.0,1.0
2725,1,0,0.0,0.0,9.0,1624.0,4.0,1,30.0,1,1,0.0,1.0
2726,3,2,2550.6800000000003,850.2266666666668,18.666666666666668,635.6666666666666,4.333333333333333,7,21.666666666666668,2,0,0.6666666666666666,0.0
2727,4,1,1124.67,281.1675,10.5,1104.75,4.25,9,12.5,3,2,0.25,0.6666666666666666
2728,5,2,2921.7200000000003,584.344,11.4,640.2,3.6,15,7.0,5,3,0.4,0.6
2729,2,0,0.0,0.0,16.0,1391.5,4.0,6,30.0,2,2,0.0,1.0
2730,6,1,518.11,86.35166666666667,9.0,843.5,4.166666666666667,10,11.666666666666666,2,1,0.16666666666666666,0.5
2731,1,0,0.0,0.0,16.0,713.0,4.0,1,15.0,0,0,0.0,0.0
2732,4,1,435.85,108.9625,10.75,934.25,4.25,7,8.75,2,1,0.25,0.5
2733,3,1,1231.76,410.58666666666664,16.333333333333332,726.3333333333334,4.333333333333333,7,3.3333333333333335,2,1,0.3333333333333333,0.5
2734,4,0,0.0,0.0,17.25,684.25,4.0,11,3.75,2,2,0.0,1.0
2735,3,2,1635.5300000000002,545.1766666666667,8.0,1282.0,3.6666666666666665,7,10.0,3,1,0.6666666666666666,0.3333333333333333
2736,3,1,1461.58,487.1933333333333,14.666666666666666,664.3333333333334,3.3333333333333335,5,10.0,3,2,0.3333333333333333,0.6666666666666666
2737,6,1,1798.58,299.7633333333333,14.666666666666666,964.5,4.166666666666667,17,8.333333333333334,4,3,0.16666666666666666,0.75
2738,2,2,2302.67,1151.335,18.0,1333.0,4.0,3,20.0,2,0,1.0,0.0
2739,2,1,1943.51,971.755,12.5,564.0,3.5,7,30.0,2,1,0.5,0.5
2740,2,1,476.04,238.02,13.5,1295.0,4.5,3,10.0,2,1,0.5,0.5
2741,1,0,0.0,0.0,6.0,1510.0,4.0,1,0.0,0,0,0.0,0.0
2742,3,1,1051.26,350.42,12.0,662.6666666666666,3.3333333333333335,5,18.333333333333332,1,0,0.3333333333333333,0.0
2743,3,1,765.41,255.13666666666666,16.666666666666668,405.0,4.333333333333333,4,0.0,3,2,0.3333333333333333,0.6666666666666666
2745,1,1,468.55,468.55,17.0,1199.0,1.0,1,20.0,1,0,1.0,0.0
2746,3,1,1431.67,477.22333333333336,7.0,677.3333333333334,3.3333333333333335,6,6.666666666666667,1,0,0.3333333333333333,0.0
2748,1,1,592.78,592.78,15.0,972.0,5.0,2,0.0,1,0,1.0,0.0
2749,4,1,333.0,83.25,14.0,913.75,4.25,11,15.0,2,1,0.25,0.5
2750,2,0,0.0,0.0,14.5,485.5,4.0,4,20.0,0,0,0.0,0.0
2751,5,2,8097.55,1619.51,9.8,595.0,4.2,12,16.0,4,2,0.4,0.5
2752,3,0,0.0,0.0,13.333333333333334,1571.3333333333333,4.0,10,23.333333333333332,2,2,0.0,1.0
2753,5,2,3799.0899999999997,759.818,14.6,854.8,4.0,15,6.0,4,2,0.4,0.5
2754,3,1,1175.41,391.80333333333334,12.666666666666666,723.0,3.6666666666666665,8,10.0,2,1,0.3333333333333333,0.5
2755,5,1,1076.95,215.39000000000001,8.8,1143.8,3.8,7,9.0,3,2,0.2,0.6666666666666666
2756,5,2,1468.6,293.71999999999997,14.8,1010.8,3.8,7,4.0,4,2,0.4,0.5
2757,5,1,3275.71,655.142,15.6,667.6,4.2,13,4.0,1,0,0.2,0.0
2758,3,1,587.9,195.96666666666667,8.333333333333334,1413.6666666666667,4.333333333333333,9,20.0,3,2,0.3333333333333333,0.6666666666666666
2759,3,1,3785.88,1261.96,14.0,1080.3333333333333,4.0,7,10.0,3,2,0.3333333333333333,0.6666666666666666
2760,2,1,2884.8,1442.4,11.5,428.0,3.5,5,5.0,1,0,0.5,0.0
2761,4,1,1030.62,257.655,11.25,765.5,4.0,10,7.5,2,1,0.25,0.5
2763,2,0,0.0,0.0,18.0,639.5,4.0,8,10.0,0,0,0.0,0.0
2764,2,0,0.0,0.0,16.0,83.5,4.0,5,7.5,1,1,0.0,1.0
2765,1,0,0.0,0.0,18.0,99.0,4.0,3,0.0,0,0,0.0,0.0
2767,3,0,0.0,0.0,22.666666666666668,597.0,4.0,7,13.333333333333334,1,1,0.0,1.0
2768,1,0,0.0,0.0,6.0,766.0,4.0,1,0.0,0,0,0.0,0.0
2769,2,1,343.64,171.82,15.5,1102.0,3.5,5,15.0,1,0,0.5,0.0
2770,7,2,6422.71,917.53,16.285714285714285,1274.857142857143,4.142857142857143,16,7.857142857142857,4,2,0.2857142857142857,0.5
2771,3,1,762.26,254.08666666666667,12.666666666666666,654.6666666666666,4.0,7,10.0,2,1,0.3333333333333333,0.5
2772,7,1,2171.84,310.2628571428572,15.428571428571429,882.1428571428571,4.142857142857143,14,14.285714285714286,5,4,0.14285714285714285,0.8
2773,3,0,0.0,0.0,11.666666666666666,1019.6666666666666,4.0,8,23.333333333333332,1,1,0.0,1.0
2774,1,0,0.0,0.0,2.0,738.0,4.0,3,0.0,1,1,0.0,1.0
2776,1,0,0.0,0.0,21.0,75.0,4.0,2,0.0,1,1,0.0,1.0
2777,1,0,0.0,0.0,5.0,759.0,4.0,3,20.0,0,0,0.0,0.0
2778,2,0,0.0,0.0,5.5,263.5,4.0,7,12.5,1,1,0.0,1.0
2779,2,0,0.0,0.0,12.5,498.0,4.0,2,0.0,0,0,0.0,0.0
2780,7,2,6567.049999999999,938.1499999999999,10.428571428571429,852.1428571428571,4.142857142857143,17,13.571428571428571,4,2,0.2857142857142857,0.5
2781,2,0,0.0,0.0,3.0,1144.0,4.0,8,20.0,1,1,0.0,1.0
2782,3,0,0.0,0.0,10.666666666666666,1083.3333333333333,4.0,6,8.333333333333334,0,0,0.0,0.0
2783,8,4,6986.240000000001,873.2800000000001,15.0,899.625,4.125,21,7.5,6,2,0.5,0.3333333333333333
2784,2,0,0.0,0.0,10.0,1345.5,4.0,2,7.5,1,1,0.0,1.0
2785,4,0,0.0,0.0,9.0,534.75,4.0,4,8.75,4,4,0.0,1.0
2786,2,1,1198.02,599.01,10.5,491.5,4.0,3,20.0,1,0,0.5,0.0
2787,2,1,1560.73,780.365,12.0,1186.5,4.5,7,7.5,2,1,0.5,0.5
2788,1,1,707.16,707.16,2.0,856.0,1.0,3,0.0,1,0,1.0,0.0
2790,4,1,108.44,27.11,14.25,270.75,4.0,7,16.25,2,1,0.25,0.5
2791,2,0,0.0,0.0,21.0,642.5,4.0,5,25.0,2,2,0.0,1.0
2792,3,0,0.0,0.0,15.0,904.3333333333334,4.0,7,5.0,2,2,0.0,1.0
2793,2,1,331.95,165.975,17.5,620.5,4.5,3,0.0,1,0,0.5,0.0
2794,2,1,4580.96,2290.48,19.5,1054.0,4.0,5,12.5,1,0,0.5,0.0
2795,2,0,0.0,0.0,14.0,1523.0,4.0,3,0.0,0,0,0.0,0.0
2796,5,1,3518.39,703.678,14.2,1033.2,4.0,15,9.0,4,3,0.2,0.75
2797,6,1,1169.0,194.83333333333334,11.833333333333334,973.6666666666666,4.0,18,12.5,4,3,0.16666666666666666,0.75
2798,8,2,4643.15,580.39375,11.875,712.375,4.125,21,16.25,6,4,0.25,0.6666666666666666
2799,3,3,6504.94,2168.313333333333,9.666666666666666,1274.0,2.6666666666666665,9,8.333333333333334,3,0,1.0,0.0
2801,6,2,1282.23,213.705,10.666666666666666,653.3333333333334,3.8333333333333335,11,1.6666666666666667,5,3,0.3333333333333333,0.6
2802,6,1,2972.79,495.465,12.166666666666666,1241.5,4.166666666666667,13,15.833333333333334,5,4,0.16666666666666666,0.8
2803,1,0,0.0,0.0,17.0,1282.0,4.0,3,0.0,1,1,0.0,1.0
2804,6,1,2572.61,428.7683333333334,12.833333333333334,660.1666666666666,3.6666666666666665,15,8.333333333333334,4,3,0.16666666666666666,0.75
2805,1,0,0.0,0.0,17.0,868.0,4.0,2,10.0,1,1,0.0,1.0
2806,1,0,0.0,0.0,6.0,1526.0,4.0,2,0.0,1,1,0.0,1.0
2807,1,0,0.0,0.0,16.0,524.0,4.0,1,25.0,0,0,0.0,0.0
2808,3,0,0.0,0.0,13.333333333333334,1397.3333333333333,4.0,7,5.0,2,2,0.0,1.0
2809,1,0,0.0,0.0,14.0,1097.0,4.0,3,0.0,0,0,0.0,0.0
2810,3,2,3787.02,1262.34,15.333333333333334,534.6666666666666,4.0,8,10.0,3,1,0.6666666666666666,0.3333333333333333
2811,4,1,2227.05,556.7625,18.0,1088.75,4.0,7,1.25,2,1,0.25,0.5
2812,2,1,1791.55,895.775,10.5,1709.0,4.0,4,15.0,1,0,0.5,0.0
2813,7,1,609.45,87.06428571428572,14.285714285714286,1138.0,3.7142857142857144,13,1.4285714285714286,4,3,0.14285714285714285,0.75
2814,3,2,6410.81,2136.936666666667,11.333333333333334,1049.0,4.0,9,18.333333333333332,3,1,0.6666666666666666,0.3333333333333333
2815,3,0,0.0,0.0,13.0,1242.3333333333333,4.0,10,3.3333333333333335,3,3,0.0,1.0
2816,6,1,2391.37,398.56166666666667,13.166666666666666,644.3333333333334,4.166666666666667,17,12.5,3,2,0.16666666666666666,0.6666666666666666
2817,3,1,1364.4,454.8,15.666666666666666,911.6666666666666,4.333333333333333,7,10.0,1,0,0.3333333333333333,0.0
2818,4,2,6011.61,1502.9025,7.75,795.25,4.0,11,13.75,3,1,0.5,0.3333333333333333
2819,4,1,427.93,106.9825,10.5,971.0,3.75,7,16.25,4,3,0.25,0.75
2820,2,0,0.0,0.0,11.0,285.5,4.0,6,12.5,1,1,0.0,1.0
2821,7,3,8288.779999999999,1184.1114285714284,17.142857142857142,962.1428571428571,3.7142857142857144,17,17.857142857142858,4,1,0.42857142857142855,0.25
2822,3,0,0.0,0.0,18.0,769.3333333333334,4.0,5,20.0,1,1,0.0,1.0
2823,1,0,0.0,0.0,14.0,997.0,4.0,2,0.0,0,0,0.0,0.0
2824,7,3,7341.73,1048.8185714285714,13.857142857142858,870.8571428571429,4.142857142857143,22,12.857142857142858,5,2,0.42857142857142855,0.4
2825,4,0,0.0,0.0,6.25,998.0,4.0,15,2.5,2,2,0.0,1.0
2826,3,0,0.0,0.0,10.333333333333334,699.6666666666666,4.0,11,8.333333333333334,1,1,0.0,1.0
2827,2,0,0.0,0.0,11.5,898.5,4.0,6,15.0,1,1,0.0,1.0
2828,1,0,0.0,0.0,21.0,571.0,4.0,4,10.0,0,0,0.0,0.0
2829,2,1,643.17,321.585,21.5,1341.5,4.5,2,0.0,1,0,0.5,0.0
2830,2,0,0.0,0.0,17.0,1276.5,4.0,7,10.0,0,0,0.0,0.0
2831,2,1,805.68,402.84,18.5,1208.0,4.5,6,10.0,2,1,0.5,0.5
2832,1,1,4980.84,4980.84,7.0,1715.0,5.0,3,0.0,1,0,1.0,0.0
2833,5,1,2638.71,527.742,11.8,678.2,3.8,11,10.0,4,3,0.2,0.75
2834,1,0,0.0,0.0,4.0,1679.0,4.0,4,5.0,1,1,0.0,1.0
2835,2,1,941.6,470.8,16.5,1265.5,4.0,5,17.5,2,1,0.5,0.5
2836,1,0,0.0,0.0,1.0,1182.0,4.0,3,0.0,1,1,0.0,1.0
2837,1,0,0.0,0.0,2.0,1571.0,4.0,4,0.0,1,1,0.0,1.0
2838,2,1,2397.51,1198.755,11.5,749.5,4.5,8,15.0,2,1,0.5,0.5
2839,5,0,0.0,0.0,18.0,1044.0,4.0,12,15.0,2,2,0.0,1.0
2840,6,1,1597.05,266.175,12.666666666666666,934.6666666666666,4.0,16,5.0,5,4,0.16666666666666666,0.8
2841,2,1,3929.76,1964.88,13.5,1263.5,2.5,5,20.0,2,1,0.5,0.5
2842,3,2,3089.34,1029.78,14.0,1136.3333333333333,4.333333333333333,8,6.666666666666667,3,1,0.6666666666666666,0.3333333333333333
2843,2,0,0.0,0.0,2.5,775.0,4.0,4,0.0,2,2,0.0,1.0
2844,1,0,0.0,0.0,11.0,463.0,4.0,1,0.0,0,0,0.0,0.0
2845,4,1,1238.5,309.625,14.0,822.75,4.25,11,15.0,2,1,0.25,0.5
2847,5,1,4613.8,922.76,12.0,884.4,3.8,14,18.0,2,1,0.2,0.5
2848,2,1,2121.01,1060.505,20.5,497.0,4.0,3,12.5,2,1,0.5,0.5
2849,2,0,0.0,0.0,4.5,1142.5,4.0,8,10.0,0,0,0.0,0.0
2850,1,0,0.0,0.0,14.0,1329.0,4.0,3,0.0,0,0,0.0,0.0
2851,2,0,0.0,0.0,12.5,825.5,4.0,5,0.0,0,0,0.0,0.0
2852,5,0,0.0,0.0,8.8,423.2,4.0,12,4.0,4,4,0.0,1.0
2853,4,0,0.0,0.0,14.5,741.0,4.0,10,6.25,3,3,0.0,1.0
2854,4,0,0.0,0.0,12.75,563.25,4.0,10,7.5,1,1,0.0,1.0
2855,3,1,2712.04,904.0133333333333,11.333333333333334,1243.0,3.6666666666666665,10,10.0,2,1,0.3333333333333333,0.5
2856,1,0,0.0,0.0,23.0,203.0,4.0,4,0.0,1,1,0.0,1.0
2857,1,0,0.0,0.0,10.0,1488.0,4.0,1,0.0,0,0,0.0,0.0
2858,1,1,3152.38,3152.38,14.0,677.0,4.0,4,10.0,1,0,1.0,0.0
2859,2,1,4138.96,2069.48,14.5,406.0,4.0,5,15.0,1,0,0.5,0.0
2860,1,0,0.0,0.0,12.0,326.0,4.0,3,25.0,0,0,0.0,0.0
2861,7,0,0.0,0.0,15.714285714285714,1064.857142857143,4.0,20,5.0,4,4,0.0,1.0
2862,4,0,0.0,0.0,11.25,515.75,4.0,10,17.5,3,3,0.0,1.0
2863,1,1,924.69,924.69,16.0,551.0,5.0,1,0.0,1,0,1.0,0.0
2864,1,0,0.0,0.0,22.0,162.0,4.0,1,0.0,0,0,0.0,0.0
2865,3,1,146.24,48.74666666666667,10.333333333333334,1001.0,4.0,10,16.666666666666668,3,2,0.3333333333333333,0.6666666666666666
2866,2,0,0.0,0.0,6.5,1451.0,4.0,2,12.5,0,0,0.0,0.0
2867,2,1,847.85,423.925,12.0,638.0,4.0,6,15.0,1,0,0.5,0.0
2868,2,0,0.0,0.0,18.0,960.0,4.0,5,0.0,0,0,0.0,0.0
2869,3,1,454.2,151.4,12.0,612.3333333333334,4.333333333333333,6,13.333333333333334,1,0,0.3333333333333333,0.0
2870,2,0,0.0,0.0,13.5,923.5,4.0,4,12.5,1,1,0.0,1.0
2871,3,2,4114.53,1371.51,13.666666666666666,788.0,4.0,8,11.666666666666666,3,1,0.6666666666666666,0.3333333333333333
2872,1,0,0.0,0.0,11.0,723.0,4.0,4,0.0,1,1,0.0,1.0
2873,1,0,0.0,0.0,10.0,1267.0,4.0,3,0.0,0,0,0.0,0.0
2874,2,0,0.0,0.0,6.0,1048.5,4.0,5,22.5,1,1,0.0,1.0
2875,2,1,930.17,465.085,11.0,202.5,3.5,4,20.0,2,1,0.5,0.5
2876,1,0,0.0,0.0,11.0,562.0,4.0,1,5.0,1,1,0.0,1.0
2877,2,0,0.0,0.0,12.5,965.5,4.0,4,2.5,0,0,0.0,0.0
2878,3,0,0.0,0.0,14.0,898.3333333333334,4.0,5,8.333333333333334,1,1,0.0,1.0
2879,2,0,0.0,0.0,22.5,1093.5,4.0,5,0.0,2,2,0.0,1.0
2880,2,0,0.0,0.0,10.5,726.0,4.0,5,12.5,2,2,0.0,1.0
2881,2,0,0.0,0.0,6.5,415.5,4.0,2,15.0,0,0,0.0,0.0
2882,2,1,763.25,381.625,12.0,160.5,4.0,5,10.0,1,0,0.5,0.0
2883,6,1,478.52,79.75333333333333,10.0,550.5,3.8333333333333335,10,3.3333333333333335,3,2,0.16666666666666666,0.6666666666666666
2884,3,1,617.88,205.96,9.333333333333334,835.0,4.333333333333333,7,0.0,2,1,0.3333333333333333,0.5
2885,2,0,0.0,0.0,10.0,1416.5,4.0,5,10.0,2,2,0.0,1.0
2886,2,1,1603.0,801.5,16.5,1006.5,4.5,3,7.5,1,0,0.5,0.0
2887,1,1,1927.85,1927.85,18.0,1339.0,4.0,3,10.0,1,0,1.0,0.0
2888,4,1,1966.66,491.665,13.25,650.75,4.25,8,16.25,4,3,0.25,0.75
2889,10,2,4884.33,488.433,16.3,727.0,3.9,25,12.0,6,4,0.2,0.6666666666666666
2890,3,0,0.0,0.0,18.0,778.0,4.0,6,11.666666666666666,1,1,0.0,1.0
2891,2,1,1406.27,703.135,5.5,669.0,4.5,6,20.0,1,0,0.5,0.0
2892,5,1,342.8,68.56,11.6,1130.2,4.0,12,10.0,3,2,0.2,0.6666666666666666
2894,4,1,2382.92,595.73,15.0,1046.75,3.75,11,5.0,2,1,0.25,0.5
2895,3,0,0.0,0.0,13.666666666666666,820.0,4.0,10,11.666666666666666,3,3,0.0,1.0
2896,2,1,3365.4,1682.7,12.5,1402.5,3.5,7,5.0,1,0,0.5,0.0
2897,2,1,823.77,411.885,9.0,866.5,4.5,6,5.0,2,1,0.5,0.5
2898,4,0,0.0,0.0,8.75,1294.5,4.0,11,11.25,2,2,0.0,1.0
2899,1,0,0.0,0.0,9.0,1271.0,4.0,3,15.0,1,1,0.0,1.0
2900,5,0,0.0,0.0,12.4,1049.6,4.0,14,9.0,4,4,0.0,1.0
2901,2,0,0.0,0.0,6.0,887.0,4.0,4,5.0,1,1,0.0,1.0
2902,1,0,0.0,0.0,13.0,984.0,4.0,3,10.0,0,0,0.0,0.0
2903,4,1,1175.54,293.885,15.75,694.75,4.0,12,5.0,3,2,0.25,0.6666666666666666
2904,4,0,0.0,0.0,9.5,912.5,4.0,11,8.75,4,4,0.0,1.0
2905,5,1,1739.54,347.908,10.0,911.8,4.2,18,7.0,3,2,0.2,0.6666666666666666
2906,3,0,0.0,0.0,10.666666666666666,1141.0,4.0,10,5.0,3,3,0.0,1.0
2907,4,0,0.0,0.0,9.5,811.0,4.0,9,5.0,3,3,0.0,1.0
2908,2,1,3074.4,1537.2,21.5,1157.0,4.0,5,7.5,2,1,0.5,0.5
2909,4,1,1826.85,456.7125,12.25,1025.25,3.25,13,3.75,3,2,0.25,0.6666666666666666
2910,1,0,0.0,0.0,24.0,1551.0,4.0,4,0.0,1,1,0.0,1.0
2912,2,0,0.0,0.0,11.0,944.0,4.0,5,7.5,1,1,0.0,1.0
2913,3,2,1228.38,409.46000000000004,6.666666666666667,610.0,4.333333333333333,9,6.666666666666667,2,0,0.6666666666666666,0.0
2914,3,1,461.23,153.74333333333334,4.333333333333333,997.6666666666666,3.6666666666666665,3,16.666666666666668,2,1,0.3333333333333333,0.5
2915,2,0,0.0,0.0,9.0,1038.5,4.0,7,25.0,0,0,0.0,0.0
2916,3,2,4901.32,1633.7733333333333,11.666666666666666,1072.6666666666667,3.6666666666666665,8,1.6666666666666667,3,1,0.6666666666666666,0.3333333333333333
2917,5,0,0.0,0.0,16.6,659.6,4.0,16,3.0,5,5,0.0,1.0
2918,1,0,0.0,0.0,11.0,1102.0,4.0,3,25.0,0,0,0.0,0.0
2919,3,2,1208.96,402.9866666666667,8.666666666666666,1396.0,3.3333333333333335,6,8.333333333333334,2,0,0.6666666666666666,0.0
2920,1,1,391.61,391.61,8.0,1665.0,5.0,1,20.0,1,0,1.0,0.0
2924,3,1,907.07,302.3566666666667,12.0,1164.3333333333333,3.6666666666666665,8,6.666666666666667,3,2,0.3333333333333333,0.6666666666666666
2925,3,0,0.0,0.0,9.666666666666666,1289.6666666666667,4.0,4,5.0,3,3,0.0,1.0
2926,1,0,0.0,0.0,2.0,436.0,4.0,1,0.0,1,1,0.0,1.0
2927,1,0,0.0,0.0,16.0,254.0,4.0,3,10.0,0,0,0.0,0.0
2928,4,2,372.48,93.12,15.25,840.0,4.25,10,11.25,3,1,0.5,0.3333333333333333
2929,5,0,0.0,0.0,7.2,826.8,4.0,11,3.0,4,4,0.0,1.0
2930,3,1,2868.06,956.02,11.0,574.0,3.3333333333333335,7,5.0,2,1,0.3333333333333333,0.5
2931,5,1,4104.24,820.848,9.4,1359.0,4.0,16,9.0,4,3,0.2,0.75
2932,2,1,790.8,395.4,17.5,239.0,3.0,4,10.0,1,0,0.5,0.0
2933,3,1,255.36,85.12,10.666666666666666,1230.0,4.0,8,0.0,3,2,0.3333333333333333,0.6666666666666666
2934,2,1,873.0,436.5,12.0,870.0,4.0,6,5.0,1,0,0.5,0.0
2935,4,1,2615.72,653.93,13.75,752.0,3.75,11,6.25,3,2,0.25,0.6666666666666666
2936,4,3,3655.1000000000004,913.7750000000001,15.5,1297.0,4.25,10,7.5,3,0,0.75,0.0
2937,1,0,0.0,0.0,15.0,1514.0,4.0,3,0.0,0,0,0.0,0.0
2938,4,1,1864.33,466.0825,11.0,1187.5,3.75,7,8.75,1,0,0.25,0.0
2939,7,5,10970.79,1567.2557142857145,13.714285714285714,807.4285714285714,4.0,19,15.0,7,2,0.7142857142857143,0.2857142857142857
2940,3,1,262.75,87.58333333333333,13.666666666666666,822.0,4.333333333333333,8,16.666666666666668,1,0,0.3333333333333333,0.0
2941,2,1,1301.2,650.6,16.5,436.0,3.5,4,20.0,2,1,0.5,0.5
2943,4,0,0.0,0.0,11.25,1199.25,4.0,7,2.5,0,0,0.0,0.0
2944,4,1,629.29,157.3225,8.0,861.5,4.25,6,11.25,3,2,0.25,0.6666666666666666
2945,3,0,0.0,0.0,17.0,82.0,4.0,9,21.666666666666668,0,0,0.0,0.0
2946,4,0,0.0,0.0,13.25,1011.5,4.0,10,3.75,2,2,0.0,1.0
2947,3,0,0.0,0.0,20.666666666666668,429.6666666666667,4.0,10,13.333333333333334,2,2,0.0,1.0
2949,4,2,3033.5,758.375,14.25,1014.0,3.25,15,7.5,3,1,0.5,0.3333333333333333
2950,4,1,7273.84,1818.46,8.25,625.25,4.25,12,3.75,4,3,0.25,0.75
2951,2,0,0.0,0.0,15.0,1379.0,4.0,6,15.0,2,2,0.0,1.0
2952,3,1,251.28,83.76,11.0,899.0,3.3333333333333335,6,3.3333333333333335,2,1,0.3333333333333333,0.5
2953,2,0,0.0,0.0,8.5,1098.0,4.0,5,10.0,1,1,0.0,1.0
2954,2,0,0.0,0.0,22.5,465.5,4.0,5,12.5,1,1,0.0,1.0
2955,3,2,5796.3,1932.1000000000001,10.666666666666666,454.6666666666667,4.0,8,10.0,3,1,0.6666666666666666,0.3333333333333333
2956,2,0,0.0,0.0,12.0,1134.5,4.0,7,0.0,1,1,0.0,1.0
2957,1,1,584.86,584.86,2.0,1391.0,4.0,1,20.0,1,0,1.0,0.0
2958,3,0,0.0,0.0,16.333333333333332,861.0,4.0,8,8.333333333333334,0,0,0.0,0.0
2959,1,0,0.0,0.0,17.0,1174.0,4.0,1,0.0,0,0,0.0,0.0
2960,5,1,1527.31,305.462,17.6,830.6,4.2,9,8.0,3,2,0.2,0.6666666666666666
2961,2,0,0.0,0.0,12.0,206.0,4.0,2,0.0,1,1,0.0,1.0
2962,2,1,2069.36,1034.68,8.5,686.5,4.0,6,15.0,2,1,0.5,0.5
2963,2,0,0.0,0.0,1.5,848.0,4.0,8,0.0,2,2,0.0,1.0
2964,3,1,1198.49,399.49666666666667,16.333333333333332,1129.6666666666667,3.6666666666666665,6,10.0,2,1,0.3333333333333333,0.5
2965,4,0,0.0,0.0,11.75,771.75,4.0,11,13.75,1,1,0.0,1.0
2967,3,1,821.97,273.99,6.333333333333333,467.0,4.0,8,13.333333333333334,2,1,0.3333333333333333,0.5
2968,3,0,0.0,0.0,18.0,1149.6666666666667,4.0,3,15.0,1,1,0.0,1.0
2969,4,0,0.0,0.0,13.25,699.75,4.0,9,15.0,3,3,0.0,1.0
2970,2,1,3120.36,1560.18,8.5,569.0,4.5,6,0.0,1,0,0.5,0.0
2971,5,1,2426.64,485.328,5.6,753.0,4.0,11,3.0,5,4,0.2,0.8
2972,4,1,363.71,90.9275,13.25,1263.25,4.25,6,0.0,3,2,0.25,0.6666666666666666
2973,5,3,5777.7,1155.54,10.4,983.4,3.6,11,4.0,4,1,0.6,0.25
2974,2,1,890.53,445.265,5.0,942.5,4.0,3,5.0,2,1,0.5,0.5
2975,4,0,0.0,0.0,13.25,1128.0,4.0,8,6.25,2,2,0.0,1.0
2976,1,1,1399.04,1399.04,10.0,1360.0,3.0,4,0.0,1,0,1.0,0.0
2977,2,1,2622.92,1311.46,12.0,434.5,4.5,4,5.0,2,1,0.5,0.5
2978,3,1,395.35,131.78333333333333,9.666666666666666,858.3333333333334,4.333333333333333,6,13.333333333333334,2,1,0.3333333333333333,0.5
2979,2,0,0.0,0.0,6.5,723.5,4.0,2,20.0,1,1,0.0,1.0
2980,6,2,2601.2,433.5333333333333,14.333333333333334,1064.0,4.166666666666667,14,5.0,5,3,0.3333333333333333,0.6
2981,1,0,0.0,0.0,3.0,407.0,4.0,3,0.0,0,0,0.0,0.0
2982,1,0,0.0,0.0,9.0,627.0,4.0,3,0.0,1,1,0.0,1.0
2983,1,0,0.0,0.0,4.0,283.0,4.0,3,0.0,0,0,0.0,0.0
2984,2,0,0.0,0.0,9.5,1568.5,4.0,5,22.5,2,2,0.0,1.0
2985,2,0,0.0,0.0,20.0,1173.0,4.0,4,0.0,1,1,0.0,1.0
2986,2,1,569.71,284.855,18.0,393.5,4.5,2,2.5,1,0,0.5,0.0
2987,1,0,0.0,0.0,7.0,1650.0,4.0,2,0.0,1,1,0.0,1.0
2988,3,2,537.24,179.08,11.333333333333334,1061.0,2.3333333333333335,5,8.333333333333334,3,1,0.6666666666666666,0.3333333333333333
2989,1,0,0.0,0.0,6.0,1682.0,4.0,1,0.0,0,0,0.0,0.0
2990,7,1,299.85,42.83571428571429,9.0,541.5714285714286,4.142857142857143,16,5.0,4,3,0.14285714285714285,0.75
2991,1,0,0.0,0.0,12.0,268.0,4.0,2,20.0,0,0,0.0,0.0
2992,3,2,1485.57,495.19,14.333333333333334,627.0,4.0,9,10.0,2,0,0.6666666666666666,0.0
2993,5,1,934.68,186.93599999999998,7.6,1193.2,3.8,14,8.0,4,3,0.2,0.75
2994,6,3,12989.279999999999,2164.8799999999997,14.166666666666666,495.6666666666667,4.166666666666667,20,7.5,3,0,0.5,0.0
2995,3,1,736.83,245.61,5.333333333333333,867.3333333333334,3.6666666666666665,6,11.666666666666666,2,1,0.3333333333333333,0.5
2996,4,0,0.0,0.0,6.25,1276.5,4.0,12,11.25,2,2,0.0,1.0
2997,4,0,0.0,0.0,9.0,838.75,4.0,11,17.5,3,3,0.0,1.0
2998,2,0,0.0,0.0,20.5,628.5,4.0,3,10.0,2,2,0.0,1.0
2999,1,0,0.0,0.0,4.0,1139.0,4.0,4,0.0,1,1,0.0,1.0
3000,4,2,2312.56,578.14,13.75,1559.75,3.5,7,2.5,3,1,0.5,0.3333333333333333
3001,6,0,0.0,0.0,10.0,719.6666666666666,4.0,14,6.666666666666667,5,5,0.0,1.0
3002,5,1,1464.6,292.91999999999996,15.0,732.8,4.0,13,6.0,2,1,0.2,0.5
3003,3,0,0.0,0.0,11.0,1482.3333333333333,4.0,7,6.666666666666667,3,3,0.0,1.0
3004,1,0,0.0,0.0,12.0,1238.0,4.0,1,0.0,1,1,0.0,1.0
3005,4,1,720.4,180.1,7.25,862.0,4.0,11,5.0,3,2,0.25,0.6666666666666666
3006,4,0,0.0,0.0,11.75,696.25,4.0,10,15.0,2,2,0.0,1.0
3007,3,0,0.0,0.0,13.333333333333334,789.3333333333334,4.0,8,8.333333333333334,1,1,0.0,1.0
3008,1,0,0.0,0.0,9.0,361.0,4.0,2,5.0,0,0,0.0,0.0
3009,3,1,1952.78,650.9266666666666,18.666666666666668,563.3333333333334,4.0,5,11.666666666666666,2,1,0.3333333333333333,0.5
3010,4,0,0.0,0.0,11.25,988.25,4.0,12,6.25,4,4,0.0,1.0
3011,5,0,0.0,0.0,7.8,1419.6,4.0,14,3.0,3,3,0.0,1.0
3012,4,0,0.0,0.0,11.75,594.75,4.0,7,5.0,1,1,0.0,1.0
3013,4,1,180.62,45.155,10.0,1008.0,4.25,9,10.0,2,1,0.25,0.5
3015,6,2,3544.8,590.8000000000001,10.5,616.1666666666666,3.3333333333333335,18,10.0,4,2,0.3333333333333333,0.5
3017,1,0,0.0,0.0,22.0,1596.0,4.0,4,0.0,0,0,0.0,0.0
3018,4,0,0.0,0.0,10.5,520.75,4.0,12,7.5,3,3,0.0,1.0
3019,3,1,805.68,268.56,15.333333333333334,912.3333333333334,3.6666666666666665,4,3.3333333333333335,3,2,0.3333333333333333,0.6666666666666666
3020,5,1,707.3,141.45999999999998,9.4,529.8,4.2,16,12.0,4,3,0.2,0.75
3021,3,2,3663.0899999999997,1221.03,7.0,701.0,4.0,5,8.333333333333334,2,0,0.6666666666666666,0.0
3022,3,1,3718.5,1239.5,16.333333333333332,595.0,4.0,8,0.0,2,1,0.3333333333333333,0.5
3023,2,0,0.0,0.0,10.5,486.5,4.0,2,10.0,1,1,0.0,1.0
3024,5,2,2757.8900000000003,551.5780000000001,12.0,1287.0,4.2,12,13.0,4,2,0.4,0.5
3025,4,0,0.0,0.0,11.5,784.5,4.0,8,8.75,2,2,0.0,1.0
3026,2,0,0.0,0.0,7.0,228.0,4.0,7,5.0,2,2,0.0,1.0
3027,3,1,1859.91,619.97,7.333333333333333,775.6666666666666,3.3333333333333335,11,8.333333333333334,1,0,0.3333333333333333,0.0
3028,3,0,0.0,0.0,16.333333333333332,209.33333333333334,4.0,5,0.0,3,3,0.0,1.0
3029,3,1,3623.36,1207.7866666666666,17.666666666666668,584.6666666666666,4.0,8,5.0,3,2,0.3333333333333333,0.6666666666666666
3030,5,1,836.96,167.392,13.2,1125.0,4.0,11,10.0,3,2,0.2,0.6666666666666666
3031,2,0,0.0,0.0,18.5,1707.0,4.0,2,20.0,1,1,0.0,1.0
3032,2,0,0.0,0.0,16.5,865.0,4.0,7,2.5,0,0,0.0,0.0
3033,4,0,0.0,0.0,14.5,919.75,4.0,11,12.5,2,2,0.0,1.0
3035,2,0,0.0,0.0,16.5,1289.5,4.0,8,0.0,1,1,0.0,1.0
3036,2,2,3871.66,1935.83,21.5,394.0,4.5,3,10.0,2,0,1.0,0.0
3037,3,0,0.0,0.0,15.666666666666666,998.3333333333334,4.0,9,1.6666666666666667,0,0,0.0,0.0
3038,4,1,1149.52,287.38,4.75,594.5,3.75,9,11.25,4,3,0.25,0.75
3039,1,0,0.0,0.0,23.0,813.0,4.0,2,10.0,1,1,0.0,1.0
3040,6,0,0.0,0.0,15.0,439.3333333333333,4.0,14,6.666666666666667,1,1,0.0,1.0
3041,3,0,0.0,0.0,10.0,857.6666666666666,4.0,6,10.0,2,2,0.0,1.0
3043,1,0,0.0,0.0,3.0,203.0,4.0,4,0.0,1,1,0.0,1.0
3044,2,0,0.0,0.0,8.5,655.0,4.0,3,17.5,2,2,0.0,1.0
3045,2,1,1281.66,640.83,11.0,812.5,3.0,4,22.5,2,1,0.5,0.5
3046,3,1,1960.17,653.39,13.666666666666666,686.0,4.333333333333333,7,3.3333333333333335,3,2,0.3333333333333333,0.6666666666666666
3047,1,0,0.0,0.0,18.0,403.0,4.0,3,15.0,0,0,0.0,0.0
3048,4,1,354.54,88.635,9.25,1226.25,4.0,13,3.75,2,1,0.25,0.5
3049,5,2,2610.6,522.12,16.2,861.8,4.0,14,8.0,4,2,0.4,0.5
3050,3,0,0.0,0.0,14.666666666666666,1184.0,4.0,6,3.3333333333333335,2,2,0.0,1.0
3051,1,0,0.0,0.0,9.0,414.0,4.0,4,25.0,1,1,0.0,1.0
3052,4,3,6955.42,1738.855,18.5,718.0,3.5,13,7.5,3,0,0.75,0.0
3053,3,0,0.0,0.0,11.333333333333334,1207.3333333333333,4.0,10,8.333333333333334,2,2,0.0,1.0
3054,3,0,0.0,0.0,14.0,991.0,4.0,7,8.333333333333334,3,3,0.0,1.0
3055,4,0,0.0,0.0,16.75,813.75,4.0,10,20.0,1,1,0.0,1.0
3056,2,0,0.0,0.0,16.5,1063.5,4.0,5,2.5,2,2,0.0,1.0
3057,1,1,2733.19,2733.19,22.0,638.0,5.0,2,15.0,1,0,1.0,0.0
3058,2,0,0.0,0.0,10.5,848.5,4.0,6,7.5,1,1,0.0,1.0
3059,4,1,913.98,228.495,10.5,1159.75,4.0,7,17.5,4,3,0.25,0.75
3060,3,0,0.0,0.0,18.333333333333332,472.0,4.0,8,3.3333333333333335,1,1,0.0,1.0
3061,3,1,3134.76,1044.92,13.0,1163.3333333333333,4.0,6,6.666666666666667,2,1,0.3333333333333333,0.5
3062,1,0,0.0,0.0,23.0,701.0,4.0,4,10.0,0,0,0.0,0.0
3063,2,0,0.0,0.0,12.0,809.5,4.0,6,7.5,2,2,0.0,1.0
3065,1,1,1164.46,1164.46,4.0,1103.0,5.0,3,20.0,1,0,1.0,0.0
3066,2,0,0.0,0.0,13.0,1094.0,4.0,6,7.5,1,1,0.0,1.0
3067,3,1,1071.75,357.25,6.333333333333333,1094.3333333333333,3.0,7,11.666666666666666,3,2,0.3333333333333333,0.6666666666666666
3068,4,1,887.56,221.89,4.25,843.0,4.25,8,6.25,2,1,0.25,0.5
3069,2,1,676.4,338.2,8.5,1025.0,4.0,5,7.5,2,1,0.5,0.5
3070,2,0,0.0,0.0,6.0,723.5,4.0,6,2.5,2,2,0.0,1.0
3071,3,1,1649.41,549.8033333333334,14.333333333333334,842.3333333333334,4.333333333333333,10,20.0,2,1,0.3333333333333333,0.5
3072,3,2,4101.24,1367.08,17.666666666666668,1135.3333333333333,4.0,8,18.333333333333332,3,1,0.6666666666666666,0.3333333333333333
3073,2,1,4979.55,2489.775,18.0,1414.0,4.5,7,0.0,2,1,0.5,0.5
3074,2,0,0.0,0.0,9.5,914.0,4.0,4,10.0,2,2,0.0,1.0
3075,6,0,0.0,0.0,13.5,822.0,4.0,15,10.0,5,5,0.0,1.0
3076,3,0,0.0,0.0,13.0,1025.6666666666667,4.0,11,10.0,1,1,0.0,1.0
3077,7,1,2031.59,290.22714285714284,15.0,1061.0,3.857142857142857,16,9.285714285714286,4,3,0.14285714285714285,0.75
3078,1,1,224.83,224.83,12.0,300.0,3.0,1,0.0,1,0,1.0,0.0
3079,3,1,3527.74,1175.9133333333332,8.0,1120.0,4.0,10,6.666666666666667,1,0,0.3333333333333333,0.0
3080,1,0,0.0,0.0,15.0,213.0,4.0,3,0.0,1,1,0.0,1.0
3081,3,1,1658.87,552.9566666666666,9.666666666666666,1069.0,3.6666666666666665,5,6.666666666666667,3,2,0.3333333333333333,0.6666666666666666
3082,7,0,0.0,0.0,13.0,622.0,4.0,19,6.428571428571429,2,2,0.0,1.0
3084,1,0,0.0,0.0,11.0,1708.0,4.0,2,0.0,1,1,0.0,1.0
3085,3,0,0.0,0.0,9.666666666666666,827.3333333333334,4.0,12,15.0,3,3,0.0,1.0
3086,1,0,0.0,0.0,11.0,712.0,4.0,4,10.0,1,1,0.0,1.0
3087,3,2,967.83,322.61,6.333333333333333,682.0,4.333333333333333,8,6.666666666666667,3,1,0.6666666666666666,0.3333333333333333
3088,1,1,246.29,246.29,7.0,1553.0,5.0,1,0.0,1,0,1.0,0.0
3089,2,0,0.0,0.0,13.5,619.0,4.0,4,7.5,2,2,0.0,1.0
3090,2,1,734.66,367.33,18.5,456.5,4.5,5,7.5,1,0,0.5,0.0
3092,6,2,7062.03,1177.0049999999999,11.833333333333334,1059.3333333333333,4.0,20,10.0,3,1,0.3333333333333333,0.3333333333333333
3093,4,0,0.0,0.0,14.25,667.75,4.0,9,12.5,4,4,0.0,1.0
3094,5,1,2375.11,475.02200000000005,12.0,1190.4,3.8,13,9.0,3,2,0.2,0.6666666666666666
3095,2,0,0.0,0.0,5.5,1141.5,4.0,6,5.0,1,1,0.0,1.0
3097,2,0,0.0,0.0,9.0,373.5,4.0,3,7.5,2,2,0.0,1.0
3098,3,0,0.0,0.0,12.0,766.0,4.0,10,13.333333333333334,1,1,0.0,1.0
3100,2,0,0.0,0.0,15.5,275.5,4.0,3,5.0,2,2,0.0,1.0
3101,1,1,1956.67,1956.67,16.0,502.0,5.0,4,10.0,1,0,1.0,0.0
3102,1,0,0.0,0.0,12.0,1057.0,4.0,2,0.0,1,1,0.0,1.0
3103,2,0,0.0,0.0,16.0,1308.5,4.0,5,12.5,0,0,0.0,0.0
3104,3,0,0.0,0.0,15.0,797.0,4.0,5,10.0,2,2,0.0,1.0
3105,3,1,821.18,273.72666666666663,8.0,540.3333333333334,4.333333333333333,7,0.0,2,1,0.3333333333333333,0.5
3106,3,1,2749.36,916.4533333333334,12.666666666666666,1075.6666666666667,4.0,8,10.0,2,1,0.3333333333333333,0.5
3107,2,1,1754.48,877.24,14.5,372.0,3.0,8,2.5,2,1,0.5,0.5
3108,2,0,0.0,0.0,8.5,412.5,4.0,4,2.5,1,1,0.0,1.0
3109,2,0,0.0,0.0,10.5,517.5,4.0,8,7.5,2,2,0.0,1.0
3110,2,0,0.0,0.0,20.0,957.0,4.0,3,5.0,2,2,0.0,1.0
3111,3,1,169.29,56.43,17.0,1115.0,4.0,8,8.333333333333334,2,1,0.3333333333333333,0.5
3112,2,0,0.0,0.0,10.5,574.0,4.0,8,7.5,2,2,0.0,1.0
3113,2,1,1879.1,939.55,11.0,707.0,4.0,5,22.5,1,0,0.5,0.0
3114,3,0,0.0,0.0,11.333333333333334,880.6666666666666,4.0,8,11.666666666666666,2,2,0.0,1.0
3115,3,0,0.0,0.0,15.333333333333334,430.3333333333333,4.0,9,10.0,2,2,0.0,1.0
3116,6,2,2318.0699999999997,386.34499999999997,14.833333333333334,1203.5,4.166666666666667,16,11.666666666666666,4,2,0.3333333333333333,0.5
3117,1,1,1065.5,1065.5,11.0,1313.0,4.0,1,10.0,1,0,1.0,0.0
3118,4,2,2332.74,583.185,14.0,1081.5,3.25,11,2.5,2,0,0.5,0.0
3119,3,2,4961.79,1653.93,6.0,1131.0,3.6666666666666665,8,13.333333333333334,2,0,0.6666666666666666,0.0
3120,3,0,0.0,0.0,10.666666666666666,589.0,4.0,5,3.3333333333333335,1,1,0.0,1.0
3121,3,2,4383.87,1461.29,17.0,946.6666666666666,4.666666666666667,10,0.0,2,0,0.6666666666666666,0.0
3122,5,1,2434.09,486.81800000000004,10.4,1134.6,4.0,15,7.0,5,4,0.2,0.8
3123,5,1,403.01,80.602,9.2,1138.8,3.8,10,13.0,3,2,0.2,0.6666666666666666
3124,1,1,240.26,240.26,11.0,1731.0,3.0,1,10.0,1,0,1.0,0.0
3125,1,0,0.0,0.0,21.0,652.0,4.0,1,5.0,1,1,0.0,1.0
3126,3,1,724.99,241.66333333333333,16.666666666666668,973.3333333333334,4.0,4,13.333333333333334,3,2,0.3333333333333333,0.6666666666666666
3127,4,0,0.0,0.0,11.75,1222.25,4.0,15,13.75,2,2,0.0,1.0
3128,5,3,2478.08,495.616,16.6,311.8,3.4,9,4.0,4,1,0.6,0.25
3129,5,1,2074.68,414.936,11.0,703.8,4.2,10,5.0,3,2,0.2,0.6666666666666666
3130,4,0,0.0,0.0,13.25,970.0,4.0,11,6.25,3,3,0.0,1.0
3131,5,1,881.86,176.372,10.8,1304.8,4.0,11,10.0,4,3,0.2,0.75
3132,1,0,0.0,0.0,21.0,1677.0,4.0,3,0.0,1,1,0.0,1.0
3133,4,1,1733.53,433.3825,12.0,1056.0,4.0,11,7.5,3,2,0.25,0.6666666666666666
3134,3,1,604.0,201.33333333333334,17.0,718.3333333333334,4.0,8,10.0,2,1,0.3333333333333333,0.5
3135,5,2,1976.2,395.24,8.8,650.2,4.2,9,10.0,2,0,0.4,0.0
3137,2,1,3071.68,1535.84,8.0,632.5,3.5,5,7.5,2,1,0.5,0.5
3138,1,0,0.0,0.0,23.0,873.0,4.0,1,15.0,1,1,0.0,1.0
3139,2,1,2161.92,1080.96,14.5,768.0,4.0,6,20.0,1,0,0.5,0.0
3140,5,2,3433.88,686.7760000000001,14.8,717.8,3.8,14,17.0,4,2,0.4,0.5
3141,5,1,893.18,178.636,11.2,897.6,3.4,7,12.0,3,2,0.2,0.6666666666666666
3142,3,2,965.03,321.6766666666667,17.333333333333332,761.0,3.6666666666666665,7,6.666666666666667,2,0,0.6666666666666666,0.0
3144,4,1,2964.06,741.015,19.75,917.75,4.0,14,8.75,3,2,0.25,0.6666666666666666
3145,5,1,2348.29,469.658,11.4,746.6,4.0,18,11.0,3,2,0.2,0.6666666666666666
3146,2,0,0.0,0.0,17.0,1053.0,4.0,5,25.0,0,0,0.0,0.0
3147,1,0,0.0,0.0,5.0,1210.0,4.0,1,15.0,1,1,0.0,1.0
3148,5,0,0.0,0.0,14.8,337.4,4.0,11,12.0,4,4,0.0,1.0
3149,1,0,0.0,0.0,8.0,1340.0,4.0,3,0.0,1,1,0.0,1.0
3150,4,1,351.11,87.7775,15.75,595.75,3.75,7,2.5,4,3,0.25,0.75
3151,2,1,3652.0,1826.0,14.0,1089.5,4.0,4,10.0,2,1,0.5,0.5
3152,2,0,0.0,0.0,16.0,913.5,4.0,5,17.5,1,1,0.0,1.0
3154,2,0,0.0,0.0,4.0,1020.5,4.0,6,5.0,1,1,0.0,1.0
3155,4,1,257.28,64.32,18.75,983.25,4.0,4,6.25,4,3,0.25,0.75
3156,1,0,0.0,0.0,23.0,1168.0,4.0,1,10.0,0,0,0.0,0.0
3157,3,0,0.0,0.0,18.333333333333332,1218.0,4.0,9,10.0,2,2,0.0,1.0
3158,4,0,0.0,0.0,13.75,712.0,4.0,11,11.25,3,3,0.0,1.0
3159,3,0,0.0,0.0,14.333333333333334,1100.0,4.0,8,3.3333333333333335,3,3,0.0,1.0
3160,4,1,825.21,206.3025,13.5,563.75,3.75,10,11.25,3,2,0.25,0.6666666666666666
3161,1,0,0.0,0.0,10.0,127.0,4.0,2,15.0,1,1,0.0,1.0
3162,6,2,5189.4400000000005,864.9066666666668,14.666666666666666,818.1666666666666,4.0,16,10.0,4,2,0.3333333333333333,0.5
3163,2,0,0.0,0.0,9.5,555.5,4.0,5,10.0,1,1,0.0,1.0
3164,3,0,0.0,0.0,11.333333333333334,479.3333333333333,4.0,10,18.333333333333332,1,1,0.0,1.0
3165,2,0,0.0,0.0,9.5,915.5,4.0,7,12.5,1,1,0.0,1.0
3166,4,1,165.26,41.315,14.0,441.5,4.25,12,8.75,3,2,0.25,0.6666666666666666
3167,1,0,0.0,0.0,4.0,65.0,4.0,4,0.0,1,1,0.0,1.0
3168,8,0,0.0,0.0,14.75,802.375,4.0,20,5.625,6,6,0.0,1.0
3169,1,0,0.0,0.0,10.0,1262.0,4.0,4,5.0,1,1,0.0,1.0
3170,4,1,1152.64,288.16,12.25,1238.5,4.25,7,6.25,2,1,0.25,0.5
3171,4,0,0.0,0.0,14.5,987.5,4.0,8,2.5,4,4,0.0,1.0
3172,2,0,0.0,0.0,6.0,594.0,4.0,4,17.5,2,2,0.0,1.0
3173,6,1,1159.81,193.30166666666665,10.666666666666666,678.3333333333334,4.0,13,7.5,2,1,0.16666666666666666,0.5
3174,3,0,0.0,0.0,16.666666666666668,917.0,4.0,8,1.6666666666666667,2,2,0.0,1.0
3175,2,0,0.0,0.0,7.5,825.5,4.0,8,10.0,1,1,0.0,1.0
3176,3,1,1004.96,334.9866666666667,8.333333333333334,1377.3333333333333,4.333333333333333,8,11.666666666666666,3,2,0.3333333333333333,0.6666666666666666
3177,3,0,0.0,0.0,10.666666666666666,215.33333333333334,4.0,5,5.0,1,1,0.0,1.0
3178,3,0,0.0,0.0,12.0,840.3333333333334,4.0,8,1.6666666666666667,3,3,0.0,1.0
3179,1,0,0.0,0.0,6.0,928.0,4.0,2,0.0,0,0,0.0,0.0
3180,1,1,119.71,119.71,20.0,1638.0,3.0,1,15.0,1,0,1.0,0.0
3181,2,0,0.0,0.0,7.5,1162.5,4.0,6,7.5,2,2,0.0,1.0
3182,4,1,1050.62,262.655,9.75,1000.25,3.75,8,7.5,3,2,0.25,0.6666666666666666
3183,6,1,401.2,66.86666666666666,13.333333333333334,632.8333333333334,4.0,15,13.333333333333334,5,4,0.16666666666666666,0.8
3184,3,1,1203.93,401.31,20.333333333333332,854.6666666666666,3.3333333333333335,5,13.333333333333334,1,0,0.3333333333333333,0.0
3186,2,0,0.0,0.0,14.0,1042.5,4.0,4,0.0,2,2,0.0,1.0
3187,4,0,0.0,0.0,7.25,730.75,4.0,12,10.0,1,1,0.0,1.0
3188,3,2,2043.6399999999999,681.2133333333333,11.666666666666666,632.0,3.6666666666666665,5,18.333333333333332,2,0,0.6666666666666666,0.0
3189,2,1,653.14,326.57,3.0,722.5,3.5,5,15.0,1,0,0.5,0.0
3190,1,0,0.0,0.0,8.0,223.0,4.0,4,0.0,0,0,0.0,0.0
3191,2,2,4114.66,2057.33,8.5,738.5,5.0,6,7.5,2,0,1.0,0.0
3192,3,2,3772.46,1257.4866666666667,10.0,774.6666666666666,4.0,8,11.666666666666666,2,0,0.6666666666666666,0.0
3193,4,2,6477.18,1619.295,12.25,999.5,4.0,10,3.75,3,1,0.5,0.3333333333333333
3194,2,0,0.0,0.0,20.5,680.0,4.0,4,10.0,1,1,0.0,1.0
3195,1,0,0.0,0.0,15.0,1625.0,4.0,2,0.0,0,0,0.0,0.0
3196,3,1,796.46,265.4866666666667,9.333333333333334,841.3333333333334,3.6666666666666665,6,13.333333333333334,1,0,0.3333333333333333,0.0
3197,2,1,2187.33,1093.665,21.0,899.0,4.5,7,0.0,1,0,0.5,0.0
3198,2,0,0.0,0.0,21.0,686.5,4.0,5,12.5,1,1,0.0,1.0
3199,3,1,113.04,37.68,10.666666666666666,479.3333333333333,4.333333333333333,8,10.0,3,2,0.3333333333333333,0.6666666666666666
3200,8,3,4233.42,529.1775,13.875,1119.0,4.125,21,4.375,5,2,0.375,0.4
3201,2,0,0.0,0.0,14.5,128.5,4.0,6,5.0,1,1,0.0,1.0
3202,6,1,1859.47,309.9116666666667,17.333333333333332,1262.5,3.8333333333333335,12,3.3333333333333335,4,3,0.16666666666666666,0.75
3203,5,1,438.66,87.732,13.6,901.4,4.0,11,6.0,2,1,0.2,0.5
3204,3,1,3017.0,1005.6666666666666,7.0,1467.3333333333333,4.333333333333333,6,6.666666666666667,1,0,0.3333333333333333,0.0
3205,3,1,2309.84,769.9466666666667,12.666666666666666,342.3333333333333,4.0,7,13.333333333333334,3,2,0.3333333333333333,0.6666666666666666
3206,3,1,2005.05,668.35,21.666666666666668,612.6666666666666,4.333333333333333,9,5.0,2,1,0.3333333333333333,0.5
3207,6,2,7242.75,1207.125,13.333333333333334,798.0,3.5,17,10.833333333333334,3,1,0.3333333333333333,0.3333333333333333
3208,2,0,0.0,0.0,12.0,1162.5,4.0,2,12.5,2,2,0.0,1.0
3209,3,0,0.0,0.0,14.333333333333334,763.0,4.0,8,6.666666666666667,2,2,0.0,1.0
3210,1,0,0.0,0.0,10.0,311.0,4.0,2,5.0,1,1,0.0,1.0
3211,3,1,5794.96,1931.6533333333334,8.0,1211.0,4.333333333333333,9,1.6666666666666667,3,2,0.3333333333333333,0.6666666666666666
3212,3,0,0.0,0.0,18.0,559.6666666666666,4.0,8,8.333333333333334,2,2,0.0,1.0
3213,7,2,3030.91,432.9871428571428,8.857142857142858,1119.7142857142858,4.0,19,5.714285714285714,3,1,0.2857142857142857,0.3333333333333333
3214,2,1,634.7,317.35,7.5,109.0,4.5,6,5.0,2,1,0.5,0.5
3215,1,0,0.0,0.0,8.0,423.0,4.0,3,0.0,1,1,0.0,1.0
3216,2,1,2933.06,1466.53,15.5,639.5,3.5,3,10.0,2,1,0.5,0.5
3217,1,0,0.0,0.0,24.0,1250.0,4.0,4,0.0,1,1,0.0,1.0
3218,3,1,4502.4,1500.8,11.666666666666666,578.6666666666666,4.333333333333333,10,3.3333333333333335,3,2,0.3333333333333333,0.6666666666666666
3219,3,0,0.0,0.0,6.666666666666667,1073.6666666666667,4.0,10,8.333333333333334,0,0,0.0,0.0
3220,4,0,0.0,0.0,13.75,922.25,4.0,8,10.0,2,2,0.0,1.0
3221,4,2,3051.3599999999997,762.8399999999999,14.5,1335.0,3.75,13,10.0,4,2,0.5,0.5
3222,4,1,2717.68,679.42,13.5,676.0,4.25,11,0.0,2,1,0.25,0.5
3223,3,0,0.0,0.0,19.666666666666668,331.3333333333333,4.0,3,8.333333333333334,1,1,0.0,1.0
3224,2,0,0.0,0.0,3.5,1556.0,4.0,2,15.0,2,2,0.0,1.0
3225,5,3,4888.14,977.628,13.2,952.0,3.4,17,7.0,3,0,0.6,0.0
3226,1,0,0.0,0.0,9.0,1044.0,4.0,2,15.0,1,1,0.0,1.0
3227,2,0,0.0,0.0,8.0,779.5,4.0,5,15.0,1,1,0.0,1.0
3228,2,1,1034.3,517.15,24.0,469.0,3.5,6,10.0,1,0,0.5,0.0
3229,5,1,2260.08,452.01599999999996,16.2,1140.4,4.2,11,12.0,5,4,0.2,0.8
3230,3,0,0.0,0.0,5.0,1202.6666666666667,4.0,8,8.333333333333334,2,2,0.0,1.0
3231,2,0,0.0,0.0,11.0,746.5,4.0,4,5.0,0,0,0.0,0.0
3232,2,0,0.0,0.0,8.5,346.5,4.0,5,12.5,2,2,0.0,1.0
3233,2,0,0.0,0.0,5.5,823.5,4.0,3,17.5,0,0,0.0,0.0
3234,3,0,0.0,0.0,8.0,912.0,4.0,4,21.666666666666668,1,1,0.0,1.0
3235,3,0,0.0,0.0,4.666666666666667,1320.6666666666667,4.0,12,8.333333333333334,1,1,0.0,1.0
3236,2,0,0.0,0.0,13.0,1284.5,4.0,7,0.0,1,1,0.0,1.0
3237,3,1,1911.91,637.3033333333334,12.0,662.6666666666666,4.333333333333333,7,16.666666666666668,2,1,0.3333333333333333,0.5
3238,4,1,3150.44,787.61,6.75,683.5,4.0,10,10.0,2,1,0.25,0.5
3239,3,1,3147.62,1049.2066666666667,9.0,889.3333333333334,4.333333333333333,9,1.6666666666666667,2,1,0.3333333333333333,0.5
3240,3,2,5949.87,1983.29,8.666666666666666,626.6666666666666,3.3333333333333335,8,10.0,3,1,0.6666666666666666,0.3333333333333333
3241,1,1,1005.99,1005.99,6.0,1514.0,5.0,3,0.0,1,0,1.0,0.0
3243,4,1,993.0,248.25,9.5,602.75,4.25,11,7.5,3,2,0.25,0.6666666666666666
3244,3,1,1171.08,390.35999999999996,17.666666666666668,1217.0,4.0,9,8.333333333333334,3,2,0.3333333333333333,0.6666666666666666
3245,7,2,5923.93,846.2757142857143,12.142857142857142,1227.857142857143,3.142857142857143,16,8.571428571428571,3,1,0.2857142857142857,0.3333333333333333
3246,2,0,0.0,0.0,15.0,883.5,4.0,4,0.0,2,2,0.0,1.0
3247,5,1,997.77,199.554,6.8,1357.0,3.8,13,11.0,4,3,0.2,0.75
3248,3,0,0.0,0.0,17.333333333333332,1229.0,4.0,7,1.6666666666666667,3,3,0.0,1.0
3249,6,0,0.0,0.0,13.333333333333334,817.6666666666666,4.0,17,10.833333333333334,4,4,0.0,1.0
3250,2,0,0.0,0.0,15.0,1391.0,4.0,4,27.5,2,2,0.0,1.0
3251,2,1,1336.07,668.035,18.0,206.5,4.5,3,7.5,2,1,0.5,0.5
3252,4,2,2312.12,578.03,12.5,1016.75,3.5,12,12.5,4,2,0.5,0.5
3253,6,2,1151.15,191.85833333333335,9.0,1119.6666666666667,4.166666666666667,14,11.666666666666666,4,2,0.3333333333333333,0.5
3254,2,0,0.0,0.0,16.0,1786.5,4.0,3,7.5,1,1,0.0,1.0
3255,4,0,0.0,0.0,14.75,502.5,4.0,9,6.25,2,2,0.0,1.0
3256,3,0,0.0,0.0,8.666666666666666,1013.0,4.0,8,8.333333333333334,3,3,0.0,1.0
3257,5,0,0.0,0.0,16.8,1323.6,4.0,14,10.0,0,0,0.0,0.0
3258,2,1,4411.99,2205.995,14.0,724.5,4.0,7,12.5,2,1,0.5,0.5
3259,1,1,533.81,533.81,15.0,1032.0,4.0,1,10.0,1,0,1.0,0.0
3261,2,0,0.0,0.0,10.0,862.0,4.0,5,2.5,0,0,0.0,0.0
3262,3,0,0.0,0.0,14.333333333333334,1122.3333333333333,4.0,7,10.0,2,2,0.0,1.0
3263,3,2,4747.86,1582.62,10.333333333333334,1140.0,4.0,12,10.0,2,0,0.6666666666666666,0.0
3264,2,0,0.0,0.0,8.5,402.5,4.0,7,7.5,2,2,0.0,1.0
3265,3,0,0.0,0.0,15.333333333333334,1266.0,4.0,7,8.333333333333334,1,1,0.0,1.0
3266,3,0,0.0,0.0,18.333333333333332,734.0,4.0,8,5.0,2,2,0.0,1.0
3267,1,1,798.8,798.8,14.0,1282.0,5.0,1,20.0,1,0,1.0,0.0
3268,1,0,0.0,0.0,8.0,1780.0,4.0,4,20.0,1,1,0.0,1.0
3269,3,0,0.0,0.0,12.666666666666666,769.3333333333334,4.0,10,0.0,2,2,0.0,1.0
3270,1,0,0.0,0.0,17.0,1538.0,4.0,3,5.0,1,1,0.0,1.0
3271,4,0,0.0,0.0,8.75,1317.75,4.0,11,10.0,4,4,0.0,1.0
3273,2,1,423.2,211.6,12.0,1053.0,3.5,5,2.5,1,0,0.5,0.0
3275,1,0,0.0,0.0,4.0,369.0,4.0,3,5.0,1,1,0.0,1.0
3276,2,0,0.0,0.0,10.5,1283.5,4.0,4,5.0,1,1,0.0,1.0
3277,5,2,2710.45,542.0899999999999,16.0,1133.8,4.0,15,8.0,4,2,0.4,0.5
3278,5,0,0.0,0.0,12.0,631.6,4.0,15,7.0,2,2,0.0,1.0
3279,3,1,240.42,80.14,16.333333333333332,752.3333333333334,4.0,4,5.0,2,1,0.3333333333333333,0.5
3280,2,1,386.38,193.19,10.5,1194.5,2.5,6,12.5,1,0,0.5,0.0
3281,3,1,644.69,214.89666666666668,15.333333333333334,613.0,3.0,5,6.666666666666667,1,0,0.3333333333333333,0.0
3282,2,1,2087.93,1043.965,16.5,1086.5,4.5,7,15.0,2,1,0.5,0.5
3283,1,1,4274.84,4274.84,9.0,633.0,5.0,4,0.0,1,0,1.0,0.0
3284,2,1,2739.08,1369.54,18.0,799.0,4.5,3,5.0,2,1,0.5,0.5
3285,4,1,1263.83,315.9575,11.0,1095.5,4.25,8,11.25,3,2,0.25,0.6666666666666666
3286,3,0,0.0,0.0,10.666666666666666,1328.6666666666667,4.0,8,1.6666666666666667,2,2,0.0,1.0
3287,3,1,147.91,49.303333333333335,15.666666666666666,1236.3333333333333,3.6666666666666665,6,10.0,2,1,0.3333333333333333,0.5
3288,2,0,0.0,0.0,12.5,1104.0,4.0,5,7.5,2,2,0.0,1.0
3289,2,0,0.0,0.0,13.0,765.0,4.0,5,5.0,1,1,0.0,1.0
3290,4,0,0.0,0.0,23.0,925.25,4.0,10,10.0,3,3,0.0,1.0
3291,5,2,5370.21,1074.042,16.8,521.2,4.2,18,14.0,4,2,0.4,0.5
3292,7,1,1468.34,209.76285714285714,11.142857142857142,897.4285714285714,4.0,19,5.714285714285714,4,3,0.14285714285714285,0.75
3293,3,1,521.76,173.92,10.333333333333334,1049.6666666666667,3.6666666666666665,7,13.333333333333334,1,0,0.3333333333333333,0.0
3294,3,0,0.0,0.0,12.0,807.0,4.0,9,8.333333333333334,3,3,0.0,1.0
3295,4,0,0.0,0.0,11.0,949.0,4.0,7,6.25,2,2,0.0,1.0
3296,4,1,625.81,156.4525,11.5,624.75,4.25,12,5.0,3,2,0.25,0.6666666666666666
3297,4,0,0.0,0.0,10.25,1181.0,4.0,12,5.0,3,3,0.0,1.0
3298,2,0,0.0,0.0,22.5,598.0,4.0,7,5.0,2,2,0.0,1.0
3299,1,0,0.0,0.0,4.0,412.0,4.0,4,5.0,0,0,0.0,0.0
3300,5,3,4454.7300000000005,890.9460000000001,9.2,740.2,3.8,10,6.0,4,1,0.6,0.25
3301,5,1,3925.78,785.1560000000001,19.6,1436.4,3.6,10,0.0,3,2,0.2,0.6666666666666666
3302,2,0,0.0,0.0,8.0,892.0,4.0,6,0.0,1,1,0.0,1.0
3303,3,0,0.0,0.0,18.666666666666668,637.3333333333334,4.0,8,10.0,1,1,0.0,1.0
3304,1,0,0.0,0.0,14.0,1714.0,4.0,3,10.0,1,1,0.0,1.0
3305,1,0,0.0,0.0,10.0,1763.0,4.0,1,0.0,0,0,0.0,0.0
3306,3,0,0.0,0.0,18.0,658.6666666666666,4.0,7,8.333333333333334,2,2,0.0,1.0
3307,2,1,1220.33,610.165,12.5,477.0,4.5,6,5.0,2,1,0.5,0.5
3308,1,0,0.0,0.0,13.0,1050.0,4.0,4,10.0,1,1,0.0,1.0
3309,3,0,0.0,0.0,10.0,980.6666666666666,4.0,7,10.0,1,1,0.0,1.0
3310,2,2,5221.030000000001,2610.5150000000003,16.5,485.0,4.0,6,5.0,2,0,1.0,0.0
3311,4,1,685.27,171.3175,9.75,749.75,4.0,7,17.5,3,2,0.25,0.6666666666666666
3312,1,0,0.0,0.0,12.0,816.0,4.0,4,0.0,1,1,0.0,1.0
3313,1,0,0.0,0.0,5.0,1309.0,4.0,2,10.0,0,0,0.0,0.0
3314,4,0,0.0,0.0,13.0,633.25,4.0,8,10.0,2,2,0.0,1.0
3315,4,1,2191.24,547.81,8.0,918.75,3.25,9,3.75,4,3,0.25,0.75
3316,5,1,137.74,27.548000000000002,13.0,677.8,4.2,12,8.0,4,3,0.2,0.75
3317,4,0,0.0,0.0,15.75,678.5,4.0,14,16.25,2,2,0.0,1.0
3318,4,1,3604.26,901.065,14.25,293.75,3.75,16,7.5,2,1,0.25,0.5
3319,1,0,0.0,0.0,21.0,1783.0,4.0,1,0.0,1,1,0.0,1.0
3320,4,1,2607.94,651.985,11.0,996.0,4.25,12,8.75,3,2,0.25,0.6666666666666666
3321,1,0,0.0,0.0,20.0,1293.0,4.0,3,0.0,1,1,0.0,1.0
3322,7,2,1001.37,143.05285714285714,17.571428571428573,511.7142857142857,3.857142857142857,17,15.0,4,2,0.2857142857142857,0.5
3324,1,0,0.0,0.0,9.0,1283.0,4.0,1,15.0,0,0,0.0,0.0
3325,1,0,0.0,0.0,16.0,147.0,4.0,1,0.0,1,1,0.0,1.0
3326,5,3,3405.75,681.15,9.8,810.0,3.8,8,10.0,3,0,0.6,0.0
3327,2,0,0.0,0.0,9.0,862.5,4.0,3,5.0,2,2,0.0,1.0
3328,2,0,0.0,0.0,9.5,407.5,4.0,6,10.0,1,1,0.0,1.0
3329,4,0,0.0,0.0,14.5,634.25,4.0,9,5.0,2,2,0.0,1.0
3330,1,0,0.0,0.0,5.0,886.0,4.0,1,25.0,0,0,0.0,0.0
3331,2,0,0.0,0.0,14.0,1003.5,4.0,6,7.5,0,0,0.0,0.0
3332,4,1,1074.4,268.6,12.75,292.0,4.0,15,2.5,4,3,0.25,0.75
3333,3,1,1789.48,596.4933333333333,10.0,790.0,3.6666666666666665,9,6.666666666666667,1,0,0.3333333333333333,0.0
3334,3,1,59.89,19.963333333333335,22.0,1050.3333333333333,3.0,5,15.0,1,0,0.3333333333333333,0.0
3335,2,0,0.0,0.0,12.5,508.5,4.0,3,5.0,1,1,0.0,1.0
3336,2,1,705.1,352.55,20.0,254.5,4.5,5,10.0,1,0,0.5,0.0
3337,4,0,0.0,0.0,8.5,803.5,4.0,11,11.25,3,3,0.0,1.0
3338,1,1,492.48,492.48,14.0,229.0,3.0,4,0.0,1,0,1.0,0.0
3339,2,1,721.76,360.88,18.5,355.5,4.0,5,5.0,2,1,0.5,0.5
3341,5,0,0.0,0.0,15.8,895.0,4.0,15,10.0,1,1,0.0,1.0
3342,5,1,5903.34,1180.6680000000001,15.8,1157.8,3.6,12,9.0,1,0,0.2,0.0
3343,2,1,910.42,455.21,18.5,828.5,3.5,2,15.0,1,0,0.5,0.0
3344,2,1,505.66,252.83,16.5,1395.5,3.5,3,15.0,2,1,0.5,0.5
3345,3,1,600.6,200.20000000000002,18.333333333333332,843.0,3.6666666666666665,5,1.6666666666666667,2,1,0.3333333333333333,0.5
3346,2,1,3470.25,1735.125,13.0,398.5,3.5,4,10.0,2,1,0.5,0.5
3347,2,1,1242.62,621.31,21.5,623.5,4.0,2,5.0,1,0,0.5,0.0
3348,2,0,0.0,0.0,15.5,1604.0,4.0,5,5.0,0,0,0.0,0.0
3349,1,0,0.0,0.0,10.0,1485.0,4.0,4,0.0,0,0,0.0,0.0
3350,4,2,1715.62,428.905,9.0,580.0,4.25,10,10.0,3,1,0.5,0.3333333333333333
3351,4,0,0.0,0.0,15.25,852.0,4.0,8,6.25,2,2,0.0,1.0
3352,6,1,3358.76,559.7933333333334,15.0,1015.8333333333334,3.8333333333333335,9,5.833333333333333,4,3,0.16666666666666666,0.75
3354,3,0,0.0,0.0,10.333333333333334,1055.6666666666667,4.0,11,1.6666666666666667,0,0,0.0,0.0
3355,1,0,0.0,0.0,3.0,679.0,4.0,4,20.0,1,1,0.0,1.0
3356,1,0,0.0,0.0,13.0,476.0,4.0,4,0.0,1,1,0.0,1.0
3357,1,1,1420.48,1420.48,9.0,528.0,2.0,1,5.0,1,0,1.0,0.0
3358,3,1,4474.89,1491.63,11.333333333333334,1178.3333333333333,4.333333333333333,9,1.6666666666666667,1,0,0.3333333333333333,0.0
3360,4,0,0.0,0.0,8.0,802.25,4.0,13,6.25,1,1,0.0,1.0
3361,4,1,2519.24,629.81,12.75,920.5,4.0,12,11.25,3,2,0.25,0.6666666666666666
3362,5,1,279.9,55.98,11.2,501.2,4.2,15,15.0,4,3,0.2,0.75
3364,3,0,0.0,0.0,11.0,808.3333333333334,4.0,11,16.666666666666668,0,0,0.0,0.0
3365,2,0,0.0,0.0,18.0,337.5,4.0,6,7.5,2,2,0.0,1.0
3366,4,2,2239.67,559.9175,14.25,899.25,4.0,9,1.25,2,0,0.5,0.0
3367,3,0,0.0,0.0,9.666666666666666,765.3333333333334,4.0,10,8.333333333333334,1,1,0.0,1.0
3368,3,1,394.78,131.59333333333333,15.0,1091.6666666666667,4.0,6,20.0,3,2,0.3333333333333333,0.6666666666666666
3369,3,0,0.0,0.0,20.0,939.3333333333334,4.0,9,0.0,3,3,0.0,1.0
3370,2,0,0.0,0.0,10.0,1109.0,4.0,8,17.5,1,1,0.0,1.0
3371,4,0,0.0,0.0,14.25,746.5,4.0,12,2.5,2,2,0.0,1.0
3372,1,0,0.0,0.0,8.0,692.0,4.0,1,25.0,1,1,0.0,1.0
3373,1,0,0.0,0.0,22.0,924.0,4.0,3,15.0,0,0,0.0,0.0
3374,2,2,2421.4700000000003,1210.7350000000001,7.0,970.5,3.0,4,7.5,2,0,1.0,0.0
3375,4,1,856.0,214.0,13.75,453.25,4.0,6,7.5,2,1,0.25,0.5
3376,3,1,1505.65,501.8833333333334,15.0,1327.3333333333333,4.0,6,13.333333333333334,2,1,0.3333333333333333,0.5
3377,3,1,6388.2,2129.4,15.0,861.3333333333334,4.0,7,5.0,2,1,0.3333333333333333,0.5
3378,3,0,0.0,0.0,13.0,1028.3333333333333,4.0,8,6.666666666666667,0,0,0.0,0.0
3379,2,0,0.0,0.0,13.0,1105.5,4.0,3,2.5,2,2,0.0,1.0
3380,3,0,0.0,0.0,8.0,939.3333333333334,4.0,9,6.666666666666667,2,2,0.0,1.0
3381,3,2,969.0799999999999,323.02666666666664,6.666666666666667,1131.3333333333333,4.333333333333333,5,13.333333333333334,3,1,0.6666666666666666,0.3333333333333333
3382,4,1,391.84,97.96,16.0,986.25,4.25,11,8.75,3,2,0.25,0.6666666666666666
3383,5,2,5576.62,1115.324,8.2,459.0,4.0,14,4.0,3,1,0.4,0.3333333333333333
3384,4,1,251.7,62.925,9.5,1355.75,4.25,5,6.25,3,2,0.25,0.6666666666666666
3385,2,0,0.0,0.0,5.5,1460.0,4.0,6,17.5,1,1,0.0,1.0
3386,3,2,4699.51,1566.5033333333333,6.666666666666667,1070.3333333333333,3.6666666666666665,8,23.333333333333332,2,0,0.6666666666666666,0.0
3387,2,1,3658.96,1829.48,13.0,1057.5,3.0,5,2.5,2,1,0.5,0.5
3388,4,0,0.0,0.0,13.25,1057.75,4.0,13,11.25,0,0,0.0,0.0
3389,2,0,0.0,0.0,15.5,518.0,4.0,7,25.0,1,1,0.0,1.0
3390,2,0,0.0,0.0,13.0,422.5,4.0,2,0.0,2,2,0.0,1.0
3391,1,1,2749.4,2749.4,16.0,1277.0,4.0,4,30.0,1,0,1.0,0.0
3392,4,1,372.63,93.1575,13.75,1006.5,4.0,10,18.75,3,2,0.25,0.6666666666666666
3393,3,1,3370.34,1123.4466666666667,9.333333333333334,1337.6666666666667,4.0,10,6.666666666666667,2,1,0.3333333333333333,0.5
3394,2,1,196.74,98.37,13.0,699.5,4.5,5,0.0,1,0,0.5,0.0
3395,2,0,0.0,0.0,5.0,980.5,4.0,5,7.5,2,2,0.0,1.0
3396,1,0,0.0,0.0,22.0,694.0,4.0,3,15.0,0,0,0.0,0.0
3397,1,0,0.0,0.0,4.0,659.0,4.0,2,15.0,1,1,0.0,1.0
3398,1,1,3165.84,3165.84,23.0,513.0,3.0,4,0.0,1,0,1.0,0.0
3399,3,0,0.0,0.0,8.333333333333334,969.6666666666666,4.0,9,13.333333333333334,3,3,0.0,1.0
3400,2,0,0.0,0.0,8.5,722.0,4.0,7,0.0,2,2,0.0,1.0
3401,3,0,0.0,0.0,15.666666666666666,1012.6666666666666,4.0,8,10.0,2,2,0.0,1.0
3402,7,4,4704.38,672.0542857142857,11.857142857142858,1034.7142857142858,4.142857142857143,18,7.142857142857143,5,1,0.5714285714285714,0.2
3403,3,2,6197.36,2065.7866666666664,10.0,622.3333333333334,3.6666666666666665,9,10.0,3,1,0.6666666666666666,0.3333333333333333
3404,2,1,1355.7,677.85,14.0,1178.5,4.0,3,0.0,2,1,0.5,0.5
3405,5,1,1821.53,364.306,10.4,876.6,3.8,13,8.0,3,2,0.2,0.6666666666666666
3406,3,1,1057.37,352.45666666666665,13.333333333333334,443.0,4.0,7,10.0,3,2,0.3333333333333333,0.6666666666666666
3407,2,2,1278.8899999999999,639.4449999999999,14.0,983.5,3.5,6,2.5,2,0,1.0,0.0
3408,4,0,0.0,0.0,9.75,1382.25,4.0,15,10.0,2,2,0.0,1.0
3409,3,2,1790.9299999999998,596.9766666666666,13.333333333333334,516.3333333333334,4.0,7,6.666666666666667,3,1,0.6666666666666666,0.3333333333333333
3410,2,0,0.0,0.0,11.5,1249.0,4.0,5,12.5,1,1,0.0,1.0
3411,2,0,0.0,0.0,18.5,673.0,4.0,6,7.5,1,1,0.0,1.0
3412,5,2,6989.15,1397.83,17.4,726.6,4.0,16,12.0,3,1,0.4,0.3333333333333333
3413,2,0,0.0,0.0,9.5,374.5,4.0,5,15.0,1,1,0.0,1.0
3414,2,1,592.12,296.06,15.5,1228.0,4.0,5,15.0,1,0,0.5,0.0
3415,4,1,961.2,240.3,5.75,510.25,3.75,5,7.5,3,2,0.25,0.6666666666666666
3416,1,0,0.0,0.0,13.0,271.0,4.0,1,0.0,1,1,0.0,1.0
3417,2,0,0.0,0.0,12.5,1305.5,4.0,4,15.0,2,2,0.0,1.0
3418,3,1,638.0,212.66666666666666,12.333333333333334,357.0,4.333333333333333,7,21.666666666666668,2,1,0.3333333333333333,0.5
3419,4,2,3938.33,984.5825,7.0,1116.25,3.75,7,5.0,3,1,0.5,0.3333333333333333
3420,2,1,2290.18,1145.09,7.0,258.5,4.0,6,12.5,1,0,0.5,0.0
3421,2,0,0.0,0.0,15.5,516.0,4.0,5,10.0,2,2,0.0,1.0
3422,1,1,1727.88,1727.88,1.0,980.0,3.0,4,0.0,1,0,1.0,0.0
3423,1,1,207.01,207.01,12.0,760.0,5.0,3,15.0,1,0,1.0,0.0
3424,2,1,3025.64,1512.82,16.0,1055.5,4.5,6,12.5,2,1,0.5,0.5
3425,3,2,1945.23,648.41,10.666666666666666,1336.0,3.3333333333333335,5,15.0,3,1,0.6666666666666666,0.3333333333333333
3426,3,0,0.0,0.0,17.666666666666668,615.6666666666666,4.0,9,5.0,2,2,0.0,1.0
3428,2,0,0.0,0.0,9.5,1014.0,4.0,5,7.5,1,1,0.0,1.0
3429,4,0,0.0,0.0,11.5,1432.25,4.0,8,5.0,1,1,0.0,1.0
3430,1,0,0.0,0.0,24.0,73.0,4.0,1,20.0,1,1,0.0,1.0
3431,1,0,0.0,0.0,11.0,860.0,4.0,2,25.0,1,1,0.0,1.0
3432,3,2,4211.07,1403.6899999999998,9.333333333333334,760.3333333333334,3.3333333333333335,9,10.0,2,0,0.6666666666666666,0.0
3433,1,0,0.0,0.0,24.0,1783.0,4.0,3,15.0,1,1,0.0,1.0
3434,3,1,648.62,216.20666666666668,14.0,236.66666666666666,4.333333333333333,8,15.0,2,1,0.3333333333333333,0.5
3435,2,1,1218.84,609.42,19.5,1068.0,3.5,6,0.0,2,1,0.5,0.5
3436,5,2,2152.7,430.53999999999996,11.4,1153.6,3.6,10,13.0,5,3,0.4,0.6
3437,4,2,3057.62,764.405,12.75,831.25,3.75,12,2.5,3,1,0.5,0.3333333333333333
3438,4,3,4428.71,1107.1775,12.25,417.5,4.0,10,7.5,3,0,0.75,0.0
3439,5,1,920.65,184.13,12.0,833.8,4.0,14,11.0,4,3,0.2,0.75
3440,4,1,3063.96,765.99,10.5,952.25,3.75,13,10.0,3,2,0.25,0.6666666666666666
3441,3,3,10079.25,3359.75,15.0,941.6666666666666,3.6666666666666665,11,8.333333333333334,3,0,1.0,0.0
3442,3,0,0.0,0.0,14.333333333333334,1182.3333333333333,4.0,6,11.666666666666666,1,1,0.0,1.0
3443,1,0,0.0,0.0,6.0,169.0,4.0,1,10.0,0,0,0.0,0.0
3444,1,1,356.44,356.44,19.0,1453.0,3.0,1,0.0,1,0,1.0,0.0
3446,1,0,0.0,0.0,14.0,1521.0,4.0,1,10.0,0,0,0.0,0.0
3447,2,0,0.0,0.0,10.0,689.5,4.0,6,0.0,2,2,0.0,1.0
3448,4,1,2963.9,740.975,6.5,766.25,3.75,8,8.75,2,1,0.25,0.5
3449,1,1,1049.52,1049.52,5.0,1511.0,2.0,1,30.0,1,0,1.0,0.0
3450,1,0,0.0,0.0,17.0,1659.0,4.0,1,0.0,1,1,0.0,1.0
3452,3,1,886.34,295.44666666666666,14.666666666666666,1213.6666666666667,3.6666666666666665,6,11.666666666666666,1,0,0.3333333333333333,0.0
3453,3,1,405.05,135.01666666666668,14.666666666666666,735.3333333333334,3.6666666666666665,10,6.666666666666667,3,2,0.3333333333333333,0.6666666666666666
3454,2,0,0.0,0.0,4.0,1322.0,4.0,6,7.5,0,0,0.0,0.0
3455,1,0,0.0,0.0,23.0,627.0,4.0,4,0.0,1,1,0.0,1.0
3456,7,3,2437.7,348.24285714285713,7.0,934.4285714285714,4.285714285714286,17,10.0,6,3,0.42857142857142855,0.5
3457,3,1,2720.07,906.69,7.666666666666667,1305.0,4.0,9,16.666666666666668,1,0,0.3333333333333333,0.0
3458,3,1,3372.98,1124.3266666666666,14.666666666666666,928.3333333333334,4.333333333333333,7,10.0,1,0,0.3333333333333333,0.0
3459,4,0,0.0,0.0,16.0,543.0,4.0,13,7.5,2,2,0.0,1.0
3460,2,1,727.54,363.77,7.5,432.5,3.5,5,12.5,1,0,0.5,0.0
3461,3,1,442.26,147.42,14.0,493.0,3.3333333333333335,5,11.666666666666666,3,2,0.3333333333333333,0.6666666666666666
3462,4,2,3136.1400000000003,784.0350000000001,6.0,499.75,4.25,7,12.5,3,1,0.5,0.3333333333333333
3463,2,0,0.0,0.0,10.5,613.5,4.0,8,0.0,0,0,0.0,0.0
3464,5,0,0.0,0.0,11.4,975.6,4.0,12,14.0,1,1,0.0,1.0
3465,3,1,2744.0,914.6666666666666,11.333333333333334,364.3333333333333,3.6666666666666665,6,5.0,3,2,0.3333333333333333,0.6666666666666666
3466,4,1,4520.0,1130.0,5.75,683.75,4.25,11,0.0,1,0,0.25,0.0
3467,5,1,3949.23,789.846,15.4,696.6,4.0,11,11.0,3,2,0.2,0.6666666666666666
3469,3,0,0.0,0.0,12.0,1082.0,4.0,7,11.666666666666666,3,3,0.0,1.0
3470,3,0,0.0,0.0,10.666666666666666,859.0,4.0,11,15.0,1,1,0.0,1.0
3471,2,0,0.0,0.0,11.0,1239.0,4.0,8,5.0,2,2,0.0,1.0
3472,2,0,0.0,0.0,15.5,709.5,4.0,6,2.5,1,1,0.0,1.0
3473,6,4,4706.65,784.4416666666666,19.0,750.1666666666666,4.0,15,8.333333333333334,5,1,0.6666666666666666,0.2
3474,3,1,1513.84,504.6133333333333,13.0,1088.3333333333333,4.0,9,5.0,3,2,0.3333333333333333,0.6666666666666666
3475,6,1,257.44,42.906666666666666,13.333333333333334,1122.6666666666667,4.0,15,5.833333333333333,2,1,0.16666666666666666,0.5
3476,3,0,0.0,0.0,10.0,1611.3333333333333,4.0,7,6.666666666666667,0,0,0.0,0.0
3477,3,0,0.0,0.0,15.0,978.6666666666666,4.0,9,13.333333333333334,3,3,0.0,1.0
3479,1,0,0.0,0.0,10.0,353.0,4.0,2,5.0,0,0,0.0,0.0
3480,4,0,0.0,0.0,11.25,1068.75,4.0,10,8.75,4,4,0.0,1.0
3481,4,1,174.59,43.6475,13.5,804.25,4.0,8,15.0,3,2,0.25,0.6666666666666666
3482,2,1,2203.12,1101.56,16.0,850.5,4.0,6,5.0,2,1,0.5,0.5
3483,3,1,3297.71,1099.2366666666667,17.0,1329.6666666666667,4.0,10,8.333333333333334,1,0,0.3333333333333333,0.0
3484,4,0,0.0,0.0,10.25,1111.0,4.0,13,11.25,3,3,0.0,1.0
3485,3,0,0.0,0.0,13.333333333333334,426.3333333333333,4.0,7,16.666666666666668,3,3,0.0,1.0
3486,3,1,5275.04,1758.3466666666666,15.333333333333334,813.3333333333334,4.0,8,10.0,2,1,0.3333333333333333,0.5
3487,2,0,0.0,0.0,9.0,1579.0,4.0,5,20.0,2,2,0.0,1.0
3488,5,1,2360.82,472.16400000000004,17.0,1127.2,4.2,10,19.0,2,1,0.2,0.5
3489,1,0,0.0,0.0,15.0,46.0,4.0,2,0.0,0,0,0.0,0.0
3490,4,0,0.0,0.0,14.75,1003.0,4.0,11,0.0,2,2,0.0,1.0
3491,2,0,0.0,0.0,9.5,1405.0,4.0,6,10.0,2,2,0.0,1.0
3492,2,0,0.0,0.0,13.0,462.5,4.0,7,10.0,2,2,0.0,1.0
3493,2,1,1731.48,865.74,11.5,249.0,3.5,5,7.5,2,1,0.5,0.5
3494,3,0,0.0,0.0,15.333333333333334,401.3333333333333,4.0,5,15.0,2,2,0.0,1.0
3495,4,0,0.0,0.0,16.25,868.5,4.0,7,12.5,4,4,0.0,1.0
3496,1,0,0.0,0.0,2.0,1195.0,4.0,1,0.0,1,1,0.0,1.0
3497,2,0,0.0,0.0,6.5,906.0,4.0,3,7.5,1,1,0.0,1.0
3499,4,1,250.58,62.645,6.5,1340.25,4.25,11,10.0,2,1,0.25,0.5
3500,1,0,0.0,0.0,11.0,857.0,4.0,3,0.0,0,0,0.0,0.0
3501,1,0,0.0,0.0,4.0,215.0,4.0,1,5.0,1,1,0.0,1.0
3502,7,1,1859.06,265.58,11.0,1131.0,3.857142857142857,16,4.285714285714286,3,2,0.14285714285714285,0.6666666666666666
3503,4,1,305.54,76.385,10.75,782.5,4.0,10,6.25,1,0,0.25,0.0
3505,2,0,0.0,0.0,6.0,1200.0,4.0,5,7.5,2,2,0.0,1.0
3506,1,0,0.0,0.0,21.0,1724.0,4.0,1,0.0,1,1,0.0,1.0
3507,5,1,2470.9,494.18,15.0,686.4,3.8,11,5.0,2,1,0.2,0.5
3508,3,1,436.31,145.43666666666667,14.666666666666666,1290.0,3.3333333333333335,5,10.0,3,2,0.3333333333333333,0.6666666666666666
3509,2,0,0.0,0.0,15.0,888.0,4.0,3,12.5,1,1,0.0,1.0
3510,2,1,273.54,136.77,10.5,476.0,4.0,5,22.5,2,1,0.5,0.5
3512,1,0,0.0,0.0,1.0,1269.0,4.0,3,10.0,0,0,0.0,0.0
3513,3,3,1897.7,632.5666666666667,8.333333333333334,767.3333333333334,4.666666666666667,7,16.666666666666668,3,0,1.0,0.0
3514,4,1,2836.86,709.215,7.75,837.0,4.0,9,15.0,2,1,0.25,0.5
3515,2,1,2332.66,1166.33,11.0,804.5,4.0,5,15.0,2,1,0.5,0.5
3516,1,0,0.0,0.0,19.0,1479.0,4.0,2,15.0,0,0,0.0,0.0
3517,2,0,0.0,0.0,12.0,840.0,4.0,4,7.5,1,1,0.0,1.0
3518,3,0,0.0,0.0,17.666666666666668,498.6666666666667,4.0,9,10.0,1,1,0.0,1.0
3519,3,0,0.0,0.0,10.0,1314.3333333333333,4.0,6,11.666666666666666,2,2,0.0,1.0
3520,5,1,2173.56,434.712,13.8,587.0,3.6,14,14.0,2,1,0.2,0.5
3521,3,1,516.03,172.01,10.666666666666666,1465.6666666666667,4.0,9,3.3333333333333335,1,0,0.3333333333333333,0.0
3522,3,0,0.0,0.0,21.0,1189.6666666666667,4.0,9,11.666666666666666,2,2,0.0,1.0
3523,1,1,2151.97,2151.97,18.0,437.0,5.0,3,15.0,1,0,1.0,0.0
3524,8,1,2757.08,344.635,14.75,801.375,3.875,20,8.125,7,6,0.125,0.8571428571428571
3525,5,0,0.0,0.0,6.8,1113.6,4.0,10,11.0,2,2,0.0,1.0
3526,2,0,0.0,0.0,14.5,1352.0,4.0,2,15.0,0,0,0.0,0.0
3527,2,0,0.0,0.0,18.5,591.0,4.0,7,20.0,2,2,0.0,1.0
3528,4,1,3108.08,777.02,9.5,646.0,4.0,11,12.5,2,1,0.25,0.5
3529,3,0,0.0,0.0,11.0,434.0,4.0,10,5.0,2,2,0.0,1.0
3530,3,0,0.0,0.0,12.0,886.3333333333334,4.0,9,6.666666666666667,2,2,0.0,1.0
3531,3,1,296.31,98.77,18.333333333333332,1006.0,4.0,6,13.333333333333334,2,1,0.3333333333333333,0.5
3532,1,0,0.0,0.0,1.0,55.0,4.0,1,10.0,0,0,0.0,0.0
3533,1,0,0.0,0.0,3.0,349.0,4.0,3,15.0,1,1,0.0,1.0
3534,4,2,4984.02,1246.005,9.75,1047.25,4.25,12,11.25,4,2,0.5,0.5
3535,3,2,3622.63,1207.5433333333333,11.666666666666666,1126.3333333333333,3.3333333333333335,9,11.666666666666666,2,0,0.6666666666666666,0.0
3537,3,2,3244.62,1081.54,14.0,1588.3333333333333,4.0,7,10.0,2,0,0.6666666666666666,0.0
3538,1,0,0.0,0.0,12.0,1528.0,4.0,3,15.0,0,0,0.0,0.0
3539,2,1,1041.32,520.66,3.5,982.0,4.0,4,7.5,1,0,0.5,0.0
3540,2,0,0.0,0.0,21.5,1545.0,4.0,4,10.0,0,0,0.0,0.0
3541,2,1,1572.76,786.38,12.0,1064.5,3.0,6,7.5,2,1,0.5,0.5
3542,1,0,0.0,0.0,24.0,1770.0,4.0,4,0.0,1,1,0.0,1.0
3543,7,3,6348.01,906.8585714285715,18.714285714285715,979.4285714285714,3.5714285714285716,19,4.285714285714286,6,3,0.42857142857142855,0.5
3544,2,2,1812.22,906.11,10.5,707.0,4.0,7,15.0,2,0,1.0,0.0
3545,5,1,2429.0,485.8,19.4,1149.6,4.2,15,6.0,2,1,0.2,0.5
3546,2,0,0.0,0.0,9.0,1225.0,4.0,6,10.0,1,1,0.0,1.0
3547,2,0,0.0,0.0,13.5,903.0,4.0,4,0.0,2,2,0.0,1.0
3548,2,0,0.0,0.0,9.5,1069.5,4.0,5,5.0,1,1,0.0,1.0
3549,2,0,0.0,0.0,7.5,576.5,4.0,4,30.0,1,1,0.0,1.0
3550,3,1,6604.36,2201.4533333333334,6.333333333333333,966.3333333333334,3.3333333333333335,7,8.333333333333334,2,1,0.3333333333333333,0.5
3551,4,2,5448.4,1362.1,16.25,622.75,4.0,12,12.5,3,1,0.5,0.3333333333333333
3552,7,0,0.0,0.0,8.857142857142858,741.8571428571429,4.0,14,9.285714285714286,6,6,0.0,1.0
3553,3,0,0.0,0.0,17.333333333333332,664.3333333333334,4.0,9,0.0,1,1,0.0,1.0
3554,1,0,0.0,0.0,5.0,770.0,4.0,2,0.0,0,0,0.0,0.0
3555,1,1,3296.3,3296.3,10.0,306.0,3.0,3,20.0,1,0,1.0,0.0
3556,3,0,0.0,0.0,18.0,1291.6666666666667,4.0,10,5.0,0,0,0.0,0.0
3557,1,0,0.0,0.0,10.0,823.0,4.0,4,5.0,1,1,0.0,1.0
3558,4,2,3705.1299999999997,926.2824999999999,10.5,951.25,3.75,9,13.75,3,1,0.5,0.3333333333333333
3559,5,2,5479.88,1095.976,12.8,1113.4,4.2,11,8.0,4,2,0.4,0.5
3560,9,1,576.52,64.05777777777777,12.444444444444445,912.2222222222222,4.111111111111111,18,5.555555555555555,6,5,0.1111111111111111,0.8333333333333334
3561,3,1,254.86,84.95333333333333,14.0,1086.6666666666667,4.0,8,23.333333333333332,3,2,0.3333333333333333,0.6666666666666666
3562,8,1,3824.88,478.11,11.625,907.625,4.0,23,13.125,7,6,0.125,0.8571428571428571
3563,1,0,0.0,0.0,14.0,1400.0,4.0,2,10.0,0,0,0.0,0.0
3565,4,1,848.64,212.16,14.5,513.75,3.5,14,6.25,1,0,0.25,0.0
3566,4,1,1955.35,488.8375,9.75,636.25,4.0,8,15.0,3,2,0.25,0.6666666666666666
3567,2,1,694.84,347.42,7.5,1384.5,3.5,6,7.5,2,1,0.5,0.5
3568,2,0,0.0,0.0,15.0,1625.5,4.0,8,12.5,0,0,0.0,0.0
3569,3,0,0.0,0.0,10.333333333333334,859.6666666666666,4.0,8,5.0,1,1,0.0,1.0
3571,2,1,1518.45,759.225,4.5,329.5,3.0,2,0.0,1,0,0.5,0.0
3573,3,1,2340.42,780.14,18.0,537.6666666666666,4.0,7,6.666666666666667,2,1,0.3333333333333333,0.5
3574,3,0,0.0,0.0,13.333333333333334,835.3333333333334,4.0,7,16.666666666666668,3,3,0.0,1.0
3575,1,1,735.45,735.45,8.0,1269.0,5.0,2,15.0,1,0,1.0,0.0
3576,2,1,1079.81,539.905,8.0,867.0,3.5,4,22.5,1,0,0.5,0.0
3577,3,1,2658.4,886.1333333333333,10.0,810.0,3.6666666666666665,8,6.666666666666667,2,1,0.3333333333333333,0.5
3578,2,1,1727.02,863.51,19.0,869.5,3.0,4,0.0,2,1,0.5,0.5
3579,3,0,0.0,0.0,16.333333333333332,928.3333333333334,4.0,6,10.0,1,1,0.0,1.0
3580,3,1,1473.45,491.15000000000003,6.333333333333333,1242.6666666666667,3.3333333333333335,8,5.0,3,2,0.3333333333333333,0.6666666666666666
3581,5,2,2547.36,509.47200000000004,16.6,1052.6,4.0,13,2.0,3,1,0.4,0.3333333333333333
3582,3,1,1015.69,338.56333333333333,11.333333333333334,613.6666666666666,4.0,9,1.6666666666666667,3,2,0.3333333333333333,0.6666666666666666
3583,2,0,0.0,0.0,14.0,689.0,4.0,3,0.0,2,2,0.0,1.0
3584,1,1,478.91,478.91,17.0,1751.0,3.0,4,20.0,1,0,1.0,0.0
3585,2,0,0.0,0.0,14.0,979.5,4.0,5,7.5,1,1,0.0,1.0
3586,4,1,3007.06,751.765,14.75,1213.0,3.75,13,11.25,3,2,0.25,0.6666666666666666
3587,1,0,0.0,0.0,15.0,461.0,4.0,4,10.0,1,1,0.0,1.0
3588,1,0,0.0,0.0,22.0,1500.0,4.0,1,10.0,0,0,0.0,0.0
3589,2,0,0.0,0.0,10.5,904.5,4.0,5,17.5,2,2,0.0,1.0
3590,3,1,996.11,332.0366666666667,11.0,1065.6666666666667,3.6666666666666665,8,3.3333333333333335,1,0,0.3333333333333333,0.0
3591,2,0,0.0,0.0,15.0,398.0,4.0,3,12.5,2,2,0.0,1.0
3592,6,1,263.01,43.835,18.0,684.1666666666666,4.166666666666667,12,15.833333333333334,5,4,0.16666666666666666,0.8
3593,5,3,3994.54,798.908,8.8,669.0,3.8,7,13.0,4,1,0.6,0.25
3594,3,1,839.79,279.93,14.0,1010.0,3.6666666666666665,5,10.0,2,1,0.3333333333333333,0.5
3595,3,1,544.64,181.54666666666665,9.666666666666666,852.3333333333334,4.333333333333333,8,5.0,2,1,0.3333333333333333,0.5
3596,4,0,0.0,0.0,5.75,1230.0,4.0,8,6.25,3,3,0.0,1.0
3597,2,2,2591.53,1295.765,13.5,184.5,4.0,4,10.0,2,0,1.0,0.0
3598,4,1,940.04,235.01,8.75,859.5,4.0,7,10.0,2,1,0.25,0.5
3599,3,1,187.98,62.66,6.666666666666667,767.3333333333334,4.0,5,6.666666666666667,3,2,0.3333333333333333,0.6666666666666666
3600,4,2,1794.19,448.5475,9.5,824.75,4.5,10,3.75,3,1,0.5,0.3333333333333333
3601,3,0,0.0,0.0,13.666666666666666,673.3333333333334,4.0,9,3.3333333333333335,0,0,0.0,0.0
3602,1,0,0.0,0.0,6.0,1527.0,4.0,2,20.0,0,0,0.0,0.0
3603,2,0,0.0,0.0,15.0,1444.0,4.0,6,10.0,2,2,0.0,1.0
3604,2,0,0.0,0.0,14.0,895.0,4.0,6,2.5,2,2,0.0,1.0
3605,2,1,341.07,170.535,14.0,796.0,3.5,5,0.0,2,1,0.5,0.5
3606,3,0,0.0,0.0,10.0,1439.0,4.0,9,21.666666666666668,1,1,0.0,1.0
3607,5,0,0.0,0.0,13.6,824.4,4.0,15,10.0,0,0,0.0,0.0
3608,8,1,620.78,77.5975,14.5,727.5,4.125,21,16.25,5,4,0.125,0.8
3609,3,2,3116.0299999999997,1038.6766666666665,5.666666666666667,1064.0,3.3333333333333335,9,6.666666666666667,2,0,0.6666666666666666,0.0
3610,2,0,0.0,0.0,10.5,517.0,4.0,4,20.0,2,2,0.0,1.0
3612,2,0,0.0,0.0,5.0,339.5,4.0,7,5.0,2,2,0.0,1.0
3613,2,2,5662.04,2831.02,9.5,913.0,4.5,6,2.5,2,0,1.0,0.0
3614,2,0,0.0,0.0,20.0,716.5,4.0,7,7.5,1,1,0.0,1.0
3616,2,0,0.0,0.0,23.5,872.5,4.0,6,10.0,1,1,0.0,1.0
3617,3,1,2846.45,948.8166666666666,7.0,670.0,4.0,9,8.333333333333334,2,1,0.3333333333333333,0.5
3618,5,0,0.0,0.0,10.6,865.0,4.0,10,1.0,3,3,0.0,1.0
3619,6,2,3243.06,540.51,12.0,883.3333333333334,3.6666666666666665,14,3.3333333333333335,4,2,0.3333333333333333,0.5
3620,1,0,0.0,0.0,14.0,1016.0,4.0,3,5.0,1,1,0.0,1.0
3621,4,2,6670.0,1667.5,18.5,927.75,3.75,11,8.75,2,0,0.5,0.0
3622,5,1,224.89,44.977999999999994,11.8,1095.6,3.8,13,2.0,3,2,0.2,0.6666666666666666
3623,2,1,3065.9,1532.95,18.5,711.5,4.0,3,7.5,2,1,0.5,0.5
3624,2,1,168.82,84.41,6.5,283.5,4.0,3,25.0,2,1,0.5,0.5
3625,3,0,0.0,0.0,7.333333333333333,617.6666666666666,4.0,8,8.333333333333334,1,1,0.0,1.0
3626,2,1,1101.24,550.62,15.5,826.0,4.5,7,10.0,2,1,0.5,0.5
3627,2,1,4768.74,2384.37,6.5,1186.5,4.0,6,15.0,2,1,0.5,0.5
3628,2,0,0.0,0.0,12.0,1099.0,4.0,6,12.5,2,2,0.0,1.0
3629,2,1,4764.84,2382.42,19.0,1033.5,4.0,7,2.5,2,1,0.5,0.5
3630,6,2,9547.78,1591.2966666666669,6.0,670.8333333333334,4.166666666666667,21,10.833333333333334,4,2,0.3333333333333333,0.5
3631,4,0,0.0,0.0,6.25,453.5,4.0,12,11.25,3,3,0.0,1.0
3632,4,1,1977.56,494.39,4.75,886.5,4.25,8,2.5,3,2,0.25,0.6666666666666666
3633,3,0,0.0,0.0,19.333333333333332,690.3333333333334,4.0,10,6.666666666666667,0,0,0.0,0.0
3634,2,1,317.66,158.83,8.0,234.5,4.5,4,20.0,2,1,0.5,0.5
3635,4,1,1303.14,325.785,16.25,739.0,4.0,12,8.75,4,3,0.25,0.75
3636,2,0,0.0,0.0,15.0,873.0,4.0,5,12.5,1,1,0.0,1.0
3637,3,0,0.0,0.0,16.333333333333332,924.0,4.0,10,16.666666666666668,1,1,0.0,1.0
3638,6,3,9572.16,1595.36,6.333333333333333,1163.8333333333333,4.0,17,11.666666666666666,5,2,0.5,0.4
3639,3,2,6934.1900000000005,2311.396666666667,9.0,1133.3333333333333,3.3333333333333335,8,6.666666666666667,3,1,0.6666666666666666,0.3333333333333333
3640,3,1,640.66,213.5533333333333,14.0,1063.0,4.0,6,11.666666666666666,2,1,0.3333333333333333,0.5
3641,2,0,0.0,0.0,11.0,350.5,4.0,4,17.5,0,0,0.0,0.0
3642,5,2,3481.49,696.298,9.6,1322.2,3.6,13,2.0,4,2,0.4,0.5
3643,3,0,0.0,0.0,13.333333333333334,1090.3333333333333,4.0,10,13.333333333333334,1,1,0.0,1.0
3644,1,0,0.0,0.0,10.0,1589.0,4.0,3,0.0,0,0,0.0,0.0
3645,4,2,11806.82,2951.705,10.5,1150.25,3.5,13,3.75,3,1,0.5,0.3333333333333333
3646,4,0,0.0,0.0,10.25,1067.5,4.0,11,5.0,2,2,0.0,1.0
3647,2,1,1677.22,838.61,13.0,806.0,2.5,5,7.5,1,0,0.5,0.0
3648,4,0,0.0,0.0,9.25,860.25,4.0,7,10.0,3,3,0.0,1.0
3649,2,1,3040.89,1520.445,10.0,767.0,4.0,8,20.0,2,1,0.5,0.5
3650,3,0,0.0,0.0,12.0,1037.0,4.0,5,10.0,3,3,0.0,1.0
3651,2,1,317.03,158.515,8.0,1092.5,3.0,5,20.0,2,1,0.5,0.5
3652,3,0,0.0,0.0,14.666666666666666,868.6666666666666,4.0,6,15.0,2,2,0.0,1.0
3653,3,0,0.0,0.0,9.333333333333334,1269.6666666666667,4.0,6,11.666666666666666,3,3,0.0,1.0
3654,4,1,3644.12,911.03,13.5,455.25,3.75,9,1.25,4,3,0.25,0.75
3655,4,0,0.0,0.0,12.0,462.5,4.0,11,2.5,4,4,0.0,1.0
3656,5,2,2618.1800000000003,523.6360000000001,6.0,1047.0,4.0,10,14.0,3,1,0.4,0.3333333333333333
3657,4,1,2605.69,651.4225,11.5,848.25,3.25,11,16.25,2,1,0.25,0.5
3658,4,3,4867.0,1216.75,16.5,450.5,3.75,7,12.5,3,0,0.75,0.0
3659,3,0,0.0,0.0,13.0,1160.0,4.0,6,13.333333333333334,2,2,0.0,1.0
3660,3,1,747.12,249.04,14.333333333333334,659.0,3.6666666666666665,10,8.333333333333334,2,1,0.3333333333333333,0.5
3661,2,1,947.05,473.525,6.0,730.5,4.5,4,15.0,1,0,0.5,0.0
3662,3,1,6559.04,2186.346666666667,11.333333333333334,752.6666666666666,4.333333333333333,7,10.0,2,1,0.3333333333333333,0.5
3663,1,0,0.0,0.0,19.0,1680.0,4.0,2,0.0,1,1,0.0,1.0
3664,4,0,0.0,0.0,11.25,817.75,4.0,10,7.5,2,2,0.0,1.0
3665,2,2,7405.12,3702.56,7.5,732.0,2.0,6,5.0,2,0,1.0,0.0
3666,5,2,1620.78,324.156,15.2,969.6,4.0,10,6.0,3,1,0.4,0.3333333333333333
3667,4,1,1210.41,302.6025,14.75,622.75,4.0,11,10.0,2,1,0.25,0.5
3668,1,0,0.0,0.0,8.0,822.0,4.0,1,15.0,1,1,0.0,1.0
3669,2,1,962.27,481.135,17.5,1211.5,4.5,7,15.0,2,1,0.5,0.5
3671,4,0,0.0,0.0,12.25,617.0,4.0,9,3.75,3,3,0.0,1.0
3672,4,1,559.71,139.9275,12.75,955.25,4.25,9,7.5,3,2,0.25,0.6666666666666666
3673,1,0,0.0,0.0,5.0,541.0,4.0,2,0.0,0,0,0.0,0.0
3675,3,0,0.0,0.0,13.333333333333334,1085.6666666666667,4.0,4,8.333333333333334,2,2,0.0,1.0
3676,2,1,1690.0,845.0,9.5,1120.0,4.0,4,0.0,2,1,0.5,0.5
3677,2,0,0.0,0.0,17.0,666.5,4.0,5,10.0,0,0,0.0,0.0
3678,3,0,0.0,0.0,13.333333333333334,683.3333333333334,4.0,7,11.666666666666666,0,0,0.0,0.0
3679,2,0,0.0,0.0,23.0,1072.5,4.0,5,10.0,1,1,0.0,1.0
3680,6,2,3406.58,567.7633333333333,14.666666666666666,1219.0,3.6666666666666665,10,5.0,5,3,0.3333333333333333,0.6
3681,3,1,3297.92,1099.3066666666666,8.0,517.6666666666666,3.6666666666666665,10,5.0,2,1,0.3333333333333333,0.5
3682,5,1,2922.6,584.52,10.2,246.0,4.2,12,1.0,3,2,0.2,0.6666666666666666
3683,2,0,0.0,0.0,11.5,1180.0,4.0,6,10.0,1,1,0.0,1.0
3684,2,0,0.0,0.0,6.5,371.5,4.0,5,7.5,0,0,0.0,0.0
3685,2,0,0.0,0.0,6.0,767.5,4.0,5,5.0,1,1,0.0,1.0
3686,2,1,1174.43,587.215,21.0,886.0,4.0,7,17.5,2,1,0.5,0.5
3687,2,0,0.0,0.0,10.0,989.5,4.0,4,7.5,2,2,0.0,1.0
3688,6,1,504.6,84.10000000000001,10.333333333333334,790.6666666666666,4.0,13,7.5,4,3,0.16666666666666666,0.75
3690,3,1,5307.62,1769.2066666666667,16.666666666666668,1090.0,4.0,10,10.0,2,1,0.3333333333333333,0.5
3691,3,2,1492.97,497.6566666666667,21.333333333333332,1102.6666666666667,4.0,4,5.0,3,1,0.6666666666666666,0.3333333333333333
3692,3,0,0.0,0.0,12.666666666666666,949.0,4.0,8,1.6666666666666667,1,1,0.0,1.0
3693,3,1,3024.68,1008.2266666666666,8.666666666666666,640.0,3.6666666666666665,7,3.3333333333333335,2,1,0.3333333333333333,0.5
3694,7,0,0.0,0.0,13.857142857142858,708.8571428571429,4.0,16,8.571428571428571,2,2,0.0,1.0
3695,5,0,0.0,0.0,10.8,488.6,4.0,12,8.0,2,2,0.0,1.0
3696,4,0,0.0,0.0,13.5,1228.5,4.0,11,10.0,3,3,0.0,1.0
3697,6,1,2325.48,387.58,13.333333333333334,718.3333333333334,3.8333333333333335,15,8.333333333333334,4,3,0.16666666666666666,0.75
3698,2,0,0.0,0.0,23.0,1104.5,4.0,6,5.0,1,1,0.0,1.0
3699,4,1,318.05,79.5125,16.25,932.75,3.5,12,10.0,3,2,0.25,0.6666666666666666
3701,4,1,542.49,135.6225,11.25,1177.75,4.0,12,8.75,4,3,0.25,0.75
3702,2,0,0.0,0.0,12.0,470.0,4.0,4,5.0,0,0,0.0,0.0
3703,1,0,0.0,0.0,23.0,1661.0,4.0,2,25.0,0,0,0.0,0.0
3705,3,1,232.75,77.58333333333333,11.333333333333334,1076.6666666666667,4.333333333333333,5,11.666666666666666,3,2,0.3333333333333333,0.6666666666666666
3706,3,1,1081.96,360.65333333333336,12.333333333333334,877.0,3.0,9,6.666666666666667,3,2,0.3333333333333333,0.6666666666666666
3707,3,0,0.0,0.0,2.6666666666666665,366.6666666666667,4.0,9,11.666666666666666,3,3,0.0,1.0
3708,2,0,0.0,0.0,7.5,1267.5,4.0,5,7.5,1,1,0.0,1.0
3710,2,0,0.0,0.0,11.5,1219.5,4.0,6,5.0,0,0,0.0,0.0
3711,9,1,202.3,22.477777777777778,12.555555555555555,898.5555555555555,4.0,26,12.777777777777779,6,5,0.1111111111111111,0.8333333333333334
3712,2,0,0.0,0.0,12.5,592.5,4.0,6,15.0,2,2,0.0,1.0
3713,5,1,1173.89,234.77800000000002,10.0,896.2,3.8,11,5.0,3,2,0.2,0.6666666666666666
3714,4,0,0.0,0.0,13.5,704.0,4.0,13,13.75,2,2,0.0,1.0
3715,7,2,5040.16,720.0228571428571,16.428571428571427,795.1428571428571,4.0,20,7.857142857142857,4,2,0.2857142857142857,0.5
3716,3,1,1167.95,389.31666666666666,7.0,453.0,4.333333333333333,6,13.333333333333334,1,0,0.3333333333333333,0.0
3717,4,1,701.42,175.355,12.0,1020.25,4.0,8,1.25,2,1,0.25,0.5
3718,3,2,1744.21,581.4033333333333,18.0,892.3333333333334,4.333333333333333,8,15.0,3,1,0.6666666666666666,0.3333333333333333
3719,2,0,0.0,0.0,12.0,491.5,4.0,4,15.0,1,1,0.0,1.0
3720,3,2,3747.54,1249.18,15.666666666666666,1172.6666666666667,4.666666666666667,10,6.666666666666667,3,1,0.6666666666666666,0.3333333333333333
3721,1,0,0.0,0.0,3.0,979.0,4.0,2,0.0,0,0,0.0,0.0
3722,4,1,3429.88,857.47,13.75,370.5,3.5,9,6.25,3,2,0.25,0.6666666666666666
3723,4,0,0.0,0.0,19.0,1078.5,4.0,8,5.0,2,2,0.0,1.0
3724,3,0,0.0,0.0,18.0,1264.6666666666667,4.0,8,11.666666666666666,3,3,0.0,1.0
3725,1,1,676.94,676.94,2.0,21.0,5.0,2,0.0,1,0,1.0,0.0
3726,4,1,6909.44,1727.36,16.0,727.5,4.25,12,6.25,2,1,0.25,0.5
3727,2,1,2799.69,1399.845,11.5,1141.5,4.0,6,0.0,2,1,0.5,0.5
3728,3,1,254.29,84.76333333333334,10.666666666666666,1697.0,4.333333333333333,4,6.666666666666667,2,1,0.3333333333333333,0.5
3729,3,0,0.0,0.0,3.0,662.0,4.0,9,18.333333333333332,1,1,0.0,1.0
3730,3,0,0.0,0.0,7.333333333333333,694.0,4.0,4,11.666666666666666,1,1,0.0,1.0
3731,2,0,0.0,0.0,14.0,847.5,4.0,6,7.5,0,0,0.0,0.0
3732,4,1,1229.92,307.48,9.0,1156.25,4.0,12,5.0,4,3,0.25,0.75
3733,2,1,807.14,403.57,18.0,1516.0,4.5,2,12.5,2,1,0.5,0.5
3735,4,1,110.17,27.5425,10.5,1051.25,3.25,8,13.75,2,1,0.25,0.5
3736,4,0,0.0,0.0,10.25,813.75,4.0,10,6.25,2,2,0.0,1.0
3737,1,0,0.0,0.0,9.0,103.0,4.0,1,0.0,0,0,0.0,0.0
3738,1,0,0.0,0.0,18.0,1299.0,4.0,2,0.0,0,0,0.0,0.0
3739,1,0,0.0,0.0,2.0,195.0,4.0,2,15.0,0,0,0.0,0.0
3740,1,0,0.0,0.0,13.0,874.0,4.0,2,0.0,0,0,0.0,0.0
3741,4,3,6094.389999999999,1523.5974999999999,15.25,940.5,4.75,11,6.25,3,0,0.75,0.0
3742,2,1,1125.14,562.57,20.5,514.0,4.0,5,15.0,2,1,0.5,0.5
3743,3,0,0.0,0.0,11.333333333333334,779.6666666666666,4.0,6,5.0,3,3,0.0,1.0
3744,3,0,0.0,0.0,15.333333333333334,608.3333333333334,4.0,8,8.333333333333334,2,2,0.0,1.0
3745,4,1,896.08,224.02,8.25,604.5,4.0,12,11.25,2,1,0.25,0.5
3746,3,2,9284.9,3094.9666666666667,13.333333333333334,1158.3333333333333,3.3333333333333335,9,16.666666666666668,2,0,0.6666666666666666,0.0
3747,1,0,0.0,0.0,10.0,785.0,4.0,2,0.0,1,1,0.0,1.0
3748,2,0,0.0,0.0,17.0,720.5,4.0,6,17.5,1,1,0.0,1.0
3749,2,0,0.0,0.0,20.0,734.5,4.0,7,15.0,1,1,0.0,1.0
3750,3,1,650.18,216.72666666666666,13.666666666666666,1243.3333333333333,4.333333333333333,10,0.0,3,2,0.3333333333333333,0.6666666666666666
3751,1,1,2637.54,2637.54,16.0,1647.0,4.0,3,0.0,1,0,1.0,0.0
3752,4,2,3028.48,757.12,16.0,811.5,2.5,8,15.0,4,2,0.5,0.5
3753,4,1,569.7,142.425,9.75,280.0,4.0,9,3.75,3,2,0.25,0.6666666666666666
3754,4,1,623.83,155.9575,9.5,855.75,4.25,5,7.5,2,1,0.25,0.5
3756,3,0,0.0,0.0,7.0,1387.6666666666667,4.0,6,6.666666666666667,1,1,0.0,1.0
3757,2,0,0.0,0.0,18.5,240.5,4.0,2,7.5,0,0,0.0,0.0
3758,2,0,0.0,0.0,3.0,797.5,4.0,7,17.5,1,1,0.0,1.0
3759,2,0,0.0,0.0,12.0,991.0,4.0,7,10.0,1,1,0.0,1.0
3760,5,0,0.0,0.0,9.8,1483.8,4.0,8,13.0,3,3,0.0,1.0
3761,5,2,2952.99,590.598,9.4,504.6,4.0,10,5.0,4,2,0.4,0.5
3762,4,0,0.0,0.0,17.25,611.25,4.0,13,8.75,4,4,0.0,1.0
3763,3,1,915.39,305.13,13.0,934.6666666666666,4.0,6,8.333333333333334,2,1,0.3333333333333333,0.5
3764,2,0,0.0,0.0,13.5,515.0,4.0,8,7.5,2,2,0.0,1.0
3765,3,2,2730.73,910.2433333333333,10.666666666666666,431.6666666666667,4.666666666666667,9,10.0,2,0,0.6666666666666666,0.0
3766,1,0,0.0,0.0,1.0,1435.0,4.0,2,25.0,1,1,0.0,1.0
3767,3,3,7697.549999999999,2565.85,12.666666666666666,1000.6666666666666,3.6666666666666665,10,10.0,3,0,1.0,0.0
3768,6,1,2236.3,372.7166666666667,14.333333333333334,935.1666666666666,3.8333333333333335,15,1.6666666666666667,5,4,0.16666666666666666,0.8
3769,4,2,1289.6499999999999,322.41249999999997,8.5,870.25,3.25,14,6.25,2,0,0.5,0.0
3770,2,0,0.0,0.0,15.5,372.5,4.0,4,0.0,1,1,0.0,1.0
3771,2,0,0.0,0.0,9.5,821.5,4.0,2,5.0,0,0,0.0,0.0
3772,4,1,674.32,168.58,6.25,1168.0,3.5,13,10.0,2,1,0.25,0.5
3773,1,1,437.63,437.63,15.0,1719.0,4.0,1,5.0,1,0,1.0,0.0
3774,2,1,2699.41,1349.705,16.0,543.0,3.5,4,5.0,1,0,0.5,0.0
3775,5,2,4084.83,816.966,8.0,922.2,4.4,8,6.0,4,2,0.4,0.5
3776,2,0,0.0,0.0,15.5,1082.0,4.0,2,10.0,1,1,0.0,1.0
3777,4,2,3038.35,759.5875,4.5,1332.5,3.25,14,7.5,2,0,0.5,0.0
3778,1,0,0.0,0.0,10.0,1109.0,4.0,4,0.0,1,1,0.0,1.0
3779,3,1,2386.57,795.5233333333334,8.333333333333334,972.3333333333334,3.6666666666666665,5,21.666666666666668,1,0,0.3333333333333333,0.0
3780,2,0,0.0,0.0,6.0,1310.0,4.0,5,5.0,1,1,0.0,1.0
3781,1,0,0.0,0.0,11.0,610.0,4.0,3,15.0,0,0,0.0,0.0
3782,2,0,0.0,0.0,11.5,983.5,4.0,4,10.0,1,1,0.0,1.0
3783,2,1,604.38,302.19,17.5,935.0,4.5,4,5.0,1,0,0.5,0.0
3784,4,2,1658.4,414.6,18.0,1337.5,4.0,12,10.0,4,2,0.5,0.5
3785,4,0,0.0,0.0,15.75,879.75,4.0,7,7.5,2,2,0.0,1.0
3786,3,0,0.0,0.0,10.0,745.3333333333334,4.0,6,3.3333333333333335,2,2,0.0,1.0
3787,1,0,0.0,0.0,10.0,1272.0,4.0,4,20.0,1,1,0.0,1.0
3788,2,1,929.44,464.72,18.0,485.5,4.0,6,0.0,1,0,0.5,0.0
3789,6,0,0.0,0.0,13.833333333333334,932.5,4.0,13,4.166666666666667,2,2,0.0,1.0
3790,3,1,1459.87,486.6233333333333,7.333333333333333,1170.3333333333333,4.333333333333333,6,13.333333333333334,3,2,0.3333333333333333,0.6666666666666666
3791,1,0,0.0,0.0,24.0,88.0,4.0,3,25.0,1,1,0.0,1.0
3792,3,2,3030.7200000000003,1010.2400000000001,13.333333333333334,1211.6666666666667,4.666666666666667,8,6.666666666666667,2,0,0.6666666666666666,0.0
3793,5,3,3480.98,696.196,12.0,748.6,4.2,9,14.0,3,0,0.6,0.0
3794,2,0,0.0,0.0,17.5,900.0,4.0,3,17.5,1,1,0.0,1.0
3795,2,0,0.0,0.0,8.5,592.5,4.0,4,27.5,1,1,0.0,1.0
3796,2,1,2238.27,1119.135,19.5,1063.5,3.5,3,10.0,2,1,0.5,0.5
3797,1,0,0.0,0.0,13.0,1446.0,4.0,4,0.0,1,1,0.0,1.0
3798,5,1,205.98,41.196,12.0,725.0,4.0,15,13.0,4,3,0.2,0.75
3799,5,2,6810.64,1362.1280000000002,14.6,651.6,3.4,16,10.0,3,1,0.4,0.3333333333333333
3800,3,0,0.0,0.0,13.666666666666666,872.6666666666666,4.0,8,18.333333333333332,1,1,0.0,1.0
3801,3,1,821.75,273.9166666666667,16.0,1457.3333333333333,3.3333333333333335,7,5.0,2,1,0.3333333333333333,0.5
3802,4,1,2927.54,731.885,13.5,1183.5,3.75,8,7.5,3,2,0.25,0.6666666666666666
3803,2,2,3018.73,1509.365,13.5,1221.5,4.0,5,2.5,2,0,1.0,0.0
3804,2,1,1918.85,959.425,8.0,620.0,3.5,4,20.0,2,1,0.5,0.5
3805,1,0,0.0,0.0,23.0,287.0,4.0,2,10.0,0,0,0.0,0.0
3806,3,2,3081.5,1027.1666666666667,6.0,592.0,3.3333333333333335,9,13.333333333333334,2,0,0.6666666666666666,0.0
3808,5,0,0.0,0.0,17.8,969.6,4.0,15,2.0,1,1,0.0,1.0
3809,2,0,0.0,0.0,3.0,471.5,4.0,5,12.5,2,2,0.0,1.0
3810,2,0,0.0,0.0,18.0,1543.5,4.0,3,12.5,1,1,0.0,1.0
3811,4,0,0.0,0.0,13.5,510.75,4.0,7,2.5,0,0,0.0,0.0
3812,2,2,2872.67,1436.335,10.0,641.5,4.0,5,10.0,2,0,1.0,0.0
3813,4,1,744.09,186.0225,12.25,802.5,4.25,10,8.75,3,2,0.25,0.6666666666666666
3815,3,0,0.0,0.0,15.0,908.3333333333334,4.0,10,13.333333333333334,2,2,0.0,1.0
3816,3,1,3193.45,1064.4833333333333,12.333333333333334,964.3333333333334,4.333333333333333,11,15.0,1,0,0.3333333333333333,0.0
3817,3,0,0.0,0.0,13.0,966.3333333333334,4.0,7,13.333333333333334,3,3,0.0,1.0
3818,2,1,3395.26,1697.63,16.5,504.0,4.5,7,2.5,2,1,0.5,0.5
3819,2,0,0.0,0.0,2.5,494.5,4.0,7,0.0,1,1,0.0,1.0
3821,3,2,2830.43,943.4766666666666,14.0,906.0,4.333333333333333,10,11.666666666666666,2,0,0.6666666666666666,0.0
3822,3,1,505.58,168.52666666666667,8.666666666666666,851.3333333333334,3.3333333333333335,9,3.3333333333333335,1,0,0.3333333333333333,0.0
3823,2,1,2194.52,1097.26,18.0,1022.0,4.0,5,7.5,2,1,0.5,0.5
3824,5,3,3904.47,780.894,10.0,690.8,3.8,12,14.0,5,2,0.6,0.4
3825,1,0,0.0,0.0,12.0,858.0,4.0,4,15.0,1,1,0.0,1.0
3826,2,0,0.0,0.0,16.5,976.5,4.0,6,10.0,1,1,0.0,1.0
3827,5,3,6372.849999999999,1274.57,11.8,1057.8,3.8,11,17.0,4,1,0.6,0.25
3828,2,1,950.18,475.09,4.0,875.5,2.5,8,20.0,1,0,0.5,0.0
3829,4,1,564.28,141.07,13.25,667.5,4.0,9,12.5,2,1,0.25,0.5
3830,3,1,1358.58,452.85999999999996,16.333333333333332,725.0,4.333333333333333,5,0.0,3,2,0.3333333333333333,0.6666666666666666
3831,6,1,7265.12,1210.8533333333332,15.666666666666666,1175.6666666666667,4.0,18,2.5,4,3,0.16666666666666666,0.75
3832,3,1,6699.59,2233.1966666666667,18.333333333333332,1062.3333333333333,4.333333333333333,8,8.333333333333334,1,0,0.3333333333333333,0.0
3833,2,1,5109.3,2554.65,8.0,344.5,3.5,7,5.0,2,1,0.5,0.5
3834,2,1,968.5,484.25,13.5,373.5,4.0,4,12.5,1,0,0.5,0.0
3835,1,1,3122.06,3122.06,2.0,13.0,4.0,3,25.0,1,0,1.0,0.0
3836,3,0,0.0,0.0,13.0,124.66666666666667,4.0,6,10.0,1,1,0.0,1.0
3838,2,0,0.0,0.0,11.0,898.5,4.0,4,0.0,1,1,0.0,1.0
3839,3,1,903.92,301.3066666666667,11.333333333333334,613.0,4.333333333333333,8,16.666666666666668,2,1,0.3333333333333333,0.5
3840,4,0,0.0,0.0,6.25,642.25,4.0,8,2.5,3,3,0.0,1.0
3841,2,0,0.0,0.0,23.5,1086.5,4.0,5,12.5,1,1,0.0,1.0
3842,1,0,0.0,0.0,13.0,1191.0,4.0,3,15.0,0,0,0.0,0.0
3843,2,0,0.0,0.0,14.5,456.0,4.0,7,20.0,2,2,0.0,1.0
3844,3,1,2859.8,953.2666666666668,15.666666666666666,850.6666666666666,4.0,8,5.0,3,2,0.3333333333333333,0.6666666666666666
3845,5,2,2819.12,563.824,9.8,522.2,4.0,15,7.0,4,2,0.4,0.5
3846,3,1,1652.19,550.73,14.666666666666666,217.33333333333334,3.6666666666666665,7,5.0,1,0,0.3333333333333333,0.0
3847,2,1,4909.18,2454.59,13.5,1301.0,3.0,6,10.0,2,1,0.5,0.5
3848,5,2,5083.42,1016.684,18.4,764.2,4.2,14,9.0,5,3,0.4,0.6
3849,2,1,2315.04,1157.52,16.5,1014.5,4.5,5,7.5,2,1,0.5,0.5
3850,2,1,3675.3,1837.65,18.5,788.0,4.5,3,10.0,1,0,0.5,0.0
3851,3,1,2101.57,700.5233333333334,14.666666666666666,1476.0,4.333333333333333,8,10.0,2,1,0.3333333333333333,0.5
3852,2,1,1110.02,555.01,18.0,1245.0,4.0,5,10.0,2,1,0.5,0.5
3853,7,0,0.0,0.0,9.714285714285714,669.2857142857143,4.0,16,15.714285714285714,3,3,0.0,1.0
3854,4,1,652.25,163.0625,12.0,1116.5,4.0,8,13.75,3,2,0.25,0.6666666666666666
3855,3,0,0.0,0.0,7.0,1184.0,4.0,11,10.0,1,1,0.0,1.0
3856,1,0,0.0,0.0,21.0,661.0,4.0,2,0.0,0,0,0.0,0.0
3857,3,1,2698.49,899.4966666666666,9.333333333333334,427.6666666666667,4.333333333333333,6,10.0,3,2,0.3333333333333333,0.6666666666666666
3858,3,1,1594.4,531.4666666666667,8.0,764.3333333333334,3.6666666666666665,8,6.666666666666667,1,0,0.3333333333333333,0.0
3859,4,0,0.0,0.0,9.0,1155.5,4.0,9,13.75,3,3,0.0,1.0
3860,3,1,2441.37,813.79,12.666666666666666,299.3333333333333,4.0,10,6.666666666666667,1,0,0.3333333333333333,0.0
3861,2,1,470.39,235.195,19.0,397.5,4.0,4,7.5,1,0,0.5,0.0
3862,3,1,3433.82,1144.6066666666668,9.0,907.0,4.333333333333333,4,3.3333333333333335,2,1,0.3333333333333333,0.5
3863,3,1,244.54,81.51333333333334,10.666666666666666,559.0,3.3333333333333335,8,10.0,2,1,0.3333333333333333,0.5
3864,1,0,0.0,0.0,6.0,736.0,4.0,2,20.0,0,0,0.0,0.0
3865,3,0,0.0,0.0,12.0,1272.3333333333333,4.0,6,3.3333333333333335,1,1,0.0,1.0
3866,1,0,0.0,0.0,23.0,810.0,4.0,3,15.0,0,0,0.0,0.0
3867,1,0,0.0,0.0,1.0,1515.0,4.0,4,0.0,1,1,0.0,1.0
3868,2,0,0.0,0.0,6.0,1353.0,4.0,7,10.0,2,2,0.0,1.0
3869,6,0,0.0,0.0,9.0,1220.1666666666667,4.0,14,12.5,4,4,0.0,1.0
3870,3,1,6415.09,2138.3633333333332,9.666666666666666,777.6666666666666,4.0,7,3.3333333333333335,3,2,0.3333333333333333,0.6666666666666666
3871,2,0,0.0,0.0,12.5,710.5,4.0,3,10.0,0,0,0.0,0.0
3872,2,1,3073.8,1536.9,9.0,669.5,4.0,5,0.0,1,0,0.5,0.0
3873,3,0,0.0,0.0,11.0,1052.6666666666667,4.0,6,0.0,2,2,0.0,1.0
3874,7,1,1674.7,239.24285714285716,15.857142857142858,1132.7142857142858,4.142857142857143,18,10.714285714285714,5,4,0.14285714285714285,0.8
3875,2,0,0.0,0.0,17.5,1032.5,4.0,7,15.0,2,2,0.0,1.0
3876,4,1,4145.45,1036.3625,9.5,500.5,4.0,10,12.5,3,2,0.25,0.6666666666666666
3877,2,0,0.0,0.0,13.0,1365.0,4.0,5,7.5,1,1,0.0,1.0
3878,3,0,0.0,0.0,12.333333333333334,1189.6666666666667,4.0,8,8.333333333333334,1,1,0.0,1.0
3879,1,0,0.0,0.0,19.0,1335.0,4.0,1,0.0,1,1,0.0,1.0
3880,2,1,461.33,230.665,15.0,508.0,4.5,4,10.0,1,0,0.5,0.0
3881,4,1,4236.88,1059.22,12.5,692.5,4.0,12,10.0,3,2,0.25,0.6666666666666666
3883,6,2,4394.8,732.4666666666667,6.333333333333333,626.6666666666666,4.0,20,5.833333333333333,4,2,0.3333333333333333,0.5
3884,4,1,4545.56,1136.39,8.25,912.0,4.0,11,2.5,4,3,0.25,0.75
3885,4,1,3134.36,783.59,9.75,666.75,3.75,9,10.0,2,1,0.25,0.5
3886,3,1,2776.48,925.4933333333333,7.0,653.0,3.6666666666666665,7,6.666666666666667,2,1,0.3333333333333333,0.5
3887,4,1,4259.91,1064.9775,11.5,764.0,3.5,10,10.0,4,3,0.25,0.75
3888,4,2,1600.38,400.095,7.0,871.25,4.25,9,11.25,3,1,0.5,0.3333333333333333
3889,2,1,1150.2,575.1,16.0,1590.5,4.5,8,5.0,2,1,0.5,0.5
3890,4,1,3330.18,832.545,7.5,535.75,4.0,11,5.0,1,0,0.25,0.0
3891,3,1,1779.52,593.1733333333333,11.333333333333334,823.6666666666666,4.333333333333333,8,8.333333333333334,3,2,0.3333333333333333,0.6666666666666666
3892,4,2,2469.43,617.3575,11.0,792.75,4.25,10,8.75,2,0,0.5,0.0
3893,9,1,413.16,45.906666666666666,15.222222222222221,791.3333333333334,4.111111111111111,22,12.222222222222221,2,1,0.1111111111111111,0.5
3894,3,1,4068.51,1356.17,8.666666666666666,1038.3333333333333,3.6666666666666665,8,8.333333333333334,2,1,0.3333333333333333,0.5
3895,1,0,0.0,0.0,3.0,1534.0,4.0,3,25.0,0,0,0.0,0.0
3896,3,0,0.0,0.0,19.0,1115.3333333333333,4.0,9,10.0,2,2,0.0,1.0
3897,5,2,1052.3000000000002,210.46000000000004,11.8,927.6,4.2,11,9.0,3,1,0.4,0.3333333333333333
3898,3,0,0.0,0.0,9.333333333333334,1342.6666666666667,4.0,7,8.333333333333334,1,1,0.0,1.0
3899,1,0,0.0,0.0,4.0,83.0,4.0,1,0.0,0,0,0.0,0.0
3900,5,0,0.0,0.0,6.0,1128.6,4.0,14,5.0,3,3,0.0,1.0
3901,3,0,0.0,0.0,11.333333333333334,596.0,4.0,10,15.0,1,1,0.0,1.0
3902,4,0,0.0,0.0,6.75,776.25,4.0,8,20.0,2,2,0.0,1.0
3903,1,0,0.0,0.0,3.0,310.0,4.0,1,0.0,0,0,0.0,0.0
3904,2,0,0.0,0.0,20.0,692.0,4.0,2,15.0,2,2,0.0,1.0
3906,2,0,0.0,0.0,14.5,899.0,4.0,6,17.5,1,1,0.0,1.0
3907,4,2,2540.27,635.0675,12.75,590.5,4.25,11,2.5,4,2,0.5,0.5
3908,1,1,1345.32,1345.32,20.0,624.0,4.0,1,0.0,1,0,1.0,0.0
3909,2,1,3640.35,1820.175,14.0,462.5,3.5,6,2.5,2,1,0.5,0.5
3910,3,2,2581.38,860.46,6.0,572.3333333333334,3.3333333333333335,8,10.0,3,1,0.6666666666666666,0.3333333333333333
3911,2,0,0.0,0.0,14.5,1285.5,4.0,4,15.0,1,1,0.0,1.0
3912,1,0,0.0,0.0,7.0,1022.0,4.0,3,10.0,1,1,0.0,1.0
3913,3,0,0.0,0.0,11.0,749.6666666666666,4.0,7,15.0,2,2,0.0,1.0
3914,2,1,4176.51,2088.255,15.0,1557.0,4.5,5,12.5,2,1,0.5,0.5
3915,3,1,1288.01,429.33666666666664,11.333333333333334,1068.6666666666667,4.333333333333333,10,8.333333333333334,3,2,0.3333333333333333,0.6666666666666666
3916,4,1,2369.47,592.3675,4.25,981.25,4.0,10,7.5,3,2,0.25,0.6666666666666666
3917,1,0,0.0,0.0,9.0,553.0,4.0,1,0.0,1,1,0.0,1.0
3918,1,1,1907.28,1907.28,14.0,663.0,5.0,4,10.0,1,0,1.0,0.0
3919,2,0,0.0,0.0,14.5,1183.5,4.0,4,5.0,2,2,0.0,1.0
3920,1,1,1047.76,1047.76,18.0,1099.0,2.0,4,0.0,1,0,1.0,0.0
3921,3,1,1324.54,441.5133333333333,6.666666666666667,468.0,4.0,9,16.666666666666668,3,2,0.3333333333333333,0.6666666666666666
3922,3,1,1124.12,374.70666666666665,4.666666666666667,1152.0,4.0,6,0.0,1,0,0.3333333333333333,0.0
3923,5,1,318.92,63.784000000000006,11.2,772.0,3.8,12,17.0,3,2,0.2,0.6666666666666666
3924,3,2,2837.02,945.6733333333333,19.0,1274.0,3.6666666666666665,7,10.0,3,1,0.6666666666666666,0.3333333333333333
3925,3,0,0.0,0.0,9.0,596.6666666666666,4.0,8,10.0,1,1,0.0,1.0
3926,2,0,0.0,0.0,19.0,1115.5,4.0,5,0.0,2,2,0.0,1.0
3927,3,2,8560.119999999999,2853.373333333333,17.0,776.0,4.333333333333333,10,8.333333333333334,2,0,0.6666666666666666,0.0
3928,1,1,490.16,490.16,2.0,1651.0,5.0,1,0.0,1,0,1.0,0.0
3929,1,0,0.0,0.0,19.0,463.0,4.0,4,15.0,1,1,0.0,1.0
3930,2,1,1088.14,544.07,11.5,483.5,4.0,4,5.0,1,0,0.5,0.0
3931,3,1,1234.71,411.57,15.333333333333334,884.3333333333334,4.0,6,0.0,2,1,0.3333333333333333,0.5
3932,2,0,0.0,0.0,7.0,1035.5,4.0,4,0.0,0,0,0.0,0.0
3933,4,1,1443.76,360.94,10.5,983.75,3.75,13,8.75,3,2,0.25,0.6666666666666666
3934,4,3,5505.83,1376.4575,8.0,625.25,4.5,11,3.75,4,1,0.75,0.25
3935,6,1,6430.12,1071.6866666666667,17.0,808.6666666666666,4.166666666666667,14,2.5,3,2,0.16666666666666666,0.6666666666666666
3936,2,2,1458.47,729.235,18.0,745.5,3.5,6,10.0,2,0,1.0,0.0
3937,2,1,464.54,232.27,7.0,1143.5,4.0,4,5.0,1,0,0.5,0.0
3938,6,1,3931.06,655.1766666666666,17.0,899.8333333333334,4.166666666666667,15,11.666666666666666,4,3,0.16666666666666666,0.75
3939,1,1,4369.58,4369.58,11.0,1312.0,1.0,4,5.0,1,0,1.0,0.0
3940,1,0,0.0,0.0,4.0,1643.0,4.0,3,0.0,1,1,0.0,1.0
3941,5,1,1630.36,326.072,13.6,1320.6,3.4,12,16.0,4,3,0.2,0.75
3942,5,1,730.25,146.05,20.6,619.6,4.0,13,8.0,4,3,0.2,0.75
3943,3,1,1311.95,437.31666666666666,15.666666666666666,1416.3333333333333,4.333333333333333,8,3.3333333333333335,3,2,0.3333333333333333,0.6666666666666666
3944,4,1,683.05,170.7625,12.25,877.25,4.0,8,11.25,4,3,0.25,0.75
3945,2,1,427.77,213.885,12.0,572.5,2.5,5,5.0,2,1,0.5,0.5
3946,4,0,0.0,0.0,14.5,569.5,4.0,12,6.25,4,4,0.0,1.0
3947,2,1,543.58,271.79,17.0,1259.5,3.0,4,22.5,2,1,0.5,0.5
3948,1,1,2062.9,2062.9,20.0,284.0,4.0,2,0.0,1,0,1.0,0.0
3949,3,0,0.0,0.0,8.666666666666666,1072.3333333333333,4.0,5,1.6666666666666667,1,1,0.0,1.0
3950,5,2,9031.64,1806.328,6.6,726.2,4.0,15,7.0,3,1,0.4,0.3333333333333333
3951,1,0,0.0,0.0,24.0,399.0,4.0,2,15.0,1,1,0.0,1.0
3952,7,0,0.0,0.0,15.142857142857142,653.2857142857143,4.0,15,16.428571428571427,4,4,0.0,1.0
3953,3,0,0.0,0.0,8.0,1026.3333333333333,4.0,6,10.0,1,1,0.0,1.0
3954,3,0,0.0,0.0,11.0,763.3333333333334,4.0,4,5.0,2,2,0.0,1.0
3955,2,0,0.0,0.0,8.5,1120.5,4.0,2,17.5,1,1,0.0,1.0
3956,2,1,378.45,189.225,13.5,975.5,4.5,5,7.5,1,0,0.5,0.0
3957,2,0,0.0,0.0,8.0,1498.5,4.0,2,2.5,0,0,0.0,0.0
3958,3,0,0.0,0.0,14.333333333333334,1093.0,4.0,7,18.333333333333332,1,1,0.0,1.0
3959,2,0,0.0,0.0,13.0,784.5,4.0,3,22.5,0,0,0.0,0.0
3960,2,0,0.0,0.0,12.0,991.0,4.0,8,5.0,1,1,0.0,1.0
3961,2,1,862.45,431.225,8.0,651.0,3.5,6,12.5,2,1,0.5,0.5
3962,5,2,3816.76,763.3520000000001,11.6,946.4,3.6,11,2.0,5,3,0.4,0.6
3963,1,0,0.0,0.0,21.0,1566.0,4.0,1,0.0,0,0,0.0,0.0
3964,2,1,404.17,202.085,5.5,1342.0,4.0,3,10.0,1,0,0.5,0.0
3965,1,0,0.0,0.0,23.0,87.0,4.0,1,15.0,0,0,0.0,0.0
3966,3,2,4789.88,1596.6266666666668,12.333333333333334,920.0,4.333333333333333,9,16.666666666666668,2,0,0.6666666666666666,0.0
3967,5,1,680.25,136.05,7.6,1030.4,4.2,15,12.0,4,3,0.2,0.75
3968,4,1,199.8,49.95,9.5,763.25,4.0,14,5.0,1,0,0.25,0.0
3969,3,0,0.0,0.0,8.0,1163.0,4.0,9,13.333333333333334,2,2,0.0,1.0
3970,2,1,1755.35,877.675,17.0,366.0,4.0,5,15.0,1,0,0.5,0.0
3971,6,0,0.0,0.0,14.5,656.1666666666666,4.0,11,6.666666666666667,1,1,0.0,1.0
3972,1,0,0.0,0.0,8.0,981.0,4.0,4,5.0,0,0,0.0,0.0
3973,6,2,1321.01,220.16833333333332,15.166666666666666,911.8333333333334,4.166666666666667,11,14.166666666666666,4,2,0.3333333333333333,0.5
3975,4,1,1413.24,353.31,9.25,753.5,3.5,9,10.0,2,1,0.25,0.5
3976,4,2,6368.5599999999995,1592.1399999999999,15.25,739.0,3.5,11,3.75,4,2,0.5,0.5
3977,2,0,0.0,0.0,14.0,876.5,4.0,2,10.0,1,1,0.0,1.0
3978,4,1,1462.08,365.52,8.5,987.5,4.25,9,15.0,3,2,0.25,0.6666666666666666
3979,1,1,1357.1,1357.1,19.0,192.0,2.0,3,10.0,1,0,1.0,0.0
3980,5,2,5666.77,1133.354,13.0,542.0,3.4,11,8.0,4,2,0.4,0.5
3981,2,0,0.0,0.0,19.5,405.5,4.0,8,0.0,1,1,0.0,1.0
3982,3,1,2393.76,797.9200000000001,12.0,1057.3333333333333,4.0,8,8.333333333333334,2,1,0.3333333333333333,0.5
3983,3,0,0.0,0.0,14.0,667.0,4.0,5,8.333333333333334,3,3,0.0,1.0
3985,5,1,2319.93,463.986,15.2,573.0,3.6,16,9.0,4,3,0.2,0.75
3986,2,0,0.0,0.0,13.5,532.5,4.0,5,0.0,1,1,0.0,1.0
3988,4,2,4183.2,1045.8,10.0,1262.75,3.75,14,11.25,4,2,0.5,0.5
3989,6,2,4387.52,731.2533333333334,14.0,636.0,4.166666666666667,12,5.0,3,1,0.3333333333333333,0.3333333333333333
3990,1,1,911.58,911.58,23.0,1752.0,1.0,2,0.0,1,0,1.0,0.0
3991,4,1,2342.56,585.64,9.0,558.75,3.75,10,0.0,4,3,0.25,0.75
3992,3,1,337.88,112.62666666666667,22.333333333333332,758.6666666666666,4.0,8,20.0,3,2,0.3333333333333333,0.6666666666666666
3994,1,0,0.0,0.0,19.0,1414.0,4.0,1,15.0,1,1,0.0,1.0
3995,5,0,0.0,0.0,12.8,728.6,4.0,14,6.0,3,3,0.0,1.0
3997,4,0,0.0,0.0,9.75,940.0,4.0,9,8.75,2,2,0.0,1.0
3998,1,0,0.0,0.0,11.0,1735.0,4.0,3,0.0,1,1,0.0,1.0
3999,6,1,2157.54,359.59,7.166666666666667,592.1666666666666,4.0,18,6.666666666666667,2,1,0.16666666666666666,0.5
4000,2,0,0.0,0.0,17.0,814.0,4.0,4,5.0,0,0,0.0,0.0
4001,1,0,0.0,0.0,2.0,1546.0,4.0,3,0.0,0,0,0.0,0.0
4002,6,0,0.0,0.0,11.333333333333334,1006.8333333333334,4.0,14,10.0,3,3,0.0,1.0
4003,1,1,899.28,899.28,21.0,357.0,2.0,4,10.0,1,0,1.0,0.0
4004,4,3,11708.76,2927.19,4.75,1251.5,3.25,11,0.0,4,1,0.75,0.25
4006,6,0,0.0,0.0,8.0,695.0,4.0,13,14.166666666666666,3,3,0.0,1.0
4007,6,1,2343.08,390.5133333333333,12.833333333333334,990.8333333333334,4.166666666666667,15,9.166666666666666,3,2,0.16666666666666666,0.6666666666666666
4008,5,0,0.0,0.0,17.0,1208.8,4.0,15,4.0,1,1,0.0,1.0
4009,3,1,4003.56,1334.52,11.666666666666666,938.3333333333334,3.6666666666666665,7,8.333333333333334,2,1,0.3333333333333333,0.5
4010,3,0,0.0,0.0,9.0,608.0,4.0,4,15.0,1,1,0.0,1.0
4011,1,0,0.0,0.0,8.0,1306.0,4.0,2,5.0,0,0,0.0,0.0
4012,2,1,3915.48,1957.74,14.0,856.0,3.5,4,0.0,2,1,0.5,0.5
4013,3,2,1972.88,657.6266666666667,11.666666666666666,428.3333333333333,4.666666666666667,7,11.666666666666666,2,0,0.6666666666666666,0.0
4015,2,1,1574.48,787.24,18.0,1016.5,4.0,5,0.0,1,0,0.5,0.0
4016,1,0,0.0,0.0,20.0,987.0,4.0,3,10.0,0,0,0.0,0.0
4017,2,1,1952.4,976.2,6.0,1133.0,3.5,5,20.0,2,1,0.5,0.5
4018,4,1,249.86,62.465,19.75,1109.75,3.75,9,10.0,3,2,0.25,0.6666666666666666
4019,6,3,6437.1900000000005,1072.865,11.0,1137.5,4.166666666666667,18,10.833333333333334,4,1,0.5,0.25
4020,5,0,0.0,0.0,13.8,1380.0,4.0,11,5.0,3,3,0.0,1.0
4021,1,1,52.83,52.83,18.0,1648.0,2.0,1,15.0,1,0,1.0,0.0
4022,1,0,0.0,0.0,7.0,200.0,4.0,3,20.0,0,0,0.0,0.0
4023,1,0,0.0,0.0,3.0,1475.0,4.0,1,15.0,1,1,0.0,1.0
4024,3,1,2207.74,735.9133333333333,18.666666666666668,1094.0,3.6666666666666665,9,15.0,2,1,0.3333333333333333,0.5
4025,1,0,0.0,0.0,18.0,798.0,4.0,3,0.0,0,0,0.0,0.0
4026,3,2,1639.45,546.4833333333333,9.666666666666666,944.3333333333334,3.3333333333333335,9,11.666666666666666,2,0,0.6666666666666666,0.0
4027,4,1,1179.36,294.84,10.75,629.0,3.25,10,8.75,3,2,0.25,0.6666666666666666
4028,2,2,5048.360000000001,2524.1800000000003,7.5,1003.0,3.0,7,5.0,2,0,1.0,0.0
4029,4,1,1469.52,367.38,13.0,888.75,4.25,9,6.25,2,1,0.25,0.5
4030,1,0,0.0,0.0,8.0,455.0,4.0,1,25.0,1,1,0.0,1.0
4031,5,0,0.0,0.0,6.6,761.0,4.0,12,13.0,1,1,0.0,1.0
4032,7,0,0.0,0.0,14.428571428571429,1167.5714285714287,4.0,14,6.428571428571429,2,2,0.0,1.0
4033,2,0,0.0,0.0,16.0,961.0,4.0,2,5.0,0,0,0.0,0.0
4034,1,1,571.17,571.17,20.0,227.0,4.0,4,15.0,1,0,1.0,0.0
4035,2,0,0.0,0.0,7.5,1368.0,4.0,5,0.0,1,1,0.0,1.0
4036,1,0,0.0,0.0,11.0,873.0,4.0,2,0.0,1,1,0.0,1.0
4037,3,1,664.41,221.47,14.0,562.6666666666666,4.333333333333333,6,10.0,3,2,0.3333333333333333,0.6666666666666666
4038,1,0,0.0,0.0,11.0,763.0,4.0,3,0.0,1,1,0.0,1.0
4040,2,0,0.0,0.0,18.0,1359.5,4.0,4,10.0,0,0,0.0,0.0
4041,4,0,0.0,0.0,12.25,803.25,4.0,12,18.75,1,1,0.0,1.0
4042,2,0,0.0,0.0,11.0,1094.0,4.0,5,22.5,0,0,0.0,0.0
4043,1,1,2557.87,2557.87,15.0,129.0,1.0,2,30.0,1,0,1.0,0.0
4044,2,0,0.0,0.0,2.5,565.5,4.0,3,5.0,1,1,0.0,1.0
4045,3,0,0.0,0.0,17.666666666666668,619.6666666666666,4.0,5,20.0,2,2,0.0,1.0
4046,1,0,0.0,0.0,20.0,743.0,4.0,3,20.0,0,0,0.0,0.0
4047,5,0,0.0,0.0,13.0,733.8,4.0,15,13.0,3,3,0.0,1.0
4049,4,1,1857.63,464.4075,10.25,454.5,3.5,13,8.75,3,2,0.25,0.6666666666666666
4050,8,1,556.25,69.53125,14.375,698.5,3.625,18,5.0,6,5,0.125,0.8333333333333334
4051,4,0,0.0,0.0,13.75,970.25,4.0,9,6.25,2,2,0.0,1.0
4052,4,1,1791.86,447.965,8.0,1141.0,4.25,13,15.0,3,2,0.25,0.6666666666666666
4053,5,1,741.15,148.23,11.2,779.2,4.0,15,14.0,4,3,0.2,0.75
4054,4,2,1499.75,374.9375,14.5,1165.5,3.75,9,7.5,3,1,0.5,0.3333333333333333
4055,2,0,0.0,0.0,20.0,1062.0,4.0,4,15.0,2,2,0.0,1.0
4056,7,1,1388.4,198.34285714285716,14.428571428571429,632.7142857142857,3.7142857142857144,20,13.571428571428571,4,3,0.14285714285714285,0.75
4057,4,3,1832.0,458.0,19.5,576.75,4.25,13,8.75,4,1,0.75,0.25
4059,3,2,4818.08,1606.0266666666666,13.666666666666666,417.3333333333333,3.6666666666666665,7,3.3333333333333335,3,1,0.6666666666666666,0.3333333333333333
4060,5,1,1658.27,331.654,13.8,766.8,3.6,19,20.0,3,2,0.2,0.6666666666666666
4061,3,1,3396.89,1132.2966666666666,11.333333333333334,1298.6666666666667,3.3333333333333335,9,16.666666666666668,2,1,0.3333333333333333,0.5
4062,8,1,1836.99,229.62375,12.875,1106.625,3.75,15,11.875,7,6,0.125,0.8571428571428571
4063,2,0,0.0,0.0,11.0,1368.5,4.0,2,12.5,1,1,0.0,1.0
4064,4,0,0.0,0.0,17.75,885.0,4.0,7,17.5,3,3,0.0,1.0
4065,3,1,1786.8,595.6,14.666666666666666,685.6666666666666,4.333333333333333,7,10.0,2,1,0.3333333333333333,0.5
4066,3,0,0.0,0.0,11.666666666666666,529.3333333333334,4.0,8,11.666666666666666,3,3,0.0,1.0
4067,3,1,3567.62,1189.2066666666667,10.666666666666666,1294.0,3.3333333333333335,5,8.333333333333334,1,0,0.3333333333333333,0.0
4068,1,0,0.0,0.0,6.0,421.0,4.0,2,10.0,1,1,0.0,1.0
4069,3,0,0.0,0.0,12.333333333333334,584.0,4.0,8,8.333333333333334,0,0,0.0,0.0
4070,2,1,6676.36,3338.18,10.5,1383.5,4.5,8,12.5,1,0,0.5,0.0
4071,3,2,2540.1,846.6999999999999,17.0,299.0,3.3333333333333335,9,6.666666666666667,2,0,0.6666666666666666,0.0
4072,6,1,3269.61,544.9350000000001,14.833333333333334,1483.3333333333333,3.6666666666666665,14,7.5,5,4,0.16666666666666666,0.8
4073,5,0,0.0,0.0,5.6,865.4,4.0,12,19.0,1,1,0.0,1.0
4074,3,1,1346.17,448.72333333333336,6.666666666666667,820.3333333333334,4.0,7,8.333333333333334,2,1,0.3333333333333333,0.5
4075,1,0,0.0,0.0,23.0,1141.0,4.0,4,10.0,1,1,0.0,1.0
4076,2,0,0.0,0.0,13.5,1033.5,4.0,8,25.0,0,0,0.0,0.0
4077,4,1,210.68,52.67,12.75,1298.5,3.75,6,0.0,2,1,0.25,0.5
4079,6,2,3955.5099999999998,659.2516666666667,11.333333333333334,961.6666666666666,4.0,14,5.833333333333333,3,1,0.3333333333333333,0.3333333333333333
4080,4,1,4065.77,1016.4425,20.25,1014.25,3.5,14,11.25,3,2,0.25,0.6666666666666666
4081,3,0,0.0,0.0,10.0,851.0,4.0,6,11.666666666666666,1,1,0.0,1.0
4082,2,0,0.0,0.0,18.0,825.0,4.0,7,10.0,2,2,0.0,1.0
4083,9,5,8232.84,914.76,12.333333333333334,889.6666666666666,3.7777777777777777,20,2.2222222222222223,9,4,0.5555555555555556,0.4444444444444444
4084,3,0,0.0,0.0,12.0,694.6666666666666,4.0,10,15.0,2,2,0.0,1.0
4085,3,1,3217.4,1072.4666666666667,12.333333333333334,648.0,3.6666666666666665,10,1.6666666666666667,2,1,0.3333333333333333,0.5
4086,1,0,0.0,0.0,4.0,913.0,4.0,3,10.0,0,0,0.0,0.0
4087,4,1,741.99,185.4975,6.0,723.75,3.75,8,15.0,1,0,0.25,0.0
4088,4,0,0.0,0.0,5.75,1096.75,4.0,11,8.75,3,3,0.0,1.0
4089,7,1,5932.46,847.4942857142858,5.714285714285714,779.8571428571429,4.142857142857143,22,16.428571428571427,4,3,0.14285714285714285,0.75
4090,3,1,1444.09,481.3633333333333,14.666666666666666,983.0,3.3333333333333335,4,13.333333333333334,2,1,0.3333333333333333,0.5
4091,1,0,0.0,0.0,17.0,535.0,4.0,1,10.0,0,0,0.0,0.0
4092,5,1,3916.67,783.3340000000001,9.6,809.8,4.2,10,7.0,4,3,0.2,0.75
4093,5,0,0.0,0.0,8.0,1316.6,4.0,10,6.0,2,2,0.0,1.0
4094,4,1,588.27,147.0675,13.75,669.0,3.75,7,15.0,2,1,0.25,0.5
4095,3,0,0.0,0.0,5.333333333333333,1235.0,4.0,9,10.0,2,2,0.0,1.0
4096,2,1,4301.07,2150.535,9.5,682.0,3.5,5,7.5,2,1,0.5,0.5
4097,2,0,0.0,0.0,11.5,358.0,4.0,3,0.0,2,2,0.0,1.0
4098,1,1,5001.84,5001.84,23.0,1411.0,2.0,4,0.0,1,0,1.0,0.0
4099,2,1,2414.06,1207.03,6.5,1062.0,4.0,6,12.5,1,0,0.5,0.0
4100,4,0,0.0,0.0,13.75,958.75,4.0,14,15.0,2,2,0.0,1.0
4101,2,0,0.0,0.0,8.0,775.0,4.0,4,0.0,1,1,0.0,1.0
4102,4,0,0.0,0.0,11.5,737.5,4.0,10,7.5,1,1,0.0,1.0
4103,4,0,0.0,0.0,21.5,748.25,4.0,9,13.75,3,3,0.0,1.0
4104,5,2,4315.97,863.1940000000001,11.4,1329.6,3.8,13,9.0,4,2,0.4,0.5
4105,3,2,4288.38,1429.46,12.333333333333334,584.6666666666666,4.333333333333333,8,6.666666666666667,3,1,0.6666666666666666,0.3333333333333333
4106,1,0,0.0,0.0,14.0,1328.0,4.0,3,0.0,1,1,0.0,1.0
4107,2,0,0.0,0.0,16.5,1230.0,4.0,4,10.0,0,0,0.0,0.0
4108,3,1,1312.99,437.66333333333336,19.666666666666668,480.3333333333333,4.0,8,15.0,1,0,0.3333333333333333,0.0
4109,3,0,0.0,0.0,7.666666666666667,1195.3333333333333,4.0,6,11.666666666666666,1,1,0.0,1.0
4110,3,0,0.0,0.0,9.0,1185.3333333333333,4.0,8,8.333333333333334,0,0,0.0,0.0
4111,1,0,0.0,0.0,17.0,1644.0,4.0,3,10.0,1,1,0.0,1.0
4112,5,0,0.0,0.0,9.4,491.4,4.0,16,15.0,5,5,0.0,1.0
4113,3,0,0.0,0.0,11.0,1303.6666666666667,4.0,9,5.0,2,2,0.0,1.0
4114,2,0,0.0,0.0,8.0,1373.0,4.0,6,12.5,2,2,0.0,1.0
4115,2,0,0.0,0.0,11.0,965.0,4.0,5,20.0,2,2,0.0,1.0
4116,1,0,0.0,0.0,20.0,1278.0,4.0,1,20.0,1,1,0.0,1.0
4117,3,0,0.0,0.0,7.666666666666667,1221.0,4.0,9,10.0,2,2,0.0,1.0
4118,4,1,2096.38,524.095,15.75,585.0,4.0,5,0.0,3,2,0.25,0.6666666666666666
4119,2,0,0.0,0.0,19.5,506.5,4.0,3,15.0,1,1,0.0,1.0
4120,3,0,0.0,0.0,17.666666666666668,1525.0,4.0,10,1.6666666666666667,2,2,0.0,1.0
4121,1,0,0.0,0.0,12.0,1667.0,4.0,2,15.0,1,1,0.0,1.0
4122,5,2,3769.7599999999998,753.952,13.6,982.6,3.6,19,8.0,2,0,0.4,0.0
4123,2,0,0.0,0.0,6.0,344.0,4.0,8,20.0,0,0,0.0,0.0
4124,2,1,1192.32,596.16,7.5,485.5,4.0,7,7.5,2,1,0.5,0.5
4125,1,0,0.0,0.0,11.0,927.0,4.0,3,25.0,0,0,0.0,0.0
4127,2,0,0.0,0.0,19.5,800.0,4.0,5,17.5,1,1,0.0,1.0
4128,4,0,0.0,0.0,17.25,753.75,4.0,7,6.25,3,3,0.0,1.0
4130,5,2,3697.2200000000003,739.4440000000001,9.0,630.4,3.8,9,11.0,3,1,0.4,0.3333333333333333
4131,3,1,607.71,202.57000000000002,12.666666666666666,1200.3333333333333,4.0,7,5.0,2,1,0.3333333333333333,0.5
4132,2,1,1157.08,578.54,3.5,1280.5,3.0,5,5.0,1,0,0.5,0.0
4133,4,0,0.0,0.0,8.0,887.75,4.0,8,16.25,3,3,0.0,1.0
4134,2,0,0.0,0.0,18.0,1175.0,4.0,3,0.0,2,2,0.0,1.0
4135,3,0,0.0,0.0,14.666666666666666,1386.3333333333333,4.0,9,8.333333333333334,2,2,0.0,1.0
4136,3,2,1630.75,543.5833333333334,14.333333333333334,1107.6666666666667,3.6666666666666665,6,8.333333333333334,3,1,0.6666666666666666,0.3333333333333333
4137,1,0,0.0,0.0,11.0,831.0,4.0,3,15.0,1,1,0.0,1.0
4138,3,2,2299.74,766.5799999999999,15.333333333333334,983.6666666666666,4.333333333333333,6,6.666666666666667,2,0,0.6666666666666666,0.0
4139,2,1,1271.76,635.88,13.5,1171.5,4.0,5,12.5,1,0,0.5,0.0
4140,4,1,3213.84,803.46,14.75,900.5,3.75,13,7.5,3,2,0.25,0.6666666666666666
4141,3,0,0.0,0.0,10.0,690.6666666666666,4.0,5,16.666666666666668,2,2,0.0,1.0
4143,6,1,3290.92,548.4866666666667,13.166666666666666,619.6666666666666,4.0,15,9.166666666666666,4,3,0.16666666666666666,0.75
4144,2,0,0.0,0.0,15.5,703.5,4.0,4,5.0,1,1,0.0,1.0
4145,2,1,1245.78,622.89,12.0,831.5,4.0,6,12.5,2,1,0.5,0.5
4146,5,1,6681.54,1336.308,12.4,997.2,3.8,17,5.0,3,2,0.2,0.6666666666666666
4147,2,0,0.0,0.0,14.0,611.0,4.0,8,0.0,0,0,0.0,0.0
4148,2,1,1473.2,736.6,8.0,1577.0,4.0,4,2.5,1,0,0.5,0.0
4149,4,0,0.0,0.0,14.5,1155.75,4.0,12,0.0,2,2,0.0,1.0
4150,5,1,1815.75,363.15,8.4,807.0,4.2,9,9.0,3,2,0.2,0.6666666666666666
4151,5,0,0.0,0.0,9.8,412.0,4.0,6,15.0,1,1,0.0,1.0
4152,5,2,8320.56,1664.1119999999999,16.6,1111.4,3.4,13,6.0,4,2,0.4,0.5
4153,2,1,1728.76,864.38,6.5,382.5,4.0,6,10.0,2,1,0.5,0.5
4154,3,0,0.0,0.0,9.0,988.3333333333334,4.0,8,5.0,2,2,0.0,1.0
4155,1,0,0.0,0.0,3.0,893.0,4.0,3,0.0,1,1,0.0,1.0
4156,2,0,0.0,0.0,22.0,1154.0,4.0,5,7.5,1,1,0.0,1.0
4157,3,0,0.0,0.0,8.0,1240.0,4.0,6,15.0,1,1,0.0,1.0
4158,4,1,596.49,149.1225,17.75,748.5,3.5,6,5.0,2,1,0.25,0.5
4160,2,0,0.0,0.0,11.5,534.5,4.0,5,7.5,1,1,0.0,1.0
4161,3,1,5184.08,1728.0266666666666,13.0,451.6666666666667,4.0,9,1.6666666666666667,3,2,0.3333333333333333,0.6666666666666666
4162,5,3,8425.67,1685.134,15.4,1144.4,4.2,12,10.0,4,1,0.6,0.25
4163,1,0,0.0,0.0,12.0,295.0,4.0,1,5.0,0,0,0.0,0.0
4164,2,1,542.22,271.11,15.5,422.0,3.0,4,10.0,1,0,0.5,0.0
4165,2,1,3750.87,1875.435,21.5,735.5,4.5,7,0.0,1,0,0.5,0.0
4167,3,2,868.72,289.5733333333333,20.333333333333332,1106.6666666666667,4.0,5,5.0,2,0,0.6666666666666666,0.0
4168,6,2,6306.76,1051.1266666666668,8.833333333333334,543.6666666666666,3.8333333333333335,11,2.5,6,4,0.3333333333333333,0.6666666666666666
4169,5,3,3673.29,734.658,15.2,1166.8,3.6,14,1.0,5,2,0.6,0.4
4170,3,1,2308.1,769.3666666666667,11.666666666666666,597.3333333333334,4.333333333333333,8,6.666666666666667,1,0,0.3333333333333333,0.0
4171,2,0,0.0,0.0,12.0,912.5,4.0,4,25.0,2,2,0.0,1.0
4172,1,0,0.0,0.0,7.0,1616.0,4.0,3,0.0,0,0,0.0,0.0
4173,3,0,0.0,0.0,13.333333333333334,1345.0,4.0,11,8.333333333333334,1,1,0.0,1.0
4174,5,0,0.0,0.0,14.8,963.2,4.0,14,8.0,1,1,0.0,1.0
4175,3,1,4287.3,1429.1000000000001,10.333333333333334,877.0,3.6666666666666665,10,10.0,3,2,0.3333333333333333,0.6666666666666666
4176,2,1,496.25,248.125,17.0,1123.0,4.0,6,12.5,1,0,0.5,0.0
4177,2,1,2418.4,1209.2,17.0,265.0,4.0,6,2.5,1,0,0.5,0.0
4178,5,1,1395.26,279.052,15.2,957.4,3.8,12,6.0,5,4,0.2,0.8
4179,3,2,2921.35,973.7833333333333,5.666666666666667,1314.3333333333333,4.666666666666667,6,5.0,2,0,0.6666666666666666,0.0
4180,3,1,1669.84,556.6133333333333,11.333333333333334,755.0,4.333333333333333,9,8.333333333333334,3,2,0.3333333333333333,0.6666666666666666
4182,4,0,0.0,0.0,11.5,839.75,4.0,10,0.0,2,2,0.0,1.0
4183,1,0,0.0,0.0,15.0,943.0,4.0,3,5.0,0,0,0.0,0.0
4184,1,1,1930.11,1930.11,9.0,117.0,5.0,4,20.0,1,0,1.0,0.0
4185,1,1,5984.71,5984.71,24.0,1618.0,3.0,4,10.0,1,0,1.0,0.0
4187,6,2,4956.900000000001,826.1500000000001,13.666666666666666,490.8333333333333,3.8333333333333335,15,9.166666666666666,6,4,0.3333333333333333,0.6666666666666666
4188,2,0,0.0,0.0,17.0,754.0,4.0,2,22.5,1,1,0.0,1.0
4190,3,2,2516.34,838.7800000000001,10.333333333333334,793.0,4.333333333333333,9,15.0,2,0,0.6666666666666666,0.0
4191,2,0,0.0,0.0,10.0,1465.5,4.0,4,5.0,2,2,0.0,1.0
4192,5,2,2515.1,503.02,13.0,532.2,3.6,10,12.0,3,1,0.4,0.3333333333333333
4193,6,1,2965.89,494.315,16.833333333333332,929.8333333333334,4.0,15,2.5,2,1,0.16666666666666666,0.5
4194,1,0,0.0,0.0,22.0,246.0,4.0,1,0.0,1,1,0.0,1.0
4195,3,1,1201.96,400.65333333333336,8.0,1187.3333333333333,4.333333333333333,7,13.333333333333334,2,1,0.3333333333333333,0.5
4196,6,0,0.0,0.0,15.0,1001.0,4.0,16,11.666666666666666,6,6,0.0,1.0
4197,5,0,0.0,0.0,16.0,1021.2,4.0,14,5.0,3,3,0.0,1.0
4198,1,0,0.0,0.0,12.0,512.0,4.0,1,0.0,0,0,0.0,0.0
4199,5,1,7250.68,1450.136,9.8,483.8,4.0,18,4.0,4,3,0.2,0.75
4201,1,0,0.0,0.0,5.0,346.0,4.0,1,10.0,1,1,0.0,1.0
4203,3,1,1047.03,349.01,12.333333333333334,752.0,4.333333333333333,6,11.666666666666666,1,0,0.3333333333333333,0.0
4205,2,1,926.28,463.14,12.0,166.5,3.5,5,7.5,1,0,0.5,0.0
4206,4,0,0.0,0.0,17.5,1390.75,4.0,10,3.75,2,2,0.0,1.0
4207,1,0,0.0,0.0,10.0,1778.0,4.0,2,0.0,1,1,0.0,1.0
4208,2,0,0.0,0.0,10.0,713.5,4.0,2,15.0,1,1,0.0,1.0
4209,2,1,1557.32,778.66,9.0,796.0,4.0,6,0.0,2,1,0.5,0.5
4210,3,1,462.73,154.24333333333334,17.666666666666668,833.6666666666666,4.333333333333333,8,15.0,2,1,0.3333333333333333,0.5
4211,5,1,2203.68,440.736,11.2,1040.0,3.8,16,5.0,4,3,0.2,0.75
4212,3,1,1973.96,657.9866666666667,7.666666666666667,310.6666666666667,4.0,6,0.0,1,0,0.3333333333333333,0.0
4213,2,1,688.26,344.13,12.0,544.5,3.0,6,15.0,2,1,0.5,0.5
4215,4,1,3273.55,818.3875,16.75,1366.5,3.5,11,6.25,3,2,0.25,0.6666666666666666
4217,1,0,0.0,0.0,7.0,119.0,4.0,3,0.0,1,1,0.0,1.0
4218,4,2,2586.7,646.675,9.75,943.0,3.75,9,11.25,3,1,0.5,0.3333333333333333
4219,6,1,868.6,144.76666666666668,11.666666666666666,826.0,4.166666666666667,14,7.5,3,2,0.16666666666666666,0.6666666666666666
4220,1,0,0.0,0.0,5.0,1389.0,4.0,3,20.0,0,0,0.0,0.0
4221,3,1,1375.28,458.4266666666667,15.0,282.6666666666667,4.0,6,8.333333333333334,2,1,0.3333333333333333,0.5
4222,3,0,0.0,0.0,17.666666666666668,1233.3333333333333,4.0,11,6.666666666666667,1,1,0.0,1.0
4223,4,1,302.58,75.645,11.5,792.5,4.0,13,3.75,3,2,0.25,0.6666666666666666
4225,4,0,0.0,0.0,14.75,880.0,4.0,10,5.0,1,1,0.0,1.0
4226,2,1,3746.3,1873.15,20.0,225.0,4.0,4,5.0,2,1,0.5,0.5
4227,3,1,3564.21,1188.07,15.666666666666666,1328.3333333333333,4.0,7,18.333333333333332,2,1,0.3333333333333333,0.5
4228,2,1,977.43,488.715,20.0,923.0,2.5,6,10.0,2,1,0.5,0.5
4229,1,1,1200.71,1200.71,8.0,1293.0,1.0,1,0.0,1,0,1.0,0.0
4230,3,0,0.0,0.0,11.666666666666666,1037.0,4.0,9,13.333333333333334,2,2,0.0,1.0
4231,1,0,0.0,0.0,17.0,1461.0,4.0,2,15.0,0,0,0.0,0.0
4232,5,0,0.0,0.0,11.8,418.4,4.0,18,7.0,1,1,0.0,1.0
4233,4,0,0.0,0.0,8.0,764.0,4.0,12,5.0,2,2,0.0,1.0
4234,3,1,636.91,212.3033333333333,8.666666666666666,1203.0,3.3333333333333335,5,3.3333333333333335,1,0,0.3333333333333333,0.0
4235,2,0,0.0,0.0,15.5,890.5,4.0,6,12.5,1,1,0.0,1.0
4236,3,1,3526.62,1175.54,13.333333333333334,670.6666666666666,3.3333333333333335,9,3.3333333333333335,2,1,0.3333333333333333,0.5
4237,7,1,509.78,72.82571428571428,12.142857142857142,541.8571428571429,3.5714285714285716,14,10.714285714285714,3,2,0.14285714285714285,0.6666666666666666
4238,3,3,7986.4,2662.133333333333,14.333333333333334,1133.6666666666667,4.0,7,10.0,3,0,1.0,0.0
4239,5,0,0.0,0.0,17.6,865.8,4.0,15,6.0,1,1,0.0,1.0
4240,2,1,2616.22,1308.11,13.5,666.0,4.5,6,10.0,1,0,0.5,0.0
4241,3,0,0.0,0.0,9.333333333333334,646.0,4.0,8,6.666666666666667,1,1,0.0,1.0
4242,1,1,1817.49,1817.49,20.0,1403.0,4.0,3,0.0,1,0,1.0,0.0
4243,4,2,4260.97,1065.2425,16.25,1018.25,3.75,13,13.75,4,2,0.5,0.5
4244,5,1,2282.56,456.512,15.2,1170.0,4.2,14,9.0,3,2,0.2,0.6666666666666666
4245,5,3,1619.72,323.944,11.8,1178.2,4.2,9,16.0,3,0,0.6,0.0
4246,3,1,1663.83,554.61,10.666666666666666,1229.0,4.333333333333333,6,15.0,1,0,0.3333333333333333,0.0
4247,3,1,1152.74,384.24666666666667,14.0,881.3333333333334,3.6666666666666665,8,5.0,2,1,0.3333333333333333,0.5
4248,2,0,0.0,0.0,15.0,1364.5,4.0,6,7.5,1,1,0.0,1.0
4249,2,1,1963.58,981.79,7.0,1112.5,4.5,5,2.5,2,1,0.5,0.5
4250,3,0,0.0,0.0,20.333333333333332,535.3333333333334,4.0,8,3.3333333333333335,2,2,0.0,1.0
4251,4,2,5128.53,1282.1325,16.5,1051.25,4.0,9,15.0,4,2,0.5,0.5
4252,2,1,1997.42,998.71,10.0,1657.0,4.5,6,7.5,2,1,0.5,0.5
4253,2,0,0.0,0.0,7.0,981.0,4.0,3,5.0,1,1,0.0,1.0
4254,5,4,4072.35,814.47,10.4,1206.2,4.0,14,12.0,5,1,0.8,0.2
4255,2,0,0.0,0.0,16.0,695.5,4.0,2,7.5,0,0,0.0,0.0
4256,1,0,0.0,0.0,6.0,67.0,4.0,1,25.0,0,0,0.0,0.0
4257,2,0,0.0,0.0,13.5,882.5,4.0,6,0.0,0,0,0.0,0.0
4258,3,1,2097.84,699.2800000000001,8.0,614.6666666666666,4.0,10,8.333333333333334,2,1,0.3333333333333333,0.5
4259,4,0,0.0,0.0,5.75,1036.5,4.0,11,10.0,4,4,0.0,1.0
4260,3,0,0.0,0.0,4.666666666666667,571.6666666666666,4.0,12,10.0,0,0,0.0,0.0
4261,1,0,0.0,0.0,24.0,1370.0,4.0,4,15.0,0,0,0.0,0.0
4262,4,1,2245.91,561.4775,13.25,1014.5,4.0,8,16.25,2,1,0.25,0.5
4263,5,1,1729.49,345.898,14.4,648.2,3.8,10,8.0,4,3,0.2,0.75
4264,3,0,0.0,0.0,14.666666666666666,1008.0,4.0,6,16.666666666666668,2,2,0.0,1.0
4265,1,1,6237.02,6237.02,24.0,1526.0,5.0,4,20.0,1,0,1.0,0.0
4267,1,0,0.0,0.0,5.0,1114.0,4.0,1,0.0,0,0,0.0,0.0
4268,2,1,2126.4,1063.2,12.5,512.0,3.0,5,22.5,1,0,0.5,0.0
4269,4,2,823.76,205.94,12.5,1118.25,4.5,6,3.75,3,1,0.5,0.3333333333333333
4270,3,1,2175.73,725.2433333333333,15.0,1309.6666666666667,3.3333333333333335,9,10.0,3,2,0.3333333333333333,0.6666666666666666
4271,2,0,0.0,0.0,13.0,364.5,4.0,5,10.0,0,0,0.0,0.0
4272,2,1,1733.94,866.97,2.0,851.5,3.5,7,0.0,2,1,0.5,0.5
4273,3,1,1424.13,474.71000000000004,12.0,339.3333333333333,3.6666666666666665,7,5.0,2,1,0.3333333333333333,0.5
4274,2,0,0.0,0.0,9.0,1111.5,4.0,7,7.5,1,1,0.0,1.0
4276,1,0,0.0,0.0,11.0,998.0,4.0,1,0.0,1,1,0.0,1.0
4277,3,0,0.0,0.0,12.666666666666666,1213.6666666666667,4.0,11,15.0,2,2,0.0,1.0
4278,4,1,1409.9,352.475,14.25,1029.25,3.75,7,11.25,3,2,0.25,0.6666666666666666
4279,5,0,0.0,0.0,18.4,1209.0,4.0,14,4.0,3,3,0.0,1.0
4280,3,0,0.0,0.0,10.0,660.6666666666666,4.0,6,10.0,2,2,0.0,1.0
4281,2,0,0.0,0.0,13.0,1084.5,4.0,4,17.5,1,1,0.0,1.0
4282,4,0,0.0,0.0,13.25,727.5,4.0,10,1.25,0,0,0.0,0.0
4283,6,2,4764.04,794.0066666666667,13.5,588.3333333333334,4.166666666666667,13,2.5,5,3,0.3333333333333333,0.6
4284,2,0,0.0,0.0,11.0,920.5,4.0,6,10.0,2,2,0.0,1.0
4285,2,1,1462.23,731.115,7.5,898.5,4.5,5,15.0,1,0,0.5,0.0
4286,3,0,0.0,0.0,21.333333333333332,722.6666666666666,4.0,6,8.333333333333334,2,2,0.0,1.0
4287,2,0,0.0,0.0,10.5,732.0,4.0,3,15.0,1,1,0.0,1.0
4288,2,0,0.0,0.0,14.0,879.5,4.0,5,10.0,1,1,0.0,1.0
4289,2,0,0.0,0.0,5.0,1043.5,4.0,5,20.0,2,2,0.0,1.0
4290,1,1,2518.56,2518.56,7.0,1607.0,3.0,4,5.0,1,0,1.0,0.0
4291,1,0,0.0,0.0,1.0,346.0,4.0,1,0.0,1,1,0.0,1.0
4292,3,1,650.52,216.84,12.0,993.6666666666666,3.6666666666666665,8,13.333333333333334,2,1,0.3333333333333333,0.5
4293,1,0,0.0,0.0,22.0,1081.0,4.0,2,15.0,0,0,0.0,0.0
4294,3,1,1101.18,367.06,6.0,326.0,4.0,6,11.666666666666666,2,1,0.3333333333333333,0.5
4295,4,1,2481.93,620.4825,14.25,1337.0,4.25,12,3.75,4,3,0.25,0.75
4296,3,1,4806.65,1602.2166666666665,10.0,1030.3333333333333,3.6666666666666665,10,10.0,3,2,0.3333333333333333,0.6666666666666666
4297,5,3,6885.57,1377.114,15.2,734.0,3.0,14,3.0,5,2,0.6,0.4
4298,1,0,0.0,0.0,4.0,1378.0,4.0,2,10.0,0,0,0.0,0.0
4299,3,1,1944.66,648.22,15.333333333333334,1036.0,3.6666666666666665,5,15.0,2,1,0.3333333333333333,0.5
4300,4,1,2458.92,614.73,14.75,1075.25,4.25,13,5.0,1,0,0.25,0.0
4301,3,1,700.53,233.51,14.333333333333334,508.0,3.3333333333333335,4,8.333333333333334,2,1,0.3333333333333333,0.5
4302,2,0,0.0,0.0,13.0,872.5,4.0,5,15.0,2,2,0.0,1.0
4303,2,0,0.0,0.0,6.0,1250.0,4.0,6,7.5,1,1,0.0,1.0
4304,1,1,2436.72,2436.72,1.0,823.0,5.0,3,20.0,1,0,1.0,0.0
4305,3,0,0.0,0.0,12.666666666666666,972.0,4.0,5,3.3333333333333335,1,1,0.0,1.0
4306,2,0,0.0,0.0,19.0,1028.5,4.0,8,25.0,1,1,0.0,1.0
4307,4,2,2687.38,671.845,11.25,1080.25,4.25,11,6.25,3,1,0.5,0.3333333333333333
4308,1,0,0.0,0.0,16.0,1234.0,4.0,2,0.0,1,1,0.0,1.0
4309,5,1,1238.01,247.602,12.6,690.6,4.0,13,10.0,4,3,0.2,0.75
4310,3,2,5213.93,1737.9766666666667,14.666666666666666,1199.3333333333333,2.0,8,13.333333333333334,2,0,0.6666666666666666,0.0
4311,1,1,232.62,232.62,1.0,868.0,2.0,1,10.0,1,0,1.0,0.0
4312,2,0,0.0,0.0,18.0,1289.0,4.0,5,15.0,2,2,0.0,1.0
4313,3,0,0.0,0.0,4.666666666666667,1371.6666666666667,4.0,8,0.0,3,3,0.0,1.0
4314,2,1,1841.14,920.57,15.5,434.5,3.5,6,22.5,1,0,0.5,0.0
4315,3,1,1811.52,603.84,17.333333333333332,1121.3333333333333,4.0,6,10.0,3,2,0.3333333333333333,0.6666666666666666
4316,1,0,0.0,0.0,17.0,398.0,4.0,1,0.0,1,1,0.0,1.0
4317,4,3,5285.85,1321.4625,5.75,682.5,4.0,9,5.0,4,1,0.75,0.25
4318,3,2,4225.06,1408.3533333333335,10.0,728.0,3.0,5,0.0,3,1,0.6666666666666666,0.3333333333333333
4319,3,2,1502.8600000000001,500.9533333333334,16.333333333333332,1140.6666666666667,4.0,6,1.6666666666666667,3,1,0.6666666666666666,0.3333333333333333
4320,3,0,0.0,0.0,7.666666666666667,793.3333333333334,4.0,6,1.6666666666666667,1,1,0.0,1.0
4321,1,0,0.0,0.0,13.0,750.0,4.0,1,5.0,1,1,0.0,1.0
4322,2,0,0.0,0.0,17.0,930.0,4.0,4,20.0,1,1,0.0,1.0
4323,3,2,1299.37,433.1233333333333,10.0,1311.3333333333333,3.6666666666666665,7,0.0,2,0,0.6666666666666666,0.0
4324,3,0,0.0,0.0,8.333333333333334,445.3333333333333,4.0,7,5.0,1,1,0.0,1.0
4325,3,1,2445.17,815.0566666666667,11.0,604.6666666666666,4.0,9,5.0,3,2,0.3333333333333333,0.6666666666666666
4326,1,0,0.0,0.0,18.0,753.0,4.0,4,0.0,1,1,0.0,1.0
4327,3,1,994.55,331.51666666666665,4.333333333333333,458.6666666666667,4.0,7,0.0,3,2,0.3333333333333333,0.6666666666666666
4328,1,0,0.0,0.0,4.0,231.0,4.0,4,0.0,1,1,0.0,1.0
4329,4,0,0.0,0.0,11.75,711.25,4.0,8,3.75,1,1,0.0,1.0
4330,3,3,6137.64,2045.88,11.333333333333334,742.6666666666666,2.3333333333333335,7,10.0,3,0,1.0,0.0
4331,1,0,0.0,0.0,21.0,1103.0,4.0,2,15.0,0,0,0.0,0.0
4332,5,2,2045.28,409.056,11.8,1001.6,4.0,16,7.0,3,1,0.4,0.3333333333333333
4333,3,2,731.19,243.73000000000002,13.0,825.6666666666666,4.666666666666667,5,18.333333333333332,3,1,0.6666666666666666,0.3333333333333333
4334,5,2,6667.530000000001,1333.506,16.2,957.4,4.0,13,8.0,4,2,0.4,0.5
4335,4,0,0.0,0.0,15.25,1063.0,4.0,8,3.75,2,2,0.0,1.0
4336,3,1,5997.12,1999.04,15.333333333333334,1309.0,4.0,9,5.0,3,2,0.3333333333333333,0.6666666666666666
4337,6,2,6784.42,1130.7366666666667,11.833333333333334,897.5,3.3333333333333335,19,10.833333333333334,4,2,0.3333333333333333,0.5
4338,2,2,1376.1299999999999,688.0649999999999,14.5,1394.5,3.5,3,2.5,2,0,1.0,0.0
4339,1,1,1984.44,1984.44,15.0,1278.0,4.0,3,30.0,1,0,1.0,0.0
4340,6,2,2141.76,356.96000000000004,9.0,1190.8333333333333,3.5,18,10.833333333333334,3,1,0.3333333333333333,0.3333333333333333
4341,1,1,1294.19,1294.19,10.0,1052.0,4.0,3,5.0,1,0,1.0,0.0
4342,2,1,2480.58,1240.29,20.5,1773.5,2.5,7,0.0,2,1,0.5,0.5
4343,5,0,0.0,0.0,9.2,864.8,4.0,15,5.0,3,3,0.0,1.0
4344,2,0,0.0,0.0,5.0,1089.5,4.0,5,5.0,1,1,0.0,1.0
4345,2,0,0.0,0.0,13.5,815.5,4.0,3,12.5,2,2,0.0,1.0
4347,3,0,0.0,0.0,8.666666666666666,1232.6666666666667,4.0,4,5.0,3,3,0.0,1.0
4348,3,0,0.0,0.0,10.0,1056.3333333333333,4.0,5,16.666666666666668,2,2,0.0,1.0
4349,2,1,4420.73,2210.365,16.0,415.5,2.5,6,20.0,1,0,0.5,0.0
4350,1,1,3135.84,3135.84,13.0,1698.0,3.0,2,20.0,1,0,1.0,0.0
4351,2,1,1947.43,973.715,14.0,1003.5,4.0,8,15.0,2,1,0.5,0.5
4352,3,1,2243.24,747.7466666666666,16.666666666666668,741.0,4.0,7,15.0,2,1,0.3333333333333333,0.5
4353,1,0,0.0,0.0,11.0,395.0,4.0,2,0.0,1,1,0.0,1.0
4354,3,0,0.0,0.0,16.333333333333332,535.3333333333334,4.0,6,1.6666666666666667,2,2,0.0,1.0
4355,3,1,1341.51,447.17,8.333333333333334,863.0,4.333333333333333,8,11.666666666666666,2,1,0.3333333333333333,0.5
4356,3,1,844.92,281.64,11.333333333333334,1403.0,4.0,9,20.0,2,1,0.3333333333333333,0.5
4357,1,0,0.0,0.0,24.0,211.0,4.0,2,30.0,0,0,0.0,0.0
4358,1,0,0.0,0.0,24.0,300.0,4.0,4,0.0,0,0,0.0,0.0
4359,4,1,314.25,78.5625,10.25,713.75,4.25,14,15.0,2,1,0.25,0.5
4360,4,3,7021.110000000001,1755.2775000000001,14.0,1004.5,4.5,8,10.0,4,1,0.75,0.25
4361,2,1,238.8,119.4,6.0,998.5,3.5,2,7.5,1,0,0.5,0.0
4362,2,0,0.0,0.0,8.5,1150.0,4.0,4,10.0,0,0,0.0,0.0
4363,2,1,1721.16,860.58,10.5,350.0,4.0,4,10.0,2,1,0.5,0.5
4364,4,2,7837.120000000001,1959.2800000000002,16.0,943.5,4.25,11,10.0,3,1,0.5,0.3333333333333333
4365,3,0,0.0,0.0,9.666666666666666,884.0,4.0,7,13.333333333333334,1,1,0.0,1.0
4366,4,2,881.91,220.4775,13.0,368.75,4.25,7,6.25,2,0,0.5,0.0
4367,1,0,0.0,0.0,4.0,284.0,4.0,4,15.0,1,1,0.0,1.0
4368,2,0,0.0,0.0,7.5,995.5,4.0,5,7.5,1,1,0.0,1.0
4369,2,0,0.0,0.0,16.5,1255.5,4.0,4,7.5,2,2,0.0,1.0
4370,2,0,0.0,0.0,3.0,896.5,4.0,5,10.0,1,1,0.0,1.0
4371,2,0,0.0,0.0,12.0,467.5,4.0,4,30.0,1,1,0.0,1.0
4372,2,0,0.0,0.0,14.0,441.5,4.0,2,20.0,2,2,0.0,1.0
4373,1,0,0.0,0.0,6.0,284.0,4.0,4,10.0,1,1,0.0,1.0
4374,2,1,613.03,306.515,5.0,894.5,3.5,3,7.5,2,1,0.5,0.5
4375,4,0,0.0,0.0,14.75,994.5,4.0,9,7.5,1,1,0.0,1.0
4376,2,0,0.0,0.0,3.5,902.5,4.0,7,5.0,0,0,0.0,0.0
4377,3,0,0.0,0.0,12.333333333333334,1211.6666666666667,4.0,8,15.0,2,2,0.0,1.0
4378,1,1,497.05,497.05,18.0,348.0,3.0,2,15.0,1,0,1.0,0.0
4379,3,1,4067.38,1355.7933333333333,7.333333333333333,1305.0,3.6666666666666665,7,13.333333333333334,3,2,0.3333333333333333,0.6666666666666666
4380,1,0,0.0,0.0,19.0,1568.0,4.0,4,0.0,0,0,0.0,0.0
4381,2,1,2339.8,1169.9,4.5,1267.5,4.5,3,0.0,2,1,0.5,0.5
4382,1,0,0.0,0.0,8.0,1618.0,4.0,3,0.0,0,0,0.0,0.0
4383,1,0,0.0,0.0,18.0,999.0,4.0,4,10.0,0,0,0.0,0.0
4385,1,0,0.0,0.0,24.0,585.0,4.0,1,0.0,1,1,0.0,1.0
4386,5,0,0.0,0.0,14.8,1047.2,4.0,9,9.0,4,4,0.0,1.0
4387,5,1,1003.8,200.76,14.4,948.8,4.0,10,0.0,4,3,0.2,0.75
4388,3,1,1246.36,415.4533333333333,14.333333333333334,1514.0,3.6666666666666665,7,10.0,3,2,0.3333333333333333,0.6666666666666666
4389,3,0,0.0,0.0,14.0,598.0,4.0,7,8.333333333333334,1,1,0.0,1.0
4390,5,2,1222.6399999999999,244.52799999999996,14.4,799.6,3.6,13,10.0,3,1,0.4,0.3333333333333333
4391,3,2,3928.09,1309.3633333333335,14.0,669.0,3.6666666666666665,4,6.666666666666667,2,0,0.6666666666666666,0.0
4392,6,3,2719.58,453.2633333333333,5.666666666666667,813.3333333333334,4.5,10,8.333333333333334,6,3,0.5,0.5
4393,3,0,0.0,0.0,18.666666666666668,932.0,4.0,7,11.666666666666666,1,1,0.0,1.0
4394,7,1,980.67,140.09571428571428,15.714285714285714,955.7142857142857,4.0,19,9.285714285714286,5,4,0.14285714285714285,0.8
4395,4,0,0.0,0.0,14.75,729.5,4.0,15,5.0,2,2,0.0,1.0
4396,3,1,2756.07,918.69,12.666666666666666,759.3333333333334,4.0,10,6.666666666666667,2,1,0.3333333333333333,0.5
4398,1,0,0.0,0.0,2.0,1650.0,4.0,4,10.0,1,1,0.0,1.0
4399,3,2,2117.3,705.7666666666668,14.333333333333334,1100.0,4.333333333333333,7,16.666666666666668,3,1,0.6666666666666666,0.3333333333333333
4400,1,0,0.0,0.0,16.0,1109.0,4.0,4,20.0,0,0,0.0,0.0
4401,3,0,0.0,0.0,11.666666666666666,602.3333333333334,4.0,8,5.0,2,2,0.0,1.0
4403,2,0,0.0,0.0,12.5,859.0,4.0,7,10.0,1,1,0.0,1.0
4404,6,0,0.0,0.0,10.5,693.1666666666666,4.0,19,11.666666666666666,2,2,0.0,1.0
4405,5,2,4808.39,961.6780000000001,17.8,863.6,4.0,15,14.0,4,2,0.4,0.5
4406,2,1,3534.66,1767.33,17.5,630.5,4.0,4,17.5,1,0,0.5,0.0
4407,2,0,0.0,0.0,10.0,914.0,4.0,6,10.0,2,2,0.0,1.0
4409,4,1,6970.42,1742.605,13.75,1289.5,3.5,13,1.25,1,0,0.25,0.0
4410,4,2,2222.85,555.7125,12.25,728.25,4.25,7,11.25,4,2,0.5,0.5
4411,5,2,1267.95,253.59,12.2,1045.6,4.0,12,11.0,4,2,0.4,0.5
4412,2,1,2063.49,1031.745,8.5,1191.0,3.5,4,0.0,1,0,0.5,0.0
4413,1,1,4710.4,4710.4,11.0,1000.0,5.0,4,5.0,1,0,1.0,0.0
4414,5,0,0.0,0.0,14.8,927.0,4.0,14,2.0,3,3,0.0,1.0
4415,2,0,0.0,0.0,14.0,1239.0,4.0,6,2.5,1,1,0.0,1.0
4417,4,0,0.0,0.0,13.0,336.0,4.0,10,3.75,3,3,0.0,1.0
4418,1,0,0.0,0.0,10.0,578.0,4.0,1,30.0,0,0,0.0,0.0
4419,5,1,1521.7,304.34000000000003,18.0,683.4,4.0,11,8.0,4,3,0.2,0.75
4420,5,0,0.0,0.0,11.4,1321.0,4.0,13,13.0,2,2,0.0,1.0
4421,3,0,0.0,0.0,16.0,821.3333333333334,4.0,10,16.666666666666668,2,2,0.0,1.0
4422,1,0,0.0,0.0,20.0,811.0,4.0,4,5.0,1,1,0.0,1.0
4423,2,0,0.0,0.0,12.0,824.5,4.0,3,7.5,1,1,0.0,1.0
4425,3,0,0.0,0.0,17.0,1063.6666666666667,4.0,6,15.0,2,2,0.0,1.0
4426,6,2,1065.17,177.52833333333334,10.333333333333334,670.3333333333334,4.0,15,6.666666666666667,5,3,0.3333333333333333,0.6
4427,2,1,334.12,167.06,15.0,1002.5,4.0,4,10.0,2,1,0.5,0.5
4428,4,0,0.0,0.0,12.5,1329.5,4.0,15,6.25,1,1,0.0,1.0
4430,1,1,1693.71,1693.71,17.0,132.0,5.0,3,0.0,1,0,1.0,0.0
4431,4,3,3672.6099999999997,918.1524999999999,10.0,651.25,4.5,8,7.5,4,1,0.75,0.25
4432,2,1,1791.32,895.66,19.0,916.5,4.0,6,15.0,1,0,0.5,0.0
4433,5,3,5489.330000000001,1097.8660000000002,11.4,1103.0,3.8,10,10.0,3,0,0.6,0.0
4434,2,1,1345.54,672.77,3.0,536.5,4.5,3,12.5,2,1,0.5,0.5
4435,3,0,0.0,0.0,10.666666666666666,774.6666666666666,4.0,6,3.3333333333333335,2,2,0.0,1.0
4436,3,0,0.0,0.0,15.666666666666666,1120.6666666666667,4.0,7,16.666666666666668,2,2,0.0,1.0
4437,2,0,0.0,0.0,18.5,1110.5,4.0,6,5.0,0,0,0.0,0.0
4438,1,1,2820.69,2820.69,6.0,1763.0,3.0,3,10.0,1,0,1.0,0.0
4439,1,0,0.0,0.0,17.0,954.0,4.0,3,20.0,0,0,0.0,0.0
4440,1,0,0.0,0.0,9.0,1286.0,4.0,2,15.0,0,0,0.0,0.0
4441,3,0,0.0,0.0,9.0,571.3333333333334,4.0,11,11.666666666666666,3,3,0.0,1.0
4442,3,2,652.86,217.62,21.666666666666668,743.3333333333334,3.6666666666666665,7,3.3333333333333335,2,0,0.6666666666666666,0.0
4443,4,4,6934.299999999999,1733.5749999999998,20.75,989.25,3.0,9,6.25,4,0,1.0,0.0
4444,5,2,6973.95,1394.79,12.0,1278.6,3.8,15,10.0,5,3,0.4,0.6
4445,2,0,0.0,0.0,11.5,374.0,4.0,5,0.0,2,2,0.0,1.0
4446,2,0,0.0,0.0,14.0,771.0,4.0,6,12.5,2,2,0.0,1.0
4447,2,0,0.0,0.0,20.0,1103.5,4.0,6,17.5,1,1,0.0,1.0
4448,1,0,0.0,0.0,13.0,732.0,4.0,3,15.0,1,1,0.0,1.0
4449,5,0,0.0,0.0,14.2,792.0,4.0,10,6.0,2,2,0.0,1.0
4450,5,0,0.0,0.0,17.2,1081.4,4.0,13,7.0,2,2,0.0,1.0
4451,2,0,0.0,0.0,13.5,801.5,4.0,5,0.0,1,1,0.0,1.0
4452,3,0,0.0,0.0,16.666666666666668,940.0,4.0,6,6.666666666666667,1,1,0.0,1.0
4453,1,0,0.0,0.0,8.0,1729.0,4.0,2,5.0,0,0,0.0,0.0
4454,4,1,480.07,120.0175,7.0,795.75,4.25,6,10.0,2,1,0.25,0.5
4455,3,0,0.0,0.0,6.0,685.3333333333334,4.0,6,20.0,2,2,0.0,1.0
4456,1,0,0.0,0.0,1.0,995.0,4.0,1,0.0,1,1,0.0,1.0
4457,4,0,0.0,0.0,11.5,1101.5,4.0,8,11.25,2,2,0.0,1.0
4458,2,0,0.0,0.0,14.0,237.0,4.0,4,5.0,2,2,0.0,1.0
4459,2,2,6336.02,3168.01,18.0,701.5,4.0,6,7.5,2,0,1.0,0.0
4460,4,0,0.0,0.0,12.25,805.5,4.0,12,11.25,3,3,0.0,1.0
4461,3,0,0.0,0.0,10.0,879.6666666666666,4.0,7,13.333333333333334,0,0,0.0,0.0
4462,2,0,0.0,0.0,6.5,261.5,4.0,4,12.5,2,2,0.0,1.0
4463,4,0,0.0,0.0,9.0,753.75,4.0,9,7.5,3,3,0.0,1.0
4464,2,1,2895.1,1447.55,14.5,1720.0,3.5,6,7.5,2,1,0.5,0.5
4465,3,0,0.0,0.0,14.666666666666666,1516.3333333333333,4.0,9,6.666666666666667,1,1,0.0,1.0
4466,3,1,770.69,256.8966666666667,16.666666666666668,1270.3333333333333,4.333333333333333,9,13.333333333333334,2,1,0.3333333333333333,0.5
4467,1,0,0.0,0.0,16.0,533.0,4.0,1,0.0,0,0,0.0,0.0
4468,1,0,0.0,0.0,3.0,1444.0,4.0,3,10.0,0,0,0.0,0.0
4469,2,1,1458.63,729.315,12.0,1538.0,4.5,3,7.5,2,1,0.5,0.5
4471,2,0,0.0,0.0,10.0,787.5,4.0,3,7.5,0,0,0.0,0.0
4472,4,1,3625.96,906.49,10.25,1015.75,3.75,11,13.75,3,2,0.25,0.6666666666666666
4473,2,1,4621.36,2310.68,16.0,303.0,4.0,8,0.0,2,1,0.5,0.5
4474,1,1,599.22,599.22,13.0,692.0,5.0,2,0.0,1,0,1.0,0.0
4475,1,0,0.0,0.0,12.0,520.0,4.0,2,20.0,1,1,0.0,1.0
4476,3,2,1663.8899999999999,554.63,12.666666666666666,731.0,4.0,6,0.0,2,0,0.6666666666666666,0.0
4477,2,1,774.38,387.19,12.5,1176.5,3.0,4,20.0,2,1,0.5,0.5
4478,4,1,2363.85,590.9625,11.0,1219.75,4.25,9,12.5,2,1,0.25,0.5
4479,3,2,8329.7,2776.566666666667,8.0,699.6666666666666,3.0,10,1.6666666666666667,2,0,0.6666666666666666,0.0
4481,4,0,0.0,0.0,16.75,941.5,4.0,11,6.25,4,4,0.0,1.0
4482,4,0,0.0,0.0,10.5,1110.5,4.0,10,2.5,2,2,0.0,1.0
4483,2,0,0.0,0.0,6.5,721.0,4.0,4,17.5,2,2,0.0,1.0
4485,2,0,0.0,0.0,8.5,695.0,4.0,4,15.0,2,2,0.0,1.0
4486,6,1,664.62,110.77,14.5,815.8333333333334,4.166666666666667,18,11.666666666666666,4,3,0.16666666666666666,0.75
4487,4,1,521.72,130.43,11.75,496.0,4.0,9,11.25,2,1,0.25,0.5
4488,2,0,0.0,0.0,17.5,1064.0,4.0,4,10.0,2,2,0.0,1.0
4489,1,0,0.0,0.0,10.0,141.0,4.0,3,5.0,0,0,0.0,0.0
4490,4,0,0.0,0.0,6.25,1242.0,4.0,12,6.25,4,4,0.0,1.0
4492,5,2,2056.4300000000003,411.28600000000006,12.0,750.2,4.0,11,17.0,4,2,0.4,0.5
4493,4,1,596.07,149.0175,11.5,963.5,4.0,9,6.25,3,2,0.25,0.6666666666666666
4494,1,0,0.0,0.0,1.0,1135.0,4.0,1,15.0,0,0,0.0,0.0
4495,1,1,3321.72,3321.72,22.0,225.0,3.0,4,0.0,1,0,1.0,0.0
4496,4,1,739.44,184.86,13.75,1251.75,4.25,13,3.75,2,1,0.25,0.5
4497,5,0,0.0,0.0,12.6,1014.2,4.0,10,7.0,3,3,0.0,1.0
4499,2,0,0.0,0.0,10.0,190.5,4.0,3,7.5,1,1,0.0,1.0
4500,2,0,0.0,0.0,17.0,637.5,4.0,5,2.5,2,2,0.0,1.0
4501,6,0,0.0,0.0,14.166666666666666,1249.8333333333333,4.0,13,14.166666666666666,4,4,0.0,1.0
4502,1,1,714.18,714.18,14.0,996.0,4.0,2,0.0,1,0,1.0,0.0
4503,4,0,0.0,0.0,11.25,860.0,4.0,8,6.25,2,2,0.0,1.0
4504,2,1,173.14,86.57,8.0,615.5,4.5,3,7.5,1,0,0.5,0.0
4505,2,0,0.0,0.0,16.5,1082.0,4.0,5,7.5,2,2,0.0,1.0
4506,2,0,0.0,0.0,8.0,493.0,4.0,5,15.0,2,2,0.0,1.0
4507,5,1,2014.81,402.962,16.2,604.0,3.8,14,5.0,3,2,0.2,0.6666666666666666
4508,4,0,0.0,0.0,7.25,797.0,4.0,13,13.75,3,3,0.0,1.0
4509,2,1,2263.75,1131.875,19.5,623.0,4.0,6,10.0,2,1,0.5,0.5
4510,2,1,1570.05,785.025,22.0,1088.5,3.0,7,0.0,2,1,0.5,0.5
4511,4,0,0.0,0.0,12.75,714.5,4.0,9,11.25,1,1,0.0,1.0
4512,4,1,4512.32,1128.08,15.25,913.25,4.0,9,3.75,3,2,0.25,0.6666666666666666
4513,3,0,0.0,0.0,14.333333333333334,661.0,4.0,9,3.3333333333333335,1,1,0.0,1.0
4514,2,2,3893.09,1946.545,10.5,1435.5,5.0,6,7.5,2,0,1.0,0.0
4515,1,0,0.0,0.0,15.0,835.0,4.0,4,0.0,1,1,0.0,1.0
4516,1,0,0.0,0.0,10.0,546.0,4.0,3,15.0,1,1,0.0,1.0
4517,2,2,2295.0299999999997,1147.5149999999999,6.0,525.0,4.0,3,10.0,2,0,1.0,0.0
4518,5,1,1527.33,305.466,8.4,797.2,4.0,10,6.0,5,4,0.2,0.8
4519,2,0,0.0,0.0,11.0,608.0,4.0,4,5.0,1,1,0.0,1.0
4521,4,0,0.0,0.0,13.25,945.5,4.0,6,20.0,1,1,0.0,1.0
4522,2,1,4767.7,2383.85,12.0,1206.5,3.5,8,5.0,2,1,0.5,0.5
4523,5,1,5779.32,1155.864,13.2,1432.2,4.2,14,9.0,3,2,0.2,0.6666666666666666
4525,1,0,0.0,0.0,4.0,739.0,4.0,1,0.0,1,1,0.0,1.0
4526,5,0,0.0,0.0,8.0,747.4,4.0,10,10.0,3,3,0.0,1.0
4527,7,1,1290.7,184.3857142857143,9.714285714285714,652.8571428571429,3.857142857142857,16,8.571428571428571,4,3,0.14285714285714285,0.75
4528,3,0,0.0,0.0,14.333333333333334,1182.3333333333333,4.0,5,10.0,2,2,0.0,1.0
4529,3,2,6720.13,2240.0433333333335,16.666666666666668,1192.0,4.0,10,5.0,3,1,0.6666666666666666,0.3333333333333333
4530,5,0,0.0,0.0,7.6,1134.2,4.0,15,10.0,3,3,0.0,1.0
4531,5,0,0.0,0.0,15.6,1077.4,4.0,17,9.0,3,3,0.0,1.0
4532,3,1,931.34,310.44666666666666,13.666666666666666,705.6666666666666,3.6666666666666665,8,6.666666666666667,2,1,0.3333333333333333,0.5
4533,2,0,0.0,0.0,12.5,1352.5,4.0,5,5.0,2,2,0.0,1.0
4534,4,0,0.0,0.0,16.0,986.25,4.0,9,11.25,2,2,0.0,1.0
4535,5,0,0.0,0.0,9.8,958.2,4.0,9,10.0,4,4,0.0,1.0
4536,2,0,0.0,0.0,15.5,1138.5,4.0,5,7.5,1,1,0.0,1.0
4537,2,0,0.0,0.0,9.0,646.0,4.0,6,7.5,2,2,0.0,1.0
4538,3,1,863.99,287.99666666666667,14.0,1137.6666666666667,3.0,6,8.333333333333334,3,2,0.3333333333333333,0.6666666666666666
4539,6,1,961.02,160.17,13.666666666666666,1018.5,3.8333333333333335,19,12.5,3,2,0.16666666666666666,0.6666666666666666
4540,2,0,0.0,0.0,10.5,1666.0,4.0,5,25.0,1,1,0.0,1.0
4541,4,0,0.0,0.0,16.25,1027.25,4.0,13,13.75,1,1,0.0,1.0
4542,3,3,2648.98,882.9933333333333,11.666666666666666,659.6666666666666,3.6666666666666665,7,20.0,3,0,1.0,0.0
4543,2,1,800.04,400.02,15.5,700.0,3.0,4,15.0,1,0,0.5,0.0
4544,3,1,2742.6,914.1999999999999,10.333333333333334,845.6666666666666,4.333333333333333,7,8.333333333333334,2,1,0.3333333333333333,0.5
4545,1,0,0.0,0.0,4.0,209.0,4.0,4,25.0,1,1,0.0,1.0
4546,9,3,5091.650000000001,565.7388888888889,12.444444444444445,795.4444444444445,3.5555555555555554,21,8.333333333333334,7,4,0.3333333333333333,0.5714285714285714
4547,2,0,0.0,0.0,19.0,1379.0,4.0,5,10.0,0,0,0.0,0.0
4548,3,1,1570.77,523.59,11.666666666666666,1120.0,4.0,9,10.0,2,1,0.3333333333333333,0.5
4549,2,0,0.0,0.0,12.5,1209.5,4.0,4,0.0,1,1,0.0,1.0
4550,1,0,0.0,0.0,1.0,433.0,4.0,3,0.0,1,1,0.0,1.0
4551,4,0,0.0,0.0,18.0,1316.0,4.0,15,13.75,3,3,0.0,1.0
4552,1,0,0.0,0.0,17.0,53.0,4.0,2,0.0,1,1,0.0,1.0
4553,1,0,0.0,0.0,17.0,1538.0,4.0,4,15.0,1,1,0.0,1.0
4554,4,2,3604.8500000000004,901.2125000000001,19.0,891.5,3.75,12,7.5,4,2,0.5,0.5
4555,4,1,4871.5,1217.875,17.0,684.25,3.25,14,6.25,3,2,0.25,0.6666666666666666
4556,4,0,0.0,0.0,14.25,981.25,4.0,12,6.25,3,3,0.0,1.0
4557,3,0,0.0,0.0,16.666666666666668,1608.3333333333333,4.0,7,1.6666666666666667,2,2,0.0,1.0
4558,1,0,0.0,0.0,18.0,1478.0,4.0,3,10.0,0,0,0.0,0.0
4560,2,0,0.0,0.0,11.5,1347.5,4.0,5,15.0,1,1,0.0,1.0
4561,2,1,2660.36,1330.18,13.5,880.5,4.5,5,10.0,1,0,0.5,0.0
4562,4,0,0.0,0.0,14.25,875.75,4.0,11,13.75,2,2,0.0,1.0
4563,4,1,639.9,159.975,13.0,812.75,4.0,6,15.0,4,3,0.25,0.75
4564,5,3,4397.78,879.5559999999999,11.0,1109.0,4.4,13,9.0,4,1,0.6,0.25
4565,1,0,0.0,0.0,10.0,319.0,4.0,1,10.0,1,1,0.0,1.0
4566,2,0,0.0,0.0,14.0,308.5,4.0,8,10.0,1,1,0.0,1.0
4567,4,0,0.0,0.0,10.75,1241.25,4.0,5,21.25,3,3,0.0,1.0
4568,3,0,0.0,0.0,21.0,1458.6666666666667,4.0,6,8.333333333333334,2,2,0.0,1.0
4569,5,1,2062.38,412.476,7.2,965.4,4.0,13,5.0,2,1,0.2,0.5
4571,3,2,3554.92,1184.9733333333334,17.0,518.3333333333334,4.333333333333333,8,3.3333333333333335,3,1,0.6666666666666666,0.3333333333333333
4572,3,2,2226.78,742.2600000000001,5.666666666666667,688.6666666666666,4.0,5,6.666666666666667,3,1,0.6666666666666666,0.3333333333333333
4573,5,0,0.0,0.0,13.0,812.6,4.0,12,7.0,4,4,0.0,1.0
4574,2,0,0.0,0.0,7.5,700.0,4.0,2,15.0,2,2,0.0,1.0
4575,3,1,6218.53,2072.8433333333332,10.666666666666666,731.0,4.333333333333333,10,15.0,1,0,0.3333333333333333,0.0
4576,3,0,0.0,0.0,6.666666666666667,1071.3333333333333,4.0,8,1.6666666666666667,1,1,0.0,1.0
4577,5,2,2289.94,457.988,12.2,945.2,3.6,12,8.0,3,1,0.4,0.3333333333333333
4578,2,0,0.0,0.0,16.0,1621.0,4.0,2,2.5,1,1,0.0,1.0
4579,6,1,1203.75,200.625,12.666666666666666,862.1666666666666,4.166666666666667,14,11.666666666666666,4,3,0.16666666666666666,0.75
4580,2,0,0.0,0.0,15.5,652.5,4.0,6,5.0,0,0,0.0,0.0
4581,2,1,3190.78,1595.39,9.0,793.0,4.0,3,0.0,2,1,0.5,0.5
4582,2,1,381.47,190.735,18.0,645.0,4.0,5,5.0,1,0,0.5,0.0
4584,4,1,1095.97,273.9925,15.5,1410.5,3.5,9,6.25,1,0,0.25,0.0
4585,4,0,0.0,0.0,12.5,317.25,4.0,10,7.5,4,4,0.0,1.0
4586,3,0,0.0,0.0,10.0,575.6666666666666,4.0,6,8.333333333333334,2,2,0.0,1.0
4587,4,1,3850.44,962.61,10.5,767.75,4.25,8,16.25,3,2,0.25,0.6666666666666666
4588,1,0,0.0,0.0,5.0,1106.0,4.0,3,10.0,0,0,0.0,0.0
4589,2,1,383.64,191.82,6.0,1003.5,4.0,3,5.0,1,0,0.5,0.0
4590,3,1,6133.61,2044.5366666666666,15.0,1093.0,4.333333333333333,9,8.333333333333334,1,0,0.3333333333333333,0.0
4591,2,1,611.71,305.855,11.0,614.0,4.5,2,7.5,2,1,0.5,0.5
4592,3,0,0.0,0.0,13.333333333333334,225.33333333333334,4.0,8,5.0,0,0,0.0,0.0
4593,1,0,0.0,0.0,23.0,1303.0,4.0,3,0.0,1,1,0.0,1.0
4594,1,0,0.0,0.0,23.0,1336.0,4.0,2,10.0,1,1,0.0,1.0
4595,2,2,4245.41,2122.705,4.0,1006.0,4.5,5,2.5,2,0,1.0,0.0
4596,2,2,6535.43,3267.715,22.0,815.0,3.5,7,25.0,2,0,1.0,0.0
4597,2,1,3567.6,1783.8,10.0,1696.5,4.5,8,7.5,2,1,0.5,0.5
4598,3,1,1289.91,429.97,9.0,806.6666666666666,3.0,9,1.6666666666666667,2,1,0.3333333333333333,0.5
4599,3,1,184.9,61.63333333333333,8.0,396.0,3.3333333333333335,9,1.6666666666666667,2,1,0.3333333333333333,0.5
4600,4,1,259.79,64.9475,16.25,660.0,4.0,10,8.75,3,2,0.25,0.6666666666666666
4601,3,0,0.0,0.0,7.333333333333333,723.6666666666666,4.0,10,0.0,3,3,0.0,1.0
4602,3,0,0.0,0.0,14.666666666666666,441.6666666666667,4.0,6,18.333333333333332,0,0,0.0,0.0
4603,3,0,0.0,0.0,11.333333333333334,1138.0,4.0,6,6.666666666666667,2,2,0.0,1.0
4604,1,1,305.32,305.32,16.0,1505.0,5.0,1,10.0,1,0,1.0,0.0
4605,2,1,873.84,436.92,7.0,903.0,4.5,4,10.0,2,1,0.5,0.5
4606,5,0,0.0,0.0,8.2,1109.8,4.0,13,8.0,3,3,0.0,1.0
4607,1,0,0.0,0.0,8.0,148.0,4.0,1,20.0,1,1,0.0,1.0
4608,2,1,5934.75,2967.375,12.5,1397.5,2.5,7,7.5,1,0,0.5,0.0
4609,4,1,1378.16,344.54,7.5,685.0,3.5,9,1.25,2,1,0.25,0.5
4610,1,1,260.97,260.97,20.0,1323.0,5.0,1,20.0,1,0,1.0,0.0
4611,3,1,3040.3,1013.4333333333334,10.333333333333334,950.0,3.0,6,1.6666666666666667,2,1,0.3333333333333333,0.5
4612,2,0,0.0,0.0,22.0,823.0,4.0,5,2.5,2,2,0.0,1.0
4613,2,0,0.0,0.0,18.5,381.0,4.0,4,7.5,0,0,0.0,0.0
4614,6,1,2116.93,352.82166666666666,13.666666666666666,1241.6666666666667,4.0,14,11.666666666666666,5,4,0.16666666666666666,0.8
4615,2,0,0.0,0.0,17.0,889.5,4.0,6,12.5,2,2,0.0,1.0
4617,2,0,0.0,0.0,19.0,709.5,4.0,2,15.0,1,1,0.0,1.0
4618,4,1,2309.25,577.3125,9.75,1348.5,4.0,8,10.0,4,3,0.25,0.75
4619,4,1,2335.77,583.9425,13.0,1527.0,4.0,7,8.75,2,1,0.25,0.5
4620,2,0,0.0,0.0,10.0,248.5,4.0,6,7.5,0,0,0.0,0.0
4621,2,1,2842.54,1421.27,13.5,613.0,3.0,5,17.5,2,1,0.5,0.5
4622,3,2,4269.92,1423.3066666666666,13.0,917.3333333333334,4.333333333333333,8,5.0,3,1,0.6666666666666666,0.3333333333333333
4623,4,1,1094.55,273.6375,18.25,648.5,4.0,10,8.75,3,2,0.25,0.6666666666666666
4624,3,1,2266.72,755.5733333333333,8.0,946.3333333333334,4.0,12,0.0,3,2,0.3333333333333333,0.6666666666666666
4625,8,3,5667.76,708.47,8.125,1386.0,3.625,19,5.625,5,2,0.375,0.4
4626,5,0,0.0,0.0,10.6,959.0,4.0,9,11.0,3,3,0.0,1.0
4627,4,0,0.0,0.0,14.0,426.0,4.0,9,16.25,1,1,0.0,1.0
4628,2,0,0.0,0.0,15.5,1355.5,4.0,5,15.0,1,1,0.0,1.0
4629,5,1,615.47,123.09400000000001,10.4,1011.4,3.8,14,6.0,2,1,0.2,0.5
4630,1,0,0.0,0.0,5.0,405.0,4.0,2,0.0,0,0,0.0,0.0
4631,7,4,7725.790000000001,1103.6842857142858,15.571428571428571,879.8571428571429,3.857142857142857,16,6.428571428571429,6,2,0.5714285714285714,0.3333333333333333
4632,4,1,4713.37,1178.3425,15.5,703.75,4.25,9,8.75,2,1,0.25,0.5
4633,1,1,1445.38,1445.38,11.0,203.0,4.0,2,0.0,1,0,1.0,0.0
4634,3,1,2452.52,817.5066666666667,15.666666666666666,976.0,4.0,10,5.0,2,1,0.3333333333333333,0.5
4635,3,1,6233.48,2077.8266666666664,17.0,1181.6666666666667,3.3333333333333335,11,1.6666666666666667,1,0,0.3333333333333333,0.0
4636,4,1,739.65,184.9125,13.5,555.0,4.25,6,10.0,1,0,0.25,0.0
4637,2,0,0.0,0.0,8.5,627.5,4.0,6,0.0,2,2,0.0,1.0
4638,5,2,1778.41,355.682,12.2,1278.8,4.4,12,16.0,3,1,0.4,0.3333333333333333
4639,2,1,975.59,487.795,7.0,1102.0,3.0,5,10.0,1,0,0.5,0.0
4640,3,0,0.0,0.0,18.0,1518.0,4.0,10,10.0,3,3,0.0,1.0
4641,3,0,0.0,0.0,15.333333333333334,965.0,4.0,7,5.0,1,1,0.0,1.0
4642,3,1,1548.43,516.1433333333333,15.666666666666666,662.0,4.0,9,23.333333333333332,2,1,0.3333333333333333,0.5
4643,3,1,483.06,161.02,12.0,642.6666666666666,4.0,6,10.0,2,1,0.3333333333333333,0.5
4644,2,0,0.0,0.0,8.0,1357.0,4.0,3,0.0,2,2,0.0,1.0
4645,3,0,0.0,0.0,11.666666666666666,675.6666666666666,4.0,9,10.0,1,1,0.0,1.0
4646,2,0,0.0,0.0,7.0,1147.0,4.0,3,7.5,1,1,0.0,1.0
4647,2,1,595.87,297.935,6.0,1107.5,3.0,8,10.0,1,0,0.5,0.0
4648,1,1,2733.66,2733.66,15.0,876.0,4.0,3,0.0,1,0,1.0,0.0
4649,2,2,1861.74,930.87,11.5,678.5,4.5,5,17.5,2,0,1.0,0.0
4650,1,0,0.0,0.0,22.0,251.0,4.0,3,15.0,0,0,0.0,0.0
4651,3,0,0.0,0.0,9.666666666666666,1316.6666666666667,4.0,8,8.333333333333334,2,2,0.0,1.0
4653,4,1,387.64,96.91,12.0,715.75,4.0,6,6.25,4,3,0.25,0.75
4654,3,1,921.82,307.27333333333337,8.333333333333334,497.6666666666667,3.6666666666666665,5,15.0,3,2,0.3333333333333333,0.6666666666666666
4655,1,0,0.0,0.0,7.0,1408.0,4.0,3,5.0,0,0,0.0,0.0
4656,1,0,0.0,0.0,5.0,1363.0,4.0,2,0.0,0,0,0.0,0.0
4657,1,1,3754.47,3754.47,11.0,189.0,4.0,3,0.0,1,0,1.0,0.0
4658,2,0,0.0,0.0,7.5,401.0,4.0,3,7.5,1,1,0.0,1.0
4659,1,0,0.0,0.0,11.0,1196.0,4.0,1,15.0,1,1,0.0,1.0
4660,4,1,1366.91,341.7275,14.5,1417.5,3.5,9,13.75,1,0,0.25,0.0
4661,3,0,0.0,0.0,9.0,1113.0,4.0,4,15.0,2,2,0.0,1.0
4663,3,0,0.0,0.0,12.0,1298.6666666666667,4.0,10,5.0,3,3,0.0,1.0
4664,2,0,0.0,0.0,13.0,687.5,4.0,3,5.0,1,1,0.0,1.0
4665,4,1,2427.4,606.85,12.0,800.5,3.75,10,6.25,2,1,0.25,0.5
4666,3,0,0.0,0.0,10.666666666666666,1276.6666666666667,4.0,8,6.666666666666667,1,1,0.0,1.0
4667,2,0,0.0,0.0,10.0,1073.0,4.0,7,10.0,1,1,0.0,1.0
4668,2,0,0.0,0.0,17.0,574.5,4.0,5,25.0,0,0,0.0,0.0
4669,4,0,0.0,0.0,17.5,1384.25,4.0,12,8.75,2,2,0.0,1.0
4670,2,1,866.48,433.24,19.0,1083.0,4.0,5,2.5,1,0,0.5,0.0
4671,2,0,0.0,0.0,13.0,270.0,4.0,4,7.5,1,1,0.0,1.0
4672,1,0,0.0,0.0,8.0,1652.0,4.0,2,5.0,1,1,0.0,1.0
4673,1,0,0.0,0.0,2.0,31.0,4.0,2,0.0,1,1,0.0,1.0
4674,4,2,898.15,224.5375,9.25,1214.75,4.0,12,16.25,2,0,0.5,0.0
4675,2,0,0.0,0.0,11.5,1073.0,4.0,5,7.5,0,0,0.0,0.0
4676,3,1,745.51,248.50333333333333,8.666666666666666,1186.3333333333333,4.0,8,10.0,1,0,0.3333333333333333,0.0
4677,2,1,4654.66,2327.33,13.0,614.0,3.0,5,5.0,1,0,0.5,0.0
4678,2,0,0.0,0.0,15.0,70.0,4.0,5,5.0,1,1,0.0,1.0
4679,4,0,0.0,0.0,13.0,497.25,4.0,11,16.25,3,3,0.0,1.0
4680,4,1,205.97,51.4925,13.25,350.5,4.25,7,12.5,2,1,0.25,0.5
4681,3,0,0.0,0.0,9.0,1204.6666666666667,4.0,7,5.0,3,3,0.0,1.0
4682,1,0,0.0,0.0,21.0,751.0,4.0,3,10.0,0,0,0.0,0.0
4683,1,0,0.0,0.0,23.0,899.0,4.0,3,15.0,1,1,0.0,1.0
4684,2,0,0.0,0.0,5.5,160.5,4.0,3,7.5,0,0,0.0,0.0
4685,2,0,0.0,0.0,9.5,1594.0,4.0,3,0.0,1,1,0.0,1.0
4686,2,0,0.0,0.0,15.5,1385.0,4.0,6,0.0,0,0,0.0,0.0
4687,1,1,914.64,914.64,11.0,1242.0,3.0,3,0.0,1,0,1.0,0.0
4688,3,2,8653.130000000001,2884.376666666667,13.333333333333334,1053.0,4.0,9,6.666666666666667,2,0,0.6666666666666666,0.0
4689,4,0,0.0,0.0,13.0,823.5,4.0,10,2.5,1,1,0.0,1.0
4690,6,0,0.0,0.0,16.0,841.0,4.0,13,13.333333333333334,4,4,0.0,1.0
4691,1,0,0.0,0.0,23.0,245.0,4.0,1,20.0,0,0,0.0,0.0
4692,2,2,4754.51,2377.255,6.5,740.0,2.0,5,12.5,2,0,1.0,0.0
4693,2,1,164.45,82.225,9.5,1131.5,4.5,4,10.0,2,1,0.5,0.5
4694,1,1,276.81,276.81,14.0,651.0,3.0,1,0.0,1,0,1.0,0.0
4695,3,0,0.0,0.0,10.0,1128.6666666666667,4.0,4,5.0,2,2,0.0,1.0
4696,2,0,0.0,0.0,10.5,488.0,4.0,5,7.5,1,1,0.0,1.0
4697,2,0,0.0,0.0,12.5,977.5,4.0,6,5.0,2,2,0.0,1.0
4698,4,0,0.0,0.0,11.5,808.75,4.0,10,8.75,3,3,0.0,1.0
4699,2,0,0.0,0.0,4.5,478.0,4.0,6,7.5,0,0,0.0,0.0
4700,2,0,0.0,0.0,5.0,444.0,4.0,4,5.0,1,1,0.0,1.0
4701,2,0,0.0,0.0,10.5,1195.0,4.0,6,2.5,1,1,0.0,1.0
4702,1,0,0.0,0.0,13.0,1648.0,4.0,1,10.0,0,0,0.0,0.0
4703,5,1,1713.57,342.714,8.0,681.6,3.8,15,4.0,3,2,0.2,0.6666666666666666
4704,5,1,2722.9,544.58,9.8,612.8,4.0,14,11.0,3,2,0.2,0.6666666666666666
4705,2,1,2530.89,1265.445,14.0,529.0,3.5,4,5.0,2,1,0.5,0.5
4706,4,1,1093.93,273.4825,20.75,826.0,3.75,11,13.75,2,1,0.25,0.5
4707,5,1,1013.44,202.68800000000002,15.2,770.4,4.0,15,6.0,3,2,0.2,0.6666666666666666
4708,1,0,0.0,0.0,5.0,1743.0,4.0,1,0.0,0,0,0.0,0.0
4709,2,1,2622.78,1311.39,6.0,988.0,3.5,6,15.0,2,1,0.5,0.5
4710,3,1,794.66,264.88666666666666,7.0,628.0,4.0,8,10.0,2,1,0.3333333333333333,0.5
4711,3,1,244.78,81.59333333333333,13.666666666666666,1269.6666666666667,4.0,7,6.666666666666667,2,1,0.3333333333333333,0.5
4712,2,0,0.0,0.0,20.5,1208.0,4.0,3,0.0,1,1,0.0,1.0
4713,2,0,0.0,0.0,13.5,1152.0,4.0,3,12.5,0,0,0.0,0.0
4714,2,2,4254.76,2127.38,2.5,1484.5,4.5,4,12.5,2,0,1.0,0.0
4715,2,0,0.0,0.0,15.5,1080.0,4.0,3,22.5,1,1,0.0,1.0
4716,4,2,1149.72,287.43,15.25,1050.25,3.25,10,3.75,3,1,0.5,0.3333333333333333
4717,3,0,0.0,0.0,11.666666666666666,1149.6666666666667,4.0,8,15.0,1,1,0.0,1.0
4718,2,0,0.0,0.0,17.5,467.5,4.0,4,12.5,0,0,0.0,0.0
4719,4,0,0.0,0.0,15.75,986.25,4.0,12,6.25,1,1,0.0,1.0
4720,1,1,858.28,858.28,19.0,1531.0,3.0,4,0.0,1,0,1.0,0.0
4721,5,2,4242.63,848.5260000000001,10.2,796.2,4.2,18,3.0,4,2,0.4,0.5
4722,4,0,0.0,0.0,6.5,1156.5,4.0,11,0.0,0,0,0.0,0.0
4723,4,0,0.0,0.0,11.0,1146.25,4.0,9,8.75,1,1,0.0,1.0
4724,6,0,0.0,0.0,13.666666666666666,823.1666666666666,4.0,18,15.833333333333334,3,3,0.0,1.0
4725,5,2,6865.23,1373.0459999999998,13.2,1197.2,3.6,12,10.0,4,2,0.4,0.5
4726,1,1,1633.54,1633.54,7.0,725.0,2.0,2,20.0,1,0,1.0,0.0
4727,2,1,998.24,499.12,9.5,1151.5,4.5,8,0.0,1,0,0.5,0.0
4728,4,1,6321.76,1580.44,8.5,761.25,4.0,12,7.5,1,0,0.25,0.0
4729,4,0,0.0,0.0,13.0,917.0,4.0,9,15.0,1,1,0.0,1.0
4730,2,1,902.54,451.27,4.0,838.5,4.0,4,10.0,2,1,0.5,0.5
4731,1,1,1767.68,1767.68,23.0,242.0,5.0,4,0.0,1,0,1.0,0.0
4732,4,1,1245.51,311.3775,12.0,1056.25,3.75,13,10.0,2,1,0.25,0.5
4733,4,1,2331.11,582.7775,15.75,1305.0,3.5,7,20.0,4,3,0.25,0.75
4734,3,0,0.0,0.0,14.0,971.6666666666666,4.0,9,15.0,0,0,0.0,0.0
4735,5,1,1084.0,216.8,14.6,1106.0,4.0,12,8.0,3,2,0.2,0.6666666666666666
4736,3,0,0.0,0.0,8.333333333333334,977.3333333333334,4.0,5,0.0,1,1,0.0,1.0
4737,2,0,0.0,0.0,11.5,654.5,4.0,3,10.0,1,1,0.0,1.0
4738,3,0,0.0,0.0,18.0,465.6666666666667,4.0,10,0.0,3,3,0.0,1.0
4739,3,0,0.0,0.0,12.333333333333334,571.0,4.0,6,6.666666666666667,2,2,0.0,1.0
4740,3,1,1905.8,635.2666666666667,11.666666666666666,537.6666666666666,3.0,10,3.3333333333333335,2,1,0.3333333333333333,0.5
4741,3,1,2471.74,823.9133333333333,8.333333333333334,674.3333333333334,3.6666666666666665,7,15.0,2,1,0.3333333333333333,0.5
4742,4,0,0.0,0.0,14.75,1069.75,4.0,12,5.0,1,1,0.0,1.0
4743,3,0,0.0,0.0,12.0,1282.0,4.0,9,1.6666666666666667,3,3,0.0,1.0
4744,2,1,1725.16,862.58,15.0,1642.0,3.5,4,15.0,1,0,0.5,0.0
4745,4,1,183.36,45.84,11.5,778.5,4.0,12,15.0,4,3,0.25,0.75
4746,3,0,0.0,0.0,10.0,1184.6666666666667,4.0,7,6.666666666666667,3,3,0.0,1.0
4747,3,2,2332.3900000000003,777.4633333333335,13.666666666666666,1040.3333333333333,3.6666666666666665,7,5.0,2,0,0.6666666666666666,0.0
4748,1,0,0.0,0.0,1.0,1766.0,4.0,1,10.0,1,1,0.0,1.0
4749,7,2,1955.46,279.3514285714286,13.285714285714286,794.1428571428571,3.2857142857142856,13,19.285714285714285,6,4,0.2857142857142857,0.6666666666666666
4750,3,1,4305.24,1435.08,5.666666666666667,1137.3333333333333,4.333333333333333,7,15.0,2,1,0.3333333333333333,0.5
4751,5,0,0.0,0.0,10.0,438.4,4.0,13,5.0,2,2,0.0,1.0
4752,4,1,2768.64,692.16,11.5,1475.25,4.0,11,12.5,1,0,0.25,0.0
4753,4,1,3126.12,781.53,8.5,1193.75,3.75,10,11.25,3,2,0.25,0.6666666666666666
4754,2,0,0.0,0.0,12.0,677.5,4.0,4,10.0,1,1,0.0,1.0
4755,3,0,0.0,0.0,9.666666666666666,972.6666666666666,4.0,10,6.666666666666667,2,2,0.0,1.0
4756,2,0,0.0,0.0,10.5,1510.0,4.0,5,10.0,2,2,0.0,1.0
4757,4,0,0.0,0.0,15.25,836.5,4.0,6,11.25,1,1,0.0,1.0
4758,2,0,0.0,0.0,5.5,1064.5,4.0,5,0.0,1,1,0.0,1.0
4759,4,0,0.0,0.0,10.5,858.25,4.0,9,18.75,2,2,0.0,1.0
4760,2,0,0.0,0.0,13.0,1137.5,4.0,3,15.0,2,2,0.0,1.0
4761,1,0,0.0,0.0,24.0,1159.0,4.0,3,5.0,0,0,0.0,0.0
4762,1,0,0.0,0.0,2.0,999.0,4.0,2,10.0,1,1,0.0,1.0
4763,1,0,0.0,0.0,4.0,1225.0,4.0,1,10.0,1,1,0.0,1.0
4764,4,1,751.09,187.7725,10.5,893.0,4.0,8,5.0,1,0,0.25,0.0
4765,5,0,0.0,0.0,16.0,781.8,4.0,17,6.0,3,3,0.0,1.0
4766,6,2,885.63,147.605,10.833333333333334,1144.5,3.5,16,8.333333333333334,4,2,0.3333333333333333,0.5
4767,3,0,0.0,0.0,14.666666666666666,1253.0,4.0,6,8.333333333333334,0,0,0.0,0.0
4768,2,0,0.0,0.0,17.0,782.5,4.0,4,17.5,1,1,0.0,1.0
4769,6,0,0.0,0.0,9.833333333333334,811.5,4.0,16,12.5,4,4,0.0,1.0
4770,3,2,942.8,314.26666666666665,14.0,585.3333333333334,4.333333333333333,7,5.0,2,0,0.6666666666666666,0.0
4771,2,0,0.0,0.0,15.0,1458.0,4.0,4,2.5,0,0,0.0,0.0
4772,1,0,0.0,0.0,4.0,841.0,4.0,4,0.0,1,1,0.0,1.0
4773,5,0,0.0,0.0,11.2,535.2,4.0,14,9.0,5,5,0.0,1.0
4774,3,1,786.74,262.24666666666667,5.0,1000.0,4.0,7,3.3333333333333335,1,0,0.3333333333333333,0.0
4775,1,0,0.0,0.0,7.0,280.0,4.0,1,10.0,1,1,0.0,1.0
4776,2,0,0.0,0.0,12.0,621.5,4.0,5,2.5,2,2,0.0,1.0
4777,5,0,0.0,0.0,11.8,1189.0,4.0,9,8.0,2,2,0.0,1.0
4778,1,0,0.0,0.0,1.0,1556.0,4.0,2,30.0,1,1,0.0,1.0
4779,4,0,0.0,0.0,8.75,1318.5,4.0,11,5.0,1,1,0.0,1.0
4780,4,2,3309.3,827.325,14.0,828.0,3.5,9,3.75,4,2,0.5,0.5
4781,5,0,0.0,0.0,14.6,1202.2,4.0,10,13.0,1,1,0.0,1.0
4783,2,0,0.0,0.0,13.0,1059.0,4.0,5,2.5,1,1,0.0,1.0
4784,3,0,0.0,0.0,16.666666666666668,703.3333333333334,4.0,8,8.333333333333334,2,2,0.0,1.0
4785,1,0,0.0,0.0,9.0,737.0,4.0,1,0.0,0,0,0.0,0.0
4786,6,3,5536.85,922.8083333333334,10.333333333333334,1034.3333333333333,3.3333333333333335,16,13.333333333333334,3,0,0.5,0.0
4787,3,1,7657.8,2552.6,18.666666666666668,1055.0,3.6666666666666665,7,11.666666666666666,2,1,0.3333333333333333,0.5
4788,4,0,0.0,0.0,14.25,1209.75,4.0,12,15.0,3,3,0.0,1.0
4789,2,1,273.35,136.675,7.5,866.0,4.5,3,10.0,1,0,0.5,0.0
4790,3,0,0.0,0.0,8.666666666666666,310.6666666666667,4.0,8,21.666666666666668,1,1,0.0,1.0
4791,3,0,0.0,0.0,14.0,474.0,4.0,7,13.333333333333334,3,3,0.0,1.0
4792,1,0,0.0,0.0,5.0,653.0,4.0,3,20.0,1,1,0.0,1.0
4793,2,0,0.0,0.0,6.5,695.5,4.0,2,5.0,1,1,0.0,1.0
4794,3,0,0.0,0.0,12.0,1041.0,4.0,9,0.0,3,3,0.0,1.0
4795,2,0,0.0,0.0,17.5,1479.0,4.0,2,15.0,1,1,0.0,1.0
4796,4,1,735.32,183.83,12.5,1568.5,4.25,6,6.25,1,0,0.25,0.0
4797,3,1,1116.86,372.28666666666663,15.333333333333334,447.6666666666667,3.3333333333333335,5,6.666666666666667,2,1,0.3333333333333333,0.5
4798,3,2,9076.93,3025.6433333333334,8.666666666666666,691.3333333333334,3.3333333333333335,11,13.333333333333334,3,1,0.6666666666666666,0.3333333333333333
4799,4,0,0.0,0.0,15.75,1254.75,4.0,14,8.75,2,2,0.0,1.0
4800,2,1,1995.76,997.88,8.5,489.5,3.0,4,10.0,1,0,0.5,0.0
4801,3,0,0.0,0.0,8.333333333333334,943.3333333333334,4.0,6,10.0,2,2,0.0,1.0
4802,2,0,0.0,0.0,6.5,813.5,4.0,4,0.0,0,0,0.0,0.0
4803,2,0,0.0,0.0,18.0,902.5,4.0,2,10.0,1,1,0.0,1.0
4804,5,2,1535.82,307.164,11.2,601.4,3.4,13,11.0,4,2,0.4,0.5
4805,6,1,792.16,132.02666666666667,12.666666666666666,880.5,4.0,19,11.666666666666666,5,4,0.16666666666666666,0.8
4806,3,0,0.0,0.0,12.0,989.3333333333334,4.0,6,8.333333333333334,0,0,0.0,0.0
4807,1,0,0.0,0.0,11.0,203.0,4.0,2,10.0,1,1,0.0,1.0
4809,4,1,3851.35,962.8375,8.75,991.5,4.25,12,18.75,3,2,0.25,0.6666666666666666
4810,3,2,1880.1,626.6999999999999,12.0,870.3333333333334,3.6666666666666665,9,8.333333333333334,3,1,0.6666666666666666,0.3333333333333333
4811,4,1,1429.28,357.32,17.25,761.75,4.0,9,10.0,4,3,0.25,0.75
4812,3,0,0.0,0.0,12.666666666666666,489.6666666666667,4.0,9,6.666666666666667,2,2,0.0,1.0
4813,4,1,3862.44,965.61,6.75,1237.25,4.25,10,3.75,2,1,0.25,0.5
4814,2,1,1264.95,632.475,12.0,704.5,3.0,5,7.5,2,1,0.5,0.5
4815,4,0,0.0,0.0,13.0,1098.25,4.0,12,10.0,3,3,0.0,1.0
4816,3,1,6170.93,2056.976666666667,18.0,867.0,3.6666666666666665,9,1.6666666666666667,2,1,0.3333333333333333,0.5
4817,1,0,0.0,0.0,22.0,634.0,4.0,1,0.0,0,0,0.0,0.0
4818,6,4,6372.86,1062.1433333333332,7.166666666666667,906.5,3.8333333333333335,18,8.333333333333334,4,0,0.6666666666666666,0.0
4819,5,1,1279.72,255.94400000000002,7.6,1026.6,3.8,12,7.0,3,2,0.2,0.6666666666666666
4820,2,1,2950.38,1475.19,15.0,1195.0,4.0,5,2.5,2,1,0.5,0.5
4821,1,1,1836.24,1836.24,20.0,1685.0,5.0,4,0.0,1,0,1.0,0.0
4822,4,2,8346.199999999999,2086.5499999999997,17.0,738.75,4.25,11,0.0,3,1,0.5,0.3333333333333333
4823,2,0,0.0,0.0,13.0,1679.0,4.0,5,12.5,2,2,0.0,1.0
4824,3,0,0.0,0.0,14.666666666666666,1144.6666666666667,4.0,6,11.666666666666666,2,2,0.0,1.0
4825,3,2,1490.6,496.8666666666666,13.0,776.6666666666666,4.0,10,10.0,2,0,0.6666666666666666,0.0
4826,2,0,0.0,0.0,7.0,1565.5,4.0,7,20.0,1,1,0.0,1.0
4827,3,1,2221.98,740.66,9.333333333333334,628.6666666666666,4.333333333333333,8,6.666666666666667,3,2,0.3333333333333333,0.6666666666666666
4828,6,0,0.0,0.0,11.833333333333334,523.0,4.0,11,5.0,4,4,0.0,1.0
4829,3,1,568.17,189.39,5.333333333333333,1434.0,4.0,8,0.0,2,1,0.3333333333333333,0.5
4830,5,2,1547.7,309.54,13.2,306.4,3.8,16,14.0,4,2,0.4,0.5
4831,3,0,0.0,0.0,16.666666666666668,1085.3333333333333,4.0,6,11.666666666666666,1,1,0.0,1.0
4832,3,2,1990.24,663.4133333333333,7.333333333333333,817.6666666666666,4.0,8,18.333333333333332,2,0,0.6666666666666666,0.0
4833,4,3,3596.5999999999995,899.1499999999999,7.25,1128.25,4.0,11,11.25,3,0,0.75,0.0
4834,1,0,0.0,0.0,14.0,1482.0,4.0,2,0.0,1,1,0.0,1.0
4835,2,0,0.0,0.0,6.5,806.0,4.0,5,15.0,0,0,0.0,0.0
4836,3,2,666.77,222.25666666666666,21.333333333333332,923.0,2.3333333333333335,7,6.666666666666667,2,0,0.6666666666666666,0.0
4837,1,0,0.0,0.0,5.0,670.0,4.0,4,0.0,0,0,0.0,0.0
4839,2,0,0.0,0.0,16.5,1017.0,4.0,6,15.0,0,0,0.0,0.0
4840,4,0,0.0,0.0,13.5,941.5,4.0,7,13.75,0,0,0.0,0.0
4841,3,2,2304.5699999999997,768.1899999999999,11.333333333333334,797.0,2.6666666666666665,5,5.0,3,1,0.6666666666666666,0.3333333333333333
4842,2,1,676.41,338.205,11.0,1291.5,4.0,6,15.0,1,0,0.5,0.0
4843,1,0,0.0,0.0,13.0,497.0,4.0,4,10.0,0,0,0.0,0.0
4844,1,0,0.0,0.0,22.0,1525.0,4.0,3,20.0,0,0,0.0,0.0
4846,4,2,4914.88,1228.72,20.0,823.0,4.25,11,10.0,4,2,0.5,0.5
4847,2,1,4287.6,2143.8,7.0,139.5,3.5,6,12.5,2,1,0.5,0.5
4848,1,0,0.0,0.0,15.0,838.0,4.0,3,25.0,0,0,0.0,0.0
4849,2,0,0.0,0.0,11.5,467.0,4.0,4,15.0,2,2,0.0,1.0
4850,6,1,1923.75,320.625,16.833333333333332,843.5,3.5,17,7.5,3,2,0.16666666666666666,0.6666666666666666
4851,5,2,2957.42,591.484,10.2,781.8,3.8,14,9.0,4,2,0.4,0.5
4852,2,1,1511.68,755.84,14.0,244.5,3.5,6,5.0,2,1,0.5,0.5
4853,6,1,1440.87,240.14499999999998,10.333333333333334,895.8333333333334,4.0,15,5.0,3,2,0.16666666666666666,0.6666666666666666
4854,5,1,1240.29,248.058,15.4,657.2,3.8,11,7.0,3,2,0.2,0.6666666666666666
4855,5,0,0.0,0.0,12.2,801.4,4.0,14,5.0,5,5,0.0,1.0
4856,5,1,1059.04,211.808,10.4,639.2,3.8,14,7.0,3,2,0.2,0.6666666666666666
4857,4,1,5463.21,1365.8025,18.75,942.75,4.0,11,10.0,1,0,0.25,0.0
4858,4,1,404.22,101.055,8.5,623.5,4.0,9,10.0,2,1,0.25,0.5
4860,1,1,1047.66,1047.66,23.0,238.0,5.0,1,0.0,1,0,1.0,0.0
4861,4,2,2796.2,699.05,19.25,850.25,4.25,13,3.75,4,2,0.5,0.5
4862,4,1,488.26,122.065,14.0,1072.75,4.0,7,5.0,3,2,0.25,0.6666666666666666
4863,4,2,4157.91,1039.4775,7.5,1032.25,4.25,9,6.25,3,1,0.5,0.3333333333333333
4864,6,2,2406.74,401.1233333333333,15.5,1282.3333333333333,3.3333333333333335,13,8.333333333333334,2,0,0.3333333333333333,0.0
4865,1,1,1068.18,1068.18,5.0,506.0,5.0,3,0.0,1,0,1.0,0.0
4866,3,2,6544.44,2181.48,7.0,1030.6666666666667,4.333333333333333,7,0.0,3,1,0.6666666666666666,0.3333333333333333
4867,1,0,0.0,0.0,22.0,972.0,4.0,1,0.0,0,0,0.0,0.0
4868,3,0,0.0,0.0,9.333333333333334,579.0,4.0,6,5.0,2,2,0.0,1.0
4869,4,1,2169.25,542.3125,12.75,911.0,4.0,13,11.25,2,1,0.25,0.5
4870,1,1,898.68,898.68,19.0,1751.0,5.0,1,20.0,1,0,1.0,0.0
4871,2,0,0.0,0.0,18.5,820.0,4.0,5,17.5,1,1,0.0,1.0
4873,1,0,0.0,0.0,8.0,1554.0,4.0,3,10.0,0,0,0.0,0.0
4874,2,0,0.0,0.0,10.5,774.5,4.0,7,0.0,1,1,0.0,1.0
4875,4,1,2180.9,545.225,12.25,819.75,3.5,8,11.25,3,2,0.25,0.6666666666666666
4876,3,2,1527.08,509.02666666666664,8.333333333333334,1494.6666666666667,2.3333333333333335,7,5.0,3,1,0.6666666666666666,0.3333333333333333
4877,3,1,2775.81,925.27,14.666666666666666,536.0,4.333333333333333,5,5.0,1,0,0.3333333333333333,0.0
4878,2,0,0.0,0.0,9.5,637.0,4.0,4,10.0,1,1,0.0,1.0
4879,4,2,8158.59,2039.6475,10.5,1032.5,4.5,10,3.75,3,1,0.5,0.3333333333333333
4880,1,0,0.0,0.0,9.0,570.0,4.0,1,0.0,0,0,0.0,0.0
4881,5,0,0.0,0.0,12.0,757.2,4.0,14,10.0,2,2,0.0,1.0
4882,4,1,1967.73,491.9325,14.75,1094.25,4.0,10,3.75,3,2,0.25,0.6666666666666666
4883,2,2,2364.35,1182.175,4.5,321.0,4.5,3,5.0,2,0,1.0,0.0
4884,6,4,3392.8900000000003,565.4816666666667,12.166666666666666,544.8333333333334,3.8333333333333335,15,7.5,5,1,0.6666666666666666,0.2
4886,4,2,1225.46,306.365,18.5,959.25,4.0,14,13.75,3,1,0.5,0.3333333333333333
4887,6,2,3840.1899999999996,640.0316666666666,14.5,768.8333333333334,3.8333333333333335,13,12.5,4,2,0.3333333333333333,0.5
4888,4,0,0.0,0.0,9.0,518.75,4.0,11,12.5,3,3,0.0,1.0
4889,1,0,0.0,0.0,21.0,1684.0,4.0,3,15.0,0,0,0.0,0.0
4890,4,1,568.79,142.1975,11.0,795.75,4.0,8,12.5,3,2,0.25,0.6666666666666666
4891,2,1,1709.76,854.88,9.5,886.0,4.5,8,7.5,2,1,0.5,0.5
4892,3,1,1010.33,336.7766666666667,18.666666666666668,942.0,3.3333333333333335,3,16.666666666666668,3,2,0.3333333333333333,0.6666666666666666
4893,1,0,0.0,0.0,20.0,1684.0,4.0,2,0.0,1,1,0.0,1.0
4895,1,0,0.0,0.0,7.0,1150.0,4.0,2,0.0,0,0,0.0,0.0
4896,4,1,1024.17,256.0425,13.75,1012.5,4.0,12,8.75,3,2,0.25,0.6666666666666666
4897,3,1,551.66,183.88666666666666,13.0,696.6666666666666,4.0,7,10.0,2,1,0.3333333333333333,0.5
4898,3,0,0.0,0.0,9.666666666666666,972.0,4.0,9,10.0,2,2,0.0,1.0
4899,1,1,600.81,600.81,9.0,1563.0,4.0,1,0.0,1,0,1.0,0.0
4900,3,2,1777.66,592.5533333333334,9.0,969.6666666666666,4.333333333333333,6,6.666666666666667,3,1,0.6666666666666666,0.3333333333333333
4901,2,1,3558.64,1779.32,14.0,127.0,2.5,8,12.5,2,1,0.5,0.5
4902,6,0,0.0,0.0,16.666666666666668,565.3333333333334,4.0,13,5.833333333333333,4,4,0.0,1.0
4903,5,2,4042.13,808.426,16.0,941.8,3.4,14,9.0,3,1,0.4,0.3333333333333333
4904,3,1,1223.08,407.6933333333333,17.333333333333332,758.6666666666666,3.3333333333333335,7,0.0,2,1,0.3333333333333333,0.5
4905,4,0,0.0,0.0,14.0,864.25,4.0,4,7.5,3,3,0.0,1.0
4906,4,2,1877.35,469.3375,14.75,837.5,3.75,10,6.25,3,1,0.5,0.3333333333333333
4907,2,1,1197.76,598.88,14.0,1700.5,2.5,5,10.0,2,1,0.5,0.5
4908,4,3,1773.8400000000001,443.46000000000004,11.5,606.25,3.5,4,15.0,3,0,0.75,0.0
4909,4,0,0.0,0.0,16.0,984.75,4.0,11,16.25,2,2,0.0,1.0
4910,3,1,1676.0,558.6666666666666,13.333333333333334,678.3333333333334,4.333333333333333,4,11.666666666666666,3,2,0.3333333333333333,0.6666666666666666
4911,4,0,0.0,0.0,9.5,1104.75,4.0,12,3.75,2,2,0.0,1.0
4912,7,2,5631.179999999999,804.4542857142857,11.857142857142858,854.2857142857143,4.142857142857143,20,8.571428571428571,4,2,0.2857142857142857,0.5
4913,2,0,0.0,0.0,10.5,1275.5,4.0,4,0.0,2,2,0.0,1.0
4914,4,0,0.0,0.0,17.25,468.25,4.0,10,3.75,2,2,0.0,1.0
4915,5,2,3262.0,652.4,10.0,991.6,3.4,11,10.0,3,1,0.4,0.3333333333333333
4916,2,0,0.0,0.0,11.5,915.5,4.0,5,2.5,1,1,0.0,1.0
4917,2,0,0.0,0.0,10.0,710.5,4.0,7,5.0,1,1,0.0,1.0
4918,3,0,0.0,0.0,9.666666666666666,645.3333333333334,4.0,9,15.0,1,1,0.0,1.0
4919,2,0,0.0,0.0,5.0,683.5,4.0,5,7.5,1,1,0.0,1.0
4920,2,1,1679.13,839.565,17.5,920.5,3.5,4,0.0,1,0,0.5,0.0
4921,3,0,0.0,0.0,7.333333333333333,794.0,4.0,4,1.6666666666666667,2,2,0.0,1.0
4922,1,1,483.1,483.1,22.0,1285.0,3.0,1,15.0,1,0,1.0,0.0
4923,2,0,0.0,0.0,22.0,718.5,4.0,3,10.0,1,1,0.0,1.0
4924,3,0,0.0,0.0,9.0,1026.3333333333333,4.0,9,8.333333333333334,1,1,0.0,1.0
4925,2,1,484.65,242.325,16.5,1064.5,4.0,7,0.0,1,0,0.5,0.0
4926,3,0,0.0,0.0,7.0,623.6666666666666,4.0,10,13.333333333333334,2,2,0.0,1.0
4927,5,2,3224.07,644.8140000000001,7.2,1016.8,3.6,10,8.0,3,1,0.4,0.3333333333333333
4928,1,0,0.0,0.0,18.0,299.0,4.0,3,5.0,0,0,0.0,0.0
4929,5,1,687.46,137.49200000000002,10.4,1092.8,3.4,12,8.0,3,2,0.2,0.6666666666666666
4930,4,1,2446.4,611.6,7.0,663.75,4.25,16,13.75,2,1,0.25,0.5
4931,2,0,0.0,0.0,16.5,1579.0,4.0,2,5.0,1,1,0.0,1.0
4932,4,0,0.0,0.0,10.75,790.75,4.0,11,5.0,1,1,0.0,1.0
4933,6,1,2719.84,453.3066666666667,12.0,900.3333333333334,4.166666666666667,18,5.0,3,2,0.16666666666666666,0.6666666666666666
4934,1,0,0.0,0.0,6.0,1620.0,4.0,4,15.0,0,0,0.0,0.0
4935,1,0,0.0,0.0,13.0,36.0,4.0,4,15.0,1,1,0.0,1.0
4936,4,0,0.0,0.0,16.25,998.0,4.0,10,3.75,3,3,0.0,1.0
4937,2,1,3209.76,1604.88,16.0,802.5,4.0,7,0.0,2,1,0.5,0.5
4938,3,1,1386.1,462.0333333333333,5.0,1097.0,4.0,6,5.0,3,2,0.3333333333333333,0.6666666666666666
4939,3,2,6339.5,2113.1666666666665,8.666666666666666,948.0,4.666666666666667,7,3.3333333333333335,2,0,0.6666666666666666,0.0
4940,7,1,1604.26,229.18,13.571428571428571,943.1428571428571,4.142857142857143,18,9.285714285714286,6,5,0.14285714285714285,0.8333333333333334
4941,4,2,1640.37,410.0925,12.5,596.25,4.5,7,1.25,4,2,0.5,0.5
4942,1,0,0.0,0.0,17.0,1605.0,4.0,2,0.0,1,1,0.0,1.0
4943,5,1,2549.12,509.82399999999996,10.8,1204.2,3.6,16,7.0,2,1,0.2,0.5
4944,3,2,1870.42,623.4733333333334,8.666666666666666,767.3333333333334,2.3333333333333335,4,16.666666666666668,2,0,0.6666666666666666,0.0
4945,4,0,0.0,0.0,16.25,879.5,4.0,12,0.0,4,4,0.0,1.0
4946,2,0,0.0,0.0,17.5,990.0,4.0,7,7.5,1,1,0.0,1.0
4948,5,0,0.0,0.0,10.4,1332.8,4.0,12,10.0,2,2,0.0,1.0
4949,4,2,8753.49,2188.3725,12.5,1059.25,4.0,11,10.0,3,1,0.5,0.3333333333333333
4950,2,2,5362.47,2681.235,10.0,1196.5,5.0,5,20.0,2,0,1.0,0.0
4951,2,0,0.0,0.0,21.5,915.5,4.0,6,7.5,1,1,0.0,1.0
4952,5,1,1834.4,366.88,11.8,958.8,3.6,10,8.0,5,4,0.2,0.8
4953,4,1,3283.82,820.955,14.25,1294.5,4.25,8,8.75,2,1,0.25,0.5
4954,4,0,0.0,0.0,7.5,573.25,4.0,9,16.25,3,3,0.0,1.0
4955,2,0,0.0,0.0,10.5,1153.5,4.0,6,15.0,1,1,0.0,1.0
4956,3,1,1199.66,399.8866666666667,10.333333333333334,1424.6666666666667,3.3333333333333335,8,16.666666666666668,2,1,0.3333333333333333,0.5
4957,3,0,0.0,0.0,11.666666666666666,1018.0,4.0,7,6.666666666666667,1,1,0.0,1.0
4958,4,0,0.0,0.0,9.75,859.25,4.0,9,8.75,3,3,0.0,1.0
4959,3,2,7128.1900000000005,2376.0633333333335,11.666666666666666,990.3333333333334,2.6666666666666665,9,5.0,2,0,0.6666666666666666,0.0
4960,5,2,2946.5,589.3,19.0,967.4,3.4,13,11.0,4,2,0.4,0.5
4961,1,0,0.0,0.0,24.0,141.0,4.0,4,10.0,1,1,0.0,1.0
4962,6,0,0.0,0.0,13.333333333333334,1111.3333333333333,4.0,12,8.333333333333334,4,4,0.0,1.0
4963,1,0,0.0,0.0,16.0,1565.0,4.0,2,10.0,0,0,0.0,0.0
4964,3,1,772.32,257.44,11.333333333333334,930.3333333333334,3.6666666666666665,9,0.0,2,1,0.3333333333333333,0.5
4965,4,1,5348.71,1337.1775,12.75,1208.75,4.25,10,6.25,3,2,0.25,0.6666666666666666
4966,2,0,0.0,0.0,14.0,1559.5,4.0,8,0.0,1,1,0.0,1.0
4967,1,0,0.0,0.0,12.0,1225.0,4.0,4,0.0,0,0,0.0,0.0
4968,5,0,0.0,0.0,9.4,552.8,4.0,15,3.0,4,4,0.0,1.0
4969,3,0,0.0,0.0,8.666666666666666,1179.6666666666667,4.0,10,13.333333333333334,2,2,0.0,1.0
4970,5,0,0.0,0.0,17.2,723.6,4.0,12,5.0,4,4,0.0,1.0
4971,1,0,0.0,0.0,24.0,1627.0,4.0,2,30.0,1,1,0.0,1.0
4972,1,1,150.38,150.38,22.0,1779.0,5.0,3,20.0,1,0,1.0,0.0
4973,4,0,0.0,0.0,11.5,869.75,4.0,12,6.25,2,2,0.0,1.0
4974,2,0,0.0,0.0,4.5,378.0,4.0,5,7.5,1,1,0.0,1.0
4975,2,0,0.0,0.0,16.0,583.5,4.0,7,7.5,2,2,0.0,1.0
4976,1,0,0.0,0.0,23.0,188.0,4.0,4,5.0,0,0,0.0,0.0
4977,1,0,0.0,0.0,24.0,1383.0,4.0,1,25.0,0,0,0.0,0.0
4978,3,0,0.0,0.0,16.0,1560.6666666666667,4.0,9,3.3333333333333335,1,1,0.0,1.0
4979,1,0,0.0,0.0,5.0,527.0,4.0,1,10.0,1,1,0.0,1.0
4980,2,1,1369.58,684.79,12.5,449.5,4.5,4,5.0,1,0,0.5,0.0
4981,1,1,458.07,458.07,23.0,1710.0,3.0,1,0.0,1,0,1.0,0.0
4982,2,1,3112.16,1556.08,18.5,1356.0,4.0,8,0.0,2,1,0.5,0.5
4983,6,1,79.71,13.284999999999998,15.666666666666666,510.0,4.0,12,10.0,5,4,0.16666666666666666,0.8
4984,3,2,5128.49,1709.4966666666667,21.333333333333332,1032.0,3.0,9,10.0,3,1,0.6666666666666666,0.3333333333333333
4985,4,1,1006.89,251.7225,15.5,1059.75,3.75,10,5.0,3,2,0.25,0.6666666666666666
4986,2,2,6459.74,3229.87,19.0,772.5,2.5,6,5.0,2,0,1.0,0.0
4987,1,0,0.0,0.0,8.0,587.0,4.0,2,15.0,0,0,0.0,0.0
4988,3,0,0.0,0.0,11.666666666666666,693.0,4.0,6,8.333333333333334,1,1,0.0,1.0
4989,2,0,0.0,0.0,17.0,1192.0,4.0,5,25.0,1,1,0.0,1.0
4990,1,0,0.0,0.0,1.0,1503.0,4.0,1,0.0,1,1,0.0,1.0
4991,2,0,0.0,0.0,19.0,238.0,4.0,5,7.5,1,1,0.0,1.0
4992,1,0,0.0,0.0,9.0,644.0,4.0,2,15.0,1,1,0.0,1.0
4993,7,1,3796.27,542.3242857142857,12.142857142857142,707.2857142857143,3.857142857142857,18,11.428571428571429,4,3,0.14285714285714285,0.75
4995,4,1,1183.12,295.78,8.5,986.75,3.75,5,7.5,3,2,0.25,0.6666666666666666
4996,1,0,0.0,0.0,10.0,857.0,4.0,3,15.0,0,0,0.0,0.0
4998,2,1,1850.24,925.12,2.5,889.0,4.0,5,10.0,2,1,0.5,0.5
4999,5,1,3064.19,612.838,20.0,1099.2,3.6,14,4.0,4,3,0.2,0.75
5000,1,0,0.0,0.0,11.0,899.0,4.0,3,30.0,1,1,0.0,1.0
5001,3,1,1028.84,342.94666666666666,21.333333333333332,1365.3333333333333,4.333333333333333,8,8.333333333333334,1,0,0.3333333333333333,0.0
5002,1,0,0.0,0.0,20.0,649.0,4.0,3,0.0,0,0,0.0,0.0
5003,5,0,0.0,0.0,11.0,874.8,4.0,16,13.0,3,3,0.0,1.0
5004,4,2,8443.94,2110.985,17.25,1207.25,3.5,13,6.25,4,2,0.5,0.5
5005,3,0,0.0,0.0,12.333333333333334,574.6666666666666,4.0,9,0.0,2,2,0.0,1.0
5006,4,0,0.0,0.0,16.0,1004.75,4.0,11,8.75,2,2,0.0,1.0
5008,3,0,0.0,0.0,9.666666666666666,1338.6666666666667,4.0,5,21.666666666666668,2,2,0.0,1.0
5009,3,0,0.0,0.0,13.333333333333334,789.6666666666666,4.0,8,15.0,0,0,0.0,0.0
5010,2,2,4216.62,2108.31,21.0,1190.5,2.5,5,2.5,2,0,1.0,0.0
5011,3,0,0.0,0.0,9.0,669.3333333333334,4.0,7,15.0,3,3,0.0,1.0
5012,2,1,333.74,166.87,11.5,1238.0,4.0,4,17.5,2,1,0.5,0.5
5013,3,2,4122.15,1374.05,8.666666666666666,923.6666666666666,4.0,10,0.0,3,1,0.6666666666666666,0.3333333333333333
5014,4,1,152.16,38.04,12.0,800.0,4.25,7,11.25,2,1,0.25,0.5
5015,2,1,529.96,264.98,18.5,920.0,4.5,6,20.0,2,1,0.5,0.5
5016,3,0,0.0,0.0,9.333333333333334,1119.6666666666667,4.0,10,8.333333333333334,1,1,0.0,1.0
5017,2,0,0.0,0.0,17.5,449.5,4.0,4,0.0,1,1,0.0,1.0
5018,6,2,4148.030000000001,691.3383333333335,12.166666666666666,715.0,4.0,18,14.166666666666666,5,3,0.3333333333333333,0.6
5020,5,0,0.0,0.0,18.6,1063.0,4.0,15,12.0,2,2,0.0,1.0
5021,1,0,0.0,0.0,19.0,1095.0,4.0,1,0.0,1,1,0.0,1.0
5022,8,1,474.8,59.35,12.25,1322.5,4.0,18,8.125,4,3,0.125,0.75
5023,2,0,0.0,0.0,5.5,896.5,4.0,7,10.0,1,1,0.0,1.0
5024,5,0,0.0,0.0,14.2,1211.8,4.0,10,8.0,3,3,0.0,1.0
5025,2,0,0.0,0.0,17.5,320.5,4.0,6,0.0,1,1,0.0,1.0
5026,3,2,2539.03,846.3433333333334,14.333333333333334,772.6666666666666,3.3333333333333335,9,5.0,3,1,0.6666666666666666,0.3333333333333333
5027,2,0,0.0,0.0,22.5,524.0,4.0,5,2.5,0,0,0.0,0.0
5028,4,1,2863.78,715.945,8.25,902.5,4.0,9,13.75,4,3,0.25,0.75
5030,2,1,2261.92,1130.96,11.5,402.5,3.0,5,7.5,2,1,0.5,0.5
5031,2,0,0.0,0.0,18.0,1386.5,4.0,3,20.0,2,2,0.0,1.0
5032,2,2,5641.2699999999995,2820.6349999999998,8.0,241.0,3.5,5,20.0,2,0,1.0,0.0
5033,6,1,868.47,144.745,11.5,842.1666666666666,3.8333333333333335,13,10.833333333333334,3,2,0.16666666666666666,0.6666666666666666
5034,5,1,784.35,156.87,8.2,1325.8,4.2,15,12.0,4,3,0.2,0.75
5035,1,0,0.0,0.0,9.0,1130.0,4.0,4,0.0,1,1,0.0,1.0
5036,4,0,0.0,0.0,6.5,785.0,4.0,7,3.75,2,2,0.0,1.0
5037,6,2,1138.6,189.76666666666665,10.333333333333334,643.5,4.0,12,12.5,4,2,0.3333333333333333,0.5
5038,9,2,2512.57,279.1744444444445,13.88888888888889,1152.5555555555557,3.888888888888889,16,8.333333333333334,6,4,0.2222222222222222,0.6666666666666666
5039,1,1,5867.1,5867.1,2.0,1534.0,4.0,3,0.0,1,0,1.0,0.0
5040,3,0,0.0,0.0,8.0,896.3333333333334,4.0,11,10.0,1,1,0.0,1.0
5041,4,0,0.0,0.0,10.5,551.25,4.0,13,13.75,1,1,0.0,1.0
5043,5,0,0.0,0.0,18.8,896.0,4.0,17,17.0,3,3,0.0,1.0
5044,4,0,0.0,0.0,12.75,772.25,4.0,10,2.5,3,3,0.0,1.0
5045,4,1,1715.42,428.855,11.5,1375.75,3.5,11,10.0,4,3,0.25,0.75
5046,2,1,3983.36,1991.68,16.0,882.0,4.5,5,0.0,1,0,0.5,0.0
5047,1,1,2393.85,2393.85,13.0,235.0,1.0,4,5.0,1,0,1.0,0.0
5048,2,2,3428.31,1714.155,23.5,1008.5,3.0,4,0.0,2,0,1.0,0.0
5049,1,0,0.0,0.0,5.0,1020.0,4.0,1,10.0,1,1,0.0,1.0
5050,1,1,2751.56,2751.56,9.0,1153.0,5.0,4,0.0,1,0,1.0,0.0
5051,1,0,0.0,0.0,24.0,295.0,4.0,1,30.0,0,0,0.0,0.0
5053,7,0,0.0,0.0,18.857142857142858,1052.0,4.0,18,6.428571428571429,5,5,0.0,1.0
5054,4,1,335.14,83.785,13.25,984.25,4.25,11,7.5,4,3,0.25,0.75
5055,3,1,356.62,118.87333333333333,14.0,765.0,4.0,4,3.3333333333333335,1,0,0.3333333333333333,0.0
5056,2,1,1225.19,612.595,13.5,902.0,4.5,7,17.5,1,0,0.5,0.0
5057,5,0,0.0,0.0,11.4,648.2,4.0,15,8.0,2,2,0.0,1.0
5058,3,0,0.0,0.0,12.666666666666666,859.0,4.0,9,6.666666666666667,2,2,0.0,1.0
5059,5,3,3399.3100000000004,679.8620000000001,7.8,942.6,3.6,15,9.0,5,2,0.6,0.4
5060,4,1,5304.18,1326.045,10.75,764.75,3.75,9,8.75,3,2,0.25,0.6666666666666666
5061,3,1,1104.81,368.27,13.0,1017.0,4.0,7,5.0,1,0,0.3333333333333333,0.0
5062,3,0,0.0,0.0,6.0,671.3333333333334,4.0,7,3.3333333333333335,0,0,0.0,0.0
5063,4,0,0.0,0.0,6.5,910.25,4.0,10,3.75,2,2,0.0,1.0
5064,3,1,685.66,228.5533333333333,9.333333333333334,822.3333333333334,3.3333333333333335,7,1.6666666666666667,2,1,0.3333333333333333,0.5
5065,3,0,0.0,0.0,12.333333333333334,1105.0,4.0,7,5.0,1,1,0.0,1.0
5066,2,1,6746.0,3373.0,1.0,1439.0,3.5,5,10.0,2,1,0.5,0.5
5067,2,1,1183.0,591.5,16.5,808.5,4.0,3,7.5,2,1,0.5,0.5
5068,1,0,0.0,0.0,10.0,1700.0,4.0,4,10.0,1,1,0.0,1.0
5069,6,1,1020.28,170.04666666666665,12.833333333333334,1273.0,4.166666666666667,18,10.833333333333334,4,3,0.16666666666666666,0.75
5070,2,0,0.0,0.0,17.0,1124.5,4.0,3,10.0,2,2,0.0,1.0
5071,4,1,1725.08,431.27,18.0,949.5,3.25,9,8.75,2,1,0.25,0.5
5072,4,0,0.0,0.0,14.0,421.0,4.0,9,11.25,3,3,0.0,1.0
5073,2,0,0.0,0.0,15.0,1018.5,4.0,3,15.0,1,1,0.0,1.0
5074,2,1,105.26,52.63,17.0,1111.0,4.0,2,5.0,1,0,0.5,0.0
5075,5,1,1648.8,329.76,16.2,762.2,3.6,11,10.0,4,3,0.2,0.75
5076,1,0,0.0,0.0,1.0,349.0,4.0,2,25.0,1,1,0.0,1.0
5077,1,0,0.0,0.0,5.0,746.0,4.0,4,0.0,0,0,0.0,0.0
5078,1,0,0.0,0.0,18.0,1635.0,4.0,2,10.0,1,1,0.0,1.0
5079,8,2,1421.5500000000002,177.69375000000002,10.75,815.25,4.0,18,11.875,7,5,0.25,0.7142857142857143
5081,1,1,2189.33,2189.33,3.0,614.0,5.0,3,15.0,1,0,1.0,0.0
5082,3,2,2299.04,766.3466666666667,12.666666666666666,485.3333333333333,4.0,5,18.333333333333332,3,1,0.6666666666666666,0.3333333333333333
5083,1,1,286.18,286.18,1.0,400.0,3.0,1,20.0,1,0,1.0,0.0
5084,3,0,0.0,0.0,7.333333333333333,757.0,4.0,5,10.0,3,3,0.0,1.0
5085,2,0,0.0,0.0,18.0,946.5,4.0,4,0.0,1,1,0.0,1.0
5086,2,0,0.0,0.0,20.5,971.5,4.0,4,2.5,1,1,0.0,1.0
5087,4,1,2965.56,741.39,13.25,628.0,4.25,9,8.75,2,1,0.25,0.5
5088,6,1,1046.38,174.39666666666668,12.0,742.3333333333334,3.8333333333333335,14,13.333333333333334,2,1,0.16666666666666666,0.5
5089,6,0,0.0,0.0,8.166666666666666,1100.3333333333333,4.0,18,11.666666666666666,3,3,0.0,1.0
5090,1,1,1895.4,1895.4,14.0,510.0,2.0,2,0.0,1,0,1.0,0.0
5091,6,1,912.44,152.07333333333335,16.166666666666668,1060.8333333333333,3.6666666666666665,11,11.666666666666666,5,4,0.16666666666666666,0.8
5092,6,2,5768.9,961.4833333333332,12.833333333333334,791.6666666666666,3.6666666666666665,19,12.5,3,1,0.3333333333333333,0.3333333333333333
5093,4,1,4636.12,1159.03,13.75,599.25,4.0,11,7.5,2,1,0.25,0.5
5094,4,0,0.0,0.0,11.0,1640.25,4.0,7,3.75,4,4,0.0,1.0
5095,2,0,0.0,0.0,20.0,800.5,4.0,7,7.5,0,0,0.0,0.0
5096,2,0,0.0,0.0,12.5,1285.5,4.0,6,12.5,2,2,0.0,1.0
5097,4,0,0.0,0.0,17.75,1232.75,4.0,7,10.0,3,3,0.0,1.0
5098,3,1,757.4,252.46666666666667,13.0,866.0,4.333333333333333,6,10.0,2,1,0.3333333333333333,0.5
5099,3,0,0.0,0.0,11.666666666666666,370.0,4.0,6,13.333333333333334,1,1,0.0,1.0
5100,4,0,0.0,0.0,15.5,478.25,4.0,14,2.5,3,3,0.0,1.0
5101,3,0,0.0,0.0,11.0,1352.3333333333333,4.0,10,10.0,0,0,0.0,0.0
5102,1,0,0.0,0.0,9.0,55.0,4.0,1,0.0,1,1,0.0,1.0
5103,4,1,285.07,71.2675,12.25,641.25,3.75,7,15.0,2,1,0.25,0.5
5104,1,0,0.0,0.0,4.0,1687.0,4.0,2,10.0,0,0,0.0,0.0
5105,4,1,407.7,101.925,11.5,1092.0,4.0,5,7.5,3,2,0.25,0.6666666666666666
5106,3,0,0.0,0.0,8.0,809.6666666666666,4.0,4,5.0,1,1,0.0,1.0
5107,4,1,1424.89,356.2225,15.0,1057.75,4.25,8,7.5,3,2,0.25,0.6666666666666666
5108,2,1,1140.74,570.37,14.5,288.5,4.5,6,0.0,2,1,0.5,0.5
5109,2,2,3145.08,1572.54,9.0,1087.5,4.0,6,7.5,2,0,1.0,0.0
5110,1,0,0.0,0.0,18.0,387.0,4.0,3,30.0,0,0,0.0,0.0
5111,2,1,275.99,137.995,12.5,665.5,4.0,4,20.0,2,1,0.5,0.5
5112,2,0,0.0,0.0,15.5,190.5,4.0,2,2.5,1,1,0.0,1.0
5113,3,1,469.93,156.64333333333335,8.666666666666666,1313.3333333333333,4.333333333333333,5,13.333333333333334,2,1,0.3333333333333333,0.5
5114,1,0,0.0,0.0,9.0,165.0,4.0,1,10.0,1,1,0.0,1.0
5115,2,1,3400.42,1700.21,9.5,949.0,2.5,6,17.5,1,0,0.5,0.0
5116,1,0,0.0,0.0,11.0,421.0,4.0,2,0.0,1,1,0.0,1.0
5117,1,0,0.0,0.0,2.0,1010.0,4.0,1,15.0,0,0,0.0,0.0
5118,1,1,1688.7,1688.7,19.0,915.0,2.0,1,0.0,1,0,1.0,0.0
5119,5,2,3172.1499999999996,634.43,15.4,742.8,4.0,12,16.0,4,2,0.4,0.5
5120,2,2,2992.91,1496.455,10.5,615.0,3.5,5,7.5,2,0,1.0,0.0
5121,4,0,0.0,0.0,11.0,567.0,4.0,13,6.25,2,2,0.0,1.0
5122,1,0,0.0,0.0,3.0,1342.0,4.0,4,0.0,1,1,0.0,1.0
5123,2,1,140.4,70.2,5.5,737.5,4.5,6,5.0,2,1,0.5,0.5
5124,2,0,0.0,0.0,8.0,557.0,4.0,4,20.0,2,2,0.0,1.0
5125,2,0,0.0,0.0,13.5,977.0,4.0,6,7.5,1,1,0.0,1.0
5126,4,1,4094.21,1023.5525,19.75,634.75,4.0,11,11.25,2,1,0.25,0.5
5127,2,1,2613.52,1306.76,15.5,899.0,4.0,5,25.0,1,0,0.5,0.0
5128,1,1,2595.81,2595.81,7.0,809.0,4.0,3,5.0,1,0,1.0,0.0
5129,6,0,0.0,0.0,16.333333333333332,862.1666666666666,4.0,16,9.166666666666666,5,5,0.0,1.0
5130,2,0,0.0,0.0,13.0,1089.5,4.0,2,0.0,1,1,0.0,1.0
5131,2,0,0.0,0.0,12.0,1248.5,4.0,2,5.0,1,1,0.0,1.0
5132,2,1,1352.01,676.005,5.5,231.5,4.0,4,5.0,1,0,0.5,0.0
5133,1,1,586.87,586.87,10.0,813.0,5.0,3,10.0,1,0,1.0,0.0
5135,2,0,0.0,0.0,10.0,160.0,4.0,4,7.5,1,1,0.0,1.0
5136,2,0,0.0,0.0,10.5,1117.0,4.0,6,10.0,0,0,0.0,0.0
5138,2,1,2891.82,1445.91,10.5,641.5,4.0,3,2.5,2,1,0.5,0.5
5139,3,0,0.0,0.0,13.0,341.0,4.0,8,6.666666666666667,1,1,0.0,1.0
5140,2,1,1418.33,709.165,8.0,1335.5,4.0,5,10.0,2,1,0.5,0.5
5141,5,1,940.71,188.142,17.0,746.6,4.0,13,12.0,2,1,0.2,0.5
5143,5,2,1620.78,324.156,10.8,1203.4,4.2,13,4.0,4,2,0.4,0.5
5144,1,1,879.59,879.59,20.0,1657.0,5.0,1,0.0,1,0,1.0,0.0
5146,4,1,1760.28,440.07,13.0,1078.5,3.75,13,7.5,2,1,0.25,0.5
5147,4,1,446.38,111.595,11.25,531.5,3.75,8,10.0,3,2,0.25,0.6666666666666666
5148,3,3,6018.0599999999995,2006.0199999999998,12.0,1067.6666666666667,3.6666666666666665,7,0.0,3,0,1.0,0.0
5149,1,0,0.0,0.0,9.0,1726.0,4.0,1,0.0,0,0,0.0,0.0
5150,2,0,0.0,0.0,20.5,1075.5,4.0,7,7.5,1,1,0.0,1.0
5151,3,1,4337.17,1445.7233333333334,11.0,717.0,4.0,6,5.0,3,2,0.3333333333333333,0.6666666666666666
5152,2,0,0.0,0.0,18.5,1291.0,4.0,5,5.0,2,2,0.0,1.0
5153,3,1,1722.1,574.0333333333333,18.666666666666668,1134.6666666666667,4.0,9,10.0,3,2,0.3333333333333333,0.6666666666666666
5154,3,0,0.0,0.0,19.0,1001.3333333333334,4.0,4,11.666666666666666,1,1,0.0,1.0
5155,7,0,0.0,0.0,14.714285714285714,1052.142857142857,4.0,15,7.142857142857143,0,0,0.0,0.0
5156,2,0,0.0,0.0,16.0,1032.5,4.0,4,5.0,1,1,0.0,1.0
5158,3,0,0.0,0.0,21.0,321.3333333333333,4.0,7,6.666666666666667,0,0,0.0,0.0
5159,1,0,0.0,0.0,20.0,1547.0,4.0,4,5.0,1,1,0.0,1.0
5160,3,0,0.0,0.0,8.333333333333334,886.3333333333334,4.0,8,1.6666666666666667,2,2,0.0,1.0
5161,4,1,58.43,14.6075,13.5,918.25,4.0,5,7.5,3,2,0.25,0.6666666666666666
5162,4,1,1248.08,312.02,13.25,675.0,4.0,8,7.5,3,2,0.25,0.6666666666666666
5163,4,1,2251.19,562.7975,15.25,728.25,3.75,10,11.25,4,3,0.25,0.75
5164,5,0,0.0,0.0,11.8,904.6,4.0,10,17.0,3,3,0.0,1.0
5165,1,0,0.0,0.0,19.0,663.0,4.0,2,10.0,1,1,0.0,1.0
5166,8,1,1061.77,132.72125,14.25,791.125,4.125,22,5.625,5,4,0.125,0.8
5167,3,0,0.0,0.0,19.0,814.0,4.0,8,6.666666666666667,0,0,0.0,0.0
5168,1,0,0.0,0.0,12.0,1454.0,4.0,3,30.0,0,0,0.0,0.0
5169,1,0,0.0,0.0,17.0,967.0,4.0,4,5.0,0,0,0.0,0.0
5170,2,0,0.0,0.0,8.0,1175.0,4.0,5,7.5,1,1,0.0,1.0
5171,3,0,0.0,0.0,11.0,746.3333333333334,4.0,6,0.0,1,1,0.0,1.0
5172,5,1,903.48,180.696,11.2,788.4,3.8,15,9.0,4,3,0.2,0.75
5173,4,0,0.0,0.0,14.0,651.75,4.0,11,7.5,3,3,0.0,1.0
5174,6,2,1503.4,250.5666666666667,12.0,884.0,4.0,17,8.333333333333334,5,3,0.3333333333333333,0.6
5175,3,0,0.0,0.0,10.0,570.3333333333334,4.0,6,18.333333333333332,2,2,0.0,1.0
5176,6,4,15955.15,2659.1916666666666,16.666666666666668,744.8333333333334,4.333333333333333,13,6.666666666666667,5,1,0.6666666666666666,0.2
5177,1,0,0.0,0.0,24.0,281.0,4.0,2,15.0,1,1,0.0,1.0
5178,2,0,0.0,0.0,10.0,1622.0,4.0,5,15.0,0,0,0.0,0.0
5179,2,1,1319.44,659.72,15.5,1404.5,4.0,7,5.0,2,1,0.5,0.5
5180,3,1,3580.77,1193.59,10.666666666666666,1211.3333333333333,4.0,7,3.3333333333333335,2,1,0.3333333333333333,0.5
5181,4,0,0.0,0.0,13.75,1028.75,4.0,15,6.25,2,2,0.0,1.0
5183,3,1,991.8,330.59999999999997,12.0,1303.0,4.0,7,0.0,1,0,0.3333333333333333,0.0
5184,5,0,0.0,0.0,12.6,1269.4,4.0,15,2.0,3,3,0.0,1.0
5185,2,0,0.0,0.0,11.0,533.0,4.0,5,10.0,0,0,0.0,0.0
5186,4,0,0.0,0.0,20.0,826.0,4.0,12,12.5,1,1,0.0,1.0
5187,1,0,0.0,0.0,17.0,681.0,4.0,1,0.0,0,0,0.0,0.0
5188,4,1,4880.26,1220.065,11.25,877.0,4.0,11,13.75,3,2,0.25,0.6666666666666666
5189,1,0,0.0,0.0,15.0,926.0,4.0,1,5.0,0,0,0.0,0.0
5190,1,0,0.0,0.0,16.0,1289.0,4.0,1,25.0,0,0,0.0,0.0
5191,3,0,0.0,0.0,12.333333333333334,963.6666666666666,4.0,6,11.666666666666666,2,2,0.0,1.0
5192,2,0,0.0,0.0,14.0,1745.5,4.0,8,15.0,1,1,0.0,1.0
5193,2,0,0.0,0.0,20.5,1046.0,4.0,6,2.5,1,1,0.0,1.0
5194,2,1,769.59,384.795,6.0,406.5,3.0,4,7.5,1,0,0.5,0.0
5195,2,0,0.0,0.0,14.0,987.0,4.0,6,10.0,1,1,0.0,1.0
5196,3,0,0.0,0.0,10.333333333333334,1090.6666666666667,4.0,7,15.0,1,1,0.0,1.0
5197,1,0,0.0,0.0,9.0,1458.0,4.0,1,0.0,0,0,0.0,0.0
5198,4,0,0.0,0.0,5.0,856.5,4.0,10,22.5,1,1,0.0,1.0
5199,3,1,880.7,293.56666666666666,19.333333333333332,270.6666666666667,4.333333333333333,6,5.0,2,1,0.3333333333333333,0.5
5200,4,1,178.74,44.685,7.5,932.75,4.0,8,6.25,4,3,0.25,0.75
5201,1,0,0.0,0.0,2.0,1121.0,4.0,3,0.0,1,1,0.0,1.0
5202,3,1,861.31,287.1033333333333,6.333333333333333,951.6666666666666,4.0,4,3.3333333333333335,3,2,0.3333333333333333,0.6666666666666666
5203,1,0,0.0,0.0,21.0,63.0,4.0,1,10.0,1,1,0.0,1.0
5204,2,0,0.0,0.0,5.5,1246.5,4.0,5,7.5,1,1,0.0,1.0
5205,2,0,0.0,0.0,7.5,1277.5,4.0,7,5.0,2,2,0.0,1.0
5206,2,1,4256.56,2128.28,10.5,1243.0,4.0,7,7.5,1,0,0.5,0.0
5207,2,0,0.0,0.0,13.5,1230.0,4.0,4,20.0,1,1,0.0,1.0
5208,2,0,0.0,0.0,19.5,1341.0,4.0,4,12.5,2,2,0.0,1.0
5209,3,0,0.0,0.0,3.3333333333333335,956.6666666666666,4.0,5,5.0,2,2,0.0,1.0
5210,1,0,0.0,0.0,8.0,120.0,4.0,2,5.0,1,1,0.0,1.0
5211,4,1,4036.14,1009.035,8.25,148.0,4.0,7,7.5,2,1,0.25,0.5
5212,3,1,1241.29,413.7633333333333,15.666666666666666,868.0,4.333333333333333,6,5.0,2,1,0.3333333333333333,0.5
5213,5,3,4566.01,913.202,14.6,1230.8,4.0,9,7.0,4,1,0.6,0.25
5214,4,0,0.0,0.0,16.75,867.5,4.0,6,15.0,3,3,0.0,1.0
5215,4,0,0.0,0.0,18.25,636.75,4.0,12,17.5,2,2,0.0,1.0
5216,2,0,0.0,0.0,14.5,1392.5,4.0,5,7.5,2,2,0.0,1.0
5217,3,1,2023.81,674.6033333333334,13.666666666666666,606.3333333333334,3.6666666666666665,10,11.666666666666666,2,1,0.3333333333333333,0.5
5218,4,1,390.54,97.635,12.0,1064.75,4.0,7,8.75,3,2,0.25,0.6666666666666666
5219,3,0,0.0,0.0,7.0,1055.6666666666667,4.0,5,10.0,1,1,0.0,1.0
5220,3,1,1020.52,340.17333333333335,11.333333333333334,590.6666666666666,3.6666666666666665,11,0.0,2,1,0.3333333333333333,0.5
5221,6,3,4751.84,791.9733333333334,9.666666666666666,766.6666666666666,4.166666666666667,17,10.833333333333334,6,3,0.5,0.5
5222,2,1,1258.38,629.19,12.0,1764.0,4.5,4,5.0,2,1,0.5,0.5
5223,3,0,0.0,0.0,7.0,772.6666666666666,4.0,8,15.0,2,2,0.0,1.0
5224,2,1,824.3,412.15,4.5,1126.0,4.0,5,10.0,1,0,0.5,0.0
5225,4,2,935.03,233.7575,10.0,1554.0,4.5,9,7.5,4,2,0.5,0.5
5226,2,0,0.0,0.0,20.0,1326.0,4.0,3,12.5,1,1,0.0,1.0
5227,5,1,633.0,126.6,10.0,473.6,4.0,13,4.0,2,1,0.2,0.5
5228,1,1,1246.53,1246.53,2.0,1047.0,4.0,3,0.0,1,0,1.0,0.0
5229,7,2,2889.7799999999997,412.82571428571424,11.428571428571429,891.5714285714286,4.142857142857143,15,2.857142857142857,3,1,0.2857142857142857,0.3333333333333333
5231,5,0,0.0,0.0,15.4,931.0,4.0,15,22.0,1,1,0.0,1.0
5232,2,1,43.35,21.675,22.0,118.0,3.5,3,17.5,1,0,0.5,0.0
5235,1,0,0.0,0.0,20.0,1489.0,4.0,2,0.0,0,0,0.0,0.0
5237,2,0,0.0,0.0,15.0,1047.0,4.0,4,0.0,2,2,0.0,1.0
5238,4,1,787.17,196.7925,10.0,367.25,4.25,11,3.75,2,1,0.25,0.5
5239,2,1,594.6,297.3,12.0,934.0,2.5,4,12.5,2,1,0.5,0.5
5240,1,0,0.0,0.0,1.0,29.0,4.0,1,30.0,1,1,0.0,1.0
5241,3,1,1445.98,481.99333333333334,9.666666666666666,1093.6666666666667,4.333333333333333,6,21.666666666666668,3,2,0.3333333333333333,0.6666666666666666
5242,5,2,916.84,183.368,9.8,963.4,4.4,10,15.0,4,2,0.4,0.5
5243,3,0,0.0,0.0,13.666666666666666,1692.0,4.0,7,8.333333333333334,3,3,0.0,1.0
5244,4,1,863.44,215.86,17.75,1101.5,4.0,12,13.75,2,1,0.25,0.5
5245,5,2,6146.6,1229.3200000000002,11.0,797.2,3.6,16,7.0,4,2,0.4,0.5
5246,4,1,2238.2,559.55,14.25,907.25,4.0,10,13.75,2,1,0.25,0.5
5247,4,0,0.0,0.0,9.75,599.0,4.0,11,11.25,3,3,0.0,1.0
5248,3,0,0.0,0.0,15.666666666666666,1192.0,4.0,9,5.0,2,2,0.0,1.0
5249,1,1,926.31,926.31,23.0,1082.0,5.0,3,0.0,1,0,1.0,0.0
5251,3,0,0.0,0.0,10.0,641.0,4.0,9,18.333333333333332,3,3,0.0,1.0
5252,6,2,2427.33,404.555,14.0,914.5,3.6666666666666665,16,13.333333333333334,3,1,0.3333333333333333,0.3333333333333333
5253,3,1,1474.56,491.52,13.333333333333334,941.3333333333334,4.333333333333333,4,1.6666666666666667,1,0,0.3333333333333333,0.0
5254,2,0,0.0,0.0,11.5,939.5,4.0,2,5.0,1,1,0.0,1.0
5255,4,2,2754.84,688.71,18.25,317.75,4.25,9,5.0,3,1,0.5,0.3333333333333333
5256,4,0,0.0,0.0,14.75,1208.0,4.0,10,13.75,3,3,0.0,1.0
5257,3,0,0.0,0.0,15.333333333333334,852.3333333333334,4.0,6,5.0,0,0,0.0,0.0
5258,2,0,0.0,0.0,13.0,1176.5,4.0,2,15.0,0,0,0.0,0.0
5259,3,0,0.0,0.0,11.666666666666666,737.3333333333334,4.0,10,13.333333333333334,1,1,0.0,1.0
5260,3,0,0.0,0.0,9.333333333333334,614.3333333333334,4.0,10,10.0,1,1,0.0,1.0
5262,1,0,0.0,0.0,16.0,1035.0,4.0,3,5.0,1,1,0.0,1.0
5263,2,0,0.0,0.0,5.5,1369.0,4.0,5,12.5,1,1,0.0,1.0
5264,5,1,472.87,94.574,17.4,546.8,3.8,11,3.0,2,1,0.2,0.5
5265,3,1,591.32,197.10666666666668,19.0,637.3333333333334,4.0,11,5.0,3,2,0.3333333333333333,0.6666666666666666
5266,3,1,2223.78,741.2600000000001,16.0,1463.0,3.3333333333333335,10,8.333333333333334,3,2,0.3333333333333333,0.6666666666666666
5267,4,0,0.0,0.0,9.25,1433.0,4.0,11,6.25,3,3,0.0,1.0
5268,3,0,0.0,0.0,14.333333333333334,238.0,4.0,8,0.0,2,2,0.0,1.0
5269,3,0,0.0,0.0,15.333333333333334,1084.0,4.0,7,5.0,1,1,0.0,1.0
5270,3,1,2493.64,831.2133333333333,14.333333333333334,1210.6666666666667,4.333333333333333,11,10.0,3,2,0.3333333333333333,0.6666666666666666
5271,1,0,0.0,0.0,19.0,110.0,4.0,3,0.0,0,0,0.0,0.0
5272,4,0,0.0,0.0,9.5,1069.75,4.0,9,13.75,3,3,0.0,1.0
5273,3,0,0.0,0.0,13.333333333333334,155.0,4.0,6,6.666666666666667,2,2,0.0,1.0
5274,6,2,1383.16,230.52666666666667,13.666666666666666,1096.0,4.166666666666667,15,4.166666666666667,3,1,0.3333333333333333,0.3333333333333333
5275,3,0,0.0,0.0,9.666666666666666,755.3333333333334,4.0,9,1.6666666666666667,0,0,0.0,0.0
5276,2,2,3381.56,1690.78,15.0,531.5,4.0,4,2.5,2,0,1.0,0.0
5277,2,0,0.0,0.0,7.0,204.0,4.0,4,12.5,2,2,0.0,1.0
5278,4,1,4951.04,1237.76,10.25,933.25,3.25,12,8.75,2,1,0.25,0.5
5279,4,2,1914.4099999999999,478.60249999999996,14.75,1502.5,4.25,9,7.5,2,0,0.5,0.0
5280,5,2,2874.03,574.806,11.0,949.6,4.2,14,13.0,4,2,0.4,0.5
5281,4,2,1360.48,340.12,12.25,997.0,3.75,10,5.0,4,2,0.5,0.5
5282,4,0,0.0,0.0,15.75,225.75,4.0,6,12.5,1,1,0.0,1.0
5283,1,0,0.0,0.0,9.0,1454.0,4.0,3,10.0,1,1,0.0,1.0
5284,6,1,1169.3,194.88333333333333,11.833333333333334,860.1666666666666,4.0,13,3.3333333333333335,5,4,0.16666666666666666,0.8
5285,5,2,2528.77,505.754,12.2,1263.0,3.8,9,10.0,3,1,0.4,0.3333333333333333
5286,3,0,0.0,0.0,17.333333333333332,1464.0,4.0,7,8.333333333333334,1,1,0.0,1.0
5287,3,0,0.0,0.0,16.666666666666668,808.3333333333334,4.0,5,3.3333333333333335,2,2,0.0,1.0
5288,6,2,5552.33,925.3883333333333,13.166666666666666,673.8333333333334,4.333333333333333,14,12.5,5,3,0.3333333333333333,0.6
5290,3,0,0.0,0.0,14.0,933.3333333333334,4.0,5,6.666666666666667,0,0,0.0,0.0
5291,3,1,1186.63,395.54333333333335,11.0,842.0,4.0,7,10.0,2,1,0.3333333333333333,0.5
5292,3,1,1072.87,357.6233333333333,17.333333333333332,632.6666666666666,4.333333333333333,8,6.666666666666667,3,2,0.3333333333333333,0.6666666666666666
5293,4,0,0.0,0.0,12.5,923.25,4.0,12,6.25,4,4,0.0,1.0
5294,5,1,555.14,111.02799999999999,13.2,917.8,4.0,14,7.0,4,3,0.2,0.75
5295,2,1,444.02,222.01,18.0,1393.0,3.0,6,0.0,2,1,0.5,0.5
5296,3,0,0.0,0.0,15.0,840.0,4.0,5,6.666666666666667,1,1,0.0,1.0
5297,2,1,1252.05,626.025,15.5,1145.5,4.0,6,0.0,1,0,0.5,0.0
5298,3,2,2981.79,993.93,11.666666666666666,855.6666666666666,4.0,10,6.666666666666667,3,1,0.6666666666666666,0.3333333333333333
5299,3,1,1387.8,462.59999999999997,8.0,417.6666666666667,4.333333333333333,5,5.0,2,1,0.3333333333333333,0.5
5300,5,1,1095.1,219.01999999999998,15.4,886.6,3.8,18,12.0,3,2,0.2,0.6666666666666666
5301,4,2,1802.29,450.5725,16.75,1328.5,4.25,8,7.5,4,2,0.5,0.5
5302,2,1,3899.16,1949.58,9.0,999.5,4.0,5,10.0,2,1,0.5,0.5
5303,3,1,1001.53,333.8433333333333,15.666666666666666,607.0,3.3333333333333335,7,6.666666666666667,2,1,0.3333333333333333,0.5
5304,1,0,0.0,0.0,21.0,987.0,4.0,2,15.0,0,0,0.0,0.0
5305,3,0,0.0,0.0,13.333333333333334,640.3333333333334,4.0,8,8.333333333333334,3,3,0.0,1.0
5306,3,0,0.0,0.0,11.333333333333334,529.0,4.0,8,6.666666666666667,3,3,0.0,1.0
5307,2,0,0.0,0.0,12.0,913.5,4.0,7,0.0,1,1,0.0,1.0
5308,2,1,1357.89,678.945,11.5,1299.0,4.0,2,0.0,2,1,0.5,0.5
5309,5,0,0.0,0.0,16.8,996.4,4.0,10,11.0,4,4,0.0,1.0
5310,3,1,3534.4,1178.1333333333334,12.333333333333334,456.3333333333333,4.0,10,5.0,3,2,0.3333333333333333,0.6666666666666666
5311,2,0,0.0,0.0,9.0,284.0,4.0,4,0.0,1,1,0.0,1.0
5312,5,2,2660.37,532.074,13.6,839.8,3.6,11,21.0,5,3,0.4,0.6
5313,2,1,1620.68,810.34,14.5,1011.5,3.5,7,7.5,2,1,0.5,0.5
5314,3,0,0.0,0.0,7.333333333333333,1222.0,4.0,4,5.0,1,1,0.0,1.0
5316,2,0,0.0,0.0,9.0,312.0,4.0,6,7.5,1,1,0.0,1.0
5317,1,1,1178.38,1178.38,12.0,689.0,2.0,2,0.0,1,0,1.0,0.0
5318,2,0,0.0,0.0,19.0,490.0,4.0,5,2.5,0,0,0.0,0.0
5319,1,1,837.3,837.3,19.0,1372.0,5.0,2,0.0,1,0,1.0,0.0
5320,3,0,0.0,0.0,15.0,857.3333333333334,4.0,8,1.6666666666666667,3,3,0.0,1.0
5321,2,0,0.0,0.0,11.5,723.5,4.0,7,22.5,2,2,0.0,1.0
5322,3,1,3699.76,1233.2533333333333,8.666666666666666,967.6666666666666,4.0,6,15.0,3,2,0.3333333333333333,0.6666666666666666
5323,5,1,3361.66,672.332,17.0,1307.0,4.0,15,3.0,4,3,0.2,0.75
5324,3,0,0.0,0.0,13.666666666666666,1064.3333333333333,4.0,10,1.6666666666666667,1,1,0.0,1.0
5325,1,0,0.0,0.0,18.0,62.0,4.0,1,0.0,0,0,0.0,0.0
5326,1,0,0.0,0.0,8.0,94.0,4.0,3,20.0,0,0,0.0,0.0
5327,5,1,1477.92,295.584,14.2,524.4,4.2,12,4.0,3,2,0.2,0.6666666666666666
5328,2,1,3805.9,1902.95,19.0,1069.5,3.5,6,10.0,1,0,0.5,0.0
5329,2,0,0.0,0.0,13.5,917.5,4.0,6,17.5,0,0,0.0,0.0
5330,1,0,0.0,0.0,9.0,1770.0,4.0,4,0.0,1,1,0.0,1.0
5331,1,0,0.0,0.0,12.0,1065.0,4.0,4,0.0,0,0,0.0,0.0
5332,3,1,1275.4,425.1333333333334,11.333333333333334,614.6666666666666,4.0,10,1.6666666666666667,2,1,0.3333333333333333,0.5
5333,1,0,0.0,0.0,14.0,62.0,4.0,2,10.0,0,0,0.0,0.0
5334,2,1,1727.08,863.54,11.5,955.0,4.0,6,20.0,2,1,0.5,0.5
5335,1,1,1113.81,1113.81,24.0,1545.0,5.0,1,0.0,1,0,1.0,0.0
5336,1,0,0.0,0.0,10.0,1160.0,4.0,3,0.0,1,1,0.0,1.0
5337,5,2,3008.5699999999997,601.7139999999999,8.6,1115.0,4.0,17,16.0,2,0,0.4,0.0
5338,2,0,0.0,0.0,6.5,1096.5,4.0,6,15.0,0,0,0.0,0.0
5339,4,1,3675.57,918.8925,16.0,1000.25,4.0,11,3.75,3,2,0.25,0.6666666666666666
5340,3,1,4948.2,1649.3999999999999,10.333333333333334,1166.3333333333333,3.6666666666666665,8,5.0,3,2,0.3333333333333333,0.6666666666666666
5342,3,1,532.5,177.5,15.0,1168.0,4.0,7,1.6666666666666667,3,2,0.3333333333333333,0.6666666666666666
5343,2,1,776.36,388.18,18.0,533.5,4.0,6,7.5,1,0,0.5,0.0
5344,1,0,0.0,0.0,8.0,30.0,4.0,1,0.0,0,0,0.0,0.0
5345,4,0,0.0,0.0,11.75,1577.0,4.0,14,7.5,2,2,0.0,1.0
5346,1,0,0.0,0.0,7.0,1141.0,4.0,4,30.0,1,1,0.0,1.0
5347,1,0,0.0,0.0,22.0,13.0,4.0,1,0.0,0,0,0.0,0.0
5348,3,0,0.0,0.0,14.666666666666666,1288.6666666666667,4.0,8,13.333333333333334,1,1,0.0,1.0
5349,4,1,431.06,107.765,16.5,648.5,4.0,12,7.5,4,3,0.25,0.75
5350,4,0,0.0,0.0,18.25,1278.5,4.0,10,6.25,3,3,0.0,1.0
5351,3,1,1644.67,548.2233333333334,12.0,390.3333333333333,4.0,6,6.666666666666667,3,2,0.3333333333333333,0.6666666666666666
5352,2,1,2582.32,1291.16,21.5,839.0,3.5,4,10.0,1,0,0.5,0.0
5354,1,0,0.0,0.0,13.0,1188.0,4.0,4,10.0,1,1,0.0,1.0
5355,3,0,0.0,0.0,7.666666666666667,1229.6666666666667,4.0,4,13.333333333333334,3,3,0.0,1.0
5356,2,0,0.0,0.0,13.0,330.0,4.0,3,20.0,1,1,0.0,1.0
5357,2,0,0.0,0.0,10.0,1150.0,4.0,7,12.5,0,0,0.0,0.0
5358,2,1,831.26,415.63,10.0,394.5,4.5,5,10.0,1,0,0.5,0.0
5359,1,0,0.0,0.0,19.0,28.0,4.0,2,30.0,0,0,0.0,0.0
5361,1,0,0.0,0.0,7.0,1395.0,4.0,2,0.0,1,1,0.0,1.0
5362,3,1,3331.59,1110.53,11.666666666666666,1556.3333333333333,3.3333333333333335,7,13.333333333333334,1,0,0.3333333333333333,0.0
5364,2,1,147.89,73.945,13.0,865.5,4.5,4,12.5,2,1,0.5,0.5
5365,1,0,0.0,0.0,1.0,977.0,4.0,4,0.0,1,1,0.0,1.0
5367,1,0,0.0,0.0,19.0,298.0,4.0,1,5.0,1,1,0.0,1.0
5368,1,0,0.0,0.0,19.0,526.0,4.0,4,10.0,1,1,0.0,1.0
5369,3,0,0.0,0.0,10.333333333333334,563.0,4.0,7,11.666666666666666,1,1,0.0,1.0
5370,1,0,0.0,0.0,20.0,259.0,4.0,3,15.0,1,1,0.0,1.0
5371,1,1,2112.24,2112.24,21.0,1358.0,1.0,4,0.0,1,0,1.0,0.0
5372,2,2,3448.7400000000002,1724.3700000000001,17.0,1517.5,4.0,5,0.0,2,0,1.0,0.0
5373,3,0,0.0,0.0,15.0,802.0,4.0,9,13.333333333333334,0,0,0.0,0.0
5374,4,0,0.0,0.0,15.5,992.75,4.0,6,20.0,2,2,0.0,1.0
5375,4,1,336.52,84.13,14.25,851.75,3.75,8,5.0,2,1,0.25,0.5
5376,4,2,5905.45,1476.3625,13.25,760.25,4.0,10,3.75,3,1,0.5,0.3333333333333333
5377,1,0,0.0,0.0,9.0,567.0,4.0,2,20.0,0,0,0.0,0.0
5378,4,1,3867.51,966.8775,16.25,1213.75,4.0,11,6.25,4,3,0.25,0.75
5379,5,1,1235.02,247.004,14.6,620.6,3.8,12,8.0,3,2,0.2,0.6666666666666666
5382,4,3,3372.62,843.155,12.0,1065.75,2.75,10,12.5,4,1,0.75,0.25
5383,2,0,0.0,0.0,12.5,1052.5,4.0,5,5.0,1,1,0.0,1.0
5385,1,0,0.0,0.0,20.0,835.0,4.0,4,15.0,0,0,0.0,0.0
5386,2,0,0.0,0.0,4.5,357.0,4.0,3,12.5,0,0,0.0,0.0
5387,5,0,0.0,0.0,11.6,1551.0,4.0,11,8.0,2,2,0.0,1.0
5388,2,0,0.0,0.0,10.5,1135.0,4.0,2,15.0,1,1,0.0,1.0
5389,1,0,0.0,0.0,4.0,61.0,4.0,1,20.0,1,1,0.0,1.0
5390,3,0,0.0,0.0,15.0,1406.6666666666667,4.0,6,11.666666666666666,1,1,0.0,1.0
5391,2,0,0.0,0.0,19.0,661.0,4.0,5,0.0,1,1,0.0,1.0
5393,4,0,0.0,0.0,5.0,1043.25,4.0,11,7.5,2,2,0.0,1.0
5394,2,0,0.0,0.0,21.0,1578.5,4.0,3,5.0,1,1,0.0,1.0
5395,1,1,2786.42,2786.42,2.0,907.0,3.0,3,20.0,1,0,1.0,0.0
5396,3,0,0.0,0.0,10.333333333333334,1473.0,4.0,7,6.666666666666667,1,1,0.0,1.0
5397,3,1,4361.91,1453.97,12.0,1291.3333333333333,4.333333333333333,9,3.3333333333333335,1,0,0.3333333333333333,0.0
5398,1,1,1835.82,1835.82,6.0,857.0,4.0,2,0.0,1,0,1.0,0.0
5399,4,1,3984.39,996.0975,8.75,1248.75,3.25,13,6.25,1,0,0.25,0.0
5400,4,1,590.27,147.5675,9.75,876.0,4.25,7,13.75,4,3,0.25,0.75
5401,1,0,0.0,0.0,11.0,809.0,4.0,2,0.0,0,0,0.0,0.0
5402,4,2,1546.35,386.5875,12.0,910.0,4.0,8,12.5,4,2,0.5,0.5
5403,3,2,9428.04,3142.6800000000003,3.0,196.0,2.6666666666666665,10,5.0,3,1,0.6666666666666666,0.3333333333333333
5404,4,0,0.0,0.0,9.0,950.75,4.0,8,5.0,2,2,0.0,1.0
5405,4,0,0.0,0.0,12.75,1044.5,4.0,13,8.75,2,2,0.0,1.0
5406,4,2,4037.97,1009.4925,12.75,1205.0,4.25,10,7.5,3,1,0.5,0.3333333333333333
5407,3,0,0.0,0.0,10.333333333333334,1172.0,4.0,8,3.3333333333333335,1,1,0.0,1.0
5408,4,0,0.0,0.0,5.5,540.25,4.0,12,3.75,2,2,0.0,1.0
5409,3,1,2449.83,816.61,12.0,1254.0,4.0,8,3.3333333333333335,3,2,0.3333333333333333,0.6666666666666666
5410,1,0,0.0,0.0,5.0,714.0,4.0,3,15.0,1,1,0.0,1.0
5411,2,0,0.0,0.0,17.0,625.0,4.0,5,5.0,1,1,0.0,1.0
5412,1,0,0.0,0.0,13.0,1038.0,4.0,4,10.0,0,0,0.0,0.0
5413,1,1,2911.58,2911.58,21.0,1649.0,5.0,2,0.0,1,0,1.0,0.0
5414,4,0,0.0,0.0,15.25,800.25,4.0,8,17.5,1,1,0.0,1.0
5415,3,2,3356.38,1118.7933333333333,13.666666666666666,1418.0,3.6666666666666665,5,11.666666666666666,2,0,0.6666666666666666,0.0
5416,5,3,4996.34,999.268,16.0,969.2,4.2,10,10.0,4,1,0.6,0.25
5417,3,0,0.0,0.0,17.333333333333332,285.6666666666667,4.0,10,13.333333333333334,2,2,0.0,1.0
5418,4,1,5081.0,1270.25,14.0,604.75,3.75,10,10.0,4,3,0.25,0.75
5419,5,1,364.26,72.852,12.2,916.0,4.0,14,12.0,5,4,0.2,0.8
5420,4,0,0.0,0.0,10.5,954.75,4.0,13,2.5,2,2,0.0,1.0
5421,1,1,1156.78,1156.78,13.0,1488.0,3.0,3,20.0,1,0,1.0,0.0
5422,2,1,906.09,453.045,14.0,1115.0,4.0,5,7.5,2,1,0.5,0.5
5423,5,0,0.0,0.0,15.6,616.2,4.0,12,5.0,4,4,0.0,1.0
5424,1,1,365.8,365.8,16.0,1456.0,4.0,1,0.0,1,0,1.0,0.0
5425,1,1,4752.42,4752.42,19.0,1202.0,3.0,4,25.0,1,0,1.0,0.0
5426,3,1,720.48,240.16,15.333333333333334,791.3333333333334,3.3333333333333335,6,3.3333333333333335,2,1,0.3333333333333333,0.5
5427,5,1,1361.9,272.38,17.8,957.6,4.0,10,3.0,5,4,0.2,0.8
5428,4,0,0.0,0.0,18.0,795.75,4.0,10,10.0,2,2,0.0,1.0
5429,3,1,1303.03,434.3433333333333,15.0,1068.6666666666667,3.3333333333333335,5,8.333333333333334,2,1,0.3333333333333333,0.5
5430,2,1,533.86,266.93,13.0,1410.0,3.0,6,7.5,1,0,0.5,0.0
5431,2,1,3757.12,1878.56,15.5,452.0,4.0,7,0.0,1,0,0.5,0.0
5432,3,1,1113.82,371.2733333333333,14.666666666666666,743.3333333333334,3.3333333333333335,6,10.0,1,0,0.3333333333333333,0.0
5433,1,0,0.0,0.0,19.0,1585.0,4.0,1,20.0,0,0,0.0,0.0
5434,3,2,2254.5699999999997,751.5233333333332,17.0,1346.6666666666667,4.666666666666667,7,8.333333333333334,2,0,0.6666666666666666,0.0
5435,2,1,695.71,347.855,5.5,895.0,4.5,6,15.0,1,0,0.5,0.0
5436,2,0,0.0,0.0,12.0,1035.0,4.0,4,0.0,2,2,0.0,1.0
5437,2,0,0.0,0.0,11.5,184.5,4.0,5,17.5,1,1,0.0,1.0
5438,3,0,0.0,0.0,10.666666666666666,594.3333333333334,4.0,8,0.0,3,3,0.0,1.0
5439,2,0,0.0,0.0,16.5,397.0,4.0,8,5.0,2,2,0.0,1.0
5440,2,0,0.0,0.0,9.5,314.0,4.0,5,7.5,2,2,0.0,1.0
5441,1,0,0.0,0.0,11.0,668.0,4.0,1,0.0,0,0,0.0,0.0
5442,5,2,937.58,187.51600000000002,10.6,873.8,3.6,16,6.0,3,1,0.4,0.3333333333333333
5443,2,1,2294.12,1147.06,8.5,699.0,4.5,8,10.0,2,1,0.5,0.5
5444,2,0,0.0,0.0,4.0,880.0,4.0,4,17.5,1,1,0.0,1.0
5445,2,0,0.0,0.0,12.5,843.0,4.0,8,7.5,1,1,0.0,1.0
5446,7,3,3457.06,493.86571428571426,10.142857142857142,650.4285714285714,3.7142857142857144,13,5.714285714285714,4,1,0.42857142857142855,0.25
5447,3,0,0.0,0.0,11.0,1552.0,4.0,6,5.0,2,2,0.0,1.0
5448,5,1,1576.32,315.264,10.4,1282.0,4.2,15,7.0,4,3,0.2,0.75
5450,2,1,3222.07,1611.035,13.5,980.0,4.0,6,12.5,2,1,0.5,0.5
5452,3,0,0.0,0.0,13.666666666666666,870.0,4.0,9,13.333333333333334,1,1,0.0,1.0
5453,3,1,434.92,144.97333333333333,8.333333333333334,890.3333333333334,4.0,9,6.666666666666667,3,2,0.3333333333333333,0.6666666666666666
5455,2,0,0.0,0.0,18.0,919.5,4.0,6,17.5,2,2,0.0,1.0
5457,3,0,0.0,0.0,10.0,380.3333333333333,4.0,7,16.666666666666668,2,2,0.0,1.0
5458,1,0,0.0,0.0,4.0,732.0,4.0,4,15.0,0,0,0.0,0.0
5459,5,2,3951.57,790.3140000000001,13.8,788.2,4.2,10,9.0,3,1,0.4,0.3333333333333333
5460,4,1,1026.87,256.7175,14.25,963.5,4.0,9,3.75,2,1,0.25,0.5
5461,3,1,262.45,87.48333333333333,13.0,841.6666666666666,4.333333333333333,9,8.333333333333334,3,2,0.3333333333333333,0.6666666666666666
5462,1,0,0.0,0.0,8.0,437.0,4.0,2,10.0,0,0,0.0,0.0
5463,5,3,1868.11,373.62199999999996,9.8,1277.8,3.8,7,11.0,3,0,0.6,0.0
5464,2,1,5860.0,2930.0,12.0,608.5,3.0,7,7.5,1,0,0.5,0.0
5465,1,0,0.0,0.0,17.0,1340.0,4.0,4,0.0,0,0,0.0,0.0
5466,4,2,4672.51,1168.1275,17.25,1031.75,4.25,12,2.5,4,2,0.5,0.5
5467,3,1,1604.38,534.7933333333334,11.333333333333334,1092.0,4.0,10,16.666666666666668,3,2,0.3333333333333333,0.6666666666666666
5468,4,1,567.43,141.8575,13.25,401.75,4.0,10,13.75,3,2,0.25,0.6666666666666666
5469,3,1,930.92,310.3066666666667,5.0,1341.6666666666667,3.6666666666666665,6,13.333333333333334,3,2,0.3333333333333333,0.6666666666666666
5470,5,1,167.16,33.432,11.8,789.8,4.2,12,2.0,2,1,0.2,0.5
5471,5,2,2483.94,496.788,10.6,1030.8,3.8,13,15.0,5,3,0.4,0.6
5472,3,0,0.0,0.0,18.666666666666668,910.3333333333334,4.0,6,6.666666666666667,1,1,0.0,1.0
5473,1,0,0.0,0.0,24.0,534.0,4.0,1,15.0,1,1,0.0,1.0
5475,4,1,1787.51,446.8775,17.0,962.5,4.0,11,6.25,1,0,0.25,0.0
5476,3,0,0.0,0.0,15.333333333333334,771.3333333333334,4.0,8,10.0,3,3,0.0,1.0
5477,2,0,0.0,0.0,10.5,800.0,4.0,5,0.0,1,1,0.0,1.0
5478,4,1,1465.94,366.485,3.25,527.75,4.0,9,3.75,3,2,0.25,0.6666666666666666
5479,2,1,2663.02,1331.51,14.5,330.5,4.5,6,10.0,2,1,0.5,0.5
5480,5,1,1075.73,215.14600000000002,10.0,844.6,3.8,13,9.0,4,3,0.2,0.75
5481,3,0,0.0,0.0,16.333333333333332,1583.3333333333333,4.0,6,13.333333333333334,1,1,0.0,1.0
5483,1,0,0.0,0.0,15.0,424.0,4.0,3,15.0,1,1,0.0,1.0
5484,3,2,4552.2,1517.3999999999999,9.666666666666666,771.0,3.6666666666666665,7,16.666666666666668,2,0,0.6666666666666666,0.0
5485,2,2,2295.85,1147.925,17.5,673.0,3.0,4,0.0,2,0,1.0,0.0
5486,3,1,859.6,286.53333333333336,12.0,787.6666666666666,3.6666666666666665,8,6.666666666666667,1,0,0.3333333333333333,0.0
5487,2,0,0.0,0.0,17.0,1359.5,4.0,5,15.0,1,1,0.0,1.0
5488,3,1,943.28,314.4266666666667,10.333333333333334,948.6666666666666,4.333333333333333,7,0.0,2,1,0.3333333333333333,0.5
5489,2,1,4844.2,2422.1,7.0,1334.0,4.0,7,17.5,1,0,0.5,0.0
5490,3,1,626.14,208.71333333333334,12.333333333333334,1339.6666666666667,4.333333333333333,5,15.0,1,0,0.3333333333333333,0.0
5491,3,0,0.0,0.0,11.333333333333334,1068.6666666666667,4.0,7,15.0,1,1,0.0,1.0
5492,5,0,0.0,0.0,16.2,822.0,4.0,10,10.0,3,3,0.0,1.0
5493,4,1,1158.28,289.57,8.25,1050.25,4.0,10,6.25,3,2,0.25,0.6666666666666666
5494,3,0,0.0,0.0,10.333333333333334,339.6666666666667,4.0,4,10.0,0,0,0.0,0.0
5495,1,0,0.0,0.0,13.0,1221.0,4.0,3,15.0,1,1,0.0,1.0
5496,2,1,3870.3,1935.15,3.5,1009.5,4.5,5,7.5,2,1,0.5,0.5
5498,2,1,5022.84,2511.42,22.5,468.0,4.5,6,0.0,2,1,0.5,0.5
5499,3,0,0.0,0.0,20.0,461.6666666666667,4.0,8,8.333333333333334,2,2,0.0,1.0
5500,2,1,1184.51,592.255,17.0,1474.5,4.0,8,10.0,1,0,0.5,0.0
5501,6,0,0.0,0.0,12.833333333333334,820.3333333333334,4.0,13,11.666666666666666,4,4,0.0,1.0
5502,3,1,1496.63,498.8766666666667,13.333333333333334,894.0,3.6666666666666665,9,5.0,3,2,0.3333333333333333,0.6666666666666666
5503,3,1,442.61,147.53666666666666,13.333333333333334,1266.3333333333333,3.6666666666666665,5,3.3333333333333335,2,1,0.3333333333333333,0.5
5504,5,1,2470.05,494.01000000000005,14.8,701.2,3.8,11,4.0,5,4,0.2,0.8
5505,6,2,2380.4700000000003,396.74500000000006,15.166666666666666,691.6666666666666,4.0,15,6.666666666666667,5,3,0.3333333333333333,0.6
5506,2,0,0.0,0.0,14.0,1365.0,4.0,4,12.5,0,0,0.0,0.0
5507,3,0,0.0,0.0,14.0,941.0,4.0,5,13.333333333333334,1,1,0.0,1.0
5508,3,2,4799.0599999999995,1599.6866666666665,15.0,962.0,4.666666666666667,9,15.0,2,0,0.6666666666666666,0.0
5509,2,1,316.54,158.27,11.0,793.0,3.0,5,20.0,1,0,0.5,0.0
5510,3,0,0.0,0.0,13.0,355.0,4.0,10,13.333333333333334,3,3,0.0,1.0
5511,3,0,0.0,0.0,10.333333333333334,780.0,4.0,7,5.0,1,1,0.0,1.0
5512,1,0,0.0,0.0,18.0,1129.0,4.0,1,0.0,1,1,0.0,1.0
5513,2,1,3092.52,1546.26,11.5,893.0,4.5,7,0.0,1,0,0.5,0.0
5514,7,2,5784.89,826.4128571428572,9.0,880.7142857142857,4.285714285714286,23,12.857142857142858,5,3,0.2857142857142857,0.6
5515,4,1,3339.2,834.8,19.5,1008.5,3.75,10,7.5,3,2,0.25,0.6666666666666666
5516,1,1,950.89,950.89,18.0,695.0,5.0,2,10.0,1,0,1.0,0.0
5517,2,0,0.0,0.0,15.0,409.5,4.0,5,0.0,0,0,0.0,0.0
5518,7,2,4699.67,671.3814285714286,12.428571428571429,1118.4285714285713,3.7142857142857144,17,10.0,6,4,0.2857142857142857,0.6666666666666666
5519,2,1,1929.7,964.85,12.5,944.5,3.5,4,7.5,1,0,0.5,0.0
5520,1,0,0.0,0.0,20.0,352.0,4.0,4,15.0,1,1,0.0,1.0
5521,3,1,2050.89,683.63,17.333333333333332,875.6666666666666,4.0,10,8.333333333333334,3,2,0.3333333333333333,0.6666666666666666
5522,3,2,1226.31,408.77,3.6666666666666665,766.6666666666666,3.6666666666666665,6,13.333333333333334,3,1,0.6666666666666666,0.3333333333333333
5523,1,0,0.0,0.0,9.0,1279.0,4.0,1,5.0,0,0,0.0,0.0
5524,1,0,0.0,0.0,23.0,1365.0,4.0,2,0.0,0,0,0.0,0.0
5525,5,1,4709.6,941.9200000000001,13.2,649.2,4.2,12,9.0,4,3,0.2,0.75
5526,3,1,395.05,131.68333333333334,14.333333333333334,882.0,4.333333333333333,4,0.0,1,0,0.3333333333333333,0.0
5527,3,1,3662.71,1220.9033333333334,17.0,953.0,3.6666666666666665,9,11.666666666666666,3,2,0.3333333333333333,0.6666666666666666
5528,5,1,1233.59,246.718,9.4,746.2,4.0,8,12.0,2,1,0.2,0.5
5529,4,1,6006.6,1501.65,16.25,977.5,3.5,13,1.25,4,3,0.25,0.75
5531,1,1,508.56,508.56,20.0,1141.0,5.0,2,30.0,1,0,1.0,0.0
5532,3,1,3069.25,1023.0833333333334,13.666666666666666,811.0,4.333333333333333,8,20.0,2,1,0.3333333333333333,0.5
5533,5,3,4167.73,833.5459999999999,7.4,994.8,4.4,10,11.0,4,1,0.6,0.25
5534,3,2,5666.76,1888.92,10.666666666666666,1647.0,4.0,8,10.0,2,0,0.6666666666666666,0.0
5535,1,0,0.0,0.0,2.0,1006.0,4.0,3,0.0,1,1,0.0,1.0
5536,1,0,0.0,0.0,9.0,149.0,4.0,1,0.0,0,0,0.0,0.0
5537,4,1,1249.43,312.3575,13.25,576.25,4.0,8,2.5,4,3,0.25,0.75
5538,4,2,940.72,235.18,10.0,1213.0,4.5,12,13.75,3,1,0.5,0.3333333333333333
5539,1,0,0.0,0.0,12.0,1215.0,4.0,4,15.0,1,1,0.0,1.0
5540,4,1,580.56,145.14,11.25,842.5,4.25,11,12.5,3,2,0.25,0.6666666666666666
5541,4,1,643.98,160.995,14.25,1252.0,3.25,13,12.5,2,1,0.25,0.5
5542,2,0,0.0,0.0,5.5,1619.5,4.0,4,0.0,0,0,0.0,0.0
5543,1,0,0.0,0.0,8.0,1562.0,4.0,1,0.0,1,1,0.0,1.0
5544,3,1,591.86,197.28666666666666,18.0,1367.0,4.0,8,13.333333333333334,2,1,0.3333333333333333,0.5
5545,2,1,644.84,322.42,15.5,1053.0,3.0,5,0.0,2,1,0.5,0.5
5546,1,0,0.0,0.0,17.0,838.0,4.0,4,15.0,1,1,0.0,1.0
5547,2,0,0.0,0.0,14.0,1085.5,4.0,6,15.0,1,1,0.0,1.0
5548,2,0,0.0,0.0,5.5,1135.0,4.0,4,5.0,1,1,0.0,1.0
5549,4,0,0.0,0.0,14.75,570.25,4.0,10,16.25,3,3,0.0,1.0
5550,1,0,0.0,0.0,8.0,746.0,4.0,4,0.0,1,1,0.0,1.0
5551,6,0,0.0,0.0,10.666666666666666,753.1666666666666,4.0,14,14.166666666666666,4,4,0.0,1.0
5552,1,1,1091.95,1091.95,1.0,1359.0,4.0,2,10.0,1,0,1.0,0.0
5553,8,2,7667.139999999999,958.3924999999999,9.5,824.5,4.125,21,9.375,4,2,0.25,0.5
5554,3,0,0.0,0.0,7.0,349.3333333333333,4.0,8,11.666666666666666,1,1,0.0,1.0
5555,2,0,0.0,0.0,15.5,1659.0,4.0,5,12.5,0,0,0.0,0.0
5556,4,0,0.0,0.0,11.0,1164.75,4.0,11,2.5,3,3,0.0,1.0
5557,6,4,6930.64,1155.1066666666668,9.166666666666666,906.5,3.8333333333333335,16,10.833333333333334,5,1,0.6666666666666666,0.2
5558,5,1,330.65,66.13,11.8,734.0,3.8,9,10.0,4,3,0.2,0.75
5559,2,0,0.0,0.0,21.5,1347.0,4.0,8,10.0,2,2,0.0,1.0
5560,6,1,2349.4,391.56666666666666,11.333333333333334,959.3333333333334,4.0,20,5.0,3,2,0.16666666666666666,0.6666666666666666
5561,3,2,3559.89,1186.6299999999999,18.0,331.6666666666667,4.0,8,16.666666666666668,2,0,0.6666666666666666,0.0
5562,3,0,0.0,0.0,15.0,896.0,4.0,9,6.666666666666667,2,2,0.0,1.0
5563,3,0,0.0,0.0,16.666666666666668,782.6666666666666,4.0,7,6.666666666666667,2,2,0.0,1.0
5564,5,0,0.0,0.0,8.8,954.2,4.0,12,4.0,3,3,0.0,1.0
5565,2,0,0.0,0.0,21.0,465.0,4.0,3,5.0,1,1,0.0,1.0
5566,2,0,0.0,0.0,5.5,513.5,4.0,4,2.5,1,1,0.0,1.0
5567,2,0,0.0,0.0,12.0,149.0,4.0,4,7.5,1,1,0.0,1.0
5568,7,1,791.84,113.12,13.428571428571429,1144.7142857142858,3.857142857142857,15,6.428571428571429,5,4,0.14285714285714285,0.8
5569,4,1,1486.43,371.6075,15.5,634.0,4.25,10,5.0,4,3,0.25,0.75
5570,3,0,0.0,0.0,14.0,931.0,4.0,6,0.0,3,3,0.0,1.0
5571,2,0,0.0,0.0,10.0,855.5,4.0,5,7.5,1,1,0.0,1.0
5572,1,0,0.0,0.0,15.0,654.0,4.0,2,5.0,1,1,0.0,1.0
5573,6,2,3589.67,598.2783333333333,13.5,471.3333333333333,4.0,11,4.166666666666667,5,3,0.3333333333333333,0.6
5574,5,2,3038.9300000000003,607.7860000000001,17.2,875.0,3.8,14,2.0,4,2,0.4,0.5
5575,1,0,0.0,0.0,15.0,917.0,4.0,3,20.0,1,1,0.0,1.0
5576,2,0,0.0,0.0,3.0,875.0,4.0,6,10.0,2,2,0.0,1.0
5577,5,0,0.0,0.0,9.6,1226.4,4.0,13,4.0,3,3,0.0,1.0
5578,3,1,3571.08,1190.36,12.666666666666666,459.6666666666667,4.0,10,6.666666666666667,2,1,0.3333333333333333,0.5
5579,4,0,0.0,0.0,16.25,704.75,4.0,10,11.25,3,3,0.0,1.0
5580,3,1,1790.6,596.8666666666667,6.333333333333333,1357.3333333333333,4.0,9,5.0,2,1,0.3333333333333333,0.5
5581,3,2,7678.41,2559.47,6.0,1232.6666666666667,2.6666666666666665,9,5.0,3,1,0.6666666666666666,0.3333333333333333
5582,5,0,0.0,0.0,18.2,569.2,4.0,17,1.0,4,4,0.0,1.0
5583,3,0,0.0,0.0,12.666666666666666,453.0,4.0,7,13.333333333333334,3,3,0.0,1.0
5584,4,0,0.0,0.0,10.75,892.0,4.0,14,3.75,1,1,0.0,1.0
5585,1,0,0.0,0.0,21.0,1071.0,4.0,2,0.0,1,1,0.0,1.0
5586,1,0,0.0,0.0,20.0,1199.0,4.0,3,10.0,1,1,0.0,1.0
5587,4,2,1328.86,332.215,9.5,1043.25,4.0,7,17.5,3,1,0.5,0.3333333333333333
5588,2,0,0.0,0.0,20.0,973.0,4.0,5,0.0,2,2,0.0,1.0
5589,4,0,0.0,0.0,7.25,695.5,4.0,11,5.0,2,2,0.0,1.0
5590,1,0,0.0,0.0,19.0,1405.0,4.0,3,5.0,1,1,0.0,1.0
5592,3,0,0.0,0.0,11.333333333333334,461.6666666666667,4.0,7,16.666666666666668,2,2,0.0,1.0
5593,4,1,3227.0,806.75,10.0,885.5,4.25,8,11.25,3,2,0.25,0.6666666666666666
5595,5,3,3271.27,654.254,14.0,1252.0,3.8,9,16.0,4,1,0.6,0.25
5596,3,1,2303.3,767.7666666666668,13.0,946.3333333333334,3.6666666666666665,9,15.0,3,2,0.3333333333333333,0.6666666666666666
5597,3,2,1570.8000000000002,523.6,5.666666666666667,653.0,4.333333333333333,5,18.333333333333332,3,1,0.6666666666666666,0.3333333333333333
5598,3,0,0.0,0.0,17.333333333333332,645.0,4.0,7,11.666666666666666,1,1,0.0,1.0
5599,1,1,390.62,390.62,22.0,1159.0,2.0,4,20.0,1,0,1.0,0.0
5600,5,0,0.0,0.0,8.0,730.0,4.0,15,14.0,2,2,0.0,1.0
5601,4,2,5046.88,1261.72,7.25,251.0,4.0,11,5.0,3,1,0.5,0.3333333333333333
5602,2,0,0.0,0.0,18.5,1280.0,4.0,7,0.0,1,1,0.0,1.0
5603,4,0,0.0,0.0,14.5,1394.0,4.0,11,12.5,3,3,0.0,1.0
5604,2,0,0.0,0.0,8.5,940.0,4.0,8,22.5,1,1,0.0,1.0
5605,3,1,1793.48,597.8266666666667,13.333333333333334,519.3333333333334,3.6666666666666665,5,0.0,3,2,0.3333333333333333,0.6666666666666666
5606,1,1,1151.22,1151.22,23.0,824.0,4.0,1,15.0,1,0,1.0,0.0
5607,2,1,1332.66,666.33,12.0,1228.5,3.5,6,10.0,1,0,0.5,0.0
5608,2,0,0.0,0.0,12.5,847.5,4.0,2,15.0,1,1,0.0,1.0
5609,4,1,2748.3,687.075,10.25,989.75,4.0,9,13.75,4,3,0.25,0.75
5610,1,1,277.34,277.34,15.0,479.0,3.0,1,0.0,1,0,1.0,0.0
5611,4,1,1745.14,436.285,8.0,1205.0,4.0,9,11.25,1,0,0.25,0.0
5612,5,1,475.44,95.088,15.4,1084.2,3.4,12,9.0,5,4,0.2,0.8
5613,2,0,0.0,0.0,18.5,1182.0,4.0,6,25.0,0,0,0.0,0.0
5614,4,1,563.73,140.9325,5.75,907.25,4.0,9,16.25,4,3,0.25,0.75
5615,4,2,2101.19,525.2975,8.5,811.25,4.5,8,7.5,3,1,0.5,0.3333333333333333
5616,2,0,0.0,0.0,11.5,187.5,4.0,8,10.0,1,1,0.0,1.0
5617,5,1,278.64,55.727999999999994,9.4,579.8,3.8,14,13.0,2,1,0.2,0.5
5618,2,0,0.0,0.0,9.0,387.5,4.0,3,0.0,2,2,0.0,1.0
5619,1,0,0.0,0.0,5.0,300.0,4.0,1,15.0,0,0,0.0,0.0
5620,1,0,0.0,0.0,14.0,146.0,4.0,3,10.0,1,1,0.0,1.0
5621,1,0,0.0,0.0,3.0,699.0,4.0,4,5.0,0,0,0.0,0.0
5622,4,0,0.0,0.0,10.25,824.0,4.0,9,8.75,3,3,0.0,1.0
5623,1,0,0.0,0.0,5.0,1378.0,4.0,4,15.0,0,0,0.0,0.0
5624,2,0,0.0,0.0,5.5,1124.5,4.0,4,17.5,0,0,0.0,0.0
5625,4,0,0.0,0.0,12.75,869.25,4.0,13,3.75,2,2,0.0,1.0
5626,1,0,0.0,0.0,1.0,1563.0,4.0,3,0.0,0,0,0.0,0.0
5627,5,1,3737.79,747.558,14.6,1319.8,4.2,14,16.0,3,2,0.2,0.6666666666666666
5628,3,0,0.0,0.0,17.333333333333332,839.3333333333334,4.0,8,1.6666666666666667,1,1,0.0,1.0
5629,1,0,0.0,0.0,2.0,969.0,4.0,4,15.0,1,1,0.0,1.0
5630,3,2,1151.0900000000001,383.6966666666667,20.666666666666668,599.6666666666666,4.0,4,18.333333333333332,2,0,0.6666666666666666,0.0
5631,3,1,499.9,166.63333333333333,14.666666666666666,485.3333333333333,3.6666666666666665,5,5.0,2,1,0.3333333333333333,0.5
5632,1,0,0.0,0.0,22.0,644.0,4.0,1,0.0,1,1,0.0,1.0
5633,6,0,0.0,0.0,13.166666666666666,1035.3333333333333,4.0,14,20.0,2,2,0.0,1.0
5634,1,1,254.67,254.67,18.0,1054.0,3.0,1,30.0,1,0,1.0,0.0
5635,4,2,8180.68,2045.17,10.75,780.75,3.75,9,5.0,3,1,0.5,0.3333333333333333
5636,3,0,0.0,0.0,9.666666666666666,997.3333333333334,4.0,10,1.6666666666666667,0,0,0.0,0.0
5637,1,0,0.0,0.0,24.0,333.0,4.0,1,10.0,0,0,0.0,0.0
5638,2,0,0.0,0.0,5.0,818.0,4.0,7,10.0,2,2,0.0,1.0
5639,3,1,1712.44,570.8133333333334,10.0,1225.0,4.333333333333333,8,3.3333333333333335,2,1,0.3333333333333333,0.5
5640,1,1,459.4,459.4,1.0,1259.0,3.0,2,10.0,1,0,1.0,0.0
5641,3,0,0.0,0.0,8.0,1073.6666666666667,4.0,5,10.0,1,1,0.0,1.0
5642,4,1,548.44,137.11,13.75,1016.0,4.0,8,5.0,3,2,0.25,0.6666666666666666
5643,3,2,1160.69,386.8966666666667,13.666666666666666,902.6666666666666,3.6666666666666665,7,6.666666666666667,2,0,0.6666666666666666,0.0
5644,4,1,1070.96,267.74,13.75,862.5,4.25,9,6.25,4,3,0.25,0.75
5646,3,0,0.0,0.0,15.0,685.3333333333334,4.0,7,15.0,1,1,0.0,1.0
5647,5,0,0.0,0.0,12.6,1197.8,4.0,12,17.0,2,2,0.0,1.0
5648,3,1,216.78,72.26,21.0,819.6666666666666,3.6666666666666665,9,0.0,2,1,0.3333333333333333,0.5
5650,5,0,0.0,0.0,15.2,601.0,4.0,13,9.0,1,1,0.0,1.0
5651,3,1,876.37,292.12333333333333,8.333333333333334,1146.0,4.333333333333333,6,11.666666666666666,3,2,0.3333333333333333,0.6666666666666666
5652,4,2,2492.8999999999996,623.2249999999999,9.25,473.25,4.25,6,1.25,3,1,0.5,0.3333333333333333
5653,1,0,0.0,0.0,8.0,1280.0,4.0,4,5.0,0,0,0.0,0.0
5654,1,0,0.0,0.0,16.0,259.0,4.0,3,0.0,0,0,0.0,0.0
5656,1,0,0.0,0.0,11.0,1674.0,4.0,4,20.0,1,1,0.0,1.0
5657,4,0,0.0,0.0,15.5,1048.25,4.0,11,1.25,3,3,0.0,1.0
5658,2,0,0.0,0.0,10.5,752.5,4.0,4,0.0,0,0,0.0,0.0
5659,5,1,1153.28,230.656,15.6,786.2,4.2,13,7.0,2,1,0.2,0.5
5660,2,0,0.0,0.0,10.5,1250.5,4.0,6,7.5,1,1,0.0,1.0
5661,3,1,2823.96,941.32,17.333333333333332,958.3333333333334,4.0,8,3.3333333333333335,3,2,0.3333333333333333,0.6666666666666666
5662,1,0,0.0,0.0,8.0,1735.0,4.0,1,30.0,0,0,0.0,0.0
5663,4,0,0.0,0.0,14.75,847.0,4.0,9,12.5,2,2,0.0,1.0
5664,4,0,0.0,0.0,12.25,425.25,4.0,13,15.0,2,2,0.0,1.0
5665,3,1,469.09,156.36333333333332,17.666666666666668,484.3333333333333,4.0,5,10.0,3,2,0.3333333333333333,0.6666666666666666
5666,6,1,946.73,157.78833333333333,14.166666666666666,1061.5,4.0,13,8.333333333333334,4,3,0.16666666666666666,0.75
5667,5,1,2610.47,522.0939999999999,13.2,1176.0,4.2,16,11.0,3,2,0.2,0.6666666666666666
5668,5,1,2285.5,457.1,16.6,808.6,3.6,10,10.0,5,4,0.2,0.8
5669,6,3,4882.39,813.7316666666667,12.833333333333334,962.1666666666666,3.6666666666666665,13,8.333333333333334,5,2,0.5,0.4
5671,5,1,1765.91,353.182,6.4,1194.8,4.0,15,18.0,4,3,0.2,0.75
5672,2,0,0.0,0.0,4.5,385.0,4.0,4,7.5,2,2,0.0,1.0
5673,5,1,1062.0,212.4,12.6,865.8,3.8,9,16.0,4,3,0.2,0.75
5674,3,2,1245.6399999999999,415.2133333333333,15.0,413.6666666666667,4.0,6,8.333333333333334,2,0,0.6666666666666666,0.0
5675,6,1,1180.09,196.68166666666664,12.833333333333334,686.6666666666666,4.0,15,10.0,2,1,0.16666666666666666,0.5
5676,3,1,907.08,302.36,12.666666666666666,1073.6666666666667,3.6666666666666665,3,5.0,2,1,0.3333333333333333,0.5
5677,4,1,370.56,92.64,9.75,1297.5,4.0,10,8.75,2,1,0.25,0.5
5679,5,1,3437.48,687.496,11.6,924.8,3.8,10,14.0,4,3,0.2,0.75
5680,1,0,0.0,0.0,23.0,1792.0,4.0,4,15.0,0,0,0.0,0.0
5681,5,1,3379.94,675.988,15.2,910.6,4.2,17,13.0,3,2,0.2,0.6666666666666666
5682,5,1,1529.45,305.89,14.4,716.8,4.0,11,10.0,3,2,0.2,0.6666666666666666
5683,3,0,0.0,0.0,21.0,571.6666666666666,4.0,9,16.666666666666668,2,2,0.0,1.0
5684,3,2,3551.24,1183.7466666666667,16.0,843.6666666666666,2.6666666666666665,9,16.666666666666668,3,1,0.6666666666666666,0.3333333333333333
5685,3,0,0.0,0.0,13.666666666666666,780.0,4.0,7,1.6666666666666667,2,2,0.0,1.0
5686,4,1,2532.53,633.1325,18.5,850.75,4.25,13,15.0,2,1,0.25,0.5
5687,4,1,862.64,215.66,15.75,845.75,4.25,10,5.0,3,2,0.25,0.6666666666666666
5688,6,2,3969.02,661.5033333333333,12.666666666666666,1139.8333333333333,3.3333333333333335,13,12.5,6,4,0.3333333333333333,0.6666666666666666
5689,1,0,0.0,0.0,20.0,1085.0,4.0,1,0.0,0,0,0.0,0.0
5690,2,1,920.54,460.27,14.5,803.0,3.5,2,5.0,2,1,0.5,0.5
5691,4,0,0.0,0.0,9.5,1116.0,4.0,16,13.75,2,2,0.0,1.0
5692,4,0,0.0,0.0,12.25,370.5,4.0,12,7.5,2,2,0.0,1.0
5693,2,0,0.0,0.0,11.0,914.0,4.0,7,20.0,1,1,0.0,1.0
5694,4,1,2481.91,620.4775,16.25,693.75,4.0,13,18.75,3,2,0.25,0.6666666666666666
5695,1,0,0.0,0.0,21.0,1154.0,4.0,4,20.0,1,1,0.0,1.0
5696,4,1,3156.37,789.0925,9.25,931.5,4.0,10,6.25,2,1,0.25,0.5
5697,6,1,345.63,57.605,10.666666666666666,741.0,4.166666666666667,13,9.166666666666666,1,0,0.16666666666666666,0.0
5698,6,1,2775.34,462.5566666666667,14.666666666666666,675.3333333333334,4.0,17,12.5,4,3,0.16666666666666666,0.75
5699,3,0,0.0,0.0,9.0,487.0,4.0,7,10.0,3,3,0.0,1.0
5700,4,0,0.0,0.0,17.0,749.5,4.0,8,8.75,2,2,0.0,1.0
5701,2,0,0.0,0.0,13.0,690.0,4.0,3,7.5,1,1,0.0,1.0
5702,2,1,294.26,147.13,9.0,1416.5,4.0,5,15.0,2,1,0.5,0.5
5703,2,1,1401.94,700.97,21.5,41.0,4.5,5,7.5,1,0,0.5,0.0
5704,4,0,0.0,0.0,8.0,1085.5,4.0,9,16.25,2,2,0.0,1.0
5706,2,0,0.0,0.0,16.0,386.5,4.0,3,7.5,1,1,0.0,1.0
5707,4,1,2424.23,606.0575,13.25,651.25,4.0,9,13.75,2,1,0.25,0.5
5708,2,0,0.0,0.0,7.0,1148.5,4.0,2,10.0,2,2,0.0,1.0
5709,3,2,3759.04,1253.0133333333333,18.333333333333332,1333.3333333333333,3.0,9,10.0,2,0,0.6666666666666666,0.0
5710,5,2,6117.19,1223.4379999999999,10.2,1291.4,3.6,16,8.0,3,1,0.4,0.3333333333333333
5711,1,0,0.0,0.0,23.0,278.0,4.0,1,20.0,1,1,0.0,1.0
5712,1,0,0.0,0.0,15.0,1063.0,4.0,1,0.0,1,1,0.0,1.0
5713,5,0,0.0,0.0,14.0,264.0,4.0,13,9.0,4,4,0.0,1.0
5714,6,1,422.94,70.49,12.333333333333334,1083.1666666666667,3.8333333333333335,16,8.333333333333334,4,3,0.16666666666666666,0.75
5715,3,0,0.0,0.0,5.666666666666667,644.3333333333334,4.0,8,1.6666666666666667,3,3,0.0,1.0
5716,1,0,0.0,0.0,13.0,154.0,4.0,1,10.0,0,0,0.0,0.0
5717,1,0,0.0,0.0,22.0,1491.0,4.0,3,15.0,1,1,0.0,1.0
5719,3,0,0.0,0.0,10.333333333333334,1083.0,4.0,12,8.333333333333334,2,2,0.0,1.0
5720,4,2,5847.68,1461.92,11.5,851.25,3.0,10,15.0,2,0,0.5,0.0
5721,4,0,0.0,0.0,18.25,950.25,4.0,5,16.25,3,3,0.0,1.0
5722,4,1,1102.16,275.54,9.75,803.5,3.5,6,11.25,4,3,0.25,0.75
5723,3,1,1612.0,537.3333333333334,18.666666666666668,1355.6666666666667,3.6666666666666665,9,13.333333333333334,1,0,0.3333333333333333,0.0
5724,2,1,854.45,427.225,10.0,1389.5,4.5,5,5.0,2,1,0.5,0.5
5725,10,2,4757.410000000001,475.7410000000001,10.1,710.8,3.8,20,6.5,10,8,0.2,0.8
5726,2,0,0.0,0.0,10.0,906.5,4.0,8,25.0,1,1,0.0,1.0
5727,3,1,750.8,250.26666666666665,7.666666666666667,592.6666666666666,4.333333333333333,6,13.333333333333334,1,0,0.3333333333333333,0.0
5728,2,0,0.0,0.0,9.5,691.0,4.0,7,0.0,1,1,0.0,1.0
5729,2,1,992.72,496.36,8.0,606.5,4.0,6,10.0,2,1,0.5,0.5
5730,3,1,761.88,253.96,16.666666666666668,930.3333333333334,4.0,9,6.666666666666667,1,0,0.3333333333333333,0.0
5731,1,0,0.0,0.0,5.0,1261.0,4.0,2,5.0,1,1,0.0,1.0
5732,1,0,0.0,0.0,23.0,1515.0,4.0,4,0.0,0,0,0.0,0.0
5733,2,0,0.0,0.0,14.5,1137.0,4.0,7,10.0,0,0,0.0,0.0
5734,2,0,0.0,0.0,8.0,1251.5,4.0,3,0.0,1,1,0.0,1.0
5735,4,0,0.0,0.0,13.5,1214.75,4.0,11,7.5,1,1,0.0,1.0
5736,5,1,361.68,72.336,8.0,552.8,3.6,11,3.0,5,4,0.2,0.8
5737,4,1,1497.16,374.29,14.0,1111.0,3.25,9,6.25,2,1,0.25,0.5
5738,3,1,728.72,242.90666666666667,8.333333333333334,1366.0,4.0,8,3.3333333333333335,2,1,0.3333333333333333,0.5
5739,4,0,0.0,0.0,12.0,900.5,4.0,7,5.0,1,1,0.0,1.0
5740,5,3,7861.7,1572.34,15.4,727.0,4.4,12,13.0,5,2,0.6,0.4
5742,4,1,2210.87,552.7175,9.75,912.5,3.75,12,7.5,3,2,0.25,0.6666666666666666
5743,3,0,0.0,0.0,16.0,426.3333333333333,4.0,7,6.666666666666667,0,0,0.0,0.0
5744,1,0,0.0,0.0,18.0,137.0,4.0,2,0.0,0,0,0.0,0.0
5745,2,1,257.17,128.585,15.0,1624.0,3.5,4,5.0,2,1,0.5,0.5
5746,5,0,0.0,0.0,8.4,788.6,4.0,18,7.0,2,2,0.0,1.0
5747,4,1,712.32,178.08,10.75,975.25,4.25,7,0.0,3,2,0.25,0.6666666666666666
5748,5,2,2531.29,506.258,9.2,653.0,4.0,16,11.0,5,3,0.4,0.6
5749,5,2,1525.8200000000002,305.16400000000004,10.4,933.4,3.8,8,6.0,3,1,0.4,0.3333333333333333
5750,3,0,0.0,0.0,6.333333333333333,754.6666666666666,4.0,6,11.666666666666666,0,0,0.0,0.0
5751,5,2,1727.17,345.434,12.6,853.6,4.0,13,11.0,2,0,0.4,0.0
5752,1,0,0.0,0.0,20.0,121.0,4.0,1,10.0,1,1,0.0,1.0
5753,4,0,0.0,0.0,10.25,571.75,4.0,8,7.5,3,3,0.0,1.0
5754,5,2,2924.19,584.838,9.4,646.6,3.8,10,22.0,4,2,0.4,0.5
5755,3,2,3578.55,1192.8500000000001,9.666666666666666,550.0,4.333333333333333,7,13.333333333333334,3,1,0.6666666666666666,0.3333333333333333
5756,6,2,6746.84,1124.4733333333334,11.333333333333334,665.5,3.8333333333333335,18,14.166666666666666,5,3,0.3333333333333333,0.6
5757,6,2,6397.4,1066.2333333333333,12.333333333333334,881.6666666666666,4.0,18,11.666666666666666,4,2,0.3333333333333333,0.5
5758,2,0,0.0,0.0,10.5,748.0,4.0,6,5.0,2,2,0.0,1.0
5759,1,0,0.0,0.0,13.0,945.0,4.0,3,20.0,1,1,0.0,1.0
5760,7,2,7326.25,1046.607142857143,12.428571428571429,794.5714285714286,4.0,14,7.857142857142857,4,2,0.2857142857142857,0.5
5762,2,0,0.0,0.0,12.0,1197.5,4.0,5,2.5,1,1,0.0,1.0
5763,4,2,3507.06,876.765,14.25,1008.25,4.25,14,5.0,4,2,0.5,0.5
5764,3,1,617.48,205.82666666666668,12.0,585.0,4.333333333333333,7,15.0,3,2,0.3333333333333333,0.6666666666666666
5765,2,0,0.0,0.0,20.5,1511.5,4.0,3,0.0,1,1,0.0,1.0
5766,3,1,774.99,258.33,6.666666666666667,1134.6666666666667,4.333333333333333,7,8.333333333333334,3,2,0.3333333333333333,0.6666666666666666
5767,8,2,2244.07,280.50875,12.25,850.125,3.875,15,12.5,5,3,0.25,0.6
5770,3,2,5324.23,1774.743333333333,13.666666666666666,686.3333333333334,3.0,8,11.666666666666666,3,1,0.6666666666666666,0.3333333333333333
5771,2,2,4523.67,2261.835,18.5,899.0,3.5,6,2.5,2,0,1.0,0.0
5772,2,0,0.0,0.0,18.5,566.5,4.0,4,7.5,1,1,0.0,1.0
5773,3,0,0.0,0.0,7.666666666666667,1475.3333333333333,4.0,3,11.666666666666666,2,2,0.0,1.0
5774,4,1,357.36,89.34,11.0,1351.25,4.0,9,2.5,3,2,0.25,0.6666666666666666
5775,3,1,186.55,62.18333333333334,12.0,606.6666666666666,3.6666666666666665,5,6.666666666666667,2,1,0.3333333333333333,0.5
5776,4,2,3154.48,788.62,12.5,571.25,3.5,9,12.5,3,1,0.5,0.3333333333333333
5777,2,1,2031.06,1015.53,9.5,913.5,3.0,3,10.0,2,1,0.5,0.5
5778,4,2,6754.82,1688.705,11.0,775.0,4.0,14,2.5,3,1,0.5,0.3333333333333333
5779,1,1,5844.78,5844.78,2.0,1394.0,5.0,3,0.0,1,0,1.0,0.0
5780,2,1,3272.59,1636.295,17.0,1527.0,3.0,7,15.0,2,1,0.5,0.5
5781,8,2,2517.3900000000003,314.67375000000004,13.5,1106.625,3.875,21,10.0,8,6,0.25,0.75
5782,6,1,2711.56,451.9266666666667,11.166666666666666,1377.3333333333333,3.8333333333333335,17,4.166666666666667,5,4,0.16666666666666666,0.8
5783,3,0,0.0,0.0,5.666666666666667,1293.6666666666667,4.0,6,0.0,1,1,0.0,1.0
5784,3,0,0.0,0.0,17.333333333333332,785.3333333333334,4.0,9,10.0,1,1,0.0,1.0
5785,4,1,865.06,216.265,7.0,835.25,4.25,9,3.75,3,2,0.25,0.6666666666666666
5786,3,0,0.0,0.0,11.333333333333334,445.0,4.0,7,6.666666666666667,1,1,0.0,1.0
5787,1,1,2778.81,2778.81,7.0,1007.0,4.0,2,25.0,1,0,1.0,0.0
5788,2,0,0.0,0.0,11.0,1151.5,4.0,3,10.0,2,2,0.0,1.0
5789,2,0,0.0,0.0,19.5,249.5,4.0,4,0.0,1,1,0.0,1.0
5791,6,1,1268.46,211.41,14.666666666666666,486.1666666666667,4.0,16,7.5,3,2,0.16666666666666666,0.6666666666666666
5792,4,1,958.41,239.6025,14.0,1002.5,4.25,9,17.5,3,2,0.25,0.6666666666666666
5793,7,3,7953.709999999999,1136.2442857142855,14.0,773.0,4.142857142857143,18,12.142857142857142,4,1,0.42857142857142855,0.25
5794,2,0,0.0,0.0,14.0,1474.0,4.0,6,0.0,0,0,0.0,0.0
5796,2,0,0.0,0.0,11.5,1145.0,4.0,4,7.5,1,1,0.0,1.0
5797,3,0,0.0,0.0,18.0,1349.6666666666667,4.0,5,10.0,1,1,0.0,1.0
5798,6,3,4788.68,798.1133333333333,16.5,615.8333333333334,3.5,15,8.333333333333334,6,3,0.5,0.5
5799,5,1,361.09,72.21799999999999,8.8,635.2,4.0,11,15.0,4,3,0.2,0.75
5800,2,1,419.94,209.97,13.5,941.0,4.5,3,15.0,1,0,0.5,0.0
5801,4,1,495.59,123.8975,8.75,830.5,4.0,7,10.0,3,2,0.25,0.6666666666666666
5802,1,0,0.0,0.0,18.0,1519.0,4.0,3,10.0,1,1,0.0,1.0
5803,2,0,0.0,0.0,6.5,660.5,4.0,2,5.0,1,1,0.0,1.0
5804,3,2,2556.78,852.2600000000001,15.666666666666666,1234.3333333333333,4.0,9,8.333333333333334,2,0,0.6666666666666666,0.0
5805,1,1,384.64,384.64,14.0,1303.0,1.0,2,5.0,1,0,1.0,0.0
5806,4,0,0.0,0.0,12.25,833.0,4.0,10,6.25,3,3,0.0,1.0
5807,2,0,0.0,0.0,12.0,1645.0,4.0,8,22.5,1,1,0.0,1.0
5808,5,2,6736.77,1347.354,16.4,1248.2,4.2,19,14.0,3,1,0.4,0.3333333333333333
5809,2,0,0.0,0.0,5.0,1250.0,4.0,6,7.5,0,0,0.0,0.0
5810,4,0,0.0,0.0,10.25,668.0,4.0,8,6.25,4,4,0.0,1.0
5811,2,0,0.0,0.0,20.0,1540.0,4.0,6,12.5,1,1,0.0,1.0
5812,3,1,171.39,57.129999999999995,14.333333333333334,1175.6666666666667,4.0,7,11.666666666666666,2,1,0.3333333333333333,0.5
5813,3,1,1580.76,526.92,10.333333333333334,685.6666666666666,4.333333333333333,9,5.0,3,2,0.3333333333333333,0.6666666666666666
5814,1,0,0.0,0.0,21.0,374.0,4.0,1,15.0,1,1,0.0,1.0
5816,1,0,0.0,0.0,6.0,425.0,4.0,4,0.0,0,0,0.0,0.0
5817,2,1,742.07,371.035,20.5,756.0,3.5,3,12.5,2,1,0.5,0.5
5818,4,0,0.0,0.0,15.0,874.75,4.0,11,11.25,3,3,0.0,1.0
5820,6,0,0.0,0.0,12.5,1010.8333333333334,4.0,18,9.166666666666666,2,2,0.0,1.0
5823,1,1,250.03,250.03,8.0,525.0,3.0,1,0.0,1,0,1.0,0.0
5824,5,1,1914.12,382.82399999999996,12.4,870.8,4.0,15,7.0,3,2,0.2,0.6666666666666666
5825,4,2,1723.68,430.92,8.25,1229.0,3.25,9,7.5,2,0,0.5,0.0
5826,5,1,1313.32,262.664,16.6,780.2,3.8,15,14.0,4,3,0.2,0.75
5827,3,1,6661.28,2220.4266666666667,14.0,382.0,3.3333333333333335,11,10.0,2,1,0.3333333333333333,0.5
5828,4,0,0.0,0.0,16.75,344.75,4.0,8,15.0,0,0,0.0,0.0
5830,3,1,1014.56,338.18666666666667,8.0,826.0,4.333333333333333,8,11.666666666666666,2,1,0.3333333333333333,0.5
5831,1,0,0.0,0.0,14.0,442.0,4.0,1,10.0,0,0,0.0,0.0
5832,1,0,0.0,0.0,24.0,1425.0,4.0,1,0.0,0,0,0.0,0.0
5833,4,0,0.0,0.0,12.25,830.25,4.0,8,3.75,2,2,0.0,1.0
5834,6,1,1543.69,257.2816666666667,12.5,822.0,3.8333333333333335,15,15.0,1,0,0.16666666666666666,0.0
5835,2,0,0.0,0.0,15.0,877.5,4.0,4,7.5,2,2,0.0,1.0
5836,4,0,0.0,0.0,18.25,959.75,4.0,12,13.75,0,0,0.0,0.0
5837,3,1,187.52,62.50666666666667,8.666666666666666,1121.3333333333333,3.3333333333333335,5,0.0,2,1,0.3333333333333333,0.5
5838,3,2,4807.65,1602.55,14.333333333333334,965.3333333333334,4.0,10,8.333333333333334,2,0,0.6666666666666666,0.0
5839,1,1,660.25,660.25,8.0,205.0,3.0,2,15.0,1,0,1.0,0.0
5840,2,1,1668.56,834.28,8.0,1274.5,4.5,5,17.5,2,1,0.5,0.5
5841,3,0,0.0,0.0,12.666666666666666,1302.3333333333333,4.0,7,0.0,1,1,0.0,1.0
5842,1,0,0.0,0.0,5.0,1147.0,4.0,3,10.0,1,1,0.0,1.0
5843,1,0,0.0,0.0,22.0,1649.0,4.0,3,30.0,1,1,0.0,1.0
5844,2,0,0.0,0.0,6.0,1264.0,4.0,5,5.0,1,1,0.0,1.0
5845,3,1,2803.58,934.5266666666666,13.666666666666666,702.3333333333334,4.333333333333333,4,13.333333333333334,3,2,0.3333333333333333,0.6666666666666666
5846,1,0,0.0,0.0,23.0,621.0,4.0,2,0.0,0,0,0.0,0.0
5847,3,1,1229.98,409.99333333333334,6.666666666666667,934.3333333333334,3.6666666666666665,5,1.6666666666666667,1,0,0.3333333333333333,0.0
5848,3,1,515.5,171.83333333333334,15.333333333333334,868.0,4.333333333333333,5,0.0,1,0,0.3333333333333333,0.0
5849,3,0,0.0,0.0,11.333333333333334,1608.3333333333333,4.0,8,3.3333333333333335,3,3,0.0,1.0
5850,2,1,1276.46,638.23,12.0,956.0,3.0,6,0.0,2,1,0.5,0.5
5851,1,0,0.0,0.0,14.0,105.0,4.0,4,25.0,0,0,0.0,0.0
5852,9,3,8973.34,997.0377777777778,12.222222222222221,884.8888888888889,3.7777777777777777,22,8.88888888888889,6,3,0.3333333333333333,0.5
5853,1,0,0.0,0.0,3.0,332.0,4.0,2,0.0,1,1,0.0,1.0
5854,4,0,0.0,0.0,17.0,1121.5,4.0,10,15.0,2,2,0.0,1.0
5855,2,0,0.0,0.0,8.0,1076.0,4.0,6,15.0,1,1,0.0,1.0
5856,1,0,0.0,0.0,10.0,131.0,4.0,4,0.0,0,0,0.0,0.0
5857,1,0,0.0,0.0,8.0,512.0,4.0,3,25.0,1,1,0.0,1.0
5858,5,2,5974.68,1194.9360000000001,15.2,939.8,3.4,13,8.0,3,1,0.4,0.3333333333333333
5859,2,0,0.0,0.0,12.5,1321.5,4.0,4,2.5,0,0,0.0,0.0
5860,3,2,4225.01,1408.3366666666668,11.666666666666666,1361.3333333333333,4.333333333333333,7,8.333333333333334,2,0,0.6666666666666666,0.0
5861,3,0,0.0,0.0,15.666666666666666,976.6666666666666,4.0,8,13.333333333333334,3,3,0.0,1.0
5862,4,0,0.0,0.0,13.5,873.0,4.0,10,16.25,3,3,0.0,1.0
5863,5,2,3859.38,771.876,10.2,698.4,3.4,13,6.0,3,1,0.4,0.3333333333333333
5864,6,2,1423.8500000000001,237.30833333333337,12.0,721.5,4.0,14,12.5,3,1,0.3333333333333333,0.3333333333333333
5865,1,0,0.0,0.0,20.0,912.0,4.0,3,5.0,0,0,0.0,0.0
5866,2,0,0.0,0.0,11.5,831.5,4.0,6,0.0,1,1,0.0,1.0
5867,2,0,0.0,0.0,12.0,871.0,4.0,5,12.5,2,2,0.0,1.0
5868,1,0,0.0,0.0,21.0,85.0,4.0,4,15.0,0,0,0.0,0.0
5869,1,1,5321.72,5321.72,3.0,1367.0,5.0,4,0.0,1,0,1.0,0.0
5870,1,0,0.0,0.0,7.0,1236.0,4.0,2,0.0,1,1,0.0,1.0
5872,4,1,1639.93,409.9825,17.0,925.25,4.0,12,8.75,2,1,0.25,0.5
5873,1,0,0.0,0.0,8.0,1127.0,4.0,3,0.0,0,0,0.0,0.0
5874,1,0,0.0,0.0,6.0,330.0,4.0,4,0.0,1,1,0.0,1.0
5875,2,1,4387.44,2193.72,9.0,856.0,4.0,7,0.0,1,0,0.5,0.0
5876,3,1,2264.48,754.8266666666667,11.666666666666666,1068.6666666666667,4.333333333333333,6,8.333333333333334,3,2,0.3333333333333333,0.6666666666666666
5877,2,1,554.03,277.015,7.0,927.5,4.0,3,5.0,1,0,0.5,0.0
5878,3,0,0.0,0.0,13.333333333333334,590.0,4.0,6,16.666666666666668,1,1,0.0,1.0
5879,2,0,0.0,0.0,6.0,211.5,4.0,5,15.0,1,1,0.0,1.0
5880,5,2,4883.01,976.6020000000001,17.0,967.4,3.2,13,3.0,2,0,0.4,0.0
5882,1,0,0.0,0.0,8.0,1170.0,4.0,3,0.0,1,1,0.0,1.0
5883,4,0,0.0,0.0,15.25,1133.25,4.0,8,11.25,2,2,0.0,1.0
5884,2,1,684.24,342.12,11.0,1759.5,4.5,3,10.0,2,1,0.5,0.5
5885,6,1,84.96,14.159999999999998,15.333333333333334,705.8333333333334,3.6666666666666665,14,5.833333333333333,3,2,0.16666666666666666,0.6666666666666666
5886,3,1,1609.88,536.6266666666667,12.333333333333334,804.3333333333334,4.0,11,15.0,2,1,0.3333333333333333,0.5
5887,2,0,0.0,0.0,7.5,1099.5,4.0,7,0.0,0,0,0.0,0.0
5888,1,1,464.76,464.76,21.0,1135.0,5.0,2,0.0,1,0,1.0,0.0
5889,4,3,5474.77,1368.6925,8.25,1027.0,3.25,11,13.75,4,1,0.75,0.25
5890,4,0,0.0,0.0,16.0,668.0,4.0,12,2.5,1,1,0.0,1.0
5891,1,0,0.0,0.0,4.0,72.0,4.0,4,0.0,1,1,0.0,1.0
5892,3,0,0.0,0.0,10.0,1315.0,4.0,11,5.0,1,1,0.0,1.0
5893,5,1,574.56,114.91199999999999,14.2,648.2,4.2,9,16.0,1,0,0.2,0.0
5894,3,1,1318.08,439.35999999999996,11.666666666666666,1004.3333333333334,3.0,6,5.0,3,2,0.3333333333333333,0.6666666666666666
5895,3,2,2113.96,704.6533333333333,13.0,756.3333333333334,4.333333333333333,7,1.6666666666666667,2,0,0.6666666666666666,0.0
5896,5,0,0.0,0.0,12.6,831.2,4.0,12,16.0,3,3,0.0,1.0
5897,1,0,0.0,0.0,5.0,1192.0,4.0,4,0.0,0,0,0.0,0.0
5899,2,0,0.0,0.0,10.0,800.5,4.0,5,2.5,2,2,0.0,1.0
5900,5,0,0.0,0.0,7.6,474.4,4.0,13,7.0,2,2,0.0,1.0
5901,1,0,0.0,0.0,4.0,1447.0,4.0,4,10.0,0,0,0.0,0.0
5902,3,1,2075.62,691.8733333333333,10.666666666666666,1609.6666666666667,3.0,8,11.666666666666666,2,1,0.3333333333333333,0.5
5903,3,1,1424.99,474.99666666666667,12.0,761.3333333333334,4.333333333333333,9,8.333333333333334,2,1,0.3333333333333333,0.5
5904,4,2,2455.31,613.8275,11.5,903.5,4.0,10,3.75,3,1,0.5,0.3333333333333333
5905,3,1,1440.58,480.1933333333333,8.666666666666666,820.6666666666666,3.6666666666666665,9,5.0,3,2,0.3333333333333333,0.6666666666666666
5906,4,1,250.93,62.7325,8.5,1112.5,4.25,8,7.5,2,1,0.25,0.5
5907,3,0,0.0,0.0,21.333333333333332,314.0,4.0,8,1.6666666666666667,1,1,0.0,1.0
5908,2,0,0.0,0.0,16.5,1000.0,4.0,8,0.0,1,1,0.0,1.0
5909,4,2,6184.5,1546.125,12.0,704.75,4.5,13,17.5,4,2,0.5,0.5
5910,3,1,796.09,265.36333333333334,17.0,1134.0,3.6666666666666665,7,20.0,3,2,0.3333333333333333,0.6666666666666666
5911,4,0,0.0,0.0,10.75,851.5,4.0,12,11.25,2,2,0.0,1.0
5913,4,0,0.0,0.0,20.25,735.25,4.0,12,15.0,1,1,0.0,1.0
5914,1,0,0.0,0.0,4.0,42.0,4.0,3,0.0,0,0,0.0,0.0
5915,2,1,5287.19,2643.595,15.0,789.5,4.0,4,10.0,1,0,0.5,0.0
5917,1,0,0.0,0.0,24.0,1468.0,4.0,1,20.0,1,1,0.0,1.0
5918,2,2,3059.07,1529.535,13.0,1376.0,4.5,4,10.0,2,0,1.0,0.0
5919,2,0,0.0,0.0,14.5,264.5,4.0,5,20.0,2,2,0.0,1.0
5920,3,2,4470.3,1490.1000000000001,18.0,995.6666666666666,4.333333333333333,7,8.333333333333334,3,1,0.6666666666666666,0.3333333333333333
5921,2,2,7634.02,3817.01,9.5,1671.0,4.0,6,5.0,2,0,1.0,0.0
5922,6,0,0.0,0.0,13.5,680.5,4.0,16,10.0,2,2,0.0,1.0
5923,5,1,1037.8,207.56,15.4,1046.8,4.0,16,1.0,1,0,0.2,0.0
5924,4,3,3255.02,813.755,14.25,805.5,4.25,12,18.75,3,0,0.75,0.0
5925,2,1,184.5,92.25,9.0,915.0,4.0,2,10.0,2,1,0.5,0.5
5926,4,3,3734.0,933.5,15.5,1348.25,4.0,8,6.25,4,1,0.75,0.25
5928,1,0,0.0,0.0,17.0,1505.0,4.0,1,0.0,0,0,0.0,0.0
5929,3,0,0.0,0.0,18.333333333333332,890.0,4.0,12,0.0,1,1,0.0,1.0
5930,3,0,0.0,0.0,11.333333333333334,850.0,4.0,4,8.333333333333334,2,2,0.0,1.0
5931,1,0,0.0,0.0,19.0,419.0,4.0,4,0.0,1,1,0.0,1.0
5932,1,1,909.21,909.21,21.0,1279.0,3.0,3,0.0,1,0,1.0,0.0
5933,8,1,2290.32,286.29,16.25,1348.125,4.0,23,5.625,4,3,0.125,0.75
5934,3,1,1934.72,644.9066666666666,15.666666666666666,725.0,4.0,6,5.0,2,1,0.3333333333333333,0.5
5935,3,0,0.0,0.0,21.0,1280.0,4.0,6,5.0,1,1,0.0,1.0
5936,4,1,1344.64,336.16,13.5,497.25,4.0,12,10.0,3,2,0.25,0.6666666666666666
5938,3,1,2953.72,984.5733333333333,9.333333333333334,979.6666666666666,3.6666666666666665,9,5.0,3,2,0.3333333333333333,0.6666666666666666
5939,3,1,4156.23,1385.4099999999999,9.666666666666666,978.3333333333334,4.333333333333333,5,13.333333333333334,3,2,0.3333333333333333,0.6666666666666666
5940,3,0,0.0,0.0,14.333333333333334,548.0,4.0,8,13.333333333333334,1,1,0.0,1.0
5941,3,1,2470.8,823.6,13.666666666666666,830.3333333333334,3.6666666666666665,8,6.666666666666667,1,0,0.3333333333333333,0.0
5942,2,2,6460.49,3230.245,8.0,1087.5,3.0,6,12.5,2,0,1.0,0.0
5943,4,1,475.63,118.9075,15.5,1600.5,4.0,8,11.25,2,1,0.25,0.5
5944,5,3,2372.7200000000003,474.54400000000004,17.2,686.0,4.2,13,4.0,5,2,0.6,0.4
5945,2,0,0.0,0.0,19.5,1011.0,4.0,8,15.0,2,2,0.0,1.0
5946,6,1,2888.49,481.41499999999996,11.833333333333334,1386.5,3.8333333333333335,18,4.166666666666667,5,4,0.16666666666666666,0.8
5947,1,0,0.0,0.0,1.0,734.0,4.0,1,15.0,0,0,0.0,0.0
5949,2,1,1833.37,916.685,19.0,708.5,3.5,2,0.0,2,1,0.5,0.5
5950,3,0,0.0,0.0,7.0,567.6666666666666,4.0,9,5.0,1,1,0.0,1.0
5951,3,0,0.0,0.0,12.0,638.6666666666666,4.0,7,6.666666666666667,2,2,0.0,1.0
5952,5,3,10124.29,2024.8580000000002,10.4,785.2,4.4,12,6.0,3,0,0.6,0.0
5953,3,0,0.0,0.0,9.333333333333334,459.0,4.0,11,16.666666666666668,1,1,0.0,1.0
5954,1,0,0.0,0.0,9.0,804.0,4.0,2,0.0,1,1,0.0,1.0
5955,2,0,0.0,0.0,8.0,833.0,4.0,4,5.0,0,0,0.0,0.0
5956,5,1,5080.54,1016.108,11.6,1190.4,4.2,13,9.0,2,1,0.2,0.5
5957,2,0,0.0,0.0,17.0,970.0,4.0,5,17.5,1,1,0.0,1.0
5958,3,1,1965.47,655.1566666666666,19.333333333333332,1112.6666666666667,4.333333333333333,7,11.666666666666666,2,1,0.3333333333333333,0.5
5959,3,0,0.0,0.0,11.333333333333334,595.0,4.0,6,6.666666666666667,1,1,0.0,1.0
5960,3,1,5352.26,1784.0866666666668,12.0,368.6666666666667,4.333333333333333,9,13.333333333333334,2,1,0.3333333333333333,0.5
5961,3,1,5472.29,1824.0966666666666,11.333333333333334,1109.0,4.0,10,8.333333333333334,2,1,0.3333333333333333,0.5
5962,2,0,0.0,0.0,12.0,853.0,4.0,5,12.5,0,0,0.0,0.0
5963,2,0,0.0,0.0,8.5,563.5,4.0,2,22.5,1,1,0.0,1.0
5964,1,0,0.0,0.0,22.0,415.0,4.0,4,0.0,0,0,0.0,0.0
5965,2,1,950.8,475.4,7.0,1282.0,3.0,2,0.0,2,1,0.5,0.5
5966,1,0,0.0,0.0,8.0,1426.0,4.0,4,20.0,1,1,0.0,1.0
5967,2,0,0.0,0.0,18.0,999.5,4.0,6,5.0,2,2,0.0,1.0
5968,2,0,0.0,0.0,15.5,274.5,4.0,6,15.0,0,0,0.0,0.0
5969,4,0,0.0,0.0,13.75,936.5,4.0,12,7.5,3,3,0.0,1.0
5970,3,1,1772.96,590.9866666666667,17.0,1330.6666666666667,4.0,6,6.666666666666667,3,2,0.3333333333333333,0.6666666666666666
5971,1,0,0.0,0.0,7.0,628.0,4.0,1,0.0,1,1,0.0,1.0
5972,4,1,1660.75,415.1875,13.25,643.25,4.0,10,1.25,2,1,0.25,0.5
5973,3,2,1992.8,664.2666666666667,7.666666666666667,749.6666666666666,4.0,6,5.0,3,1,0.6666666666666666,0.3333333333333333
5974,2,0,0.0,0.0,15.5,742.0,4.0,2,2.5,2,2,0.0,1.0
5975,8,1,704.02,88.0025,10.25,553.375,4.0,15,10.0,6,5,0.125,0.8333333333333334
5976,7,1,173.72,24.81714285714286,15.714285714285714,1030.7142857142858,4.0,16,10.0,2,1,0.14285714285714285,0.5
5977,3,1,2180.96,726.9866666666667,13.666666666666666,684.6666666666666,4.0,9,16.666666666666668,3,2,0.3333333333333333,0.6666666666666666
5978,1,0,0.0,0.0,15.0,1153.0,4.0,3,0.0,1,1,0.0,1.0
5979,4,3,2977.09,744.2725,16.75,555.25,4.0,10,3.75,3,0,0.75,0.0
5980,3,0,0.0,0.0,13.0,668.3333333333334,4.0,8,8.333333333333334,2,2,0.0,1.0
5981,3,2,3929.55,1309.8500000000001,14.333333333333334,876.6666666666666,2.6666666666666665,6,10.0,3,1,0.6666666666666666,0.3333333333333333
5982,3,1,1115.64,371.88000000000005,10.0,318.6666666666667,4.0,7,10.0,1,0,0.3333333333333333,0.0
5983,2,0,0.0,0.0,13.5,683.5,4.0,6,0.0,0,0,0.0,0.0
5984,5,0,0.0,0.0,10.2,1055.0,4.0,13,1.0,2,2,0.0,1.0
5985,3,1,1616.39,538.7966666666667,15.666666666666666,744.3333333333334,4.333333333333333,6,13.333333333333334,1,0,0.3333333333333333,0.0
5986,2,0,0.0,0.0,17.5,793.5,4.0,8,27.5,1,1,0.0,1.0
5988,3,0,0.0,0.0,8.333333333333334,341.3333333333333,4.0,7,21.666666666666668,3,3,0.0,1.0
5989,7,2,1368.8200000000002,195.5457142857143,10.285714285714286,602.1428571428571,4.142857142857143,14,17.857142857142858,6,4,0.2857142857142857,0.6666666666666666
5990,2,0,0.0,0.0,10.5,594.0,4.0,7,0.0,0,0,0.0,0.0
5991,4,0,0.0,0.0,8.75,597.75,4.0,10,12.5,3,3,0.0,1.0
5992,4,0,0.0,0.0,17.0,706.75,4.0,9,10.0,3,3,0.0,1.0
5993,3,1,1566.6,522.1999999999999,8.333333333333334,619.3333333333334,3.3333333333333335,7,1.6666666666666667,3,2,0.3333333333333333,0.6666666666666666
5994,5,1,684.72,136.94400000000002,13.6,771.2,4.2,16,11.0,2,1,0.2,0.5
5995,2,0,0.0,0.0,12.5,1141.0,4.0,5,7.5,1,1,0.0,1.0
5996,2,2,2586.74,1293.37,16.5,1692.0,4.0,4,10.0,2,0,1.0,0.0
5997,6,1,319.13,53.18833333333333,13.666666666666666,808.3333333333334,4.166666666666667,11,12.5,4,3,0.16666666666666666,0.75
5998,1,0,0.0,0.0,1.0,699.0,4.0,4,0.0,0,0,0.0,0.0
5999,9,3,4053.8099999999995,450.4233333333333,11.88888888888889,425.77777777777777,4.111111111111111,26,8.333333333333334,7,4,0.3333333333333333,0.5714285714285714
6000,3,1,588.74,196.24666666666667,14.666666666666666,1121.6666666666667,4.333333333333333,8,20.0,2,1,0.3333333333333333,0.5
6001,4,0,0.0,0.0,15.25,985.0,4.0,8,10.0,3,3,0.0,1.0
6002,1,0,0.0,0.0,10.0,577.0,4.0,1,0.0,0,0,0.0,0.0
6003,2,0,0.0,0.0,4.5,1666.0,4.0,7,12.5,1,1,0.0,1.0
6004,2,0,0.0,0.0,21.0,749.0,4.0,6,10.0,1,1,0.0,1.0
6005,4,3,3645.11,911.2775,7.75,928.5,4.0,7,6.25,4,1,0.75,0.25
6006,1,1,766.38,766.38,11.0,84.0,5.0,2,15.0,1,0,1.0,0.0
6007,2,1,1908.3,954.15,3.5,1021.0,4.0,5,5.0,2,1,0.5,0.5
6008,3,0,0.0,0.0,12.666666666666666,681.3333333333334,4.0,11,1.6666666666666667,3,3,0.0,1.0
6009,5,0,0.0,0.0,9.2,756.0,4.0,12,11.0,2,2,0.0,1.0
6010,2,1,377.58,188.79,14.5,877.5,4.0,4,0.0,2,1,0.5,0.5
6011,4,1,3368.28,842.07,14.25,1153.75,3.25,6,13.75,2,1,0.25,0.5
6012,5,0,0.0,0.0,16.0,1068.8,4.0,14,1.0,4,4,0.0,1.0
6013,2,1,621.54,310.77,19.5,1100.5,4.0,2,12.5,1,0,0.5,0.0
6015,3,0,0.0,0.0,15.666666666666666,827.6666666666666,4.0,3,6.666666666666667,3,3,0.0,1.0
6016,1,0,0.0,0.0,13.0,1001.0,4.0,1,0.0,1,1,0.0,1.0
6017,2,0,0.0,0.0,10.5,921.5,4.0,7,10.0,2,2,0.0,1.0
6018,1,1,843.21,843.21,24.0,801.0,4.0,3,0.0,1,0,1.0,0.0
6019,2,2,1951.97,975.985,20.0,784.5,3.0,3,0.0,2,0,1.0,0.0
6020,3,1,821.05,273.68333333333334,11.333333333333334,779.0,3.3333333333333335,6,0.0,2,1,0.3333333333333333,0.5
6021,5,1,2497.51,499.50200000000007,16.8,744.8,3.8,12,13.0,4,3,0.2,0.75
6022,1,0,0.0,0.0,6.0,975.0,4.0,2,15.0,1,1,0.0,1.0
6023,1,0,0.0,0.0,4.0,97.0,4.0,1,5.0,1,1,0.0,1.0
6024,3,1,1407.37,469.1233333333333,7.0,865.6666666666666,4.333333333333333,7,11.666666666666666,2,1,0.3333333333333333,0.5
6025,4,1,2584.7,646.175,8.0,701.75,4.0,9,18.75,3,2,0.25,0.6666666666666666
6026,3,1,776.79,258.93,12.666666666666666,501.0,4.0,5,0.0,1,0,0.3333333333333333,0.0
6027,1,1,704.19,704.19,12.0,1347.0,4.0,3,0.0,1,0,1.0,0.0
6028,3,2,2721.99,907.3299999999999,9.0,595.3333333333334,3.6666666666666665,10,6.666666666666667,2,0,0.6666666666666666,0.0
6030,1,0,0.0,0.0,14.0,187.0,4.0,3,20.0,0,0,0.0,0.0
6031,2,1,805.05,402.525,20.0,466.5,4.0,7,20.0,1,0,0.5,0.0
6032,3,0,0.0,0.0,18.666666666666668,945.0,4.0,8,6.666666666666667,2,2,0.0,1.0
6033,1,0,0.0,0.0,5.0,1271.0,4.0,4,10.0,0,0,0.0,0.0
6034,1,0,0.0,0.0,19.0,743.0,4.0,2,0.0,1,1,0.0,1.0
6035,5,1,2649.55,529.9100000000001,11.6,730.0,4.2,10,11.0,4,3,0.2,0.75
6036,1,1,2799.21,2799.21,3.0,1594.0,3.0,3,0.0,1,0,1.0,0.0
6038,3,2,5932.62,1977.54,16.0,704.0,4.333333333333333,11,3.3333333333333335,2,0,0.6666666666666666,0.0
6039,1,0,0.0,0.0,14.0,1475.0,4.0,4,20.0,0,0,0.0,0.0
6041,4,0,0.0,0.0,13.5,764.25,4.0,11,12.5,2,2,0.0,1.0
6042,3,1,955.96,318.65333333333336,9.333333333333334,482.0,3.3333333333333335,4,11.666666666666666,3,2,0.3333333333333333,0.6666666666666666
6043,2,0,0.0,0.0,11.5,672.5,4.0,6,0.0,2,2,0.0,1.0
6044,4,0,0.0,0.0,16.25,630.75,4.0,12,13.75,3,3,0.0,1.0
6045,7,2,2783.81,397.6871428571429,9.285714285714286,843.5714285714286,3.5714285714285716,16,9.285714285714286,6,4,0.2857142857142857,0.6666666666666666
6046,1,1,846.77,846.77,19.0,1614.0,4.0,2,10.0,1,0,1.0,0.0
6047,5,1,3983.08,796.616,14.2,1181.8,4.0,10,17.0,2,1,0.2,0.5
6048,1,0,0.0,0.0,23.0,1740.0,4.0,2,0.0,0,0,0.0,0.0
6049,1,0,0.0,0.0,20.0,127.0,4.0,1,30.0,1,1,0.0,1.0
6050,5,1,3225.6,645.12,10.0,1051.6,3.4,12,8.0,4,3,0.2,0.75
6051,1,0,0.0,0.0,2.0,975.0,4.0,1,0.0,1,1,0.0,1.0
6052,4,1,1180.78,295.195,19.25,475.25,3.75,5,10.0,3,2,0.25,0.6666666666666666
6053,1,1,202.98,202.98,17.0,1514.0,3.0,2,5.0,1,0,1.0,0.0
6054,2,1,454.09,227.045,19.5,1116.0,4.0,4,17.5,2,1,0.5,0.5
6055,2,0,0.0,0.0,12.5,1315.0,4.0,5,17.5,2,2,0.0,1.0
6056,3,1,1512.9,504.3,17.333333333333332,709.6666666666666,4.0,10,16.666666666666668,2,1,0.3333333333333333,0.5
6057,4,1,738.37,184.5925,13.25,1088.25,4.0,11,5.0,3,2,0.25,0.6666666666666666
6058,3,3,5955.150000000001,1985.0500000000002,11.666666666666666,850.6666666666666,3.6666666666666665,8,10.0,3,0,1.0,0.0
6059,2,0,0.0,0.0,20.0,1370.0,4.0,6,5.0,1,1,0.0,1.0
6060,1,0,0.0,0.0,16.0,375.0,4.0,1,10.0,1,1,0.0,1.0
6061,2,0,0.0,0.0,8.0,728.0,4.0,5,10.0,2,2,0.0,1.0
6062,3,0,0.0,0.0,12.0,1411.6666666666667,4.0,11,18.333333333333332,1,1,0.0,1.0
6063,4,1,1693.91,423.4775,17.0,683.75,4.25,8,11.25,4,3,0.25,0.75
6064,1,0,0.0,0.0,8.0,198.0,4.0,4,5.0,0,0,0.0,0.0
6065,3,1,1849.16,616.3866666666667,14.0,869.6666666666666,4.0,7,18.333333333333332,2,1,0.3333333333333333,0.5
6066,8,2,3142.15,392.76875,12.0,956.125,3.875,16,8.125,7,5,0.25,0.7142857142857143
6067,5,1,4645.32,929.064,10.2,905.6,4.2,12,5.0,4,3,0.2,0.75
6068,4,0,0.0,0.0,12.5,1006.5,4.0,14,3.75,4,4,0.0,1.0
6069,1,0,0.0,0.0,12.0,663.0,4.0,3,5.0,0,0,0.0,0.0
6070,4,0,0.0,0.0,10.5,1079.5,4.0,11,5.0,2,2,0.0,1.0
6071,3,1,345.57,115.19,9.666666666666666,967.3333333333334,4.0,6,15.0,2,1,0.3333333333333333,0.5
6072,1,0,0.0,0.0,7.0,202.0,4.0,3,0.0,0,0,0.0,0.0
6073,2,0,0.0,0.0,6.0,1097.0,4.0,5,15.0,1,1,0.0,1.0
6074,2,0,0.0,0.0,11.5,1634.0,4.0,6,7.5,2,2,0.0,1.0
6076,2,0,0.0,0.0,14.5,153.5,4.0,2,12.5,2,2,0.0,1.0
6077,2,1,812.71,406.355,11.0,361.5,4.0,5,7.5,1,0,0.5,0.0
6078,5,0,0.0,0.0,12.0,963.4,4.0,11,7.0,2,2,0.0,1.0
6079,1,0,0.0,0.0,1.0,687.0,4.0,1,5.0,1,1,0.0,1.0
6080,2,1,1041.35,520.675,13.5,1011.0,3.5,8,12.5,1,0,0.5,0.0
6081,4,1,1117.0,279.25,17.0,887.5,4.25,13,3.75,2,1,0.25,0.5
6082,3,1,311.67,103.89,15.333333333333334,1001.6666666666666,3.0,8,10.0,1,0,0.3333333333333333,0.0
6083,4,0,0.0,0.0,17.25,834.75,4.0,12,8.75,0,0,0.0,0.0
6084,4,1,975.51,243.8775,10.5,931.25,4.0,9,7.5,3,2,0.25,0.6666666666666666
6085,5,3,11545.2,2309.04,18.0,819.4,4.2,18,4.0,4,1,0.6,0.25
6086,3,2,7884.4400000000005,2628.146666666667,16.0,655.3333333333334,4.333333333333333,10,6.666666666666667,2,0,0.6666666666666666,0.0
6087,4,2,1206.27,301.5675,7.5,698.0,3.75,9,10.0,3,1,0.5,0.3333333333333333
6088,7,4,6311.89,901.6985714285714,12.142857142857142,944.1428571428571,3.7142857142857144,17,10.0,5,1,0.5714285714285714,0.2
6089,3,0,0.0,0.0,18.666666666666668,309.3333333333333,4.0,11,10.0,2,2,0.0,1.0
6091,3,0,0.0,0.0,17.666666666666668,929.0,4.0,7,11.666666666666666,0,0,0.0,0.0
6092,4,1,1973.55,493.3875,17.0,910.25,4.0,10,3.75,3,2,0.25,0.6666666666666666
6093,1,1,97.93,97.93,11.0,1130.0,4.0,1,10.0,1,0,1.0,0.0
6095,2,0,0.0,0.0,11.0,1006.0,4.0,3,5.0,2,2,0.0,1.0
6096,3,1,1136.62,378.8733333333333,8.0,650.0,4.0,8,3.3333333333333335,1,0,0.3333333333333333,0.0
6097,4,1,1135.33,283.8325,17.5,618.25,4.0,11,8.75,2,1,0.25,0.5
6098,3,1,276.84,92.27999999999999,11.333333333333334,640.3333333333334,4.333333333333333,5,13.333333333333334,3,2,0.3333333333333333,0.6666666666666666
6099,1,0,0.0,0.0,23.0,1214.0,4.0,3,5.0,1,1,0.0,1.0
6100,1,0,0.0,0.0,6.0,514.0,4.0,4,10.0,0,0,0.0,0.0
6101,5,2,669.14,133.828,11.0,1060.6,4.0,8,12.0,5,3,0.4,0.6
6103,2,0,0.0,0.0,15.0,508.0,4.0,4,0.0,2,2,0.0,1.0
6104,5,3,5695.15,1139.03,8.2,943.4,4.6,10,7.0,4,1,0.6,0.25
6105,5,0,0.0,0.0,11.4,954.0,4.0,15,3.0,3,3,0.0,1.0
6106,7,0,0.0,0.0,14.714285714285714,557.5714285714286,4.0,20,3.5714285714285716,6,6,0.0,1.0
6107,1,1,4978.23,4978.23,4.0,713.0,4.0,3,0.0,1,0,1.0,0.0
6108,1,0,0.0,0.0,16.0,571.0,4.0,1,10.0,0,0,0.0,0.0
6109,8,1,767.02,95.8775,12.625,876.625,3.75,21,11.25,3,2,0.125,0.6666666666666666
6110,3,0,0.0,0.0,12.666666666666666,981.0,4.0,9,13.333333333333334,1,1,0.0,1.0
6111,4,2,6919.66,1729.915,10.25,1035.75,4.0,13,15.0,4,2,0.5,0.5
6112,1,1,461.97,461.97,9.0,221.0,4.0,3,0.0,1,0,1.0,0.0
6113,3,0,0.0,0.0,13.333333333333334,1306.3333333333333,4.0,9,6.666666666666667,2,2,0.0,1.0
6115,4,0,0.0,0.0,10.0,1244.75,4.0,10,0.0,1,1,0.0,1.0
6116,5,4,8182.58,1636.516,7.6,634.6,4.0,15,9.0,4,0,0.8,0.0
6117,3,0,0.0,0.0,10.666666666666666,1416.6666666666667,4.0,6,0.0,1,1,0.0,1.0
6118,4,2,1146.08,286.52,13.5,874.75,4.25,9,13.75,2,0,0.5,0.0
6119,2,1,374.3,187.15,15.5,400.0,4.5,8,17.5,2,1,0.5,0.5
6120,1,0,0.0,0.0,12.0,117.0,4.0,3,20.0,1,1,0.0,1.0
6121,3,1,4633.45,1544.4833333333333,14.0,273.0,4.333333333333333,8,20.0,2,1,0.3333333333333333,0.5
6122,1,0,0.0,0.0,5.0,521.0,4.0,3,0.0,0,0,0.0,0.0
6123,2,0,0.0,0.0,20.5,720.0,4.0,5,12.5,2,2,0.0,1.0
6124,1,0,0.0,0.0,17.0,1070.0,4.0,2,5.0,0,0,0.0,0.0
6125,1,1,1299.33,1299.33,11.0,666.0,4.0,2,15.0,1,0,1.0,0.0
6126,4,2,8373.25,2093.3125,16.25,1133.25,3.5,12,5.0,4,2,0.5,0.5
6127,3,1,552.51,184.17,7.333333333333333,512.3333333333334,3.6666666666666665,4,11.666666666666666,3,2,0.3333333333333333,0.6666666666666666
6128,3,1,1845.74,615.2466666666667,16.666666666666668,1047.3333333333333,4.333333333333333,8,6.666666666666667,2,1,0.3333333333333333,0.5
6129,2,1,3389.65,1694.825,12.5,722.5,3.5,3,10.0,1,0,0.5,0.0
6130,3,0,0.0,0.0,16.666666666666668,1068.3333333333333,4.0,12,8.333333333333334,1,1,0.0,1.0
6131,1,0,0.0,0.0,20.0,1481.0,4.0,1,5.0,1,1,0.0,1.0
6132,1,0,0.0,0.0,11.0,1261.0,4.0,2,5.0,1,1,0.0,1.0
6133,2,0,0.0,0.0,11.0,827.0,4.0,5,15.0,2,2,0.0,1.0
6134,2,0,0.0,0.0,8.5,361.0,4.0,6,20.0,2,2,0.0,1.0
6135,4,3,7899.21,1974.8025,8.75,1224.0,4.25,12,10.0,4,1,0.75,0.25
6136,1,0,0.0,0.0,4.0,207.0,4.0,2,0.0,1,1,0.0,1.0
6137,1,0,0.0,0.0,20.0,1021.0,4.0,3,10.0,0,0,0.0,0.0
6138,2,1,1580.56,790.28,22.5,452.0,4.5,7,20.0,2,1,0.5,0.5
6139,5,0,0.0,0.0,15.0,727.0,4.0,11,11.0,4,4,0.0,1.0
6140,4,0,0.0,0.0,15.5,538.25,4.0,10,6.25,2,2,0.0,1.0
6141,3,1,356.04,118.68,16.666666666666668,754.3333333333334,4.0,8,15.0,2,1,0.3333333333333333,0.5
6142,4,1,1956.35,489.0875,13.0,1174.5,4.0,8,7.5,2,1,0.25,0.5
6143,2,0,0.0,0.0,22.0,1153.5,4.0,6,2.5,1,1,0.0,1.0
6144,2,1,874.13,437.065,16.0,432.0,4.0,4,15.0,2,1,0.5,0.5
6145,2,1,3296.76,1648.38,15.5,763.5,4.0,3,7.5,2,1,0.5,0.5
6146,4,0,0.0,0.0,10.25,1057.5,4.0,11,12.5,2,2,0.0,1.0
6147,2,0,0.0,0.0,12.5,1433.0,4.0,7,17.5,0,0,0.0,0.0
6148,6,2,2677.02,446.17,18.666666666666668,1063.6666666666667,4.0,15,12.5,4,2,0.3333333333333333,0.5
6149,3,0,0.0,0.0,6.0,651.6666666666666,4.0,8,6.666666666666667,1,1,0.0,1.0
6151,8,2,1626.8,203.35,12.625,1054.375,4.125,25,10.0,4,2,0.25,0.5
6152,1,0,0.0,0.0,23.0,987.0,4.0,2,15.0,1,1,0.0,1.0
6153,6,1,5532.55,922.0916666666667,13.833333333333334,886.3333333333334,3.8333333333333335,18,5.833333333333333,5,4,0.16666666666666666,0.8
6154,2,1,967.94,483.97,11.5,1072.5,2.5,2,27.5,2,1,0.5,0.5
6155,1,1,3630.6,3630.6,5.0,1142.0,5.0,3,0.0,1,0,1.0,0.0
6156,3,1,4108.1,1369.3666666666668,13.666666666666666,1128.6666666666667,3.6666666666666665,8,16.666666666666668,2,1,0.3333333333333333,0.5
6157,2,0,0.0,0.0,14.0,973.0,4.0,5,10.0,1,1,0.0,1.0
6158,2,0,0.0,0.0,16.5,935.0,4.0,6,10.0,0,0,0.0,0.0
6159,2,0,0.0,0.0,12.5,1444.0,4.0,5,15.0,0,0,0.0,0.0
6160,1,0,0.0,0.0,24.0,1381.0,4.0,2,0.0,0,0,0.0,0.0
6161,2,0,0.0,0.0,21.5,1046.5,4.0,2,12.5,1,1,0.0,1.0
6162,4,0,0.0,0.0,11.5,1263.75,4.0,14,12.5,4,4,0.0,1.0
6163,4,1,1755.32,438.83,13.75,1552.75,3.25,12,13.75,2,1,0.25,0.5
6164,3,1,362.7,120.89999999999999,18.333333333333332,1287.3333333333333,3.6666666666666665,8,11.666666666666666,1,0,0.3333333333333333,0.0
6165,3,1,1419.34,473.1133333333333,13.0,698.0,4.333333333333333,7,11.666666666666666,2,1,0.3333333333333333,0.5
6166,3,2,597.67,199.22333333333333,9.666666666666666,738.3333333333334,3.6666666666666665,6,15.0,3,1,0.6666666666666666,0.3333333333333333
6167,4,0,0.0,0.0,9.25,974.75,4.0,9,8.75,1,1,0.0,1.0
6168,4,0,0.0,0.0,7.75,1351.0,4.0,13,0.0,1,1,0.0,1.0
6169,2,0,0.0,0.0,12.5,937.0,4.0,3,5.0,0,0,0.0,0.0
6170,4,1,409.22,102.305,9.75,960.25,3.75,13,2.5,2,1,0.25,0.5
6171,2,1,1563.53,781.765,8.0,1048.5,4.0,2,7.5,2,1,0.5,0.5
6172,4,0,0.0,0.0,6.5,779.25,4.0,9,12.5,1,1,0.0,1.0
6173,4,1,2489.67,622.4175,6.75,412.25,4.25,10,12.5,3,2,0.25,0.6666666666666666
6174,1,1,1226.08,1226.08,19.0,1235.0,4.0,1,0.0,1,0,1.0,0.0
6175,1,0,0.0,0.0,20.0,1773.0,4.0,2,5.0,1,1,0.0,1.0
6176,1,1,2478.35,2478.35,15.0,472.0,5.0,2,10.0,1,0,1.0,0.0
6177,2,1,4306.6,2153.3,11.5,1278.5,3.5,6,0.0,2,1,0.5,0.5
6178,3,2,902.99,300.99666666666667,8.666666666666666,1298.6666666666667,3.3333333333333335,6,6.666666666666667,2,0,0.6666666666666666,0.0
6179,3,0,0.0,0.0,15.333333333333334,883.6666666666666,4.0,8,13.333333333333334,1,1,0.0,1.0
6180,3,0,0.0,0.0,12.666666666666666,995.0,4.0,6,16.666666666666668,1,1,0.0,1.0
6181,5,1,1024.35,204.86999999999998,9.0,975.4,4.0,16,9.0,4,3,0.2,0.75
6182,2,1,2524.68,1262.34,11.5,1557.5,3.0,4,12.5,2,1,0.5,0.5
6183,1,0,0.0,0.0,24.0,190.0,4.0,1,25.0,1,1,0.0,1.0
6185,2,0,0.0,0.0,14.0,1062.5,4.0,7,5.0,0,0,0.0,0.0
6186,1,1,532.81,532.81,21.0,141.0,4.0,1,10.0,1,0,1.0,0.0
6187,3,1,5872.2,1957.3999999999999,8.666666666666666,547.3333333333334,3.0,7,5.0,3,2,0.3333333333333333,0.6666666666666666
6189,3,0,0.0,0.0,9.333333333333334,1509.3333333333333,4.0,8,5.0,1,1,0.0,1.0
6190,2,0,0.0,0.0,18.5,382.0,4.0,3,0.0,2,2,0.0,1.0
6191,4,2,2162.92,540.73,8.25,1275.5,4.25,9,6.25,3,1,0.5,0.3333333333333333
6192,4,0,0.0,0.0,15.0,1017.75,4.0,10,11.25,1,1,0.0,1.0
6193,2,1,771.51,385.755,10.0,1556.0,3.5,2,0.0,1,0,0.5,0.0
6194,3,0,0.0,0.0,17.0,1123.6666666666667,4.0,6,1.6666666666666667,2,2,0.0,1.0
6195,4,1,950.69,237.6725,9.0,937.5,4.0,10,11.25,3,2,0.25,0.6666666666666666
6196,3,1,1040.85,346.95,16.0,877.6666666666666,4.333333333333333,7,5.0,2,1,0.3333333333333333,0.5
6197,1,1,3179.88,3179.88,14.0,1682.0,4.0,4,10.0,1,0,1.0,0.0
6198,3,1,351.14,117.04666666666667,11.666666666666666,1016.0,4.333333333333333,9,8.333333333333334,3,2,0.3333333333333333,0.6666666666666666
6199,2,0,0.0,0.0,8.0,1251.5,4.0,5,5.0,1,1,0.0,1.0
6200,4,0,0.0,0.0,5.0,978.75,4.0,7,7.5,1,1,0.0,1.0
6201,6,1,2824.14,470.69,5.166666666666667,1112.6666666666667,4.0,16,10.833333333333334,3,2,0.16666666666666666,0.6666666666666666
6202,4,1,5126.22,1281.555,10.0,1041.75,4.25,14,7.5,3,2,0.25,0.6666666666666666
6203,2,0,0.0,0.0,5.0,1173.5,4.0,5,0.0,1,1,0.0,1.0
6204,2,1,3725.64,1862.82,11.5,1145.5,3.5,6,0.0,1,0,0.5,0.0
6205,1,0,0.0,0.0,18.0,1410.0,4.0,3,15.0,1,1,0.0,1.0
6206,3,1,2858.81,952.9366666666666,8.666666666666666,837.3333333333334,4.333333333333333,10,21.666666666666668,2,1,0.3333333333333333,0.5
6208,3,1,6342.08,2114.0266666666666,14.0,813.6666666666666,3.0,9,1.6666666666666667,2,1,0.3333333333333333,0.5
6209,2,1,560.63,280.315,8.0,596.5,4.5,5,10.0,1,0,0.5,0.0
6210,7,3,1845.8,263.68571428571425,9.428571428571429,826.5714285714286,4.428571428571429,13,5.714285714285714,5,2,0.42857142857142855,0.4
6211,2,0,0.0,0.0,16.5,878.0,4.0,5,2.5,1,1,0.0,1.0
6212,3,1,154.87,51.623333333333335,10.0,831.0,4.0,4,13.333333333333334,3,2,0.3333333333333333,0.6666666666666666
6213,4,1,600.99,150.2475,15.75,1420.25,3.75,13,10.0,2,1,0.25,0.5
6214,1,0,0.0,0.0,21.0,1237.0,4.0,2,5.0,1,1,0.0,1.0
6215,2,1,200.52,100.26,15.0,897.0,4.5,6,7.5,1,0,0.5,0.0
6216,5,0,0.0,0.0,10.8,463.2,4.0,16,14.0,5,5,0.0,1.0
6217,3,1,299.92,99.97333333333334,12.0,1017.0,3.0,4,3.3333333333333335,2,1,0.3333333333333333,0.5
6218,1,0,0.0,0.0,2.0,1696.0,4.0,2,0.0,1,1,0.0,1.0
6219,2,0,0.0,0.0,7.5,177.0,4.0,5,0.0,0,0,0.0,0.0
6220,2,0,0.0,0.0,11.0,1465.5,4.0,4,7.5,2,2,0.0,1.0
6221,4,2,2513.08,628.27,13.5,703.75,4.0,11,3.75,4,2,0.5,0.5
6222,2,0,0.0,0.0,14.5,1392.5,4.0,3,17.5,1,1,0.0,1.0
6223,6,1,5321.89,886.9816666666667,11.0,669.1666666666666,4.166666666666667,17,9.166666666666666,4,3,0.16666666666666666,0.75
6225,2,1,7110.36,3555.18,17.5,972.0,4.0,6,5.0,2,1,0.5,0.5
6226,2,0,0.0,0.0,16.0,969.5,4.0,5,10.0,0,0,0.0,0.0
6227,3,0,0.0,0.0,8.333333333333334,197.0,4.0,7,18.333333333333332,2,2,0.0,1.0
6228,3,2,2497.25,832.4166666666666,10.666666666666666,517.6666666666666,3.3333333333333335,6,11.666666666666666,2,0,0.6666666666666666,0.0
6229,2,1,2906.51,1453.255,12.0,586.0,4.5,5,15.0,1,0,0.5,0.0
6230,5,2,1713.0500000000002,342.61,14.6,975.8,3.4,12,12.0,3,1,0.4,0.3333333333333333
6231,1,0,0.0,0.0,2.0,119.0,4.0,4,10.0,1,1,0.0,1.0
6232,2,0,0.0,0.0,14.0,529.0,4.0,8,17.5,1,1,0.0,1.0
6233,3,1,1369.14,456.38000000000005,6.666666666666667,936.3333333333334,4.0,9,11.666666666666666,2,1,0.3333333333333333,0.5
6234,1,0,0.0,0.0,5.0,1165.0,4.0,3,0.0,1,1,0.0,1.0
6235,2,0,0.0,0.0,11.0,524.0,4.0,7,0.0,2,2,0.0,1.0
6237,3,0,0.0,0.0,13.333333333333334,1352.6666666666667,4.0,5,5.0,2,2,0.0,1.0
6238,1,0,0.0,0.0,7.0,1444.0,4.0,2,5.0,1,1,0.0,1.0
6239,5,2,2065.63,413.12600000000003,10.8,518.6,4.2,12,3.0,3,1,0.4,0.3333333333333333
6240,3,1,6439.0,2146.3333333333335,8.333333333333334,1210.3333333333333,3.3333333333333335,8,0.0,1,0,0.3333333333333333,0.0
6241,2,1,932.63,466.315,12.0,558.5,4.5,4,2.5,1,0,0.5,0.0
6242,4,0,0.0,0.0,18.0,609.25,4.0,10,6.25,3,3,0.0,1.0
6243,5,3,5940.6,1188.1200000000001,17.2,1037.2,3.2,11,14.0,3,0,0.6,0.0
6244,4,0,0.0,0.0,10.5,757.25,4.0,12,8.75,3,3,0.0,1.0
6245,3,0,0.0,0.0,14.333333333333334,1060.3333333333333,4.0,10,18.333333333333332,2,2,0.0,1.0
6246,4,1,480.02,120.005,14.5,666.25,4.0,7,5.0,4,3,0.25,0.75
6247,1,0,0.0,0.0,21.0,1717.0,4.0,1,15.0,1,1,0.0,1.0
6249,1,0,0.0,0.0,10.0,1492.0,4.0,4,25.0,0,0,0.0,0.0
6250,2,0,0.0,0.0,9.5,754.5,4.0,5,12.5,2,2,0.0,1.0
6251,3,0,0.0,0.0,8.333333333333334,1368.0,4.0,8,18.333333333333332,2,2,0.0,1.0
6252,4,0,0.0,0.0,12.0,1000.5,4.0,10,17.5,4,4,0.0,1.0
6253,2,0,0.0,0.0,10.0,1569.5,4.0,6,0.0,1,1,0.0,1.0
6254,2,1,865.04,432.52,14.0,1429.5,3.5,5,0.0,2,1,0.5,0.5
6255,6,1,890.75,148.45833333333334,12.0,748.8333333333334,3.8333333333333335,18,8.333333333333334,5,4,0.16666666666666666,0.8
6256,7,3,11609.37,1658.4814285714288,13.714285714285714,959.7142857142857,4.0,20,10.0,5,2,0.42857142857142855,0.4
6257,3,1,787.64,262.5466666666667,13.666666666666666,1021.0,4.0,5,5.0,2,1,0.3333333333333333,0.5
6258,3,1,2273.91,757.9699999999999,16.333333333333332,438.6666666666667,3.3333333333333335,9,6.666666666666667,1,0,0.3333333333333333,0.0
6259,3,0,0.0,0.0,4.666666666666667,853.3333333333334,4.0,6,3.3333333333333335,2,2,0.0,1.0
6260,3,0,0.0,0.0,13.0,1156.6666666666667,4.0,5,11.666666666666666,1,1,0.0,1.0
6261,2,0,0.0,0.0,7.0,615.0,4.0,4,0.0,0,0,0.0,0.0
6262,4,1,583.32,145.83,10.0,894.5,4.0,7,2.5,4,3,0.25,0.75
6264,2,1,763.27,381.635,8.5,491.5,3.0,2,17.5,2,1,0.5,0.5
6265,2,0,0.0,0.0,6.5,252.0,4.0,4,2.5,1,1,0.0,1.0
6266,2,1,2065.59,1032.795,6.0,857.0,3.0,4,17.5,1,0,0.5,0.0
6267,2,0,0.0,0.0,22.5,350.5,4.0,3,2.5,2,2,0.0,1.0
6268,1,0,0.0,0.0,2.0,899.0,4.0,2,0.0,1,1,0.0,1.0
6269,5,0,0.0,0.0,11.6,905.6,4.0,15,1.0,2,2,0.0,1.0
6270,3,1,893.04,297.68,13.333333333333334,1204.6666666666667,3.6666666666666665,8,10.0,2,1,0.3333333333333333,0.5
6271,2,0,0.0,0.0,6.0,668.5,4.0,3,12.5,1,1,0.0,1.0
6272,2,0,0.0,0.0,18.0,1595.5,4.0,4,5.0,1,1,0.0,1.0
6273,1,0,0.0,0.0,10.0,1116.0,4.0,3,10.0,0,0,0.0,0.0
6274,4,1,444.39,111.0975,8.75,1343.25,4.25,10,8.75,3,2,0.25,0.6666666666666666
6275,3,0,0.0,0.0,7.0,1046.6666666666667,4.0,8,5.0,1,1,0.0,1.0
6276,6,3,5208.5,868.0833333333334,11.0,803.8333333333334,3.8333333333333335,10,10.0,3,0,0.5,0.0
6277,2,0,0.0,0.0,15.0,936.0,4.0,5,15.0,1,1,0.0,1.0
6278,1,0,0.0,0.0,17.0,378.0,4.0,2,0.0,1,1,0.0,1.0
6279,2,1,4469.82,2234.91,21.5,317.5,2.5,4,0.0,2,1,0.5,0.5
6280,3,0,0.0,0.0,13.666666666666666,637.6666666666666,4.0,6,6.666666666666667,0,0,0.0,0.0
6282,1,1,990.99,990.99,4.0,1195.0,5.0,3,25.0,1,0,1.0,0.0
6283,6,3,7051.29,1175.215,13.0,1129.6666666666667,3.1666666666666665,18,6.666666666666667,5,2,0.5,0.4
6285,2,0,0.0,0.0,13.5,1031.0,4.0,4,2.5,2,2,0.0,1.0
6286,3,0,0.0,0.0,13.333333333333334,607.0,4.0,7,1.6666666666666667,1,1,0.0,1.0
6287,3,0,0.0,0.0,9.0,1211.0,4.0,8,8.333333333333334,1,1,0.0,1.0
6288,2,2,1588.95,794.475,12.0,509.5,5.0,5,0.0,2,0,1.0,0.0
6289,3,2,3774.6400000000003,1258.2133333333334,13.666666666666666,1053.0,4.666666666666667,7,10.0,3,1,0.6666666666666666,0.3333333333333333
6290,2,1,1214.27,607.135,17.5,1249.5,4.5,3,10.0,2,1,0.5,0.5
6292,1,0,0.0,0.0,8.0,1080.0,4.0,1,10.0,0,0,0.0,0.0
6293,4,0,0.0,0.0,11.75,942.75,4.0,10,15.0,1,1,0.0,1.0
6294,3,0,0.0,0.0,8.0,902.3333333333334,4.0,11,1.6666666666666667,1,1,0.0,1.0
6295,2,2,3641.89,1820.945,12.5,1027.5,4.0,4,10.0,2,0,1.0,0.0
6296,4,0,0.0,0.0,12.25,899.25,4.0,12,16.25,3,3,0.0,1.0
6297,2,0,0.0,0.0,12.0,1137.0,4.0,4,15.0,1,1,0.0,1.0
6298,7,0,0.0,0.0,15.285714285714286,697.1428571428571,4.0,14,9.285714285714286,3,3,0.0,1.0
6299,2,0,0.0,0.0,14.5,684.5,4.0,6,10.0,0,0,0.0,0.0
6300,4,0,0.0,0.0,12.25,869.25,4.0,13,6.25,3,3,0.0,1.0
6301,2,1,148.19,74.095,13.0,1173.0,3.0,3,17.5,2,1,0.5,0.5
6302,2,1,451.17,225.585,11.5,322.5,4.0,2,0.0,1,0,0.5,0.0
6303,3,1,6920.28,2306.7599999999998,15.0,591.0,3.6666666666666665,8,10.0,2,1,0.3333333333333333,0.5
6304,1,0,0.0,0.0,7.0,1149.0,4.0,4,15.0,1,1,0.0,1.0
6305,4,0,0.0,0.0,18.0,486.0,4.0,8,22.5,3,3,0.0,1.0
6306,3,1,509.73,169.91,19.0,1361.6666666666667,4.0,5,8.333333333333334,2,1,0.3333333333333333,0.5
6307,3,1,1847.48,615.8266666666667,10.0,409.3333333333333,3.6666666666666665,8,6.666666666666667,2,1,0.3333333333333333,0.5
6308,2,0,0.0,0.0,23.0,754.0,4.0,5,0.0,0,0,0.0,0.0
6309,1,0,0.0,0.0,18.0,1364.0,4.0,2,0.0,0,0,0.0,0.0
6310,3,0,0.0,0.0,6.0,896.0,4.0,7,5.0,1,1,0.0,1.0
6311,3,1,1231.51,410.50333333333333,10.666666666666666,1362.6666666666667,4.0,8,3.3333333333333335,2,1,0.3333333333333333,0.5
6312,4,3,10562.77,2640.6925,6.0,1057.25,3.5,13,12.5,4,1,0.75,0.25
6313,1,0,0.0,0.0,5.0,1523.0,4.0,1,0.0,1,1,0.0,1.0
6314,3,0,0.0,0.0,12.666666666666666,1105.3333333333333,4.0,11,0.0,3,3,0.0,1.0
6315,1,0,0.0,0.0,2.0,520.0,4.0,2,10.0,0,0,0.0,0.0
6316,3,0,0.0,0.0,16.0,1097.0,4.0,6,13.333333333333334,1,1,0.0,1.0
6317,3,0,0.0,0.0,9.333333333333334,276.0,4.0,12,18.333333333333332,2,2,0.0,1.0
6318,1,0,0.0,0.0,24.0,1786.0,4.0,4,25.0,1,1,0.0,1.0
6319,5,2,4126.9400000000005,825.3880000000001,8.4,1130.6,3.2,14,9.0,3,1,0.4,0.3333333333333333
6320,4,0,0.0,0.0,15.0,1547.0,4.0,11,3.75,2,2,0.0,1.0
6321,2,1,3448.11,1724.055,5.0,1265.0,4.0,4,10.0,2,1,0.5,0.5
6322,4,0,0.0,0.0,9.75,922.0,4.0,9,3.75,3,3,0.0,1.0
6323,1,0,0.0,0.0,5.0,81.0,4.0,1,10.0,0,0,0.0,0.0
6324,2,1,1079.25,539.625,15.5,575.5,4.5,4,2.5,2,1,0.5,0.5
6325,5,1,2156.11,431.22200000000004,11.6,283.0,4.2,18,7.0,3,2,0.2,0.6666666666666666
6326,1,0,0.0,0.0,6.0,1279.0,4.0,3,15.0,0,0,0.0,0.0
6327,5,1,880.27,176.054,12.8,727.0,3.8,13,12.0,1,0,0.2,0.0
6328,2,0,0.0,0.0,9.5,1047.0,4.0,5,17.5,0,0,0.0,0.0
6329,7,1,2361.48,337.3542857142857,13.571428571428571,970.4285714285714,4.0,20,12.857142857142858,4,3,0.14285714285714285,0.75
6330,4,1,3664.58,916.145,9.0,951.5,4.0,11,13.75,2,1,0.25,0.5
6331,1,0,0.0,0.0,19.0,1210.0,4.0,3,0.0,1,1,0.0,1.0
6332,3,2,1802.3799999999999,600.7933333333333,15.0,1175.3333333333333,4.333333333333333,8,16.666666666666668,3,1,0.6666666666666666,0.3333333333333333
6333,3,0,0.0,0.0,10.0,661.0,4.0,3,10.0,1,1,0.0,1.0
6335,1,0,0.0,0.0,20.0,516.0,4.0,3,25.0,1,1,0.0,1.0
6336,3,0,0.0,0.0,19.0,546.0,4.0,10,8.333333333333334,2,2,0.0,1.0
6337,3,1,550.22,183.40666666666667,10.666666666666666,436.6666666666667,4.0,9,5.0,2,1,0.3333333333333333,0.5
6338,2,0,0.0,0.0,3.5,1224.5,4.0,2,2.5,2,2,0.0,1.0
6339,3,3,5153.5599999999995,1717.8533333333332,6.0,1147.0,4.0,11,15.0,3,0,1.0,0.0
6340,2,1,715.67,357.835,15.5,446.5,3.5,4,7.5,2,1,0.5,0.5
6341,4,3,7200.61,1800.1525,10.25,794.5,4.0,10,10.0,4,1,0.75,0.25
6342,4,0,0.0,0.0,16.0,1259.0,4.0,11,10.0,2,2,0.0,1.0
6343,4,2,4942.68,1235.67,17.75,920.0,4.25,13,6.25,4,2,0.5,0.5
6345,2,2,248.44,124.22,7.5,164.5,4.5,2,20.0,2,0,1.0,0.0
6346,3,1,955.08,318.36,9.666666666666666,846.3333333333334,3.3333333333333335,4,8.333333333333334,1,0,0.3333333333333333,0.0
6347,1,0,0.0,0.0,16.0,1076.0,4.0,2,5.0,1,1,0.0,1.0
6348,2,0,0.0,0.0,11.0,1606.5,4.0,7,5.0,1,1,0.0,1.0
6349,3,0,0.0,0.0,16.666666666666668,1226.3333333333333,4.0,7,3.3333333333333335,2,2,0.0,1.0
6350,5,0,0.0,0.0,8.8,778.8,4.0,14,9.0,2,2,0.0,1.0
6351,2,0,0.0,0.0,14.5,1004.0,4.0,5,12.5,2,2,0.0,1.0
6352,2,1,1784.88,892.44,11.0,1372.0,4.0,6,12.5,1,0,0.5,0.0
6353,3,0,0.0,0.0,14.666666666666666,1001.0,4.0,5,8.333333333333334,2,2,0.0,1.0
6354,4,0,0.0,0.0,9.75,972.25,4.0,12,2.5,2,2,0.0,1.0
6355,1,0,0.0,0.0,17.0,916.0,4.0,2,0.0,1,1,0.0,1.0
6356,4,1,1113.81,278.4525,11.75,945.75,4.0,14,11.25,2,1,0.25,0.5
6357,4,0,0.0,0.0,5.25,952.5,4.0,11,8.75,4,4,0.0,1.0
6358,1,1,364.23,364.23,18.0,53.0,3.0,1,0.0,1,0,1.0,0.0
6359,3,1,2908.87,969.6233333333333,10.333333333333334,626.3333333333334,4.333333333333333,8,11.666666666666666,1,0,0.3333333333333333,0.0
6360,2,1,1000.13,500.065,10.0,414.0,4.5,8,10.0,2,1,0.5,0.5
6361,4,1,210.37,52.5925,18.75,1139.5,4.0,7,13.75,3,2,0.25,0.6666666666666666
6362,1,0,0.0,0.0,12.0,1379.0,4.0,2,10.0,1,1,0.0,1.0
6363,7,1,1062.77,151.8242857142857,12.428571428571429,1044.0,4.142857142857143,21,10.714285714285714,7,6,0.14285714285714285,0.8571428571428571
6364,4,1,5811.3,1452.825,13.75,1133.0,4.0,11,11.25,2,1,0.25,0.5
6365,1,1,1575.87,1575.87,17.0,799.0,3.0,1,5.0,1,0,1.0,0.0
6367,2,0,0.0,0.0,10.0,188.0,4.0,5,7.5,2,2,0.0,1.0
6368,1,0,0.0,0.0,12.0,1606.0,4.0,3,0.0,1,1,0.0,1.0
6369,1,1,902.62,902.62,2.0,935.0,3.0,2,25.0,1,0,1.0,0.0
6370,2,1,1471.64,735.82,15.5,316.0,2.5,5,0.0,1,0,0.5,0.0
6371,6,1,1786.32,297.71999999999997,13.833333333333334,749.6666666666666,3.8333333333333335,16,8.333333333333334,3,2,0.16666666666666666,0.6666666666666666
6372,2,0,0.0,0.0,18.0,280.0,4.0,4,10.0,2,2,0.0,1.0
6373,2,0,0.0,0.0,14.0,1436.0,4.0,2,7.5,1,1,0.0,1.0
6374,2,0,0.0,0.0,14.0,910.0,4.0,8,0.0,1,1,0.0,1.0
6375,4,1,3273.0,818.25,12.25,1003.75,4.0,11,2.5,2,1,0.25,0.5
6376,4,2,2818.32,704.58,10.0,951.5,4.25,10,8.75,3,1,0.5,0.3333333333333333
6377,2,1,1327.66,663.83,17.5,1039.5,2.5,3,10.0,1,0,0.5,0.0
6378,1,1,964.68,964.68,22.0,1774.0,4.0,4,25.0,1,0,1.0,0.0
6379,4,2,7686.69,1921.6725,11.75,965.25,4.0,13,8.75,2,0,0.5,0.0
6380,5,1,1128.54,225.708,12.8,986.4,4.2,12,7.0,4,3,0.2,0.75
6381,1,0,0.0,0.0,8.0,1481.0,4.0,3,20.0,1,1,0.0,1.0
6382,6,1,1608.39,268.065,15.666666666666666,1156.1666666666667,4.166666666666667,13,5.0,3,2,0.16666666666666666,0.6666666666666666
6383,1,1,1712.73,1712.73,23.0,1747.0,5.0,2,15.0,1,0,1.0,0.0
6384,1,0,0.0,0.0,24.0,1096.0,4.0,2,0.0,0,0,0.0,0.0
6385,3,0,0.0,0.0,12.666666666666666,828.6666666666666,4.0,11,8.333333333333334,2,2,0.0,1.0
6386,4,0,0.0,0.0,8.5,1042.75,4.0,6,10.0,2,2,0.0,1.0
6387,4,0,0.0,0.0,12.25,978.5,4.0,13,7.5,4,4,0.0,1.0
6388,1,1,240.69,240.69,15.0,1600.0,3.0,2,25.0,1,0,1.0,0.0
6389,6,1,6243.88,1040.6466666666668,8.5,925.6666666666666,3.6666666666666665,18,10.833333333333334,1,0,0.16666666666666666,0.0
6390,1,0,0.0,0.0,3.0,889.0,4.0,1,5.0,0,0,0.0,0.0
6391,4,2,2673.88,668.47,15.25,1031.0,4.0,9,11.25,2,0,0.5,0.0
6392,1,0,0.0,0.0,6.0,345.0,4.0,3,15.0,1,1,0.0,1.0
6393,2,1,4315.03,2157.515,11.0,541.5,4.5,5,7.5,1,0,0.5,0.0
6394,3,1,1471.56,490.52,21.333333333333332,724.3333333333334,3.6666666666666665,6,15.0,3,2,0.3333333333333333,0.6666666666666666
6395,4,2,4144.370000000001,1036.0925000000002,16.25,921.75,4.25,10,15.0,3,1,0.5,0.3333333333333333
6396,3,0,0.0,0.0,9.666666666666666,1112.3333333333333,4.0,7,11.666666666666666,2,2,0.0,1.0
6397,4,0,0.0,0.0,7.75,608.5,4.0,9,5.0,4,4,0.0,1.0
6398,3,0,0.0,0.0,9.333333333333334,1012.0,4.0,8,10.0,2,2,0.0,1.0
6399,3,1,1764.48,588.16,11.333333333333334,1408.6666666666667,4.333333333333333,7,6.666666666666667,2,1,0.3333333333333333,0.5
6400,1,0,0.0,0.0,18.0,981.0,4.0,1,0.0,0,0,0.0,0.0
6401,3,0,0.0,0.0,16.333333333333332,621.3333333333334,4.0,6,0.0,1,1,0.0,1.0
6402,3,0,0.0,0.0,15.666666666666666,924.3333333333334,4.0,7,8.333333333333334,2,2,0.0,1.0
6404,2,0,0.0,0.0,15.0,1357.5,4.0,6,0.0,2,2,0.0,1.0
6405,1,0,0.0,0.0,3.0,1739.0,4.0,1,15.0,1,1,0.0,1.0
6406,3,1,5299.16,1766.3866666666665,13.0,1142.6666666666667,4.0,7,6.666666666666667,1,0,0.3333333333333333,0.0
6407,5,1,846.92,169.384,14.0,1276.6,4.0,10,13.0,2,1,0.2,0.5
6408,4,1,1401.01,350.2525,14.25,1056.75,4.25,5,10.0,3,2,0.25,0.6666666666666666
6409,2,2,6503.26,3251.63,19.5,988.0,4.0,6,5.0,2,0,1.0,0.0
6410,1,0,0.0,0.0,7.0,558.0,4.0,2,15.0,0,0,0.0,0.0
6411,3,1,594.02,198.00666666666666,14.0,1452.0,4.333333333333333,8,10.0,2,1,0.3333333333333333,0.5
6412,3,0,0.0,0.0,20.0,233.0,4.0,7,13.333333333333334,3,3,0.0,1.0
6413,3,1,2085.57,695.19,11.333333333333334,976.6666666666666,4.333333333333333,7,13.333333333333334,3,2,0.3333333333333333,0.6666666666666666
6414,3,1,217.46,72.48666666666666,15.333333333333334,877.0,4.0,5,8.333333333333334,3,2,0.3333333333333333,0.6666666666666666
6415,4,2,5423.620000000001,1355.9050000000002,11.5,788.25,4.25,11,6.25,2,0,0.5,0.0
6416,1,0,0.0,0.0,14.0,1245.0,4.0,1,10.0,0,0,0.0,0.0
6417,2,0,0.0,0.0,8.5,356.5,4.0,7,5.0,1,1,0.0,1.0
6418,3,0,0.0,0.0,9.666666666666666,1198.0,4.0,11,16.666666666666668,1,1,0.0,1.0
6419,4,0,0.0,0.0,15.5,941.5,4.0,13,6.25,2,2,0.0,1.0
6420,2,0,0.0,0.0,16.5,1006.0,4.0,7,7.5,1,1,0.0,1.0
6421,5,1,1462.36,292.472,14.2,851.4,3.8,14,10.0,3,2,0.2,0.6666666666666666
6422,5,0,0.0,0.0,9.4,1169.0,4.0,5,9.0,2,2,0.0,1.0
6423,3,0,0.0,0.0,14.666666666666666,540.0,4.0,5,3.3333333333333335,1,1,0.0,1.0
6424,4,0,0.0,0.0,13.25,817.75,4.0,11,5.0,3,3,0.0,1.0
6425,2,1,1321.52,660.76,20.5,966.5,4.5,7,12.5,1,0,0.5,0.0
6426,1,0,0.0,0.0,21.0,1462.0,4.0,2,0.0,0,0,0.0,0.0
6427,3,0,0.0,0.0,8.333333333333334,314.6666666666667,4.0,8,11.666666666666666,1,1,0.0,1.0
6428,4,1,1465.86,366.465,17.75,1012.25,4.0,12,3.75,2,1,0.25,0.5
6429,1,0,0.0,0.0,8.0,1183.0,4.0,4,0.0,1,1,0.0,1.0
6430,7,2,2162.6,308.9428571428571,9.428571428571429,720.7142857142857,4.142857142857143,18,8.571428571428571,5,3,0.2857142857142857,0.6
6431,2,0,0.0,0.0,16.0,991.0,4.0,2,0.0,2,2,0.0,1.0
6432,3,1,1695.6,565.1999999999999,15.0,740.0,3.3333333333333335,7,0.0,1,0,0.3333333333333333,0.0
6433,1,1,3494.94,3494.94,24.0,672.0,2.0,3,0.0,1,0,1.0,0.0
6434,3,1,1502.8,500.93333333333334,21.0,996.6666666666666,3.6666666666666665,10,6.666666666666667,3,2,0.3333333333333333,0.6666666666666666
6435,2,1,1911.84,955.92,18.5,1256.0,4.5,7,5.0,2,1,0.5,0.5
6436,4,4,6849.07,1712.2675,16.75,1348.5,3.0,10,10.0,4,0,1.0,0.0
6437,5,1,771.46,154.292,10.6,1010.4,3.4,12,13.0,2,1,0.2,0.5
6438,3,1,995.43,331.81,14.666666666666666,1134.0,4.333333333333333,6,5.0,2,1,0.3333333333333333,0.5
6439,2,0,0.0,0.0,14.5,519.5,4.0,7,0.0,1,1,0.0,1.0
6441,3,0,0.0,0.0,6.666666666666667,928.3333333333334,4.0,10,6.666666666666667,1,1,0.0,1.0
6442,2,0,0.0,0.0,9.5,1355.5,4.0,5,20.0,1,1,0.0,1.0
6443,4,2,4832.33,1208.0825,11.5,799.0,3.25,12,7.5,4,2,0.5,0.5
6444,2,0,0.0,0.0,18.0,789.5,4.0,3,12.5,1,1,0.0,1.0
6445,4,1,234.08,58.52,8.75,928.5,3.75,13,6.25,4,3,0.25,0.75
6446,2,0,0.0,0.0,9.0,1066.0,4.0,2,0.0,0,0,0.0,0.0
6447,1,0,0.0,0.0,2.0,747.0,4.0,1,15.0,1,1,0.0,1.0
6448,1,0,0.0,0.0,3.0,1087.0,4.0,3,0.0,0,0,0.0,0.0
6449,1,0,0.0,0.0,1.0,363.0,4.0,3,20.0,1,1,0.0,1.0
6450,3,1,432.13,144.04333333333332,8.333333333333334,737.0,4.0,4,8.333333333333334,2,1,0.3333333333333333,0.5
6451,2,0,0.0,0.0,10.0,997.0,4.0,6,7.5,0,0,0.0,0.0
6452,3,0,0.0,0.0,12.0,1699.6666666666667,4.0,7,13.333333333333334,1,1,0.0,1.0
6453,3,0,0.0,0.0,12.333333333333334,1118.3333333333333,4.0,5,18.333333333333332,3,3,0.0,1.0
6454,2,1,3599.19,1799.595,17.5,1453.5,4.0,5,17.5,2,1,0.5,0.5
6455,4,0,0.0,0.0,8.25,715.75,4.0,9,10.0,1,1,0.0,1.0
6456,8,3,7025.41,878.17625,10.875,1022.0,4.125,24,6.875,6,3,0.375,0.5
6457,2,0,0.0,0.0,15.0,597.0,4.0,4,15.0,1,1,0.0,1.0
6458,2,0,0.0,0.0,13.5,1195.5,4.0,7,7.5,1,1,0.0,1.0
6459,6,4,7390.51,1231.7516666666668,14.166666666666666,1014.3333333333334,3.3333333333333335,15,7.5,4,0,0.6666666666666666,0.0
6460,2,0,0.0,0.0,8.0,1324.0,4.0,6,5.0,0,0,0.0,0.0
6462,2,0,0.0,0.0,6.0,197.0,4.0,2,7.5,0,0,0.0,0.0
6463,3,1,840.36,280.12,8.666666666666666,978.3333333333334,3.6666666666666665,7,3.3333333333333335,1,0,0.3333333333333333,0.0
6464,4,1,3926.16,981.54,16.25,1146.25,4.0,9,7.5,2,1,0.25,0.5
6465,5,1,3022.43,604.486,11.4,563.2,3.8,14,16.0,2,1,0.2,0.5
6466,2,0,0.0,0.0,12.5,906.5,4.0,6,2.5,1,1,0.0,1.0
6467,5,2,2182.85,436.57,14.8,1128.4,4.0,12,5.0,4,2,0.4,0.5
6468,6,0,0.0,0.0,17.166666666666668,617.3333333333334,4.0,18,8.333333333333334,2,2,0.0,1.0
6469,1,1,1258.17,1258.17,16.0,711.0,2.0,1,5.0,1,0,1.0,0.0
6470,2,0,0.0,0.0,9.0,1106.0,4.0,6,5.0,2,2,0.0,1.0
6471,4,2,4597.04,1149.26,17.25,632.5,3.5,9,8.75,4,2,0.5,0.5
6472,3,1,535.48,178.49333333333334,16.666666666666668,563.3333333333334,4.333333333333333,6,10.0,1,0,0.3333333333333333,0.0
6473,3,1,5650.16,1883.3866666666665,15.0,1200.6666666666667,4.0,9,16.666666666666668,2,1,0.3333333333333333,0.5
6474,5,1,261.0,52.2,5.8,1164.8,4.0,9,15.0,3,2,0.2,0.6666666666666666
6475,2,0,0.0,0.0,9.0,940.5,4.0,6,12.5,2,2,0.0,1.0
6476,4,1,4322.37,1080.5925,10.5,807.0,3.75,9,6.25,2,1,0.25,0.5
6477,5,1,660.68,132.136,11.0,695.8,4.2,13,18.0,2,1,0.2,0.5
6478,7,3,5704.41,814.9157142857142,17.285714285714285,674.1428571428571,4.285714285714286,22,15.714285714285714,5,2,0.42857142857142855,0.4
6479,2,2,2662.4300000000003,1331.2150000000001,13.0,1346.5,3.0,3,15.0,2,0,1.0,0.0
6481,2,0,0.0,0.0,11.0,773.0,4.0,5,12.5,1,1,0.0,1.0
6482,3,1,357.37,119.12333333333333,16.666666666666668,1026.3333333333333,4.333333333333333,5,3.3333333333333335,2,1,0.3333333333333333,0.5
6483,1,0,0.0,0.0,7.0,1334.0,4.0,1,15.0,1,1,0.0,1.0
6484,2,0,0.0,0.0,6.5,1579.5,4.0,3,12.5,1,1,0.0,1.0
6485,4,2,1408.96,352.24,12.75,405.75,4.25,9,8.75,3,1,0.5,0.3333333333333333
6486,1,0,0.0,0.0,7.0,556.0,4.0,1,0.0,0,0,0.0,0.0
6487,3,0,0.0,0.0,5.333333333333333,887.3333333333334,4.0,10,5.0,0,0,0.0,0.0
6489,4,2,1257.0,314.25,13.0,776.5,4.25,9,15.0,2,0,0.5,0.0
6491,3,0,0.0,0.0,6.333333333333333,1128.6666666666667,4.0,7,5.0,3,3,0.0,1.0
6492,1,0,0.0,0.0,13.0,1224.0,4.0,1,0.0,1,1,0.0,1.0
6493,6,1,932.87,155.47833333333332,11.0,846.6666666666666,4.0,15,18.333333333333332,3,2,0.16666666666666666,0.6666666666666666
6494,3,2,4019.45,1339.8166666666666,14.0,747.0,4.666666666666667,8,5.0,2,0,0.6666666666666666,0.0
6496,5,1,1189.97,237.994,11.8,777.0,4.0,11,8.0,3,2,0.2,0.6666666666666666
6497,6,2,3032.6,505.43333333333334,13.166666666666666,1135.1666666666667,3.8333333333333335,16,15.0,2,0,0.3333333333333333,0.0
6498,3,1,1349.02,449.67333333333335,14.666666666666666,1157.3333333333333,3.0,6,10.0,3,2,0.3333333333333333,0.6666666666666666
6499,4,1,1990.5,497.625,8.0,1060.75,4.0,9,10.0,3,2,0.25,0.6666666666666666
6500,3,1,621.07,207.02333333333334,6.666666666666667,863.3333333333334,3.6666666666666665,11,11.666666666666666,2,1,0.3333333333333333,0.5
6501,2,0,0.0,0.0,16.5,867.5,4.0,4,17.5,1,1,0.0,1.0
6502,3,0,0.0,0.0,21.666666666666668,867.3333333333334,4.0,10,8.333333333333334,1,1,0.0,1.0
6503,4,2,2084.0,521.0,11.5,524.5,4.25,12,5.0,4,2,0.5,0.5
6504,1,0,0.0,0.0,1.0,78.0,4.0,1,30.0,0,0,0.0,0.0
6505,2,0,0.0,0.0,12.5,1083.5,4.0,2,5.0,1,1,0.0,1.0
6506,3,0,0.0,0.0,8.666666666666666,701.3333333333334,4.0,5,18.333333333333332,2,2,0.0,1.0
6507,2,1,3154.12,1577.06,16.0,1273.0,3.0,7,5.0,2,1,0.5,0.5
6508,7,0,0.0,0.0,17.0,1143.5714285714287,4.0,17,11.428571428571429,4,4,0.0,1.0
6509,4,0,0.0,0.0,13.5,738.5,4.0,13,2.5,2,2,0.0,1.0
6510,1,0,0.0,0.0,12.0,979.0,4.0,4,20.0,0,0,0.0,0.0
6511,8,3,2254.33,281.79125,15.0,812.875,4.25,22,16.25,5,2,0.375,0.4
6512,5,1,1769.36,353.87199999999996,15.2,954.6,4.0,13,11.0,4,3,0.2,0.75
6513,2,0,0.0,0.0,15.0,682.5,4.0,6,10.0,0,0,0.0,0.0
6514,2,0,0.0,0.0,14.0,1526.0,4.0,4,17.5,1,1,0.0,1.0
6515,4,1,388.03,97.0075,15.75,399.75,4.25,4,5.0,2,1,0.25,0.5
6517,1,1,1591.33,1591.33,1.0,311.0,5.0,3,10.0,1,0,1.0,0.0
6518,3,0,0.0,0.0,11.333333333333334,1523.3333333333333,4.0,6,8.333333333333334,2,2,0.0,1.0
6519,2,0,0.0,0.0,11.0,997.5,4.0,6,15.0,0,0,0.0,0.0
6520,2,1,732.78,366.39,12.0,924.5,4.0,6,0.0,2,1,0.5,0.5
6521,5,1,611.07,122.21400000000001,12.8,732.0,4.0,10,19.0,2,1,0.2,0.5
6522,1,0,0.0,0.0,1.0,1499.0,4.0,3,0.0,1,1,0.0,1.0
6523,3,0,0.0,0.0,14.0,1642.6666666666667,4.0,9,0.0,0,0,0.0,0.0
6524,2,1,2239.85,1119.925,21.0,1614.0,4.5,6,10.0,1,0,0.5,0.0
6525,1,1,1767.75,1767.75,14.0,1758.0,4.0,2,30.0,1,0,1.0,0.0
6526,3,1,4015.68,1338.56,7.666666666666667,933.3333333333334,4.0,9,5.0,1,0,0.3333333333333333,0.0
6527,4,0,0.0,0.0,6.5,954.5,4.0,8,17.5,3,3,0.0,1.0
6528,6,1,1066.81,177.80166666666665,14.0,976.6666666666666,4.0,14,5.0,5,4,0.16666666666666666,0.8
6529,2,1,1237.77,618.885,19.0,406.0,2.5,6,7.5,2,1,0.5,0.5
6530,4,1,1041.03,260.2575,16.5,1330.5,3.75,8,2.5,4,3,0.25,0.75
6531,4,1,2206.14,551.535,10.75,1122.25,4.0,12,8.75,2,1,0.25,0.5
6532,1,1,1564.69,1564.69,3.0,1273.0,3.0,2,10.0,1,0,1.0,0.0
6533,1,0,0.0,0.0,10.0,316.0,4.0,1,0.0,0,0,0.0,0.0
6534,3,1,1506.05,502.01666666666665,14.333333333333334,751.0,4.333333333333333,3,15.0,2,1,0.3333333333333333,0.5
6535,3,0,0.0,0.0,8.0,1200.0,4.0,8,6.666666666666667,3,3,0.0,1.0
6536,4,1,283.74,70.935,11.75,872.5,4.0,9,12.5,3,2,0.25,0.6666666666666666
6538,3,0,0.0,0.0,11.0,746.6666666666666,4.0,7,6.666666666666667,1,1,0.0,1.0
6539,3,1,934.5,311.5,23.333333333333332,1140.6666666666667,4.333333333333333,9,3.3333333333333335,2,1,0.3333333333333333,0.5
6542,1,0,0.0,0.0,18.0,164.0,4.0,3,5.0,1,1,0.0,1.0
6543,4,2,2597.04,649.26,15.25,940.5,4.25,7,16.25,3,1,0.5,0.3333333333333333
6544,4,0,0.0,0.0,14.0,779.0,4.0,13,8.75,2,2,0.0,1.0
6545,5,3,7164.860000000001,1432.9720000000002,11.8,1073.2,4.0,17,9.0,3,0,0.6,0.0
6546,3,1,354.37,118.12333333333333,17.0,704.0,4.0,7,15.0,2,1,0.3333333333333333,0.5
6547,4,2,1589.5099999999998,397.37749999999994,13.75,749.0,4.5,11,16.25,3,1,0.5,0.3333333333333333
6548,5,0,0.0,0.0,10.4,777.4,4.0,10,5.0,2,2,0.0,1.0
6549,2,1,1521.54,760.77,2.0,584.5,4.0,5,0.0,2,1,0.5,0.5
6550,2,0,0.0,0.0,16.0,1013.5,4.0,5,5.0,1,1,0.0,1.0
6551,2,0,0.0,0.0,10.5,1220.5,4.0,4,10.0,1,1,0.0,1.0
6552,3,1,216.49,72.16333333333334,18.0,566.6666666666666,4.0,7,16.666666666666668,2,1,0.3333333333333333,0.5
6553,5,2,657.22,131.44400000000002,14.6,1073.6,3.8,11,15.0,4,2,0.4,0.5
6554,4,2,769.94,192.485,11.0,1156.0,4.0,7,13.75,3,1,0.5,0.3333333333333333
6555,2,1,564.98,282.49,6.0,1021.5,4.5,5,0.0,1,0,0.5,0.0
6556,7,1,2284.62,326.3742857142857,12.571428571428571,1102.0,4.0,18,14.285714285714286,3,2,0.14285714285714285,0.6666666666666666
6557,1,1,2724.21,2724.21,17.0,1207.0,4.0,3,0.0,1,0,1.0,0.0
6558,4,1,1235.71,308.9275,12.25,1215.0,4.25,12,8.75,4,3,0.25,0.75
6559,7,0,0.0,0.0,10.0,1113.5714285714287,4.0,10,9.285714285714286,4,4,0.0,1.0
6560,1,0,0.0,0.0,6.0,565.0,4.0,2,25.0,1,1,0.0,1.0
6561,3,1,865.52,288.50666666666666,9.333333333333334,1073.0,3.0,8,5.0,2,1,0.3333333333333333,0.5
6562,2,1,438.65,219.325,9.0,693.5,4.0,4,10.0,1,0,0.5,0.0
6564,4,2,2423.6,605.9,13.25,670.25,4.0,10,7.5,3,1,0.5,0.3333333333333333
6565,3,0,0.0,0.0,9.666666666666666,1572.3333333333333,4.0,11,11.666666666666666,2,2,0.0,1.0
6566,5,0,0.0,0.0,14.4,691.4,4.0,16,15.0,2,2,0.0,1.0
6567,5,1,2260.56,452.11199999999997,11.8,958.2,3.8,9,8.0,2,1,0.2,0.5
6568,3,1,1806.24,602.08,16.666666666666668,410.3333333333333,4.333333333333333,9,13.333333333333334,2,1,0.3333333333333333,0.5
6569,3,1,786.03,262.01,17.333333333333332,932.6666666666666,3.3333333333333335,4,8.333333333333334,3,2,0.3333333333333333,0.6666666666666666
6571,4,3,3110.32,777.58,11.5,616.5,3.75,7,7.5,4,1,0.75,0.25
6572,2,0,0.0,0.0,10.5,1491.0,4.0,5,15.0,1,1,0.0,1.0
6573,2,0,0.0,0.0,13.0,605.5,4.0,7,7.5,0,0,0.0,0.0
6574,2,1,1755.1,877.55,14.5,932.5,3.5,3,17.5,2,1,0.5,0.5
6575,1,0,0.0,0.0,10.0,1275.0,4.0,2,0.0,1,1,0.0,1.0
6576,5,0,0.0,0.0,12.2,1205.4,4.0,12,2.0,2,2,0.0,1.0
6578,2,2,3883.7700000000004,1941.8850000000002,9.5,675.5,2.0,5,5.0,2,0,1.0,0.0
6579,3,0,0.0,0.0,11.666666666666666,1662.3333333333333,4.0,7,0.0,2,2,0.0,1.0
6580,7,0,0.0,0.0,16.428571428571427,924.1428571428571,4.0,21,11.428571428571429,6,6,0.0,1.0
6581,1,0,0.0,0.0,17.0,907.0,4.0,2,15.0,0,0,0.0,0.0
6582,3,1,2692.74,897.5799999999999,9.333333333333334,1491.3333333333333,4.0,9,13.333333333333334,1,0,0.3333333333333333,0.0
6583,1,0,0.0,0.0,10.0,469.0,4.0,2,0.0,0,0,0.0,0.0
6584,3,0,0.0,0.0,15.333333333333334,1351.6666666666667,4.0,9,15.0,1,1,0.0,1.0
6585,2,0,0.0,0.0,19.0,800.0,4.0,6,7.5,1,1,0.0,1.0
6586,3,0,0.0,0.0,15.333333333333334,335.3333333333333,4.0,10,6.666666666666667,2,2,0.0,1.0
6587,7,1,877.52,125.36,15.571428571428571,675.0,4.142857142857143,14,6.428571428571429,3,2,0.14285714285714285,0.6666666666666666
6588,1,0,0.0,0.0,3.0,1630.0,4.0,3,25.0,0,0,0.0,0.0
6590,1,0,0.0,0.0,11.0,1445.0,4.0,1,0.0,1,1,0.0,1.0
6591,2,0,0.0,0.0,7.0,966.0,4.0,5,20.0,1,1,0.0,1.0
6592,3,1,331.04,110.34666666666668,18.333333333333332,1150.0,3.6666666666666665,6,8.333333333333334,2,1,0.3333333333333333,0.5
6593,1,0,0.0,0.0,1.0,913.0,4.0,4,15.0,0,0,0.0,0.0
6594,6,2,4785.469999999999,797.5783333333333,9.666666666666666,824.1666666666666,4.166666666666667,12,10.0,3,1,0.3333333333333333,0.3333333333333333
6595,4,1,1676.06,419.015,5.25,756.5,4.25,8,13.75,3,2,0.25,0.6666666666666666
6596,5,0,0.0,0.0,11.0,858.2,4.0,12,2.0,3,3,0.0,1.0
6597,2,0,0.0,0.0,12.0,898.0,4.0,3,2.5,1,1,0.0,1.0
6598,1,1,941.4,941.4,6.0,94.0,4.0,1,25.0,1,0,1.0,0.0
6599,3,3,4147.35,1382.45,8.333333333333334,839.3333333333334,3.6666666666666665,7,13.333333333333334,3,0,1.0,0.0
6600,2,0,0.0,0.0,12.5,376.5,4.0,5,0.0,1,1,0.0,1.0
6601,2,0,0.0,0.0,8.0,872.0,4.0,6,0.0,1,1,0.0,1.0
6603,6,0,0.0,0.0,12.166666666666666,539.5,4.0,16,4.166666666666667,3,3,0.0,1.0
6605,4,1,1204.71,301.1775,10.5,793.75,4.0,11,1.25,3,2,0.25,0.6666666666666666
6606,3,0,0.0,0.0,12.0,707.6666666666666,4.0,7,8.333333333333334,2,2,0.0,1.0
6607,6,2,1953.28,325.5466666666667,10.833333333333334,1030.3333333333333,3.8333333333333335,15,15.833333333333334,5,3,0.3333333333333333,0.6
6609,3,0,0.0,0.0,6.0,769.3333333333334,4.0,7,20.0,2,2,0.0,1.0
6610,3,2,4152.37,1384.1233333333332,9.0,1156.3333333333333,4.0,9,11.666666666666666,2,0,0.6666666666666666,0.0
6611,8,2,1341.6100000000001,167.70125000000002,12.25,1118.75,4.25,16,10.0,5,3,0.25,0.6
6612,2,1,1997.46,998.73,19.5,1192.0,3.0,5,10.0,2,1,0.5,0.5
6613,2,0,0.0,0.0,12.5,476.5,4.0,5,2.5,1,1,0.0,1.0
6614,3,0,0.0,0.0,6.0,525.0,4.0,10,5.0,3,3,0.0,1.0
6615,2,0,0.0,0.0,13.0,733.0,4.0,2,5.0,1,1,0.0,1.0
6616,1,0,0.0,0.0,11.0,497.0,4.0,3,0.0,0,0,0.0,0.0
6617,1,0,0.0,0.0,19.0,1353.0,4.0,1,0.0,0,0,0.0,0.0
6618,4,0,0.0,0.0,13.0,1087.5,4.0,10,2.5,2,2,0.0,1.0
6619,1,0,0.0,0.0,18.0,206.0,4.0,4,15.0,0,0,0.0,0.0
6620,2,0,0.0,0.0,18.5,955.5,4.0,5,17.5,0,0,0.0,0.0
6622,4,0,0.0,0.0,11.5,614.25,4.0,10,7.5,3,3,0.0,1.0
6623,2,0,0.0,0.0,9.5,1115.0,4.0,2,0.0,1,1,0.0,1.0
6624,1,1,1736.4,1736.4,13.0,1250.0,4.0,3,0.0,1,0,1.0,0.0
6625,2,0,0.0,0.0,20.0,547.0,4.0,2,10.0,0,0,0.0,0.0
6626,2,1,2847.24,1423.62,2.5,311.5,4.5,6,2.5,1,0,0.5,0.0
6627,3,1,2739.16,913.0533333333333,11.333333333333334,893.0,4.0,6,15.0,2,1,0.3333333333333333,0.5
6628,5,0,0.0,0.0,13.8,734.2,4.0,13,7.0,3,3,0.0,1.0
6629,3,1,2288.46,762.82,7.0,973.3333333333334,4.333333333333333,5,6.666666666666667,3,2,0.3333333333333333,0.6666666666666666
6630,1,0,0.0,0.0,15.0,132.0,4.0,4,10.0,0,0,0.0,0.0
6631,4,0,0.0,0.0,12.5,766.5,4.0,14,10.0,2,2,0.0,1.0
6632,3,0,0.0,0.0,6.333333333333333,938.3333333333334,4.0,11,13.333333333333334,2,2,0.0,1.0
6633,6,2,1078.9,179.8166666666667,13.833333333333334,1057.5,4.333333333333333,13,10.833333333333334,5,3,0.3333333333333333,0.6
6634,9,2,4477.66,497.5177777777778,14.0,1092.888888888889,3.7777777777777777,27,8.333333333333334,5,3,0.2222222222222222,0.6
6635,3,0,0.0,0.0,21.333333333333332,769.3333333333334,4.0,11,10.0,3,3,0.0,1.0
6636,2,0,0.0,0.0,9.5,812.0,4.0,7,7.5,2,2,0.0,1.0
6637,3,2,2012.6399999999999,670.88,18.0,1371.3333333333333,4.333333333333333,8,13.333333333333334,3,1,0.6666666666666666,0.3333333333333333
6638,1,0,0.0,0.0,17.0,1755.0,4.0,1,0.0,0,0,0.0,0.0
6639,4,2,6626.67,1656.6675,11.25,519.5,4.25,14,13.75,2,0,0.5,0.0
6640,5,2,2318.94,463.788,17.2,351.8,3.8,16,10.0,4,2,0.4,0.5
6641,4,0,0.0,0.0,19.25,743.0,4.0,11,10.0,4,4,0.0,1.0
6642,2,2,3539.98,1769.99,17.0,1268.0,3.0,6,5.0,2,0,1.0,0.0
6643,2,1,962.45,481.225,11.0,682.5,4.0,2,2.5,1,0,0.5,0.0
6644,2,2,1997.2199999999998,998.6099999999999,6.5,1221.5,4.5,6,5.0,2,0,1.0,0.0
6645,2,0,0.0,0.0,13.0,367.0,4.0,3,17.5,1,1,0.0,1.0
6646,1,0,0.0,0.0,23.0,1730.0,4.0,1,15.0,0,0,0.0,0.0
6647,4,1,1964.16,491.04,11.25,698.75,3.5,10,6.25,2,1,0.25,0.5
6648,1,0,0.0,0.0,7.0,1048.0,4.0,1,0.0,0,0,0.0,0.0
6649,3,0,0.0,0.0,12.0,330.0,4.0,6,8.333333333333334,3,3,0.0,1.0
6650,2,1,131.26,65.63,7.0,1134.0,4.5,3,12.5,1,0,0.5,0.0
6653,3,0,0.0,0.0,13.0,672.3333333333334,4.0,9,0.0,1,1,0.0,1.0
6654,2,1,351.02,175.51,19.0,323.5,4.5,5,27.5,1,0,0.5,0.0
6655,4,1,1528.97,382.2425,15.5,800.0,4.25,8,8.75,1,0,0.25,0.0
6656,1,0,0.0,0.0,2.0,1205.0,4.0,1,10.0,1,1,0.0,1.0
6657,1,1,1583.01,1583.01,4.0,1746.0,4.0,4,25.0,1,0,1.0,0.0
6658,4,2,4624.110000000001,1156.0275000000001,18.25,519.0,3.0,11,6.25,3,1,0.5,0.3333333333333333
6659,4,0,0.0,0.0,10.5,1600.0,4.0,10,13.75,3,3,0.0,1.0
6660,4,0,0.0,0.0,8.75,1239.5,4.0,9,10.0,2,2,0.0,1.0
6661,5,1,1088.01,217.602,6.6,898.0,3.8,14,14.0,2,1,0.2,0.5
6662,1,0,0.0,0.0,6.0,16.0,4.0,2,15.0,1,1,0.0,1.0
6663,1,1,1215.08,1215.08,8.0,533.0,5.0,4,0.0,1,0,1.0,0.0
6664,2,0,0.0,0.0,12.5,263.0,4.0,5,7.5,0,0,0.0,0.0
6665,3,0,0.0,0.0,15.0,1179.0,4.0,8,0.0,3,3,0.0,1.0
6667,4,2,2829.16,707.29,11.75,795.75,4.0,8,5.0,4,2,0.5,0.5
6668,1,1,1291.31,1291.31,24.0,956.0,2.0,1,5.0,1,0,1.0,0.0
6669,2,0,0.0,0.0,13.0,936.5,4.0,4,20.0,0,0,0.0,0.0
6670,2,1,1274.92,637.46,13.0,865.5,4.5,6,5.0,2,1,0.5,0.5
6671,5,2,2223.46,444.692,11.0,880.6,4.2,10,9.0,4,2,0.4,0.5
6672,3,1,3784.0,1261.3333333333333,13.666666666666666,1065.6666666666667,3.6666666666666665,10,5.0,3,2,0.3333333333333333,0.6666666666666666
6673,1,0,0.0,0.0,19.0,719.0,4.0,3,10.0,0,0,0.0,0.0
6675,2,0,0.0,0.0,21.5,894.5,4.0,3,0.0,1,1,0.0,1.0
6676,2,0,0.0,0.0,16.0,1148.0,4.0,5,10.0,0,0,0.0,0.0
6677,1,0,0.0,0.0,15.0,1233.0,4.0,4,10.0,0,0,0.0,0.0
6678,2,0,0.0,0.0,10.5,472.5,4.0,6,7.5,2,2,0.0,1.0
6679,3,1,323.27,107.75666666666666,3.3333333333333335,1450.0,4.333333333333333,6,5.0,2,1,0.3333333333333333,0.5
6680,1,0,0.0,0.0,10.0,269.0,4.0,1,15.0,1,1,0.0,1.0
6681,1,0,0.0,0.0,14.0,1374.0,4.0,2,10.0,1,1,0.0,1.0
6682,4,0,0.0,0.0,10.25,537.5,4.0,10,10.0,2,2,0.0,1.0
6683,2,0,0.0,0.0,15.5,880.5,4.0,5,7.5,1,1,0.0,1.0
6684,6,1,929.06,154.84333333333333,16.333333333333332,1068.8333333333333,3.8333333333333335,17,9.166666666666666,5,4,0.16666666666666666,0.8
6685,2,1,1106.14,553.07,22.5,1613.5,4.0,5,12.5,2,1,0.5,0.5
6686,2,1,2700.44,1350.22,16.0,1154.0,4.5,8,7.5,1,0,0.5,0.0
6687,2,0,0.0,0.0,13.0,343.5,4.0,7,0.0,1,1,0.0,1.0
6688,2,0,0.0,0.0,8.5,850.5,4.0,3,20.0,0,0,0.0,0.0
6689,3,0,0.0,0.0,13.333333333333334,817.0,4.0,9,0.0,2,2,0.0,1.0
6690,3,0,0.0,0.0,16.666666666666668,972.3333333333334,4.0,5,6.666666666666667,3,3,0.0,1.0
6691,3,3,2444.6099999999997,814.8699999999999,10.0,719.6666666666666,3.6666666666666665,6,6.666666666666667,3,0,1.0,0.0
6692,4,1,444.28,111.07,10.75,611.0,4.0,7,12.5,2,1,0.25,0.5
6693,3,0,0.0,0.0,13.0,847.0,4.0,8,20.0,1,1,0.0,1.0
6694,1,0,0.0,0.0,17.0,252.0,4.0,3,20.0,0,0,0.0,0.0
6695,2,0,0.0,0.0,13.5,623.5,4.0,6,22.5,1,1,0.0,1.0
6697,5,1,1102.28,220.456,9.8,780.4,4.2,14,8.0,4,3,0.2,0.75
6699,1,0,0.0,0.0,9.0,398.0,4.0,4,0.0,0,0,0.0,0.0
6700,3,1,3438.5,1146.1666666666667,8.666666666666666,596.0,3.6666666666666665,9,13.333333333333334,3,2,0.3333333333333333,0.6666666666666666
6701,2,0,0.0,0.0,13.0,997.5,4.0,5,15.0,2,2,0.0,1.0
6702,1,1,7142.29,7142.29,16.0,1483.0,5.0,4,10.0,1,0,1.0,0.0
6703,3,0,0.0,0.0,17.333333333333332,1305.6666666666667,4.0,5,23.333333333333332,3,3,0.0,1.0
6704,1,0,0.0,0.0,1.0,503.0,4.0,1,10.0,1,1,0.0,1.0
6705,3,3,4900.120000000001,1633.3733333333337,18.0,743.3333333333334,3.6666666666666665,8,18.333333333333332,3,0,1.0,0.0
6706,2,1,3573.0,1786.5,10.0,1376.0,3.0,6,0.0,2,1,0.5,0.5
6707,4,0,0.0,0.0,8.5,1109.5,4.0,8,11.25,3,3,0.0,1.0
6708,3,0,0.0,0.0,8.0,411.3333333333333,4.0,9,16.666666666666668,2,2,0.0,1.0
6709,2,1,860.56,430.28,19.0,337.5,3.0,2,0.0,2,1,0.5,0.5
6710,3,0,0.0,0.0,5.666666666666667,1058.3333333333333,4.0,8,1.6666666666666667,2,2,0.0,1.0
6711,6,0,0.0,0.0,14.166666666666666,854.6666666666666,4.0,15,7.5,3,3,0.0,1.0
6712,3,2,2190.92,730.3066666666667,15.333333333333334,1288.6666666666667,3.3333333333333335,5,5.0,3,1,0.6666666666666666,0.3333333333333333
6713,3,0,0.0,0.0,13.0,783.6666666666666,4.0,9,3.3333333333333335,1,1,0.0,1.0
6714,4,2,1267.4499999999998,316.86249999999995,9.75,632.0,4.25,7,5.0,3,1,0.5,0.3333333333333333
6715,5,0,0.0,0.0,15.4,902.4,4.0,8,8.0,3,3,0.0,1.0
6716,3,0,0.0,0.0,11.666666666666666,826.3333333333334,4.0,5,1.6666666666666667,3,3,0.0,1.0
6717,5,0,0.0,0.0,12.2,496.4,4.0,9,19.0,0,0,0.0,0.0
6718,3,1,2407.64,802.5466666666666,7.0,1291.0,4.0,8,5.0,3,2,0.3333333333333333,0.6666666666666666
6719,4,0,0.0,0.0,16.25,958.75,4.0,10,11.25,3,3,0.0,1.0
6720,4,1,2958.72,739.68,12.25,759.5,4.0,15,15.0,2,1,0.25,0.5
6721,2,0,0.0,0.0,18.5,1088.5,4.0,7,22.5,2,2,0.0,1.0
6722,2,1,203.16,101.58,2.0,686.5,4.0,4,5.0,1,0,0.5,0.0
6723,2,1,2462.82,1231.41,16.0,1578.5,4.5,6,10.0,2,1,0.5,0.5
6724,4,2,2609.05,652.2625,6.75,947.75,4.0,11,7.5,3,1,0.5,0.3333333333333333
6725,1,0,0.0,0.0,9.0,1431.0,4.0,1,25.0,1,1,0.0,1.0
6726,3,1,364.42,121.47333333333334,17.666666666666668,405.3333333333333,3.3333333333333335,9,0.0,1,0,0.3333333333333333,0.0
6727,1,0,0.0,0.0,9.0,711.0,4.0,3,0.0,1,1,0.0,1.0
6728,2,0,0.0,0.0,9.5,1164.0,4.0,7,10.0,0,0,0.0,0.0
6729,1,0,0.0,0.0,20.0,927.0,4.0,3,0.0,1,1,0.0,1.0
6730,3,0,0.0,0.0,12.0,1042.0,4.0,4,13.333333333333334,1,1,0.0,1.0
6731,5,1,3974.24,794.848,16.0,650.2,4.2,9,8.0,5,4,0.2,0.8
6732,4,1,1224.56,306.14,14.25,987.0,4.0,10,0.0,2,1,0.25,0.5
6733,3,0,0.0,0.0,10.0,775.0,4.0,4,15.0,2,2,0.0,1.0
6734,2,1,4444.59,2222.295,7.5,622.5,4.5,8,2.5,2,1,0.5,0.5
6735,4,0,0.0,0.0,13.0,757.25,4.0,11,11.25,3,3,0.0,1.0
6736,3,1,2029.81,676.6033333333334,6.666666666666667,507.3333333333333,3.3333333333333335,8,8.333333333333334,3,2,0.3333333333333333,0.6666666666666666
6737,5,0,0.0,0.0,13.0,715.0,4.0,17,9.0,3,3,0.0,1.0
6739,1,0,0.0,0.0,15.0,1070.0,4.0,3,5.0,1,1,0.0,1.0
6740,5,0,0.0,0.0,15.6,1028.4,4.0,10,10.0,3,3,0.0,1.0
6741,1,0,0.0,0.0,9.0,296.0,4.0,4,30.0,0,0,0.0,0.0
6742,3,0,0.0,0.0,12.0,952.6666666666666,4.0,7,3.3333333333333335,1,1,0.0,1.0
6743,6,3,4053.02,675.5033333333333,17.166666666666668,944.3333333333334,4.166666666666667,12,10.833333333333334,6,3,0.5,0.5
6744,2,1,954.53,477.265,7.5,852.0,3.0,2,12.5,1,0,0.5,0.0
6745,5,1,1618.2,323.64,16.2,1323.6,4.0,12,6.0,3,2,0.2,0.6666666666666666
6746,2,0,0.0,0.0,14.5,1391.0,4.0,7,7.5,1,1,0.0,1.0
6747,4,1,811.5,202.875,13.0,784.25,4.25,7,13.75,3,2,0.25,0.6666666666666666
6748,4,1,988.68,247.17,12.75,632.5,4.25,12,7.5,3,2,0.25,0.6666666666666666
6749,2,0,0.0,0.0,17.0,932.0,4.0,5,10.0,2,2,0.0,1.0
6750,4,1,1128.26,282.065,12.0,1104.5,4.0,8,2.5,2,1,0.25,0.5
6752,4,1,1405.98,351.495,16.5,1206.25,4.0,6,3.75,3,2,0.25,0.6666666666666666
6753,1,0,0.0,0.0,24.0,999.0,4.0,2,5.0,0,0,0.0,0.0
6754,3,2,8315.720000000001,2771.906666666667,14.0,684.3333333333334,4.666666666666667,8,10.0,2,0,0.6666666666666666,0.0
6755,4,1,2399.89,599.9725,15.5,712.25,4.25,8,7.5,3,2,0.25,0.6666666666666666
6756,1,1,1613.62,1613.62,18.0,148.0,3.0,2,15.0,1,0,1.0,0.0
6757,1,0,0.0,0.0,9.0,994.0,4.0,3,0.0,0,0,0.0,0.0
6758,2,0,0.0,0.0,20.5,863.0,4.0,4,10.0,1,1,0.0,1.0
6759,3,0,0.0,0.0,6.333333333333333,570.0,4.0,6,6.666666666666667,2,2,0.0,1.0
6760,4,1,895.37,223.8425,12.0,681.25,4.0,13,8.75,4,3,0.25,0.75
6761,1,0,0.0,0.0,24.0,1386.0,4.0,2,20.0,1,1,0.0,1.0
6762,5,0,0.0,0.0,10.6,1031.2,4.0,12,4.0,4,4,0.0,1.0
6763,2,0,0.0,0.0,2.5,857.0,4.0,4,15.0,1,1,0.0,1.0
6764,2,2,2600.16,1300.08,5.0,871.0,4.5,6,12.5,2,0,1.0,0.0
6765,3,0,0.0,0.0,14.666666666666666,1108.3333333333333,4.0,9,16.666666666666668,1,1,0.0,1.0
6766,1,0,0.0,0.0,14.0,596.0,4.0,1,0.0,1,1,0.0,1.0
6767,4,1,4927.84,1231.96,11.5,900.75,4.25,11,5.0,2,1,0.25,0.5
6768,4,1,839.94,209.985,9.5,859.25,3.75,8,3.75,3,2,0.25,0.6666666666666666
6769,1,0,0.0,0.0,15.0,1527.0,4.0,3,20.0,1,1,0.0,1.0
6770,3,0,0.0,0.0,14.333333333333334,495.6666666666667,4.0,8,11.666666666666666,3,3,0.0,1.0
6772,2,1,1130.59,565.295,12.5,226.5,4.5,4,2.5,1,0,0.5,0.0
6773,6,1,980.45,163.40833333333333,15.666666666666666,527.5,4.0,17,4.166666666666667,4,3,0.16666666666666666,0.75
6774,2,0,0.0,0.0,10.0,418.0,4.0,8,5.0,1,1,0.0,1.0
6775,3,1,2662.65,887.5500000000001,10.333333333333334,724.6666666666666,4.333333333333333,5,18.333333333333332,2,1,0.3333333333333333,0.5
6776,2,1,404.06,202.03,7.5,1062.0,4.0,3,10.0,1,0,0.5,0.0
6777,4,0,0.0,0.0,11.0,1181.75,4.0,13,15.0,2,2,0.0,1.0
6778,1,0,0.0,0.0,9.0,470.0,4.0,2,30.0,1,1,0.0,1.0
6779,3,0,0.0,0.0,18.666666666666668,1127.3333333333333,4.0,6,16.666666666666668,1,1,0.0,1.0
6780,5,1,608.31,121.66199999999999,13.6,605.2,3.4,12,13.0,3,2,0.2,0.6666666666666666
6781,4,2,2557.13,639.2825,12.25,823.75,4.0,12,8.75,4,2,0.5,0.5
6782,4,1,4833.27,1208.3175,16.5,1071.75,3.75,11,8.75,2,1,0.25,0.5
6783,2,0,0.0,0.0,4.0,1664.0,4.0,6,15.0,1,1,0.0,1.0
6784,2,0,0.0,0.0,20.5,818.5,4.0,4,2.5,2,2,0.0,1.0
6785,1,0,0.0,0.0,13.0,1536.0,4.0,1,0.0,1,1,0.0,1.0
6786,3,2,1231.25,410.4166666666667,11.333333333333334,918.3333333333334,4.666666666666667,5,6.666666666666667,3,1,0.6666666666666666,0.3333333333333333
6787,7,3,3630.08,518.5828571428572,12.428571428571429,534.4285714285714,4.428571428571429,11,10.0,4,1,0.42857142857142855,0.25
6788,2,1,2106.1,1053.05,11.0,436.0,4.0,6,10.0,2,1,0.5,0.5
6789,2,0,0.0,0.0,18.5,967.0,4.0,3,2.5,1,1,0.0,1.0
6790,2,1,2973.4,1486.7,15.5,1243.0,4.5,6,0.0,1,0,0.5,0.0
6791,2,1,671.26,335.63,17.5,1176.0,4.5,5,7.5,2,1,0.5,0.5
6792,2,0,0.0,0.0,5.0,826.5,4.0,3,5.0,1,1,0.0,1.0
6793,7,2,4052.34,578.9057142857143,11.428571428571429,872.2857142857143,3.857142857142857,20,10.0,7,5,0.2857142857142857,0.7142857142857143
6794,2,1,634.5,317.25,9.0,880.0,4.5,2,7.5,2,1,0.5,0.5
6795,2,0,0.0,0.0,14.0,884.0,4.0,2,0.0,0,0,0.0,0.0
6796,2,0,0.0,0.0,15.5,382.0,4.0,6,7.5,0,0,0.0,0.0
6797,1,0,0.0,0.0,24.0,440.0,4.0,4,20.0,0,0,0.0,0.0
6798,1,1,1274.76,1274.76,10.0,674.0,5.0,2,0.0,1,0,1.0,0.0
6799,3,0,0.0,0.0,9.0,1144.6666666666667,4.0,7,6.666666666666667,2,2,0.0,1.0
6800,4,0,0.0,0.0,8.75,1009.75,4.0,10,5.0,1,1,0.0,1.0
6801,1,1,575.16,575.16,10.0,1368.0,4.0,2,15.0,1,0,1.0,0.0
6802,5,0,0.0,0.0,7.6,1226.8,4.0,12,8.0,3,3,0.0,1.0
6803,3,2,4089.4900000000002,1363.1633333333334,14.666666666666666,1231.0,3.3333333333333335,7,15.0,2,0,0.6666666666666666,0.0
6805,1,0,0.0,0.0,21.0,487.0,4.0,2,15.0,0,0,0.0,0.0
6806,4,1,3764.54,941.135,15.25,865.25,4.0,11,10.0,2,1,0.25,0.5
6807,2,0,0.0,0.0,17.0,1437.5,4.0,6,2.5,1,1,0.0,1.0
6808,2,1,2644.04,1322.02,12.0,1398.5,3.5,7,10.0,2,1,0.5,0.5
6809,2,2,5535.290000000001,2767.6450000000004,15.5,869.0,5.0,4,5.0,2,0,1.0,0.0
6810,1,0,0.0,0.0,7.0,523.0,4.0,2,5.0,1,1,0.0,1.0
6811,1,0,0.0,0.0,4.0,453.0,4.0,4,0.0,0,0,0.0,0.0
6812,5,1,277.66,55.532000000000004,14.0,1212.2,4.2,12,7.0,4,3,0.2,0.75
6813,7,1,1581.61,225.9442857142857,10.428571428571429,691.0,4.142857142857143,15,9.285714285714286,3,2,0.14285714285714285,0.6666666666666666
6814,4,0,0.0,0.0,13.0,1121.25,4.0,14,10.0,4,4,0.0,1.0
6815,1,1,1823.12,1823.12,21.0,1735.0,5.0,4,0.0,1,0,1.0,0.0
6816,2,0,0.0,0.0,9.5,834.0,4.0,3,10.0,1,1,0.0,1.0
6817,3,0,0.0,0.0,17.666666666666668,1250.6666666666667,4.0,6,5.0,3,3,0.0,1.0
6819,4,2,6840.87,1710.2175,16.25,876.25,4.0,12,6.25,3,1,0.5,0.3333333333333333
6820,1,0,0.0,0.0,24.0,433.0,4.0,1,0.0,0,0,0.0,0.0
6821,1,0,0.0,0.0,1.0,1029.0,4.0,4,0.0,0,0,0.0,0.0
6822,1,0,0.0,0.0,7.0,418.0,4.0,1,10.0,1,1,0.0,1.0
6823,1,0,0.0,0.0,8.0,499.0,4.0,3,15.0,1,1,0.0,1.0
6824,2,0,0.0,0.0,4.0,725.0,4.0,6,7.5,2,2,0.0,1.0
6825,1,1,2346.25,2346.25,11.0,1290.0,5.0,3,10.0,1,0,1.0,0.0
6826,2,0,0.0,0.0,9.0,1352.0,4.0,5,7.5,1,1,0.0,1.0
6827,1,0,0.0,0.0,11.0,1049.0,4.0,2,15.0,1,1,0.0,1.0
6828,5,1,3171.45,634.29,7.4,497.2,4.0,13,8.0,3,2,0.2,0.6666666666666666
6829,1,0,0.0,0.0,19.0,1089.0,4.0,4,0.0,1,1,0.0,1.0
6830,4,1,1842.3,460.575,12.25,884.0,4.0,12,20.0,3,2,0.25,0.6666666666666666
6831,2,0,0.0,0.0,13.0,1465.5,4.0,3,0.0,0,0,0.0,0.0
6832,2,0,0.0,0.0,20.5,1723.0,4.0,4,5.0,1,1,0.0,1.0
6833,4,1,4737.48,1184.37,15.75,758.25,3.75,9,5.0,3,2,0.25,0.6666666666666666
6834,4,0,0.0,0.0,17.75,978.25,4.0,12,8.75,3,3,0.0,1.0
6835,6,0,0.0,0.0,9.833333333333334,594.1666666666666,4.0,14,9.166666666666666,1,1,0.0,1.0
6836,3,0,0.0,0.0,12.0,995.6666666666666,4.0,10,15.0,1,1,0.0,1.0
6837,2,1,3485.44,1742.72,11.0,1162.0,3.5,5,5.0,2,1,0.5,0.5
6838,5,2,3188.13,637.626,13.4,1147.8,3.8,12,4.0,3,1,0.4,0.3333333333333333
6839,2,1,370.03,185.015,19.5,911.0,4.5,4,10.0,2,1,0.5,0.5
6840,4,2,2896.77,724.1925,16.0,768.25,4.25,11,10.0,3,1,0.5,0.3333333333333333
6841,5,0,0.0,0.0,11.0,649.8,4.0,9,6.0,4,4,0.0,1.0
6842,4,0,0.0,0.0,9.75,1160.0,4.0,7,1.25,1,1,0.0,1.0
6843,2,0,0.0,0.0,16.0,653.0,4.0,5,7.5,1,1,0.0,1.0
6844,3,0,0.0,0.0,8.333333333333334,634.3333333333334,4.0,6,6.666666666666667,2,2,0.0,1.0
6845,2,1,1685.42,842.71,9.5,1333.5,4.0,2,0.0,1,0,0.5,0.0
6846,2,0,0.0,0.0,18.0,1370.0,4.0,8,0.0,0,0,0.0,0.0
6847,4,0,0.0,0.0,11.25,719.75,4.0,8,7.5,2,2,0.0,1.0
6848,1,0,0.0,0.0,9.0,1207.0,4.0,4,25.0,1,1,0.0,1.0
6850,4,1,1519.53,379.8825,16.25,1199.0,4.0,8,8.75,4,3,0.25,0.75
6851,1,1,783.21,783.21,17.0,707.0,2.0,3,15.0,1,0,1.0,0.0
6852,1,0,0.0,0.0,14.0,568.0,4.0,4,0.0,0,0,0.0,0.0
6853,4,0,0.0,0.0,11.5,1145.5,4.0,9,12.5,2,2,0.0,1.0
6854,4,1,1402.02,350.505,14.5,1016.75,4.25,11,16.25,2,1,0.25,0.5
6855,2,0,0.0,0.0,16.0,1169.5,4.0,6,7.5,1,1,0.0,1.0
6856,5,1,764.32,152.864,12.8,777.2,4.2,17,15.0,3,2,0.2,0.6666666666666666
6857,4,1,2523.62,630.905,13.5,972.0,4.25,10,7.5,2,1,0.25,0.5
6858,2,1,2214.71,1107.355,11.0,402.5,3.0,7,2.5,2,1,0.5,0.5
6859,1,0,0.0,0.0,15.0,83.0,4.0,3,15.0,0,0,0.0,0.0
6860,2,0,0.0,0.0,22.0,252.5,4.0,4,5.0,1,1,0.0,1.0
6861,8,3,6677.67,834.70875,9.25,876.5,4.0,16,14.375,6,3,0.375,0.5
6863,4,2,4466.73,1116.6825,10.25,773.25,3.25,10,16.25,3,1,0.5,0.3333333333333333
6864,6,2,1347.82,224.63666666666666,10.333333333333334,1211.3333333333333,4.333333333333333,14,7.5,5,3,0.3333333333333333,0.6
6865,1,0,0.0,0.0,9.0,1062.0,4.0,3,0.0,1,1,0.0,1.0
6866,7,0,0.0,0.0,8.857142857142858,976.5714285714286,4.0,18,12.142857142857142,2,2,0.0,1.0
6867,3,1,1011.31,337.1033333333333,19.666666666666668,1059.6666666666667,3.6666666666666665,6,10.0,2,1,0.3333333333333333,0.5
6868,2,0,0.0,0.0,16.0,1274.0,4.0,4,10.0,0,0,0.0,0.0
6869,6,2,1614.65,269.10833333333335,15.5,1173.0,4.166666666666667,16,12.5,6,4,0.3333333333333333,0.6666666666666666
6870,1,0,0.0,0.0,8.0,760.0,4.0,2,0.0,0,0,0.0,0.0
6871,2,0,0.0,0.0,11.0,1149.5,4.0,6,7.5,1,1,0.0,1.0
6872,5,1,2364.55,472.91,19.4,1170.8,3.8,9,10.0,4,3,0.2,0.75
6873,2,0,0.0,0.0,9.0,1693.0,4.0,4,5.0,2,2,0.0,1.0
6874,6,0,0.0,0.0,16.833333333333332,1114.8333333333333,4.0,14,11.666666666666666,4,4,0.0,1.0
6875,2,1,768.18,384.09,7.5,1122.0,4.0,2,10.0,1,0,0.5,0.0
6876,2,0,0.0,0.0,19.0,1238.5,4.0,3,10.0,1,1,0.0,1.0
6877,4,0,0.0,0.0,9.0,951.5,4.0,12,8.75,3,3,0.0,1.0
6878,4,1,2543.81,635.9525,6.5,595.0,3.75,11,5.0,2,1,0.25,0.5
6879,3,0,0.0,0.0,10.0,950.6666666666666,4.0,5,8.333333333333334,0,0,0.0,0.0
6880,5,0,0.0,0.0,15.0,1030.4,4.0,16,5.0,4,4,0.0,1.0
6881,5,1,362.81,72.562,9.4,891.0,4.2,11,6.0,2,1,0.2,0.5
6882,2,0,0.0,0.0,14.5,303.5,4.0,2,5.0,1,1,0.0,1.0
6883,3,1,923.33,307.7766666666667,6.0,1032.0,4.0,9,18.333333333333332,3,2,0.3333333333333333,0.6666666666666666
6884,3,1,1393.38,464.46000000000004,9.666666666666666,821.6666666666666,3.6666666666666665,6,0.0,1,0,0.3333333333333333,0.0
6885,4,1,1905.38,476.345,14.75,1194.75,3.5,8,6.25,3,2,0.25,0.6666666666666666
6886,1,0,0.0,0.0,10.0,1694.0,4.0,3,15.0,1,1,0.0,1.0
6887,2,0,0.0,0.0,16.5,389.0,4.0,3,5.0,0,0,0.0,0.0
6888,1,0,0.0,0.0,9.0,1266.0,4.0,4,20.0,1,1,0.0,1.0
6889,2,0,0.0,0.0,18.5,1122.0,4.0,4,0.0,1,1,0.0,1.0
6890,4,0,0.0,0.0,12.0,744.25,4.0,14,0.0,2,2,0.0,1.0
6891,2,1,6089.47,3044.735,15.0,299.0,4.0,8,10.0,2,1,0.5,0.5
6892,3,0,0.0,0.0,9.0,752.0,4.0,8,8.333333333333334,1,1,0.0,1.0
6893,1,0,0.0,0.0,12.0,1521.0,4.0,3,5.0,0,0,0.0,0.0
6894,3,0,0.0,0.0,10.0,648.0,4.0,7,0.0,2,2,0.0,1.0
6895,3,2,5557.8099999999995,1852.6033333333332,13.333333333333334,781.3333333333334,4.666666666666667,7,3.3333333333333335,3,1,0.6666666666666666,0.3333333333333333
6896,2,1,3379.7,1689.85,6.0,1190.5,4.0,6,22.5,2,1,0.5,0.5
6897,4,1,881.22,220.305,14.75,1274.75,3.75,11,11.25,3,2,0.25,0.6666666666666666
6898,5,1,6021.52,1204.304,13.6,979.6,4.0,15,6.0,1,0,0.2,0.0
6899,6,2,3025.88,504.31333333333333,15.166666666666666,1065.8333333333333,4.333333333333333,16,8.333333333333334,3,1,0.3333333333333333,0.3333333333333333
6900,2,0,0.0,0.0,17.0,616.5,4.0,5,12.5,2,2,0.0,1.0
6901,2,0,0.0,0.0,13.0,1226.5,4.0,7,2.5,1,1,0.0,1.0
6902,6,2,3055.6800000000003,509.28000000000003,4.5,1027.0,4.166666666666667,17,10.0,5,3,0.3333333333333333,0.6
6903,3,0,0.0,0.0,15.666666666666666,1245.0,4.0,8,11.666666666666666,2,2,0.0,1.0
6904,2,0,0.0,0.0,16.5,543.0,4.0,6,17.5,0,0,0.0,0.0
6905,3,0,0.0,0.0,13.666666666666666,358.6666666666667,4.0,6,3.3333333333333335,2,2,0.0,1.0
6906,4,1,309.9,77.475,17.75,869.25,4.25,7,5.0,3,2,0.25,0.6666666666666666
6907,4,1,1601.47,400.3675,12.5,967.0,3.75,9,6.25,4,3,0.25,0.75
6908,5,1,1797.84,359.568,9.8,656.6,4.0,15,9.0,2,1,0.2,0.5
6909,5,2,4565.71,913.142,11.6,962.2,3.2,15,11.0,3,1,0.4,0.3333333333333333
6910,1,0,0.0,0.0,23.0,1435.0,4.0,3,5.0,1,1,0.0,1.0
6911,1,0,0.0,0.0,7.0,890.0,4.0,3,5.0,1,1,0.0,1.0
6912,4,2,669.31,167.3275,18.75,855.0,4.0,9,5.0,4,2,0.5,0.5
6913,1,1,1999.79,1999.79,2.0,1179.0,3.0,3,15.0,1,0,1.0,0.0
6914,4,0,0.0,0.0,5.75,762.25,4.0,8,3.75,3,3,0.0,1.0
6915,3,0,0.0,0.0,5.666666666666667,1147.0,4.0,6,5.0,1,1,0.0,1.0
6916,3,0,0.0,0.0,9.333333333333334,822.6666666666666,4.0,11,11.666666666666666,2,2,0.0,1.0
6917,2,1,1235.52,617.76,16.5,996.0,4.0,4,0.0,2,1,0.5,0.5
6919,3,0,0.0,0.0,18.0,545.6666666666666,4.0,9,6.666666666666667,3,3,0.0,1.0
6920,2,0,0.0,0.0,11.0,673.5,4.0,5,20.0,2,2,0.0,1.0
6921,3,1,2092.75,697.5833333333334,18.666666666666668,1093.6666666666667,4.333333333333333,6,11.666666666666666,1,0,0.3333333333333333,0.0
6923,7,1,459.88,65.69714285714285,12.857142857142858,609.7142857142857,3.857142857142857,17,5.714285714285714,3,2,0.14285714285714285,0.6666666666666666
6924,1,0,0.0,0.0,21.0,1562.0,4.0,3,20.0,1,1,0.0,1.0
6925,3,1,721.67,240.55666666666664,10.666666666666666,1302.3333333333333,3.3333333333333335,6,3.3333333333333335,3,2,0.3333333333333333,0.6666666666666666
6926,4,1,3549.36,887.34,13.5,1108.5,3.75,11,15.0,1,0,0.25,0.0
6927,4,1,3566.13,891.5325,13.25,889.75,3.75,11,7.5,2,1,0.25,0.5
6928,6,0,0.0,0.0,14.833333333333334,1105.1666666666667,4.0,13,15.0,4,4,0.0,1.0
6929,2,0,0.0,0.0,14.0,613.5,4.0,6,5.0,1,1,0.0,1.0
6930,3,0,0.0,0.0,11.666666666666666,723.6666666666666,4.0,7,18.333333333333332,2,2,0.0,1.0
6931,4,1,1239.66,309.915,6.0,1072.0,4.0,7,6.25,3,2,0.25,0.6666666666666666
6932,5,2,3453.45,690.6899999999999,8.6,940.6,4.0,12,4.0,3,1,0.4,0.3333333333333333
6933,5,0,0.0,0.0,13.6,986.6,4.0,13,12.0,4,4,0.0,1.0
6934,4,0,0.0,0.0,8.25,717.0,4.0,13,3.75,3,3,0.0,1.0
6935,1,0,0.0,0.0,19.0,948.0,4.0,1,0.0,1,1,0.0,1.0
6936,4,0,0.0,0.0,14.0,1030.25,4.0,9,20.0,3,3,0.0,1.0
6938,1,0,0.0,0.0,20.0,1419.0,4.0,2,0.0,0,0,0.0,0.0
6939,6,1,1314.31,219.05166666666665,13.666666666666666,690.5,3.6666666666666665,17,3.3333333333333335,3,2,0.16666666666666666,0.6666666666666666
6940,4,0,0.0,0.0,13.75,843.0,4.0,9,10.0,1,1,0.0,1.0
6943,6,2,1909.97,318.3283333333333,14.333333333333334,789.3333333333334,3.6666666666666665,14,10.833333333333334,4,2,0.3333333333333333,0.5
6944,4,1,1665.29,416.3225,16.25,760.25,4.25,8,3.75,3,2,0.25,0.6666666666666666
6945,4,0,0.0,0.0,7.5,803.75,4.0,14,7.5,3,3,0.0,1.0
6946,5,1,1197.99,239.598,5.4,794.0,3.4,15,11.0,3,2,0.2,0.6666666666666666
6947,3,3,2951.5299999999997,983.8433333333332,7.0,641.6666666666666,4.0,6,11.666666666666666,3,0,1.0,0.0
6948,2,0,0.0,0.0,16.5,430.5,4.0,3,7.5,1,1,0.0,1.0
6949,2,0,0.0,0.0,20.0,755.5,4.0,7,2.5,1,1,0.0,1.0
6950,3,1,138.5,46.166666666666664,10.0,276.6666666666667,3.6666666666666665,7,0.0,2,1,0.3333333333333333,0.5
6951,1,0,0.0,0.0,1.0,416.0,4.0,3,0.0,0,0,0.0,0.0
6953,6,2,3730.21,621.7016666666667,11.833333333333334,1293.1666666666667,3.6666666666666665,13,10.0,4,2,0.3333333333333333,0.5
6954,2,0,0.0,0.0,21.5,931.0,4.0,3,20.0,1,1,0.0,1.0
6955,3,1,1991.52,663.84,11.666666666666666,866.6666666666666,4.0,5,3.3333333333333335,2,1,0.3333333333333333,0.5
6956,1,0,0.0,0.0,24.0,1270.0,4.0,3,10.0,1,1,0.0,1.0
6957,2,0,0.0,0.0,24.0,605.0,4.0,4,15.0,0,0,0.0,0.0
6958,4,0,0.0,0.0,12.75,993.25,4.0,11,3.75,2,2,0.0,1.0
6959,5,2,978.48,195.696,9.0,1188.8,3.6,11,5.0,4,2,0.4,0.5
6960,1,0,0.0,0.0,24.0,1782.0,4.0,1,25.0,1,1,0.0,1.0
6962,3,0,0.0,0.0,19.0,1089.6666666666667,4.0,5,15.0,3,3,0.0,1.0
6963,4,2,2985.01,746.2525,11.25,602.25,4.5,9,6.25,2,0,0.5,0.0
6965,5,0,0.0,0.0,17.4,956.0,4.0,10,5.0,1,1,0.0,1.0
6966,3,0,0.0,0.0,5.666666666666667,878.0,4.0,7,15.0,0,0,0.0,0.0
6968,2,0,0.0,0.0,6.0,894.5,4.0,4,0.0,2,2,0.0,1.0
6969,3,2,3681.11,1227.0366666666666,15.666666666666666,973.6666666666666,4.333333333333333,11,21.666666666666668,2,0,0.6666666666666666,0.0
6970,1,0,0.0,0.0,10.0,228.0,4.0,1,5.0,0,0,0.0,0.0
6971,6,0,0.0,0.0,12.333333333333334,703.0,4.0,17,11.666666666666666,4,4,0.0,1.0
6972,2,1,1266.91,633.455,12.5,1006.0,2.5,5,10.0,2,1,0.5,0.5
6973,2,0,0.0,0.0,15.0,890.5,4.0,3,5.0,1,1,0.0,1.0
6974,3,2,949.52,316.50666666666666,14.333333333333334,1118.6666666666667,4.0,7,13.333333333333334,3,1,0.6666666666666666,0.3333333333333333
6975,1,0,0.0,0.0,9.0,239.0,4.0,4,15.0,0,0,0.0,0.0
6977,1,0,0.0,0.0,16.0,827.0,4.0,3,0.0,0,0,0.0,0.0
6978,4,2,1319.74,329.935,6.0,1021.5,3.5,13,11.25,3,1,0.5,0.3333333333333333
6979,3,2,4909.82,1636.6066666666666,14.333333333333334,1137.0,4.666666666666667,10,18.333333333333332,2,0,0.6666666666666666,0.0
6980,2,0,0.0,0.0,8.0,678.5,4.0,4,15.0,2,2,0.0,1.0
6981,1,0,0.0,0.0,22.0,928.0,4.0,2,10.0,1,1,0.0,1.0
6982,5,0,0.0,0.0,16.0,615.2,4.0,15,4.0,0,0,0.0,0.0
6983,2,0,0.0,0.0,7.5,833.5,4.0,6,0.0,2,2,0.0,1.0
6984,2,1,216.35,108.175,11.0,917.5,4.0,3,5.0,1,0,0.5,0.0
6985,4,1,1470.74,367.685,15.0,735.25,4.0,8,18.75,3,2,0.25,0.6666666666666666
6986,3,2,758.0,252.66666666666666,13.0,686.3333333333334,3.0,8,15.0,2,0,0.6666666666666666,0.0
6987,4,1,703.02,175.755,20.75,698.75,4.25,14,10.0,1,0,0.25,0.0
6989,2,1,880.66,440.33,9.0,103.0,4.5,4,0.0,1,0,0.5,0.0
6990,2,1,773.79,386.895,11.0,608.0,4.5,4,7.5,2,1,0.5,0.5
6991,1,0,0.0,0.0,12.0,746.0,4.0,3,15.0,1,1,0.0,1.0
6992,4,3,1711.41,427.8525,15.75,709.25,4.0,5,6.25,3,0,0.75,0.0
6993,2,1,3400.04,1700.02,11.5,746.0,4.5,6,7.5,2,1,0.5,0.5
6994,4,0,0.0,0.0,10.75,795.25,4.0,13,17.5,2,2,0.0,1.0
6995,3,0,0.0,0.0,12.0,1040.3333333333333,4.0,8,18.333333333333332,0,0,0.0,0.0
6996,1,1,3065.95,3065.95,16.0,754.0,4.0,4,20.0,1,0,1.0,0.0
6998,3,1,802.69,267.56333333333333,15.333333333333334,764.0,4.333333333333333,7,6.666666666666667,2,1,0.3333333333333333,0.5
6999,2,0,0.0,0.0,11.5,632.0,4.0,5,0.0,2,2,0.0,1.0
7000,2,0,0.0,0.0,10.0,752.0,4.0,5,5.0,0,0,0.0,0.0
7001,5,1,218.74,43.748000000000005,14.0,658.2,3.8,15,4.0,2,1,0.2,0.5
7002,4,1,1375.99,343.9975,13.75,729.75,4.25,7,5.0,3,2,0.25,0.6666666666666666
7003,3,3,6094.67,2031.5566666666666,10.0,1241.3333333333333,4.333333333333333,6,13.333333333333334,3,0,1.0,0.0
7004,2,0,0.0,0.0,23.0,1378.0,4.0,2,0.0,0,0,0.0,0.0
7005,4,2,6127.66,1531.915,13.25,1080.75,3.5,11,13.75,4,2,0.5,0.5
7006,3,0,0.0,0.0,15.333333333333334,1388.6666666666667,4.0,7,15.0,2,2,0.0,1.0
7007,3,0,0.0,0.0,16.0,450.3333333333333,4.0,9,11.666666666666666,0,0,0.0,0.0
7008,4,1,2127.85,531.9625,8.75,879.0,4.0,12,10.0,3,2,0.25,0.6666666666666666
7009,3,0,0.0,0.0,8.666666666666666,1317.3333333333333,4.0,8,20.0,1,1,0.0,1.0
7010,5,2,5193.19,1038.638,13.4,1119.6,3.8,14,8.0,2,0,0.4,0.0
7011,5,1,725.98,145.196,15.0,556.2,4.0,7,2.0,4,3,0.2,0.75
7012,3,1,1356.05,452.01666666666665,15.666666666666666,1456.6666666666667,4.333333333333333,7,10.0,1,0,0.3333333333333333,0.0
7013,1,0,0.0,0.0,22.0,1240.0,4.0,1,10.0,1,1,0.0,1.0
7014,3,0,0.0,0.0,16.666666666666668,365.3333333333333,4.0,9,6.666666666666667,3,3,0.0,1.0
7015,7,5,10077.0,1439.5714285714287,12.714285714285714,1122.142857142857,4.428571428571429,17,11.428571428571429,7,2,0.7142857142857143,0.2857142857142857
7016,4,0,0.0,0.0,8.25,938.25,4.0,9,7.5,4,4,0.0,1.0
7017,2,0,0.0,0.0,7.5,946.5,4.0,4,0.0,2,2,0.0,1.0
7018,3,2,5590.009999999999,1863.3366666666664,13.0,734.0,3.0,10,11.666666666666666,3,1,0.6666666666666666,0.3333333333333333
7019,2,0,0.0,0.0,22.0,231.0,4.0,4,10.0,0,0,0.0,0.0
7020,1,0,0.0,0.0,2.0,837.0,4.0,3,15.0,0,0,0.0,0.0
7021,3,0,0.0,0.0,17.666666666666668,960.6666666666666,4.0,7,11.666666666666666,1,1,0.0,1.0
7022,4,0,0.0,0.0,15.75,705.5,4.0,8,15.0,3,3,0.0,1.0
7023,1,0,0.0,0.0,5.0,1487.0,4.0,1,0.0,1,1,0.0,1.0
7024,3,1,1375.11,458.36999999999995,19.0,1211.6666666666667,4.333333333333333,10,18.333333333333332,2,1,0.3333333333333333,0.5
7025,3,1,2319.08,773.0266666666666,20.0,730.3333333333334,4.0,11,3.3333333333333335,1,0,0.3333333333333333,0.0
7026,1,0,0.0,0.0,5.0,274.0,4.0,1,0.0,0,0,0.0,0.0
7027,3,0,0.0,0.0,16.0,1181.3333333333333,4.0,8,1.6666666666666667,1,1,0.0,1.0
7028,1,1,302.12,302.12,14.0,342.0,4.0,3,15.0,1,0,1.0,0.0
7029,1,0,0.0,0.0,12.0,443.0,4.0,4,0.0,0,0,0.0,0.0
7030,2,1,4865.55,2432.775,9.5,924.0,4.0,6,5.0,1,0,0.5,0.0
7031,2,1,3777.44,1888.72,7.5,743.5,4.5,8,2.5,2,1,0.5,0.5
7032,2,1,554.44,277.22,16.0,1092.5,3.0,5,10.0,2,1,0.5,0.5
7033,1,0,0.0,0.0,11.0,1129.0,4.0,2,0.0,0,0,0.0,0.0
7034,1,0,0.0,0.0,5.0,799.0,4.0,1,20.0,0,0,0.0,0.0
7035,2,0,0.0,0.0,13.5,884.0,4.0,5,10.0,0,0,0.0,0.0
7036,2,1,1302.04,651.02,14.5,873.0,4.5,5,0.0,1,0,0.5,0.0
7037,4,0,0.0,0.0,14.25,1007.5,4.0,14,2.5,3,3,0.0,1.0
7038,5,0,0.0,0.0,13.4,455.6,4.0,11,5.0,3,3,0.0,1.0
7039,2,2,808.28,404.14,13.0,510.0,2.0,3,2.5,2,0,1.0,0.0
7040,2,1,3022.36,1511.18,4.5,486.0,3.5,5,5.0,2,1,0.5,0.5
7041,2,0,0.0,0.0,13.5,322.5,4.0,6,22.5,2,2,0.0,1.0
7042,1,0,0.0,0.0,10.0,361.0,4.0,3,20.0,1,1,0.0,1.0
7043,6,0,0.0,0.0,12.166666666666666,1017.3333333333334,4.0,19,9.166666666666666,5,5,0.0,1.0
7044,2,1,1550.44,775.22,10.5,1159.0,4.0,8,5.0,1,0,0.5,0.0
7045,3,1,415.06,138.35333333333332,11.333333333333334,1287.3333333333333,4.0,6,8.333333333333334,2,1,0.3333333333333333,0.5
7046,3,0,0.0,0.0,11.0,811.3333333333334,4.0,8,0.0,2,2,0.0,1.0
7047,6,1,259.26,43.21,11.5,743.8333333333334,4.166666666666667,18,5.0,5,4,0.16666666666666666,0.8
7048,2,0,0.0,0.0,17.5,758.5,4.0,5,2.5,2,2,0.0,1.0
7049,4,0,0.0,0.0,8.75,1049.75,4.0,12,13.75,1,1,0.0,1.0
7050,4,1,4573.62,1143.405,8.5,1177.0,3.75,12,2.5,1,0,0.25,0.0
7051,3,1,263.76,87.92,11.666666666666666,1087.6666666666667,4.0,7,6.666666666666667,3,2,0.3333333333333333,0.6666666666666666
7052,2,0,0.0,0.0,8.0,92.0,4.0,6,5.0,1,1,0.0,1.0
7055,1,1,530.37,530.37,20.0,1677.0,2.0,2,15.0,1,0,1.0,0.0
7056,2,1,410.94,205.47,3.5,1549.5,4.5,5,5.0,2,1,0.5,0.5
7057,3,1,3535.05,1178.3500000000001,8.666666666666666,663.6666666666666,4.0,8,13.333333333333334,3,2,0.3333333333333333,0.6666666666666666
7058,2,1,3211.59,1605.795,9.0,498.0,4.0,6,5.0,1,0,0.5,0.0
7059,1,0,0.0,0.0,17.0,312.0,4.0,3,25.0,1,1,0.0,1.0
7060,3,2,4974.6,1658.2,11.666666666666666,607.3333333333334,4.333333333333333,8,3.3333333333333335,3,1,0.6666666666666666,0.3333333333333333
7061,3,1,874.51,291.50333333333333,13.666666666666666,1239.3333333333333,3.6666666666666665,6,3.3333333333333335,1,0,0.3333333333333333,0.0
7062,3,1,4011.36,1337.1200000000001,13.333333333333334,421.6666666666667,4.333333333333333,9,6.666666666666667,2,1,0.3333333333333333,0.5
7063,1,1,1484.67,1484.67,6.0,309.0,5.0,4,20.0,1,0,1.0,0.0
7064,5,1,596.59,119.31800000000001,14.0,1408.6,3.8,9,11.0,3,2,0.2,0.6666666666666666
7066,5,2,2428.31,485.662,15.0,1137.0,4.0,13,12.0,4,2,0.4,0.5
7067,2,1,2033.18,1016.59,17.0,269.0,4.0,7,5.0,2,1,0.5,0.5
7068,2,0,0.0,0.0,14.5,797.5,4.0,4,5.0,1,1,0.0,1.0
7069,3,1,2874.62,958.2066666666666,9.666666666666666,1005.0,3.6666666666666665,8,8.333333333333334,2,1,0.3333333333333333,0.5
7070,3,0,0.0,0.0,9.666666666666666,918.3333333333334,4.0,9,11.666666666666666,1,1,0.0,1.0
7071,5,2,1531.9199999999998,306.38399999999996,14.2,1268.2,3.6,9,9.0,4,2,0.4,0.5
7072,6,3,6381.92,1063.6533333333334,10.5,954.5,4.166666666666667,19,1.6666666666666667,4,1,0.5,0.25
7073,6,2,4805.88,800.98,14.833333333333334,792.6666666666666,3.6666666666666665,18,2.5,4,2,0.3333333333333333,0.5
7074,2,1,702.41,351.205,6.0,1724.0,4.0,5,2.5,2,1,0.5,0.5
7075,2,0,0.0,0.0,14.5,1060.5,4.0,4,10.0,2,2,0.0,1.0
7076,1,0,0.0,0.0,7.0,532.0,4.0,1,0.0,0,0,0.0,0.0
7077,4,1,167.03,41.7575,15.75,1219.0,4.25,11,18.75,3,2,0.25,0.6666666666666666
7078,1,1,369.08,369.08,5.0,1642.0,3.0,3,5.0,1,0,1.0,0.0
7079,1,0,0.0,0.0,22.0,1013.0,4.0,1,5.0,1,1,0.0,1.0
7080,1,1,187.4,187.4,7.0,448.0,5.0,1,0.0,1,0,1.0,0.0
7081,6,1,328.49,54.748333333333335,15.0,420.8333333333333,3.8333333333333335,14,9.166666666666666,5,4,0.16666666666666666,0.8
7082,3,2,3036.1899999999996,1012.0633333333332,12.0,1154.6666666666667,4.333333333333333,9,10.0,3,1,0.6666666666666666,0.3333333333333333
7083,2,0,0.0,0.0,16.0,590.5,4.0,5,17.5,1,1,0.0,1.0
7084,2,0,0.0,0.0,14.5,1112.5,4.0,2,7.5,0,0,0.0,0.0
7086,4,0,0.0,0.0,10.75,1328.5,4.0,7,3.75,1,1,0.0,1.0
7087,2,0,0.0,0.0,19.5,1279.5,4.0,4,17.5,2,2,0.0,1.0
7088,1,0,0.0,0.0,6.0,874.0,4.0,4,0.0,1,1,0.0,1.0
7089,2,0,0.0,0.0,5.0,737.5,4.0,6,0.0,2,2,0.0,1.0
7090,1,0,0.0,0.0,10.0,246.0,4.0,3,0.0,0,0,0.0,0.0
7091,4,0,0.0,0.0,7.0,1061.0,4.0,14,13.75,2,2,0.0,1.0
7093,3,0,0.0,0.0,15.0,806.0,4.0,7,15.0,1,1,0.0,1.0
7094,2,1,966.74,483.37,13.5,1259.0,4.0,5,12.5,1,0,0.5,0.0
7095,3,0,0.0,0.0,17.0,455.6666666666667,4.0,9,0.0,2,2,0.0,1.0
7096,2,1,2429.47,1214.735,13.5,1176.5,4.5,4,15.0,1,0,0.5,0.0
7097,6,1,5580.16,930.0266666666666,14.333333333333334,804.3333333333334,3.8333333333333335,18,10.0,5,4,0.16666666666666666,0.8
7098,7,2,7012.71,1001.8157142857143,15.285714285714286,847.7142857142857,4.142857142857143,18,9.285714285714286,7,5,0.2857142857142857,0.7142857142857143
7099,2,2,4033.6400000000003,2016.8200000000002,12.0,691.0,4.5,4,15.0,2,0,1.0,0.0
7100,6,2,2416.06,402.6766666666667,9.5,1015.6666666666666,4.0,12,11.666666666666666,4,2,0.3333333333333333,0.5
7101,5,1,754.52,150.904,13.6,728.8,4.2,7,6.0,4,3,0.2,0.75
7102,4,1,967.53,241.8825,17.75,1156.25,4.0,6,15.0,2,1,0.25,0.5
7103,2,0,0.0,0.0,18.0,1378.0,4.0,7,17.5,2,2,0.0,1.0
7104,1,0,0.0,0.0,18.0,749.0,4.0,4,0.0,0,0,0.0,0.0
7105,3,1,1051.32,350.44,10.333333333333334,1665.6666666666667,4.333333333333333,9,1.6666666666666667,1,0,0.3333333333333333,0.0
7106,3,1,1627.92,542.64,7.666666666666667,992.3333333333334,3.6666666666666665,7,13.333333333333334,2,1,0.3333333333333333,0.5
7107,3,1,2898.6,966.1999999999999,12.333333333333334,980.6666666666666,3.6666666666666665,8,3.3333333333333335,3,2,0.3333333333333333,0.6666666666666666
7109,1,0,0.0,0.0,1.0,87.0,4.0,4,0.0,1,1,0.0,1.0
7110,6,1,2049.4,341.56666666666666,9.5,837.6666666666666,4.166666666666667,15,10.833333333333334,2,1,0.16666666666666666,0.5
7111,6,3,4088.6099999999997,681.435,14.0,992.6666666666666,3.5,12,15.0,5,2,0.5,0.4
7112,4,0,0.0,0.0,11.25,677.75,4.0,10,10.0,3,3,0.0,1.0
7113,1,0,0.0,0.0,14.0,1608.0,4.0,4,0.0,1,1,0.0,1.0
7114,3,0,0.0,0.0,8.666666666666666,403.3333333333333,4.0,7,15.0,2,2,0.0,1.0
7115,3,0,0.0,0.0,15.0,720.3333333333334,4.0,9,8.333333333333334,2,2,0.0,1.0
7116,2,0,0.0,0.0,8.0,921.0,4.0,4,17.5,1,1,0.0,1.0
7117,1,0,0.0,0.0,18.0,80.0,4.0,1,0.0,1,1,0.0,1.0
7119,5,1,2009.24,401.848,7.6,921.2,3.6,18,9.0,4,3,0.2,0.75
7121,2,1,947.94,473.97,16.0,756.5,3.5,3,0.0,1,0,0.5,0.0
7122,5,2,6075.05,1215.01,13.6,905.8,3.4,8,7.0,4,2,0.4,0.5
7123,4,1,4408.56,1102.14,13.5,899.75,4.25,11,16.25,3,2,0.25,0.6666666666666666
7124,3,0,0.0,0.0,8.0,870.6666666666666,4.0,6,18.333333333333332,1,1,0.0,1.0
7125,4,0,0.0,0.0,16.75,425.75,4.0,7,15.0,0,0,0.0,0.0
7126,3,2,3929.1899999999996,1309.7299999999998,12.333333333333334,1321.3333333333333,4.333333333333333,7,8.333333333333334,2,0,0.6666666666666666,0.0
7127,4,1,3957.72,989.43,15.25,409.75,4.0,8,10.0,3,2,0.25,0.6666666666666666
7128,6,1,1957.65,326.27500000000003,13.5,696.8333333333334,4.0,14,9.166666666666666,2,1,0.16666666666666666,0.5
7129,2,1,2383.98,1191.99,9.0,856.5,2.5,6,7.5,2,1,0.5,0.5
7130,5,2,1519.06,303.812,16.2,1135.4,4.0,10,8.0,3,1,0.4,0.3333333333333333
7131,5,0,0.0,0.0,14.0,709.0,4.0,16,9.0,5,5,0.0,1.0
7132,2,2,1545.56,772.78,6.5,987.0,4.0,3,17.5,2,0,1.0,0.0
7133,2,1,2089.82,1044.91,17.0,1338.5,4.5,4,7.5,2,1,0.5,0.5
7134,3,2,4711.66,1570.5533333333333,14.666666666666666,1539.3333333333333,4.0,8,13.333333333333334,3,1,0.6666666666666666,0.3333333333333333
7135,6,0,0.0,0.0,12.0,1189.5,4.0,14,9.166666666666666,3,3,0.0,1.0
7136,3,0,0.0,0.0,15.666666666666666,188.0,4.0,6,21.666666666666668,0,0,0.0,0.0
7137,3,0,0.0,0.0,17.333333333333332,670.3333333333334,4.0,7,13.333333333333334,1,1,0.0,1.0
7139,2,1,1102.73,551.365,11.5,848.0,4.0,3,20.0,2,1,0.5,0.5
7140,2,0,0.0,0.0,12.0,389.0,4.0,4,12.5,1,1,0.0,1.0
7141,5,0,0.0,0.0,9.8,815.2,4.0,15,7.0,4,4,0.0,1.0
7142,4,3,6206.889999999999,1551.7224999999999,10.0,902.75,3.5,12,11.25,4,1,0.75,0.25
7143,1,0,0.0,0.0,10.0,535.0,4.0,1,0.0,1,1,0.0,1.0
7144,4,1,3583.95,895.9875,11.75,910.5,4.0,10,6.25,3,2,0.25,0.6666666666666666
7145,3,1,2531.1,843.6999999999999,20.666666666666668,1363.3333333333333,4.333333333333333,11,6.666666666666667,2,1,0.3333333333333333,0.5
7146,4,0,0.0,0.0,8.25,1005.5,4.0,8,11.25,3,3,0.0,1.0
7147,2,1,842.44,421.22,8.5,249.5,3.0,6,15.0,1,0,0.5,0.0
7148,4,2,8230.609999999999,2057.6524999999997,6.75,854.25,3.75,12,10.0,3,1,0.5,0.3333333333333333
7149,3,0,0.0,0.0,13.666666666666666,1414.0,4.0,7,13.333333333333334,0,0,0.0,0.0
7150,2,2,3531.63,1765.815,13.0,881.5,3.0,6,7.5,2,0,1.0,0.0
7151,2,2,4224.4800000000005,2112.2400000000002,14.0,390.5,5.0,6,0.0,2,0,1.0,0.0
7152,5,1,861.56,172.31199999999998,17.0,944.6,4.2,12,8.0,2,1,0.2,0.5
7153,2,1,4571.76,2285.88,16.0,527.0,4.0,6,0.0,2,1,0.5,0.5
7154,1,0,0.0,0.0,17.0,629.0,4.0,4,0.0,1,1,0.0,1.0
7155,3,1,1537.08,512.36,15.0,350.6666666666667,4.0,11,8.333333333333334,3,2,0.3333333333333333,0.6666666666666666
7156,2,0,0.0,0.0,12.5,1405.5,4.0,4,0.0,1,1,0.0,1.0
7157,1,0,0.0,0.0,19.0,851.0,4.0,2,0.0,1,1,0.0,1.0
7158,3,0,0.0,0.0,10.666666666666666,1251.3333333333333,4.0,9,6.666666666666667,3,3,0.0,1.0
7159,3,0,0.0,0.0,7.0,1066.3333333333333,4.0,9,11.666666666666666,1,1,0.0,1.0
7160,4,1,2949.7,737.425,17.5,1637.5,4.25,9,10.0,2,1,0.25,0.5
7162,3,1,391.58,130.52666666666667,7.333333333333333,882.6666666666666,4.0,5,10.0,2,1,0.3333333333333333,0.5
7163,2,0,0.0,0.0,21.5,563.0,4.0,6,12.5,2,2,0.0,1.0
7165,4,2,3437.56,859.39,9.5,923.5,4.0,11,6.25,4,2,0.5,0.5
7166,3,1,827.51,275.83666666666664,13.0,725.3333333333334,4.333333333333333,9,3.3333333333333335,1,0,0.3333333333333333,0.0
7167,3,0,0.0,0.0,12.0,445.0,4.0,6,6.666666666666667,0,0,0.0,0.0
7168,2,0,0.0,0.0,21.0,764.0,4.0,3,7.5,1,1,0.0,1.0
7169,1,0,0.0,0.0,15.0,828.0,4.0,1,10.0,1,1,0.0,1.0
7170,1,1,3375.24,3375.24,13.0,1154.0,5.0,3,0.0,1,0,1.0,0.0
7171,7,4,9938.119999999999,1419.7314285714285,16.857142857142858,892.4285714285714,4.142857142857143,22,6.428571428571429,7,3,0.5714285714285714,0.42857142857142855
7172,1,0,0.0,0.0,11.0,632.0,4.0,2,0.0,1,1,0.0,1.0
7173,5,1,1027.78,205.55599999999998,15.4,712.2,3.6,8,7.0,3,2,0.2,0.6666666666666666
7174,6,0,0.0,0.0,13.333333333333334,830.1666666666666,4.0,11,10.833333333333334,4,4,0.0,1.0
7175,1,0,0.0,0.0,20.0,1627.0,4.0,4,30.0,0,0,0.0,0.0
7176,1,1,657.44,657.44,17.0,844.0,4.0,2,0.0,1,0,1.0,0.0
7177,4,2,2852.17,713.0425,11.25,605.0,3.75,10,11.25,3,1,0.5,0.3333333333333333
7179,2,1,1582.71,791.355,19.0,536.5,4.0,6,7.5,2,1,0.5,0.5
7180,3,0,0.0,0.0,9.0,1187.0,4.0,9,0.0,2,2,0.0,1.0
7181,1,0,0.0,0.0,9.0,455.0,4.0,2,20.0,0,0,0.0,0.0
7182,3,0,0.0,0.0,11.0,825.3333333333334,4.0,10,8.333333333333334,0,0,0.0,0.0
7183,2,0,0.0,0.0,15.5,1526.0,4.0,6,7.5,2,2,0.0,1.0
7184,3,0,0.0,0.0,14.666666666666666,1300.3333333333333,4.0,7,11.666666666666666,2,2,0.0,1.0
7185,2,1,789.26,394.63,15.0,836.0,4.0,2,10.0,2,1,0.5,0.5
7186,1,0,0.0,0.0,22.0,1433.0,4.0,3,25.0,1,1,0.0,1.0
7187,1,1,698.56,698.56,3.0,1739.0,5.0,1,15.0,1,0,1.0,0.0
7188,1,0,0.0,0.0,16.0,1390.0,4.0,2,0.0,1,1,0.0,1.0
7189,5,3,4847.74,969.548,17.6,634.8,4.0,13,3.0,3,0,0.6,0.0
7190,2,2,1302.8000000000002,651.4000000000001,13.0,892.5,3.5,4,22.5,2,0,1.0,0.0
7191,1,0,0.0,0.0,17.0,1503.0,4.0,3,10.0,0,0,0.0,0.0
7192,7,1,113.22,16.174285714285713,14.857142857142858,1009.7142857142857,4.0,15,9.285714285714286,4,3,0.14285714285714285,0.75
7193,1,0,0.0,0.0,20.0,1334.0,4.0,2,0.0,1,1,0.0,1.0
7194,1,1,1193.87,1193.87,21.0,785.0,4.0,1,0.0,1,0,1.0,0.0
7195,2,1,2215.76,1107.88,19.0,794.0,4.0,5,7.5,2,1,0.5,0.5
7196,1,0,0.0,0.0,5.0,673.0,4.0,4,0.0,1,1,0.0,1.0
7197,2,0,0.0,0.0,5.0,833.0,4.0,4,0.0,2,2,0.0,1.0
7198,5,0,0.0,0.0,13.8,1082.2,4.0,13,6.0,3,3,0.0,1.0
7199,2,0,0.0,0.0,18.0,399.0,4.0,4,0.0,0,0,0.0,0.0
7200,2,0,0.0,0.0,3.5,385.5,4.0,5,12.5,0,0,0.0,0.0
7201,2,1,2397.48,1198.74,13.0,643.5,4.0,5,0.0,2,1,0.5,0.5
7202,1,1,2882.12,2882.12,1.0,389.0,4.0,4,0.0,1,0,1.0,0.0
7203,4,0,0.0,0.0,11.0,800.5,4.0,11,2.5,2,2,0.0,1.0
7204,2,1,694.69,347.345,13.5,1742.5,4.0,3,5.0,2,1,0.5,0.5
7206,1,0,0.0,0.0,7.0,1366.0,4.0,1,0.0,1,1,0.0,1.0
7207,3,0,0.0,0.0,13.333333333333334,1365.0,4.0,11,13.333333333333334,1,1,0.0,1.0
7208,4,0,0.0,0.0,7.0,1190.5,4.0,8,15.0,1,1,0.0,1.0
7209,3,1,656.09,218.6966666666667,9.333333333333334,818.3333333333334,4.333333333333333,5,13.333333333333334,2,1,0.3333333333333333,0.5
7210,5,1,2370.42,474.084,11.6,685.6,4.2,15,8.0,2,1,0.2,0.5
7211,2,1,504.7,252.35,17.0,1569.0,3.0,4,10.0,2,1,0.5,0.5
7212,6,0,0.0,0.0,8.5,759.5,4.0,14,7.5,4,4,0.0,1.0
7213,3,1,341.49,113.83,15.666666666666666,334.0,4.333333333333333,8,10.0,1,0,0.3333333333333333,0.0
7214,1,1,1149.66,1149.66,4.0,777.0,4.0,1,0.0,1,0,1.0,0.0
7215,4,2,2398.96,599.74,13.5,853.0,4.5,10,8.75,3,1,0.5,0.3333333333333333
7216,3,2,3578.08,1192.6933333333334,10.666666666666666,1030.0,4.333333333333333,9,23.333333333333332,3,1,0.6666666666666666,0.3333333333333333
7217,5,2,868.3799999999999,173.676,5.8,1152.2,3.8,14,18.0,5,3,0.4,0.6
7218,1,1,704.41,704.41,2.0,12.0,4.0,3,15.0,1,0,1.0,0.0
7219,4,2,2253.31,563.3275,12.0,1120.75,4.25,10,16.25,2,0,0.5,0.0
7220,4,0,0.0,0.0,9.75,1419.0,4.0,8,16.25,3,3,0.0,1.0
7221,1,0,0.0,0.0,24.0,827.0,4.0,1,15.0,0,0,0.0,0.0
7222,1,0,0.0,0.0,23.0,934.0,4.0,2,0.0,1,1,0.0,1.0
7223,2,0,0.0,0.0,9.5,743.5,4.0,5,15.0,1,1,0.0,1.0
7224,4,1,1369.68,342.42,8.25,810.75,4.25,13,2.5,3,2,0.25,0.6666666666666666
7225,3,2,6234.070000000001,2078.0233333333335,15.0,679.3333333333334,3.0,8,15.0,2,0,0.6666666666666666,0.0
7226,5,2,1291.97,258.394,10.6,777.8,4.0,8,16.0,4,2,0.4,0.5
7227,6,2,851.82,141.97,14.333333333333334,920.5,4.0,17,2.5,3,1,0.3333333333333333,0.3333333333333333
7228,2,0,0.0,0.0,5.5,1007.0,4.0,7,20.0,0,0,0.0,0.0
7229,1,1,1683.48,1683.48,17.0,769.0,2.0,3,0.0,1,0,1.0,0.0
7231,3,0,0.0,0.0,20.333333333333332,694.3333333333334,4.0,7,13.333333333333334,2,2,0.0,1.0
7232,4,1,2775.5,693.875,14.5,835.0,4.0,12,6.25,4,3,0.25,0.75
7233,2,0,0.0,0.0,8.0,1246.0,4.0,4,0.0,1,1,0.0,1.0
7234,5,1,887.02,177.404,11.8,701.8,4.2,15,6.0,1,0,0.2,0.0
7235,6,1,1854.04,309.00666666666666,10.166666666666666,1300.5,3.8333333333333335,18,7.5,2,1,0.16666666666666666,0.5
7236,1,0,0.0,0.0,1.0,1011.0,4.0,1,15.0,1,1,0.0,1.0
7237,5,1,1308.62,261.724,3.4,955.2,4.0,11,5.0,4,3,0.2,0.75
7238,3,0,0.0,0.0,19.0,974.3333333333334,4.0,10,10.0,2,2,0.0,1.0
7239,2,0,0.0,0.0,9.0,1077.5,4.0,5,0.0,1,1,0.0,1.0
7240,5,0,0.0,0.0,7.2,1190.8,4.0,8,8.0,4,4,0.0,1.0
7241,1,0,0.0,0.0,15.0,1521.0,4.0,2,0.0,1,1,0.0,1.0
7242,1,1,548.38,548.38,5.0,229.0,3.0,1,20.0,1,0,1.0,0.0
7243,2,0,0.0,0.0,12.0,1230.5,4.0,2,2.5,2,2,0.0,1.0
7244,1,0,0.0,0.0,24.0,648.0,4.0,3,0.0,1,1,0.0,1.0
7245,2,1,2460.21,1230.105,10.5,1402.0,4.0,7,0.0,1,0,0.5,0.0
7246,3,1,441.9,147.29999999999998,5.333333333333333,363.0,4.333333333333333,5,6.666666666666667,3,2,0.3333333333333333,0.6666666666666666
7247,3,0,0.0,0.0,14.333333333333334,1073.0,4.0,8,18.333333333333332,3,3,0.0,1.0
7248,3,1,4405.72,1468.5733333333335,9.666666666666666,371.0,3.6666666666666665,11,0.0,2,1,0.3333333333333333,0.5
7249,4,3,5363.76,1340.94,14.5,964.75,3.25,9,8.75,4,1,0.75,0.25
7250,3,0,0.0,0.0,19.0,1008.0,4.0,6,11.666666666666666,1,1,0.0,1.0
7251,2,1,2513.42,1256.71,9.0,875.5,3.0,5,10.0,2,1,0.5,0.5
7252,3,1,4129.66,1376.5533333333333,16.333333333333332,788.3333333333334,4.333333333333333,8,13.333333333333334,2,1,0.3333333333333333,0.5
7253,5,0,0.0,0.0,17.4,1064.8,4.0,14,8.0,3,3,0.0,1.0
7254,4,2,2755.36,688.84,14.75,773.5,3.75,8,3.75,3,1,0.5,0.3333333333333333
7256,1,0,0.0,0.0,17.0,470.0,4.0,3,0.0,0,0,0.0,0.0
7257,2,0,0.0,0.0,14.0,34.5,4.0,4,15.0,0,0,0.0,0.0
7258,3,0,0.0,0.0,7.666666666666667,1272.6666666666667,4.0,8,13.333333333333334,1,1,0.0,1.0
7259,4,2,4965.61,1241.4025,9.5,899.75,3.5,14,3.75,3,1,0.5,0.3333333333333333
7261,2,1,2108.41,1054.205,14.0,1200.5,4.0,8,12.5,2,1,0.5,0.5
7262,2,1,1115.22,557.61,12.0,1034.5,4.0,5,0.0,1,0,0.5,0.0
7263,3,1,6895.33,2298.443333333333,14.666666666666666,1199.3333333333333,4.333333333333333,8,3.3333333333333335,1,0,0.3333333333333333,0.0
7264,3,0,0.0,0.0,9.0,814.6666666666666,4.0,7,6.666666666666667,2,2,0.0,1.0
7265,2,1,1361.34,680.67,2.5,1610.5,4.0,7,0.0,2,1,0.5,0.5
7266,2,0,0.0,0.0,17.5,126.0,4.0,7,15.0,2,2,0.0,1.0
7267,2,0,0.0,0.0,8.0,1637.0,4.0,7,12.5,0,0,0.0,0.0
7268,1,0,0.0,0.0,18.0,1426.0,4.0,1,15.0,0,0,0.0,0.0
7269,5,1,886.36,177.272,15.2,1307.8,4.0,15,9.0,4,3,0.2,0.75
7270,3,0,0.0,0.0,14.0,885.6666666666666,4.0,7,10.0,1,1,0.0,1.0
7271,5,1,1086.28,217.256,14.6,1050.2,4.2,8,9.0,2,1,0.2,0.5
7272,4,2,1362.17,340.5425,14.5,692.25,3.75,9,8.75,2,0,0.5,0.0
7273,1,0,0.0,0.0,4.0,1587.0,4.0,4,5.0,0,0,0.0,0.0
7274,4,1,2067.51,516.8775,8.75,638.5,4.0,12,1.25,4,3,0.25,0.75
7275,2,1,2099.56,1049.78,14.0,1127.5,3.5,5,7.5,1,0,0.5,0.0
7276,1,0,0.0,0.0,1.0,32.0,4.0,3,0.0,1,1,0.0,1.0
7278,2,0,0.0,0.0,14.0,1204.0,4.0,2,7.5,0,0,0.0,0.0
7279,1,0,0.0,0.0,24.0,1259.0,4.0,3,15.0,1,1,0.0,1.0
7280,3,1,1107.99,369.33,21.0,1479.6666666666667,4.333333333333333,7,3.3333333333333335,2,1,0.3333333333333333,0.5
7281,1,1,673.44,673.44,6.0,994.0,3.0,2,0.0,1,0,1.0,0.0
7282,6,2,536.6400000000001,89.44000000000001,12.666666666666666,883.8333333333334,3.6666666666666665,11,8.333333333333334,4,2,0.3333333333333333,0.5
7283,6,1,1032.07,172.01166666666666,14.166666666666666,888.5,3.8333333333333335,15,6.666666666666667,4,3,0.16666666666666666,0.75
7284,3,2,6763.8,2254.6,9.666666666666666,681.0,4.0,9,0.0,3,1,0.6666666666666666,0.3333333333333333
7285,3,0,0.0,0.0,17.333333333333332,1065.3333333333333,4.0,6,8.333333333333334,1,1,0.0,1.0
7286,2,0,0.0,0.0,10.0,1087.5,4.0,5,7.5,2,2,0.0,1.0
7287,2,1,3499.77,1749.885,11.0,650.5,4.0,6,7.5,2,1,0.5,0.5
7288,3,1,142.75,47.583333333333336,12.0,544.6666666666666,4.333333333333333,5,11.666666666666666,3,2,0.3333333333333333,0.6666666666666666
7289,2,0,0.0,0.0,10.5,422.5,4.0,4,12.5,1,1,0.0,1.0
7290,2,0,0.0,0.0,11.5,206.0,4.0,4,17.5,2,2,0.0,1.0
7291,2,0,0.0,0.0,11.0,585.0,4.0,5,15.0,0,0,0.0,0.0
7292,2,0,0.0,0.0,18.5,614.0,4.0,3,0.0,1,1,0.0,1.0
7293,6,2,3920.44,653.4066666666666,13.166666666666666,1073.0,4.0,16,4.166666666666667,3,1,0.3333333333333333,0.3333333333333333
7294,3,0,0.0,0.0,14.666666666666666,461.0,4.0,9,0.0,3,3,0.0,1.0
7295,3,0,0.0,0.0,11.0,481.0,4.0,9,11.666666666666666,1,1,0.0,1.0
7296,2,1,2480.14,1240.07,10.5,1519.0,3.5,7,12.5,2,1,0.5,0.5
7297,6,2,2643.7799999999997,440.62999999999994,8.5,270.1666666666667,3.8333333333333335,15,11.666666666666666,4,2,0.3333333333333333,0.5
7298,4,1,1955.52,488.88,4.75,1008.5,3.75,12,11.25,2,1,0.25,0.5
7299,4,2,2160.71,540.1775,12.5,869.5,3.5,11,13.75,4,2,0.5,0.5
7300,1,0,0.0,0.0,14.0,1521.0,4.0,1,0.0,0,0,0.0,0.0
7301,2,0,0.0,0.0,17.0,1730.5,4.0,7,0.0,1,1,0.0,1.0
7302,1,0,0.0,0.0,3.0,1421.0,4.0,2,0.0,0,0,0.0,0.0
7304,3,1,1715.31,571.77,7.0,1070.3333333333333,4.333333333333333,9,21.666666666666668,3,2,0.3333333333333333,0.6666666666666666
7305,4,0,0.0,0.0,7.0,302.5,4.0,12,13.75,3,3,0.0,1.0
7306,2,0,0.0,0.0,20.5,543.0,4.0,4,20.0,0,0,0.0,0.0
7307,2,0,0.0,0.0,2.5,533.5,4.0,5,0.0,1,1,0.0,1.0
7308,2,1,2919.4,1459.7,16.0,869.0,4.5,6,5.0,2,1,0.5,0.5
7310,3,1,1846.76,615.5866666666667,9.666666666666666,866.3333333333334,3.3333333333333335,8,5.0,2,1,0.3333333333333333,0.5
7311,5,0,0.0,0.0,15.4,1226.4,4.0,14,15.0,2,2,0.0,1.0
7312,2,1,114.34,57.17,12.0,1503.0,4.0,2,15.0,1,0,0.5,0.0
7313,2,1,285.46,142.73,13.0,1087.5,4.0,2,25.0,2,1,0.5,0.5
7314,2,0,0.0,0.0,5.0,544.0,4.0,5,10.0,2,2,0.0,1.0
7315,2,1,2164.1,1082.05,11.0,709.5,3.5,7,5.0,2,1,0.5,0.5
7316,4,0,0.0,0.0,21.75,369.0,4.0,12,10.0,2,2,0.0,1.0
7317,5,1,400.06,80.012,12.0,1243.0,4.0,14,6.0,3,2,0.2,0.6666666666666666
7318,6,0,0.0,0.0,16.5,488.1666666666667,4.0,21,10.0,4,4,0.0,1.0
7319,2,1,1382.92,691.46,7.0,1028.5,4.0,5,7.5,2,1,0.5,0.5
7320,2,0,0.0,0.0,15.0,677.0,4.0,7,7.5,2,2,0.0,1.0
7321,3,1,1906.02,635.34,7.666666666666667,1101.3333333333333,4.0,8,3.3333333333333335,2,1,0.3333333333333333,0.5
7322,4,1,3321.32,830.33,8.75,1227.0,3.5,12,11.25,3,2,0.25,0.6666666666666666
7323,3,1,1806.66,602.22,6.333333333333333,1029.6666666666667,3.3333333333333335,8,5.0,2,1,0.3333333333333333,0.5
7325,3,2,1155.9,385.3,11.0,817.0,3.3333333333333335,9,5.0,2,0,0.6666666666666666,0.0
7326,4,1,812.97,203.2425,16.5,802.0,4.25,11,5.0,2,1,0.25,0.5
7327,2,2,2120.2,1060.1,7.0,1131.5,2.5,4,22.5,2,0,1.0,0.0
7328,3,0,0.0,0.0,13.0,1020.6666666666666,4.0,10,1.6666666666666667,3,3,0.0,1.0
7329,3,0,0.0,0.0,13.0,772.0,4.0,6,18.333333333333332,2,2,0.0,1.0
7330,2,0,0.0,0.0,8.5,1250.0,4.0,3,15.0,0,0,0.0,0.0
7331,2,0,0.0,0.0,7.0,1322.5,4.0,5,10.0,2,2,0.0,1.0
7332,5,1,2636.98,527.396,12.6,610.2,4.0,10,18.0,2,1,0.2,0.5
7333,3,2,2795.84,931.9466666666667,18.0,505.0,4.666666666666667,5,5.0,2,0,0.6666666666666666,0.0
7334,6,0,0.0,0.0,10.833333333333334,964.1666666666666,4.0,11,6.666666666666667,4,4,0.0,1.0
7335,4,0,0.0,0.0,12.75,1124.0,4.0,9,6.25,2,2,0.0,1.0
7336,3,1,1468.75,489.5833333333333,19.666666666666668,464.3333333333333,4.0,4,5.0,3,2,0.3333333333333333,0.6666666666666666
7337,1,0,0.0,0.0,16.0,1049.0,4.0,4,15.0,1,1,0.0,1.0
7338,1,0,0.0,0.0,23.0,1475.0,4.0,1,5.0,0,0,0.0,0.0
7339,3,1,7016.6,2338.866666666667,17.333333333333332,593.3333333333334,3.6666666666666665,12,10.0,2,1,0.3333333333333333,0.5
7340,4,2,990.4300000000001,247.60750000000002,11.75,767.25,4.0,5,8.75,4,2,0.5,0.5
7341,4,1,2565.0,641.25,13.75,859.25,3.75,11,7.5,2,1,0.25,0.5
7342,5,0,0.0,0.0,9.2,963.8,4.0,12,6.0,1,1,0.0,1.0
7343,4,1,642.38,160.595,14.5,1331.5,4.25,6,20.0,3,2,0.25,0.6666666666666666
7344,5,3,7873.650000000001,1574.73,15.2,924.0,3.4,13,18.0,4,1,0.6,0.25
7345,3,1,304.65,101.55,12.666666666666666,1074.6666666666667,3.6666666666666665,7,10.0,2,1,0.3333333333333333,0.5
7346,6,1,5381.88,896.98,14.5,737.1666666666666,3.6666666666666665,15,11.666666666666666,3,2,0.16666666666666666,0.6666666666666666
7347,1,0,0.0,0.0,23.0,988.0,4.0,4,20.0,1,1,0.0,1.0
7348,4,1,1475.24,368.81,15.0,1314.0,3.5,9,8.75,3,2,0.25,0.6666666666666666
7349,3,1,1057.97,352.6566666666667,14.666666666666666,783.3333333333334,3.6666666666666665,6,13.333333333333334,1,0,0.3333333333333333,0.0
7350,1,0,0.0,0.0,17.0,503.0,4.0,4,5.0,0,0,0.0,0.0
7351,5,1,2194.02,438.804,18.0,1029.8,3.8,14,4.0,3,2,0.2,0.6666666666666666
7352,1,0,0.0,0.0,22.0,843.0,4.0,3,0.0,1,1,0.0,1.0
7353,1,1,502.51,502.51,5.0,772.0,5.0,3,20.0,1,0,1.0,0.0
7354,7,1,986.04,140.86285714285714,11.857142857142858,908.4285714285714,4.0,13,10.714285714285714,1,0,0.14285714285714285,0.0
7355,3,0,0.0,0.0,15.0,1171.3333333333333,4.0,6,11.666666666666666,3,3,0.0,1.0
7356,2,1,5128.03,2564.015,22.0,1525.0,4.0,7,20.0,2,1,0.5,0.5
7357,2,0,0.0,0.0,13.5,604.5,4.0,6,5.0,1,1,0.0,1.0
7358,2,1,1741.08,870.54,14.5,952.0,4.5,6,10.0,1,0,0.5,0.0
7359,4,0,0.0,0.0,13.75,738.0,4.0,10,6.25,0,0,0.0,0.0
7360,8,2,4415.95,551.99375,11.0,767.625,3.875,23,12.5,7,5,0.25,0.7142857142857143
7361,1,0,0.0,0.0,7.0,495.0,4.0,2,10.0,0,0,0.0,0.0
7362,1,0,0.0,0.0,11.0,843.0,4.0,4,30.0,1,1,0.0,1.0
7363,4,2,2149.41,537.3525,12.5,318.0,3.25,13,10.0,4,2,0.5,0.5
7364,3,0,0.0,0.0,7.0,1379.6666666666667,4.0,8,6.666666666666667,1,1,0.0,1.0
7365,2,0,0.0,0.0,21.5,1252.0,4.0,6,5.0,1,1,0.0,1.0
7366,3,0,0.0,0.0,12.0,694.0,4.0,9,3.3333333333333335,2,2,0.0,1.0
7367,2,1,3865.47,1932.735,12.0,922.5,3.5,5,7.5,2,1,0.5,0.5
7368,1,0,0.0,0.0,9.0,577.0,4.0,1,30.0,1,1,0.0,1.0
7369,4,1,755.96,188.99,5.25,465.75,4.0,9,7.5,1,0,0.25,0.0
7370,2,0,0.0,0.0,16.5,429.5,4.0,4,10.0,1,1,0.0,1.0
7371,1,0,0.0,0.0,15.0,1441.0,4.0,1,5.0,1,1,0.0,1.0
7372,3,2,1536.66,512.22,18.0,736.3333333333334,4.0,11,20.0,2,0,0.6666666666666666,0.0
7373,2,1,558.55,279.275,10.5,1018.0,3.5,3,0.0,2,1,0.5,0.5
7374,2,0,0.0,0.0,14.5,1303.5,4.0,5,2.5,1,1,0.0,1.0
7375,2,1,2955.24,1477.62,13.5,448.0,4.0,3,0.0,2,1,0.5,0.5
7376,3,0,0.0,0.0,7.333333333333333,951.3333333333334,4.0,9,18.333333333333332,3,3,0.0,1.0
7377,2,1,1461.32,730.66,10.5,1313.5,4.5,3,7.5,2,1,0.5,0.5
7378,3,0,0.0,0.0,16.666666666666668,728.3333333333334,4.0,8,15.0,1,1,0.0,1.0
7379,3,0,0.0,0.0,12.333333333333334,1344.6666666666667,4.0,8,0.0,2,2,0.0,1.0
7380,4,0,0.0,0.0,14.5,991.75,4.0,11,6.25,1,1,0.0,1.0
7381,2,0,0.0,0.0,13.0,253.5,4.0,2,0.0,1,1,0.0,1.0
7382,3,0,0.0,0.0,18.333333333333332,647.0,4.0,7,15.0,2,2,0.0,1.0
7383,2,0,0.0,0.0,7.5,426.0,4.0,5,0.0,1,1,0.0,1.0
7384,6,1,5062.32,843.7199999999999,13.833333333333334,1232.3333333333333,4.166666666666667,19,6.666666666666667,4,3,0.16666666666666666,0.75
7385,7,1,3140.45,448.63571428571424,11.571428571428571,1078.142857142857,4.0,22,10.0,4,3,0.14285714285714285,0.75
7386,1,0,0.0,0.0,6.0,106.0,4.0,2,10.0,0,0,0.0,0.0
7387,1,0,0.0,0.0,17.0,132.0,4.0,4,10.0,0,0,0.0,0.0
7388,5,1,4491.65,898.3299999999999,16.0,976.2,4.0,14,10.0,3,2,0.2,0.6666666666666666
7389,2,2,745.65,372.825,12.0,783.0,4.5,2,10.0,2,0,1.0,0.0
7390,4,1,688.74,172.185,13.5,991.0,3.75,11,6.25,3,2,0.25,0.6666666666666666
7391,4,3,5199.73,1299.9325,15.0,959.25,3.75,10,16.25,3,0,0.75,0.0
7392,2,0,0.0,0.0,16.5,1397.0,4.0,4,7.5,1,1,0.0,1.0
7393,3,1,702.9,234.29999999999998,16.0,1117.6666666666667,4.0,8,3.3333333333333335,2,1,0.3333333333333333,0.5
7394,2,0,0.0,0.0,9.5,809.0,4.0,7,10.0,0,0,0.0,0.0
7396,2,1,698.68,349.34,13.5,250.5,3.5,6,7.5,2,1,0.5,0.5
7397,6,2,7561.35,1260.2250000000001,7.5,1089.1666666666667,4.0,19,8.333333333333334,4,2,0.3333333333333333,0.5
7398,1,0,0.0,0.0,3.0,774.0,4.0,1,10.0,0,0,0.0,0.0
7399,2,0,0.0,0.0,8.5,510.5,4.0,6,12.5,1,1,0.0,1.0
7400,2,1,181.69,90.845,14.0,956.0,4.5,5,17.5,1,0,0.5,0.0
7401,4,1,3411.01,852.7525,13.75,612.0,4.0,12,16.25,3,2,0.25,0.6666666666666666
7402,3,1,5223.94,1741.3133333333333,9.0,1205.6666666666667,4.0,8,6.666666666666667,2,1,0.3333333333333333,0.5
7403,2,0,0.0,0.0,7.0,887.5,4.0,3,20.0,2,2,0.0,1.0
7404,4,0,0.0,0.0,17.5,763.25,4.0,10,10.0,1,1,0.0,1.0
7405,1,0,0.0,0.0,21.0,976.0,4.0,3,15.0,1,1,0.0,1.0
7406,1,0,0.0,0.0,23.0,1133.0,4.0,3,30.0,1,1,0.0,1.0
7407,2,0,0.0,0.0,20.5,806.0,4.0,4,7.5,1,1,0.0,1.0
7408,1,0,0.0,0.0,23.0,320.0,4.0,2,5.0,0,0,0.0,0.0
7409,1,0,0.0,0.0,21.0,541.0,4.0,4,10.0,1,1,0.0,1.0
7410,2,0,0.0,0.0,5.0,1041.5,4.0,4,2.5,2,2,0.0,1.0
7411,6,3,1281.23,213.53833333333333,14.333333333333334,1207.8333333333333,4.166666666666667,16,10.833333333333334,6,3,0.5,0.5
7412,3,1,662.09,220.6966666666667,12.333333333333334,1034.3333333333333,4.0,6,6.666666666666667,2,1,0.3333333333333333,0.5
7414,1,0,0.0,0.0,1.0,263.0,4.0,3,10.0,1,1,0.0,1.0
7415,7,0,0.0,0.0,11.857142857142858,676.4285714285714,4.0,21,7.142857142857143,6,6,0.0,1.0
7416,1,0,0.0,0.0,4.0,345.0,4.0,4,15.0,0,0,0.0,0.0
7417,2,0,0.0,0.0,18.0,615.0,4.0,5,2.5,0,0,0.0,0.0
7418,4,1,1722.82,430.705,14.5,731.25,4.0,5,13.75,1,0,0.25,0.0
7419,1,0,0.0,0.0,24.0,419.0,4.0,3,10.0,1,1,0.0,1.0
7420,4,0,0.0,0.0,8.0,682.0,4.0,9,3.75,3,3,0.0,1.0
7421,3,0,0.0,0.0,14.333333333333334,1034.0,4.0,5,10.0,2,2,0.0,1.0
7422,2,0,0.0,0.0,19.5,732.5,4.0,4,12.5,1,1,0.0,1.0
7423,6,1,4441.77,740.2950000000001,15.333333333333334,1096.5,4.0,15,7.5,4,3,0.16666666666666666,0.75
7424,2,0,0.0,0.0,20.5,266.0,4.0,5,12.5,0,0,0.0,0.0
7425,1,0,0.0,0.0,9.0,1535.0,4.0,2,5.0,0,0,0.0,0.0
7426,3,0,0.0,0.0,19.666666666666668,1279.3333333333333,4.0,8,13.333333333333334,2,2,0.0,1.0
7427,3,0,0.0,0.0,11.333333333333334,943.6666666666666,4.0,11,10.0,0,0,0.0,0.0
7428,3,2,6649.44,2216.48,6.333333333333333,1079.0,3.6666666666666665,10,0.0,2,0,0.6666666666666666,0.0
7429,6,1,476.52,79.42,15.333333333333334,857.5,3.5,17,2.5,6,5,0.16666666666666666,0.8333333333333334
7430,3,0,0.0,0.0,8.666666666666666,1536.6666666666667,4.0,9,5.0,0,0,0.0,0.0
7431,2,0,0.0,0.0,21.5,1123.5,4.0,5,2.5,2,2,0.0,1.0
7432,2,0,0.0,0.0,22.0,1131.0,4.0,5,5.0,1,1,0.0,1.0
7433,4,1,1120.5,280.125,11.75,667.25,3.75,6,6.25,3,2,0.25,0.6666666666666666
7434,3,1,706.11,235.37,15.666666666666666,559.3333333333334,4.333333333333333,8,8.333333333333334,2,1,0.3333333333333333,0.5
7435,3,1,1355.17,451.72333333333336,10.666666666666666,787.0,3.3333333333333335,5,15.0,3,2,0.3333333333333333,0.6666666666666666
7436,4,1,3601.4,900.35,13.75,737.25,4.25,15,10.0,4,3,0.25,0.75
7437,2,2,8666.23,4333.115,5.5,390.5,3.5,7,12.5,2,0,1.0,0.0
7438,1,0,0.0,0.0,9.0,417.0,4.0,2,5.0,0,0,0.0,0.0
7439,6,2,2552.0299999999997,425.3383333333333,13.333333333333334,1033.3333333333333,4.333333333333333,15,11.666666666666666,5,3,0.3333333333333333,0.6
7440,3,0,0.0,0.0,8.333333333333334,834.0,4.0,9,6.666666666666667,2,2,0.0,1.0
7441,2,0,0.0,0.0,15.5,1407.0,4.0,5,5.0,1,1,0.0,1.0
7442,1,0,0.0,0.0,2.0,820.0,4.0,1,10.0,1,1,0.0,1.0
7443,1,0,0.0,0.0,15.0,986.0,4.0,4,0.0,1,1,0.0,1.0
7444,5,0,0.0,0.0,11.0,844.4,4.0,12,10.0,3,3,0.0,1.0
7445,5,0,0.0,0.0,10.0,1114.2,4.0,10,6.0,4,4,0.0,1.0
7446,2,0,0.0,0.0,20.5,1172.0,4.0,5,30.0,0,0,0.0,0.0
7447,3,0,0.0,0.0,10.666666666666666,407.6666666666667,4.0,8,5.0,2,2,0.0,1.0
7448,3,0,0.0,0.0,11.0,806.3333333333334,4.0,11,10.0,1,1,0.0,1.0
7449,4,0,0.0,0.0,15.0,747.75,4.0,10,5.0,2,2,0.0,1.0
7450,3,1,262.27,87.42333333333333,8.666666666666666,770.0,4.0,3,8.333333333333334,2,1,0.3333333333333333,0.5
7451,7,0,0.0,0.0,9.571428571428571,798.5714285714286,4.0,19,10.0,5,5,0.0,1.0
7452,4,0,0.0,0.0,13.25,809.25,4.0,13,7.5,1,1,0.0,1.0
7453,2,0,0.0,0.0,9.5,1067.5,4.0,6,12.5,1,1,0.0,1.0
7454,2,1,2047.1,1023.55,20.5,783.0,4.0,4,20.0,1,0,0.5,0.0
7455,4,0,0.0,0.0,12.75,979.5,4.0,12,1.25,1,1,0.0,1.0
7456,4,0,0.0,0.0,11.25,1127.0,4.0,7,7.5,1,1,0.0,1.0
7457,3,1,2239.22,746.4066666666666,16.0,529.3333333333334,3.3333333333333335,6,8.333333333333334,3,2,0.3333333333333333,0.6666666666666666
7458,3,1,2266.28,755.4266666666667,12.0,1445.3333333333333,3.3333333333333335,10,6.666666666666667,2,1,0.3333333333333333,0.5
7459,2,0,0.0,0.0,9.0,617.0,4.0,5,12.5,0,0,0.0,0.0
7460,3,0,0.0,0.0,14.333333333333334,810.3333333333334,4.0,6,5.0,1,1,0.0,1.0
7461,4,1,1605.58,401.395,11.5,1121.5,4.25,9,8.75,3,2,0.25,0.6666666666666666
7462,6,3,7983.16,1330.5266666666666,11.166666666666666,1182.1666666666667,4.0,19,7.5,4,1,0.5,0.25
7463,1,0,0.0,0.0,24.0,1207.0,4.0,3,0.0,0,0,0.0,0.0
7464,2,0,0.0,0.0,10.5,1066.5,4.0,5,7.5,0,0,0.0,0.0
7467,2,0,0.0,0.0,6.5,572.0,4.0,4,17.5,1,1,0.0,1.0
7468,2,1,3384.9,1692.45,21.5,944.5,4.0,8,5.0,1,0,0.5,0.0
7469,2,2,3936.37,1968.185,13.5,913.0,3.5,4,12.5,2,0,1.0,0.0
7470,2,0,0.0,0.0,5.0,1027.0,4.0,4,15.0,2,2,0.0,1.0
7471,1,0,0.0,0.0,13.0,1207.0,4.0,1,10.0,0,0,0.0,0.0
7472,4,1,2642.6,660.65,5.5,866.0,4.25,10,3.75,2,1,0.25,0.5
7473,5,1,2575.76,515.152,12.6,1322.8,4.0,16,5.0,2,1,0.2,0.5
7474,2,0,0.0,0.0,17.0,434.0,4.0,3,10.0,1,1,0.0,1.0
7475,3,0,0.0,0.0,9.0,593.3333333333334,4.0,10,6.666666666666667,1,1,0.0,1.0
7476,8,2,2583.14,322.8925,14.5,923.0,4.25,26,5.0,4,2,0.25,0.5
7477,2,1,1125.6,562.8,14.0,888.0,3.5,7,5.0,1,0,0.5,0.0
7478,5,0,0.0,0.0,15.8,692.0,4.0,10,5.0,1,1,0.0,1.0
7479,2,0,0.0,0.0,6.0,760.0,4.0,7,7.5,1,1,0.0,1.0
7480,2,0,0.0,0.0,22.5,834.5,4.0,5,5.0,2,2,0.0,1.0
7481,3,0,0.0,0.0,7.666666666666667,1385.3333333333333,4.0,6,13.333333333333334,2,2,0.0,1.0
7482,1,0,0.0,0.0,23.0,1649.0,4.0,4,0.0,0,0,0.0,0.0
7483,3,0,0.0,0.0,14.666666666666666,368.3333333333333,4.0,10,11.666666666666666,1,1,0.0,1.0
7484,3,0,0.0,0.0,8.0,512.6666666666666,4.0,9,10.0,1,1,0.0,1.0
7485,2,0,0.0,0.0,17.0,713.5,4.0,5,20.0,1,1,0.0,1.0
7487,2,0,0.0,0.0,7.5,1473.5,4.0,3,7.5,1,1,0.0,1.0
7488,2,0,0.0,0.0,12.0,559.5,4.0,6,15.0,0,0,0.0,0.0
7490,4,0,0.0,0.0,11.25,374.75,4.0,11,20.0,3,3,0.0,1.0
7491,7,2,2648.45,378.34999999999997,14.142857142857142,975.7142857142857,4.0,13,5.0,7,5,0.2857142857142857,0.7142857142857143
7492,1,0,0.0,0.0,6.0,1145.0,4.0,1,0.0,0,0,0.0,0.0
7493,6,1,3287.17,547.8616666666667,5.666666666666667,819.1666666666666,4.0,16,9.166666666666666,3,2,0.16666666666666666,0.6666666666666666
7494,4,2,6142.879999999999,1535.7199999999998,9.0,363.5,4.25,7,2.5,3,1,0.5,0.3333333333333333
7495,5,1,1330.18,266.036,11.2,792.4,4.2,12,13.0,3,2,0.2,0.6666666666666666
7496,2,1,3574.2,1787.1,11.5,481.5,3.5,5,10.0,2,1,0.5,0.5
7498,3,0,0.0,0.0,9.333333333333334,1462.6666666666667,4.0,5,5.0,2,2,0.0,1.0
7500,4,0,0.0,0.0,12.25,815.0,4.0,9,8.75,2,2,0.0,1.0
7501,1,0,0.0,0.0,10.0,1046.0,4.0,4,0.0,1,1,0.0,1.0
7502,5,0,0.0,0.0,10.6,475.2,4.0,12,11.0,5,5,0.0,1.0
7503,4,0,0.0,0.0,14.25,937.0,4.0,5,10.0,2,2,0.0,1.0
7504,3,0,0.0,0.0,6.333333333333333,451.0,4.0,9,3.3333333333333335,2,2,0.0,1.0
7505,5,1,4091.46,818.292,10.6,623.6,4.0,12,9.0,5,4,0.2,0.8
7506,3,0,0.0,0.0,10.0,834.3333333333334,4.0,8,15.0,3,3,0.0,1.0
7507,2,1,5312.97,2656.485,10.5,1276.5,4.0,5,5.0,1,0,0.5,0.0
7508,4,3,4737.23,1184.3075,20.5,525.75,4.0,10,15.0,4,1,0.75,0.25
7509,5,1,5269.01,1053.8020000000001,15.2,1404.2,3.8,13,15.0,2,1,0.2,0.5
7510,3,1,782.25,260.75,6.0,1273.6666666666667,4.333333333333333,4,10.0,2,1,0.3333333333333333,0.5
7511,4,0,0.0,0.0,10.75,756.25,4.0,9,2.5,3,3,0.0,1.0
7512,5,3,8996.67,1799.334,4.6,1401.2,4.0,9,10.0,3,0,0.6,0.0
7513,2,1,692.0,346.0,16.0,833.5,2.5,4,2.5,1,0,0.5,0.0
7514,2,1,2801.16,1400.58,14.5,698.5,4.0,7,12.5,1,0,0.5,0.0
7515,3,1,862.74,287.58,13.333333333333334,948.3333333333334,4.0,8,13.333333333333334,3,2,0.3333333333333333,0.6666666666666666
7516,5,0,0.0,0.0,14.8,803.4,4.0,15,9.0,4,4,0.0,1.0
7517,4,3,6569.68,1642.42,17.5,533.25,4.0,11,15.0,3,0,0.75,0.0
7518,4,1,579.58,144.895,13.75,580.0,4.25,8,2.5,2,1,0.25,0.5
7519,3,1,308.12,102.70666666666666,9.333333333333334,1336.0,4.0,7,5.0,3,2,0.3333333333333333,0.6666666666666666
7520,3,0,0.0,0.0,8.666666666666666,856.6666666666666,4.0,5,6.666666666666667,2,2,0.0,1.0
7521,2,0,0.0,0.0,12.5,1272.0,4.0,7,7.5,1,1,0.0,1.0
7522,3,2,8118.65,2706.2166666666667,6.666666666666667,424.6666666666667,4.0,12,5.0,3,1,0.6666666666666666,0.3333333333333333
7523,3,0,0.0,0.0,17.0,1074.0,4.0,8,10.0,1,1,0.0,1.0
7524,2,0,0.0,0.0,9.0,660.0,4.0,6,15.0,0,0,0.0,0.0
7525,4,1,2191.66,547.915,8.75,725.0,3.75,10,10.0,2,1,0.25,0.5
7526,3,2,1943.8799999999999,647.9599999999999,18.333333333333332,1255.3333333333333,4.333333333333333,5,11.666666666666666,3,1,0.6666666666666666,0.3333333333333333
7527,2,0,0.0,0.0,20.0,623.0,4.0,5,27.5,1,1,0.0,1.0
7529,3,0,0.0,0.0,8.666666666666666,547.0,4.0,8,6.666666666666667,2,2,0.0,1.0
7530,4,0,0.0,0.0,8.5,928.5,4.0,9,7.5,1,1,0.0,1.0
7531,3,0,0.0,0.0,15.0,1237.0,4.0,5,10.0,1,1,0.0,1.0
7532,4,0,0.0,0.0,6.5,1134.5,4.0,10,5.0,2,2,0.0,1.0
7533,5,1,2519.82,503.96400000000006,15.2,622.6,3.4,9,3.0,5,4,0.2,0.8
7534,2,0,0.0,0.0,7.0,1153.5,4.0,6,25.0,0,0,0.0,0.0
7535,3,0,0.0,0.0,9.0,894.3333333333334,4.0,8,15.0,3,3,0.0,1.0
7536,3,0,0.0,0.0,7.333333333333333,1137.3333333333333,4.0,7,10.0,1,1,0.0,1.0
7537,2,1,1045.2,522.6,10.0,547.0,4.0,6,2.5,2,1,0.5,0.5
7538,2,1,2329.2,1164.6,13.5,644.0,3.0,7,0.0,1,0,0.5,0.0
7539,2,1,2625.16,1312.58,13.5,720.0,4.0,5,10.0,2,1,0.5,0.5
7540,1,0,0.0,0.0,23.0,919.0,4.0,3,10.0,0,0,0.0,0.0
7541,3,0,0.0,0.0,9.0,1009.6666666666666,4.0,7,6.666666666666667,1,1,0.0,1.0
7542,7,4,6380.799999999999,911.5428571428571,9.0,896.0,3.7142857142857144,17,11.428571428571429,5,1,0.5714285714285714,0.2
7543,5,1,780.36,156.072,18.2,1237.8,4.0,9,13.0,3,2,0.2,0.6666666666666666
7544,3,2,4950.79,1650.2633333333333,16.666666666666668,736.3333333333334,4.0,8,3.3333333333333335,3,1,0.6666666666666666,0.3333333333333333
7545,3,1,1232.38,410.79333333333335,10.333333333333334,1079.3333333333333,3.3333333333333335,6,10.0,2,1,0.3333333333333333,0.5
7547,5,0,0.0,0.0,11.2,590.0,4.0,11,5.0,2,2,0.0,1.0
7548,2,1,1145.56,572.78,13.5,1489.0,4.0,6,30.0,2,1,0.5,0.5
7549,7,3,7543.19,1077.5985714285714,16.142857142857142,807.4285714285714,4.285714285714286,21,7.142857142857143,4,1,0.42857142857142855,0.25
7550,6,1,322.1,53.68333333333334,13.666666666666666,725.8333333333334,4.166666666666667,9,9.166666666666666,1,0,0.16666666666666666,0.0
7551,1,0,0.0,0.0,11.0,1427.0,4.0,2,0.0,1,1,0.0,1.0
7553,2,2,6591.74,3295.87,4.5,1055.0,3.5,6,20.0,2,0,1.0,0.0
7554,3,0,0.0,0.0,9.666666666666666,626.6666666666666,4.0,9,6.666666666666667,2,2,0.0,1.0
7555,4,2,4962.84,1240.71,13.25,817.0,3.25,12,13.75,4,2,0.5,0.5
7556,1,1,1330.44,1330.44,19.0,1746.0,4.0,2,0.0,1,0,1.0,0.0
7557,4,0,0.0,0.0,8.75,813.75,4.0,10,12.5,1,1,0.0,1.0
7558,5,1,472.02,94.404,12.4,828.0,3.8,13,14.0,3,2,0.2,0.6666666666666666
7559,1,0,0.0,0.0,2.0,1265.0,4.0,4,0.0,1,1,0.0,1.0
7560,2,0,0.0,0.0,6.0,1024.5,4.0,4,0.0,0,0,0.0,0.0
7561,1,1,1058.06,1058.06,7.0,985.0,4.0,4,30.0,1,0,1.0,0.0
7562,4,1,3365.24,841.31,12.0,653.0,4.25,12,2.5,2,1,0.25,0.5
7563,2,0,0.0,0.0,17.5,700.5,4.0,4,12.5,2,2,0.0,1.0
7564,4,2,1842.81,460.7025,12.25,785.0,4.0,9,12.5,4,2,0.5,0.5
7565,3,0,0.0,0.0,8.666666666666666,770.3333333333334,4.0,6,5.0,0,0,0.0,0.0
7566,4,0,0.0,0.0,16.25,1368.0,4.0,12,7.5,2,2,0.0,1.0
7567,4,1,2793.26,698.315,12.75,1305.25,4.0,10,11.25,3,2,0.25,0.6666666666666666
7568,2,2,2816.3599999999997,1408.1799999999998,17.5,812.0,3.5,7,5.0,2,0,1.0,0.0
7569,2,1,79.11,39.555,14.0,1052.0,3.0,2,17.5,2,1,0.5,0.5
7570,3,0,0.0,0.0,10.333333333333334,626.3333333333334,4.0,6,3.3333333333333335,2,2,0.0,1.0
7571,5,1,228.42,45.684,10.4,1269.2,3.8,9,6.0,2,1,0.2,0.5
7572,2,1,520.47,260.235,14.0,531.0,2.5,5,20.0,2,1,0.5,0.5
7573,4,0,0.0,0.0,8.5,832.25,4.0,8,6.25,2,2,0.0,1.0
7574,4,2,12451.970000000001,3112.9925000000003,12.25,1380.5,3.25,13,15.0,3,1,0.5,0.3333333333333333
7575,1,0,0.0,0.0,7.0,1506.0,4.0,3,15.0,1,1,0.0,1.0
7576,3,1,3417.58,1139.1933333333334,14.666666666666666,914.0,4.0,9,15.0,3,2,0.3333333333333333,0.6666666666666666
7577,3,0,0.0,0.0,13.0,772.0,4.0,8,3.3333333333333335,1,1,0.0,1.0
7578,2,1,4041.07,2020.535,14.0,471.5,4.0,7,10.0,1,0,0.5,0.0
7579,3,0,0.0,0.0,10.333333333333334,1037.3333333333333,4.0,5,6.666666666666667,2,2,0.0,1.0
7580,4,1,958.78,239.695,12.5,918.25,4.25,13,7.5,3,2,0.25,0.6666666666666666
7581,3,1,1665.69,555.23,12.666666666666666,649.0,3.3333333333333335,8,13.333333333333334,1,0,0.3333333333333333,0.0
7583,3,0,0.0,0.0,15.333333333333334,710.0,4.0,7,16.666666666666668,2,2,0.0,1.0
7584,4,0,0.0,0.0,14.75,623.75,4.0,10,7.5,3,3,0.0,1.0
7585,1,0,0.0,0.0,18.0,1151.0,4.0,1,15.0,1,1,0.0,1.0
7588,3,1,1161.13,387.04333333333335,17.666666666666668,895.0,4.0,8,8.333333333333334,2,1,0.3333333333333333,0.5
7590,5,0,0.0,0.0,9.0,656.4,4.0,12,11.0,5,5,0.0,1.0
7591,3,1,637.2,212.4,13.333333333333334,1336.0,4.0,9,6.666666666666667,3,2,0.3333333333333333,0.6666666666666666
7592,2,0,0.0,0.0,8.0,772.0,4.0,3,7.5,1,1,0.0,1.0
7593,1,0,0.0,0.0,17.0,1421.0,4.0,4,10.0,0,0,0.0,0.0
7594,1,0,0.0,0.0,17.0,1680.0,4.0,3,15.0,0,0,0.0,0.0
7596,4,0,0.0,0.0,11.75,623.5,4.0,11,8.75,2,2,0.0,1.0
7597,2,0,0.0,0.0,19.5,1189.0,4.0,3,20.0,1,1,0.0,1.0
7598,1,0,0.0,0.0,12.0,171.0,4.0,4,0.0,0,0,0.0,0.0
7599,4,1,615.53,153.8825,15.5,785.0,4.25,7,11.25,2,1,0.25,0.5
7600,8,3,6181.150000000001,772.6437500000001,14.5,826.125,4.25,18,10.625,7,4,0.375,0.5714285714285714
7601,4,2,1641.98,410.495,17.0,1062.5,4.5,9,16.25,3,1,0.5,0.3333333333333333
7602,1,0,0.0,0.0,11.0,117.0,4.0,2,0.0,1,1,0.0,1.0
7603,4,2,6031.84,1507.96,8.5,686.75,4.0,10,6.25,3,1,0.5,0.3333333333333333
7604,3,2,9822.45,3274.15,6.666666666666667,1460.0,3.0,9,8.333333333333334,2,0,0.6666666666666666,0.0
7605,1,0,0.0,0.0,16.0,39.0,4.0,1,25.0,1,1,0.0,1.0
7606,4,1,687.39,171.8475,12.75,877.75,4.0,13,6.25,3,2,0.25,0.6666666666666666
7607,1,0,0.0,0.0,23.0,1289.0,4.0,2,10.0,0,0,0.0,0.0
7608,3,1,742.16,247.38666666666666,12.666666666666666,729.0,4.333333333333333,8,5.0,3,2,0.3333333333333333,0.6666666666666666
7609,4,3,9031.48,2257.87,12.0,1209.25,3.0,9,6.25,3,0,0.75,0.0
7610,1,0,0.0,0.0,13.0,967.0,4.0,2,15.0,0,0,0.0,0.0
7611,6,2,4121.42,686.9033333333333,11.833333333333334,1054.3333333333333,4.333333333333333,20,5.833333333333333,5,3,0.3333333333333333,0.6
7612,3,1,1057.77,352.59,16.0,883.6666666666666,4.333333333333333,11,16.666666666666668,2,1,0.3333333333333333,0.5
7613,5,0,0.0,0.0,8.0,706.6,4.0,11,10.0,2,2,0.0,1.0
7614,2,0,0.0,0.0,15.5,858.5,4.0,4,12.5,2,2,0.0,1.0
7615,5,1,3786.18,757.236,15.4,844.2,4.0,13,5.0,3,2,0.2,0.6666666666666666
7616,2,1,1242.19,621.095,6.0,1292.0,4.5,7,7.5,1,0,0.5,0.0
7617,2,0,0.0,0.0,14.0,749.5,4.0,6,17.5,1,1,0.0,1.0
7618,5,2,4994.63,998.926,12.2,647.2,3.8,11,9.0,4,2,0.4,0.5
7619,2,0,0.0,0.0,19.5,1283.5,4.0,4,0.0,1,1,0.0,1.0
7620,1,0,0.0,0.0,16.0,1782.0,4.0,2,0.0,1,1,0.0,1.0
7621,3,0,0.0,0.0,13.0,391.3333333333333,4.0,6,11.666666666666666,0,0,0.0,0.0
7622,4,0,0.0,0.0,12.0,797.5,4.0,11,3.75,2,2,0.0,1.0
7623,5,2,3319.14,663.828,18.6,1101.0,3.8,10,9.0,5,3,0.4,0.6
7624,1,1,1017.49,1017.49,14.0,1123.0,5.0,1,20.0,1,0,1.0,0.0
7625,2,0,0.0,0.0,10.0,821.5,4.0,4,12.5,2,2,0.0,1.0
7626,2,0,0.0,0.0,3.0,1034.0,4.0,4,20.0,1,1,0.0,1.0
7627,1,0,0.0,0.0,4.0,424.0,4.0,3,20.0,0,0,0.0,0.0
7628,2,1,2560.16,1280.08,12.5,948.5,4.0,5,5.0,2,1,0.5,0.5
7629,5,2,3148.19,629.638,9.4,855.4,4.2,11,11.0,3,1,0.4,0.3333333333333333
7630,1,0,0.0,0.0,16.0,166.0,4.0,4,0.0,1,1,0.0,1.0
7631,3,1,3397.02,1132.34,16.666666666666668,802.3333333333334,4.0,10,13.333333333333334,1,0,0.3333333333333333,0.0
7632,4,0,0.0,0.0,12.75,789.0,4.0,10,15.0,3,3,0.0,1.0
7633,3,2,3881.13,1293.71,12.333333333333334,634.3333333333334,3.6666666666666665,9,0.0,3,1,0.6666666666666666,0.3333333333333333
7634,2,1,832.37,416.185,10.5,676.0,4.0,5,12.5,1,0,0.5,0.0
7635,3,0,0.0,0.0,8.333333333333334,706.0,4.0,8,11.666666666666666,3,3,0.0,1.0
7636,4,0,0.0,0.0,14.5,1268.75,4.0,9,6.25,3,3,0.0,1.0
7637,4,1,1274.51,318.6275,16.25,615.25,3.25,9,5.0,2,1,0.25,0.5
7639,6,2,5717.47,952.9116666666667,9.666666666666666,1089.5,3.8333333333333335,16,1.6666666666666667,4,2,0.3333333333333333,0.5
7640,1,0,0.0,0.0,17.0,864.0,4.0,2,0.0,0,0,0.0,0.0
7641,2,0,0.0,0.0,9.5,1389.5,4.0,4,7.5,2,2,0.0,1.0
7642,1,0,0.0,0.0,6.0,1657.0,4.0,4,25.0,0,0,0.0,0.0
7643,2,0,0.0,0.0,16.5,908.5,4.0,4,5.0,2,2,0.0,1.0
7644,2,0,0.0,0.0,22.5,666.0,4.0,5,0.0,1,1,0.0,1.0
7645,3,0,0.0,0.0,12.333333333333334,1039.6666666666667,4.0,5,5.0,1,1,0.0,1.0
7646,4,1,4060.86,1015.215,14.0,1155.25,4.25,10,10.0,1,0,0.25,0.0
7647,1,0,0.0,0.0,13.0,1403.0,4.0,2,10.0,1,1,0.0,1.0
7648,3,0,0.0,0.0,17.333333333333332,592.0,4.0,7,11.666666666666666,1,1,0.0,1.0
7650,7,2,3484.2299999999996,497.7471428571428,13.571428571428571,836.8571428571429,3.7142857142857144,19,2.857142857142857,4,2,0.2857142857142857,0.5
7651,3,0,0.0,0.0,11.0,1024.0,4.0,6,5.0,2,2,0.0,1.0
7652,6,1,5412.63,902.105,10.333333333333334,975.3333333333334,3.8333333333333335,14,11.666666666666666,2,1,0.16666666666666666,0.5
7654,3,1,1900.16,633.3866666666667,9.333333333333334,937.0,3.6666666666666665,9,5.0,2,1,0.3333333333333333,0.5
7655,3,1,1386.23,462.07666666666665,2.3333333333333335,304.0,4.0,5,5.0,3,2,0.3333333333333333,0.6666666666666666
7656,1,0,0.0,0.0,11.0,1372.0,4.0,1,0.0,0,0,0.0,0.0
7657,7,2,2204.82,314.9742857142857,7.0,899.2857142857143,3.857142857142857,18,7.142857142857143,3,1,0.2857142857142857,0.3333333333333333
7658,10,2,5916.89,591.6890000000001,13.4,865.2,4.0,22,8.0,3,1,0.2,0.3333333333333333
7660,2,0,0.0,0.0,20.0,676.5,4.0,3,12.5,2,2,0.0,1.0
7661,1,1,2009.44,2009.44,4.0,145.0,4.0,4,0.0,1,0,1.0,0.0
7662,6,1,932.44,155.40666666666667,13.666666666666666,1142.8333333333333,4.166666666666667,16,2.5,6,5,0.16666666666666666,0.8333333333333334
7663,2,0,0.0,0.0,8.5,1371.0,4.0,4,5.0,2,2,0.0,1.0
7664,1,0,0.0,0.0,14.0,152.0,4.0,4,5.0,0,0,0.0,0.0
7665,1,0,0.0,0.0,2.0,910.0,4.0,3,25.0,1,1,0.0,1.0
7666,1,0,0.0,0.0,13.0,772.0,4.0,1,0.0,1,1,0.0,1.0
7667,1,0,0.0,0.0,24.0,1440.0,4.0,3,0.0,1,1,0.0,1.0
7668,1,0,0.0,0.0,24.0,961.0,4.0,1,15.0,0,0,0.0,0.0
7669,1,1,1699.0,1699.0,14.0,73.0,4.0,1,0.0,1,0,1.0,0.0
7670,1,0,0.0,0.0,24.0,1670.0,4.0,1,0.0,1,1,0.0,1.0
7671,3,0,0.0,0.0,9.333333333333334,785.0,4.0,6,11.666666666666666,3,3,0.0,1.0
7672,1,0,0.0,0.0,1.0,1716.0,4.0,1,0.0,1,1,0.0,1.0
7673,4,0,0.0,0.0,18.25,1290.5,4.0,11,6.25,2,2,0.0,1.0
7674,3,0,0.0,0.0,15.666666666666666,987.3333333333334,4.0,5,10.0,2,2,0.0,1.0
7675,3,0,0.0,0.0,11.333333333333334,328.6666666666667,4.0,10,13.333333333333334,3,3,0.0,1.0
7676,3,1,1237.41,412.47,8.666666666666666,1107.6666666666667,3.3333333333333335,8,6.666666666666667,2,1,0.3333333333333333,0.5
7677,1,0,0.0,0.0,12.0,379.0,4.0,1,20.0,1,1,0.0,1.0
7678,2,2,2588.72,1294.36,10.5,1641.0,3.0,4,12.5,2,0,1.0,0.0
7679,1,0,0.0,0.0,2.0,1349.0,4.0,1,0.0,1,1,0.0,1.0
7680,3,1,3438.16,1146.0533333333333,15.333333333333334,1194.3333333333333,4.0,6,5.0,3,2,0.3333333333333333,0.6666666666666666
7681,2,0,0.0,0.0,16.0,1376.5,4.0,6,10.0,0,0,0.0,0.0
7682,5,2,3235.21,647.042,11.0,843.4,3.8,14,15.0,4,2,0.4,0.5
7683,1,0,0.0,0.0,4.0,1696.0,4.0,2,15.0,1,1,0.0,1.0
7684,2,0,0.0,0.0,19.5,1393.0,4.0,4,7.5,2,2,0.0,1.0
7685,6,1,1211.11,201.85166666666666,10.5,639.8333333333334,4.166666666666667,18,5.0,5,4,0.16666666666666666,0.8
7686,1,0,0.0,0.0,16.0,192.0,4.0,1,10.0,0,0,0.0,0.0
7687,4,1,2343.88,585.97,6.25,514.75,4.25,7,6.25,4,3,0.25,0.75
7688,2,0,0.0,0.0,16.0,789.5,4.0,3,20.0,2,2,0.0,1.0
7689,2,1,1063.08,531.54,7.0,1617.0,4.5,8,5.0,2,1,0.5,0.5
7690,2,0,0.0,0.0,21.0,1247.5,4.0,5,10.0,0,0,0.0,0.0
7691,2,0,0.0,0.0,11.0,726.0,4.0,7,12.5,1,1,0.0,1.0
7692,2,0,0.0,0.0,7.0,1034.5,4.0,5,10.0,1,1,0.0,1.0
7693,3,0,0.0,0.0,12.333333333333334,1166.6666666666667,4.0,5,8.333333333333334,2,2,0.0,1.0
7694,3,0,0.0,0.0,4.0,328.3333333333333,4.0,8,8.333333333333334,2,2,0.0,1.0
7695,1,1,2888.34,2888.34,4.0,1003.0,5.0,4,5.0,1,0,1.0,0.0
7696,4,2,3199.42,799.855,9.5,1273.5,3.75,10,7.5,4,2,0.5,0.5
7697,2,1,4039.74,2019.87,18.5,607.5,3.0,5,2.5,2,1,0.5,0.5
7698,6,0,0.0,0.0,10.5,1089.5,4.0,17,4.166666666666667,5,5,0.0,1.0
7699,3,1,1435.14,478.38000000000005,12.333333333333334,1017.3333333333334,3.0,7,10.0,3,2,0.3333333333333333,0.6666666666666666
7700,4,0,0.0,0.0,13.25,723.25,4.0,5,3.75,2,2,0.0,1.0
7701,4,3,6087.040000000001,1521.7600000000002,5.75,791.25,4.25,11,6.25,3,0,0.75,0.0
7702,3,0,0.0,0.0,7.666666666666667,1139.0,4.0,7,13.333333333333334,0,0,0.0,0.0
7703,3,0,0.0,0.0,11.333333333333334,906.0,4.0,6,3.3333333333333335,1,1,0.0,1.0
7704,1,0,0.0,0.0,21.0,1541.0,4.0,2,10.0,0,0,0.0,0.0
7705,2,1,854.89,427.445,8.0,1676.0,4.0,5,7.5,1,0,0.5,0.0
7706,3,1,481.13,160.37666666666667,10.666666666666666,945.6666666666666,4.0,6,10.0,3,2,0.3333333333333333,0.6666666666666666
7707,1,0,0.0,0.0,3.0,1206.0,4.0,3,20.0,1,1,0.0,1.0
7708,3,0,0.0,0.0,10.333333333333334,597.3333333333334,4.0,9,8.333333333333334,3,3,0.0,1.0
7709,4,0,0.0,0.0,18.5,724.75,4.0,4,7.5,3,3,0.0,1.0
7710,5,1,1412.22,282.444,9.4,898.6,3.8,7,11.0,3,2,0.2,0.6666666666666666
7711,4,2,3607.44,901.86,8.5,1304.5,3.75,9,11.25,3,1,0.5,0.3333333333333333
7712,5,1,1781.16,356.232,11.0,654.4,3.4,14,13.0,4,3,0.2,0.75
7713,3,0,0.0,0.0,10.0,552.6666666666666,4.0,6,3.3333333333333335,1,1,0.0,1.0
7714,6,2,7014.92,1169.1533333333334,13.0,764.1666666666666,3.8333333333333335,16,6.666666666666667,4,2,0.3333333333333333,0.5
7715,6,2,3705.77,617.6283333333333,11.333333333333334,1085.3333333333333,4.166666666666667,18,11.666666666666666,5,3,0.3333333333333333,0.6
7716,3,0,0.0,0.0,12.333333333333334,660.0,4.0,7,1.6666666666666667,0,0,0.0,0.0
7718,2,0,0.0,0.0,14.0,819.5,4.0,3,0.0,1,1,0.0,1.0
7719,8,3,2515.23,314.40375,10.625,633.125,3.875,17,5.0,6,3,0.375,0.5
7720,2,0,0.0,0.0,16.5,1299.5,4.0,6,5.0,0,0,0.0,0.0
7722,4,0,0.0,0.0,13.0,808.25,4.0,13,12.5,2,2,0.0,1.0
7723,2,0,0.0,0.0,12.0,996.5,4.0,5,20.0,0,0,0.0,0.0
7724,5,2,1876.5400000000002,375.30800000000005,12.4,857.4,4.4,13,8.0,4,2,0.4,0.5
7725,1,1,4667.68,4667.68,10.0,205.0,5.0,4,0.0,1,0,1.0,0.0
7726,2,1,4252.35,2126.175,11.5,959.5,3.5,4,15.0,2,1,0.5,0.5
7727,4,1,277.07,69.2675,15.25,1209.5,4.25,11,12.5,2,1,0.25,0.5
7728,3,0,0.0,0.0,14.0,1637.0,4.0,6,0.0,1,1,0.0,1.0
7729,2,1,936.15,468.075,14.5,973.0,2.5,3,12.5,1,0,0.5,0.0
7730,1,0,0.0,0.0,13.0,261.0,4.0,2,30.0,0,0,0.0,0.0
7731,4,1,3664.64,916.16,16.75,450.75,3.75,11,8.75,3,2,0.25,0.6666666666666666
7732,2,0,0.0,0.0,14.5,1550.0,4.0,7,7.5,2,2,0.0,1.0
7733,4,0,0.0,0.0,15.25,974.0,4.0,6,20.0,2,2,0.0,1.0
7734,1,1,4079.31,4079.31,12.0,539.0,4.0,3,0.0,1,0,1.0,0.0
7735,3,0,0.0,0.0,14.333333333333334,1094.6666666666667,4.0,5,10.0,1,1,0.0,1.0
7736,4,2,3416.85,854.2125,15.75,1300.5,3.25,11,7.5,4,2,0.5,0.5
7737,4,1,347.17,86.7925,17.25,568.75,3.75,8,6.25,3,2,0.25,0.6666666666666666
7738,5,0,0.0,0.0,13.0,859.2,4.0,15,8.0,5,5,0.0,1.0
7739,2,0,0.0,0.0,20.0,913.5,4.0,7,5.0,1,1,0.0,1.0
7740,2,1,3216.07,1608.035,13.5,881.5,3.5,6,2.5,2,1,0.5,0.5
7741,3,2,4098.42,1366.14,17.333333333333332,402.6666666666667,2.3333333333333335,7,5.0,2,0,0.6666666666666666,0.0
7742,2,0,0.0,0.0,17.0,1423.5,4.0,2,12.5,1,1,0.0,1.0
7743,2,0,0.0,0.0,2.5,1150.5,4.0,3,10.0,1,1,0.0,1.0
7744,5,4,11728.23,2345.6459999999997,14.2,1026.0,3.6,14,6.0,5,1,0.8,0.2
7745,5,0,0.0,0.0,11.0,1012.4,4.0,13,16.0,2,2,0.0,1.0
7746,4,0,0.0,0.0,13.5,1317.5,4.0,8,5.0,2,2,0.0,1.0
7747,1,0,0.0,0.0,14.0,590.0,4.0,2,15.0,1,1,0.0,1.0
7748,1,0,0.0,0.0,6.0,1544.0,4.0,1,10.0,1,1,0.0,1.0
7749,4,0,0.0,0.0,13.0,959.75,4.0,9,3.75,4,4,0.0,1.0
7750,4,0,0.0,0.0,13.25,1437.5,4.0,11,11.25,2,2,0.0,1.0
7751,3,1,4220.6,1406.8666666666668,15.0,1516.6666666666667,4.0,12,5.0,3,2,0.3333333333333333,0.6666666666666666
7752,2,0,0.0,0.0,12.0,1606.5,4.0,5,0.0,2,2,0.0,1.0
7753,1,1,242.85,242.85,15.0,674.0,5.0,3,0.0,1,0,1.0,0.0
7754,1,0,0.0,0.0,16.0,993.0,4.0,4,0.0,1,1,0.0,1.0
7755,5,2,899.0699999999999,179.814,13.0,417.8,3.8,10,2.0,3,1,0.4,0.3333333333333333
7756,6,1,381.48,63.580000000000005,10.333333333333334,781.5,4.0,10,4.166666666666667,3,2,0.16666666666666666,0.6666666666666666
7757,3,0,0.0,0.0,10.666666666666666,710.3333333333334,4.0,10,6.666666666666667,2,2,0.0,1.0
7758,2,0,0.0,0.0,14.0,1674.5,4.0,4,5.0,0,0,0.0,0.0
7759,3,2,9361.09,3120.3633333333332,10.666666666666666,753.0,4.0,10,3.3333333333333335,2,0,0.6666666666666666,0.0
7760,4,0,0.0,0.0,14.25,765.25,4.0,8,1.25,2,2,0.0,1.0
7761,6,1,2510.24,418.3733333333333,13.333333333333334,1319.1666666666667,4.0,15,9.166666666666666,2,1,0.16666666666666666,0.5
7762,4,1,3646.88,911.72,10.5,465.75,3.75,10,10.0,3,2,0.25,0.6666666666666666
7763,3,0,0.0,0.0,20.333333333333332,172.33333333333334,4.0,9,0.0,2,2,0.0,1.0
7764,2,0,0.0,0.0,12.5,752.5,4.0,3,25.0,0,0,0.0,0.0
7765,2,1,2573.94,1286.97,16.0,671.0,4.5,4,12.5,2,1,0.5,0.5
7766,4,1,6717.64,1679.41,17.0,732.5,3.75,11,5.0,3,2,0.25,0.6666666666666666
7767,1,1,1987.18,1987.18,19.0,1785.0,3.0,2,0.0,1,0,1.0,0.0
7768,3,1,2382.05,794.0166666666668,9.0,1514.3333333333333,3.0,8,8.333333333333334,1,0,0.3333333333333333,0.0
7769,2,0,0.0,0.0,3.0,741.0,4.0,4,10.0,1,1,0.0,1.0
7770,2,0,0.0,0.0,5.5,1119.5,4.0,7,7.5,1,1,0.0,1.0
7771,4,0,0.0,0.0,15.75,577.0,4.0,13,8.75,2,2,0.0,1.0
7772,2,1,190.58,95.29,11.0,440.5,4.0,4,2.5,1,0,0.5,0.0
7773,2,1,1278.8,639.4,7.5,992.0,3.5,6,15.0,1,0,0.5,0.0
7774,1,1,256.13,256.13,24.0,544.0,4.0,1,0.0,1,0,1.0,0.0
7775,3,0,0.0,0.0,14.333333333333334,674.0,4.0,9,16.666666666666668,0,0,0.0,0.0
7776,5,2,2097.81,419.562,13.0,619.4,4.2,9,11.0,3,1,0.4,0.3333333333333333
7777,8,2,1812.9,226.6125,15.125,915.875,3.625,18,8.75,8,6,0.25,0.75
7778,1,1,2742.1,2742.1,6.0,921.0,2.0,2,0.0,1,0,1.0,0.0
7779,4,0,0.0,0.0,6.0,931.5,4.0,11,18.75,1,1,0.0,1.0
7780,3,0,0.0,0.0,15.0,974.0,4.0,6,6.666666666666667,3,3,0.0,1.0
7781,2,1,3366.72,1683.36,14.0,483.0,4.5,6,5.0,1,0,0.5,0.0
7782,2,0,0.0,0.0,15.5,980.0,4.0,4,5.0,2,2,0.0,1.0
7783,2,0,0.0,0.0,13.0,754.0,4.0,3,10.0,1,1,0.0,1.0
7784,1,0,0.0,0.0,16.0,1113.0,4.0,2,10.0,1,1,0.0,1.0
7786,2,0,0.0,0.0,17.0,964.0,4.0,8,5.0,1,1,0.0,1.0
7787,3,3,5321.52,1773.8400000000001,9.666666666666666,1160.0,2.3333333333333335,6,8.333333333333334,3,0,1.0,0.0
7788,2,0,0.0,0.0,17.5,562.5,4.0,3,7.5,2,2,0.0,1.0
7789,3,1,3516.52,1172.1733333333334,13.333333333333334,1229.6666666666667,4.0,9,10.0,2,1,0.3333333333333333,0.5
7790,5,1,1823.39,364.678,8.0,685.2,4.2,14,8.0,3,2,0.2,0.6666666666666666
7791,1,0,0.0,0.0,7.0,1513.0,4.0,3,20.0,0,0,0.0,0.0
7792,2,0,0.0,0.0,13.5,756.5,4.0,6,5.0,1,1,0.0,1.0
7793,1,0,0.0,0.0,9.0,1124.0,4.0,2,15.0,1,1,0.0,1.0
7794,4,0,0.0,0.0,12.75,1063.75,4.0,8,13.75,1,1,0.0,1.0
7795,2,1,754.06,377.03,17.0,914.0,4.0,3,2.5,1,0,0.5,0.0
7796,3,1,2433.42,811.14,12.333333333333334,1065.6666666666667,4.333333333333333,9,3.3333333333333335,2,1,0.3333333333333333,0.5
7797,3,1,3118.0,1039.3333333333333,11.0,1237.6666666666667,3.6666666666666665,9,5.0,2,1,0.3333333333333333,0.5
7799,2,1,4404.24,2202.12,17.0,521.5,3.5,8,10.0,2,1,0.5,0.5
7800,3,1,2582.55,860.85,11.666666666666666,690.6666666666666,4.333333333333333,8,1.6666666666666667,2,1,0.3333333333333333,0.5
7801,2,1,3719.24,1859.62,17.5,657.5,3.5,6,5.0,2,1,0.5,0.5
7802,3,1,102.31,34.10333333333333,9.333333333333334,849.0,4.333333333333333,7,16.666666666666668,2,1,0.3333333333333333,0.5
7803,2,0,0.0,0.0,2.5,847.0,4.0,3,12.5,2,2,0.0,1.0
7804,3,1,3025.68,1008.56,10.333333333333334,1426.0,4.333333333333333,6,6.666666666666667,1,0,0.3333333333333333,0.0
7805,6,1,4663.52,777.2533333333334,10.5,845.5,4.0,11,7.5,5,4,0.16666666666666666,0.8
7806,2,0,0.0,0.0,22.0,115.0,4.0,7,0.0,0,0,0.0,0.0
7807,8,3,2204.38,275.5475,10.125,750.0,3.75,12,8.125,4,1,0.375,0.25
7808,2,0,0.0,0.0,21.5,1256.0,4.0,4,17.5,1,1,0.0,1.0
7809,4,0,0.0,0.0,16.25,1127.0,4.0,7,6.25,3,3,0.0,1.0
7810,3,0,0.0,0.0,6.333333333333333,1519.0,4.0,10,0.0,0,0,0.0,0.0
7811,11,2,2831.05,257.3681818181818,14.181818181818182,881.8181818181819,4.090909090909091,32,14.090909090909092,9,7,0.18181818181818182,0.7777777777777778
7812,3,1,1076.07,358.69,7.0,1349.6666666666667,4.333333333333333,8,5.0,2,1,0.3333333333333333,0.5
7813,2,0,0.0,0.0,9.5,908.0,4.0,2,0.0,1,1,0.0,1.0
7815,3,0,0.0,0.0,9.666666666666666,907.3333333333334,4.0,7,8.333333333333334,1,1,0.0,1.0
7816,2,0,0.0,0.0,11.5,328.5,4.0,6,10.0,2,2,0.0,1.0
7817,2,1,598.42,299.21,6.5,1212.0,4.5,4,7.5,2,1,0.5,0.5
7818,3,0,0.0,0.0,11.0,1340.3333333333333,4.0,9,18.333333333333332,1,1,0.0,1.0
7819,2,1,433.68,216.84,8.5,996.0,4.0,4,5.0,1,0,0.5,0.0
7820,2,0,0.0,0.0,15.0,1156.5,4.0,4,5.0,2,2,0.0,1.0
7821,3,0,0.0,0.0,12.333333333333334,455.3333333333333,4.0,7,11.666666666666666,3,3,0.0,1.0
7822,4,0,0.0,0.0,10.25,773.5,4.0,11,7.5,3,3,0.0,1.0
7823,5,2,1525.49,305.098,10.6,932.2,4.4,14,18.0,4,2,0.4,0.5
7824,3,0,0.0,0.0,14.666666666666666,527.0,4.0,9,5.0,1,1,0.0,1.0
7825,3,0,0.0,0.0,12.0,1410.0,4.0,8,5.0,0,0,0.0,0.0
7826,4,0,0.0,0.0,11.0,1475.0,4.0,10,15.0,2,2,0.0,1.0
7827,2,1,511.66,255.83,8.0,1286.0,4.0,4,22.5,2,1,0.5,0.5
7829,2,0,0.0,0.0,8.5,721.5,4.0,7,7.5,1,1,0.0,1.0
7830,2,1,1536.27,768.135,12.5,1010.0,2.5,4,10.0,1,0,0.5,0.0
7831,1,1,7463.4,7463.4,8.0,695.0,5.0,4,0.0,1,0,1.0,0.0
7832,2,1,608.66,304.33,13.0,711.0,4.0,2,17.5,2,1,0.5,0.5
7833,4,1,5630.64,1407.66,11.25,906.5,4.0,8,7.5,3,2,0.25,0.6666666666666666
7834,3,2,4587.71,1529.2366666666667,11.666666666666666,1348.0,3.3333333333333335,8,6.666666666666667,3,1,0.6666666666666666,0.3333333333333333
7836,6,2,1008.52,168.08666666666667,13.5,1003.8333333333334,3.8333333333333335,12,7.5,5,3,0.3333333333333333,0.6
7838,5,0,0.0,0.0,12.6,575.2,4.0,13,7.0,4,4,0.0,1.0
7839,5,3,7898.07,1579.614,13.8,757.0,3.8,13,7.0,5,2,0.6,0.4
7841,5,1,1789.42,357.884,15.0,741.4,3.6,14,8.0,3,2,0.2,0.6666666666666666
7842,5,2,2210.49,442.09799999999996,15.2,534.0,3.8,13,10.0,4,2,0.4,0.5
7843,2,1,210.0,105.0,11.0,1318.0,3.5,3,7.5,1,0,0.5,0.0
7844,3,0,0.0,0.0,15.333333333333334,485.3333333333333,4.0,8,15.0,2,2,0.0,1.0
7845,3,0,0.0,0.0,16.0,1479.6666666666667,4.0,8,6.666666666666667,2,2,0.0,1.0
7846,3,1,678.63,226.21,18.666666666666668,423.6666666666667,3.6666666666666665,9,0.0,3,2,0.3333333333333333,0.6666666666666666
7847,2,1,1277.49,638.745,13.5,1216.0,3.5,7,0.0,1,0,0.5,0.0
7848,2,0,0.0,0.0,20.5,628.5,4.0,4,2.5,1,1,0.0,1.0
7849,2,0,0.0,0.0,7.5,1425.5,4.0,2,5.0,0,0,0.0,0.0
7850,2,2,6450.37,3225.185,10.0,797.0,4.0,7,5.0,2,0,1.0,0.0
7851,1,0,0.0,0.0,5.0,1564.0,4.0,4,20.0,0,0,0.0,0.0
7852,4,2,2348.2799999999997,587.0699999999999,15.25,649.5,4.0,12,5.0,4,2,0.5,0.5
7853,1,1,1625.18,1625.18,1.0,1447.0,3.0,2,0.0,1,0,1.0,0.0
7855,3,0,0.0,0.0,18.0,1349.0,4.0,9,5.0,2,2,0.0,1.0
7856,3,1,531.08,177.02666666666667,8.0,1016.3333333333334,4.0,5,18.333333333333332,2,1,0.3333333333333333,0.5
7857,3,1,1434.34,478.1133333333333,14.666666666666666,1014.6666666666666,4.0,7,6.666666666666667,3,2,0.3333333333333333,0.6666666666666666
7858,3,1,642.33,214.11,12.0,650.6666666666666,4.333333333333333,5,5.0,1,0,0.3333333333333333,0.0
7859,3,2,1731.69,577.23,16.666666666666668,973.6666666666666,4.0,5,15.0,3,1,0.6666666666666666,0.3333333333333333
7860,3,0,0.0,0.0,16.666666666666668,1190.0,4.0,7,11.666666666666666,0,0,0.0,0.0
7861,2,0,0.0,0.0,17.5,1364.5,4.0,3,10.0,0,0,0.0,0.0
7862,3,1,2408.32,802.7733333333334,12.666666666666666,998.0,4.333333333333333,8,0.0,1,0,0.3333333333333333,0.0
7863,4,0,0.0,0.0,13.75,1421.25,4.0,9,8.75,2,2,0.0,1.0
7864,3,0,0.0,0.0,8.666666666666666,634.6666666666666,4.0,4,15.0,3,3,0.0,1.0
7865,2,1,1860.9,930.45,16.0,601.0,4.0,8,17.5,2,1,0.5,0.5
7866,7,0,0.0,0.0,8.714285714285714,1087.4285714285713,4.0,15,12.857142857142858,5,5,0.0,1.0
7867,8,3,7183.530000000001,897.9412500000001,9.125,795.75,4.25,20,15.625,6,3,0.375,0.5
7868,3,1,1576.94,525.6466666666666,7.333333333333333,728.0,3.6666666666666665,8,5.0,2,1,0.3333333333333333,0.5
7869,5,1,3178.95,635.79,8.2,1112.8,4.0,10,8.0,2,1,0.2,0.5
7870,3,1,2994.15,998.0500000000001,8.0,1108.6666666666667,4.333333333333333,11,3.3333333333333335,3,2,0.3333333333333333,0.6666666666666666
7871,3,1,567.78,189.26,18.0,998.3333333333334,4.333333333333333,6,8.333333333333334,3,2,0.3333333333333333,0.6666666666666666
7872,2,0,0.0,0.0,4.0,267.5,4.0,5,5.0,2,2,0.0,1.0
7873,5,0,0.0,0.0,11.8,1279.0,4.0,12,7.0,2,2,0.0,1.0
7874,4,2,6848.200000000001,1712.0500000000002,11.75,1186.75,3.75,10,16.25,4,2,0.5,0.5
7875,4,1,754.02,188.505,15.5,987.75,4.25,10,1.25,1,0,0.25,0.0
7876,1,0,0.0,0.0,7.0,1433.0,4.0,4,5.0,1,1,0.0,1.0
7877,5,1,1653.03,330.606,10.2,890.4,4.2,12,7.0,4,3,0.2,0.75
7878,1,1,4759.17,4759.17,5.0,86.0,5.0,3,0.0,1,0,1.0,0.0
7879,1,0,0.0,0.0,18.0,1429.0,4.0,2,0.0,0,0,0.0,0.0
7881,4,2,4655.64,1163.91,11.25,1246.25,3.5,9,10.0,4,2,0.5,0.5
7882,7,3,10689.26,1527.037142857143,14.428571428571429,678.1428571428571,3.5714285714285716,19,5.0,4,1,0.42857142857142855,0.25
7883,1,0,0.0,0.0,9.0,1255.0,4.0,2,5.0,0,0,0.0,0.0
7884,5,0,0.0,0.0,10.6,717.2,4.0,13,4.0,1,1,0.0,1.0
7885,2,0,0.0,0.0,11.5,875.5,4.0,5,0.0,0,0,0.0,0.0
7887,5,1,438.16,87.632,15.2,647.2,3.8,11,1.0,3,2,0.2,0.6666666666666666
7888,2,0,0.0,0.0,13.0,635.0,4.0,5,17.5,2,2,0.0,1.0
7889,2,0,0.0,0.0,8.0,1265.5,4.0,3,15.0,0,0,0.0,0.0
7890,2,0,0.0,0.0,16.0,1185.5,4.0,5,15.0,1,1,0.0,1.0
7891,4,1,939.78,234.945,8.75,856.75,3.5,8,13.75,3,2,0.25,0.6666666666666666
7892,4,2,2973.26,743.315,13.25,862.75,4.25,10,11.25,2,0,0.5,0.0
7893,2,0,0.0,0.0,11.5,1214.5,4.0,5,20.0,1,1,0.0,1.0
7894,2,0,0.0,0.0,19.5,1279.0,4.0,3,22.5,1,1,0.0,1.0
7895,4,1,1635.1,408.775,14.0,522.75,4.25,8,10.0,4,3,0.25,0.75
7896,1,0,0.0,0.0,23.0,1551.0,4.0,4,30.0,1,1,0.0,1.0
7897,2,1,1077.54,538.77,13.0,877.5,4.0,6,12.5,2,1,0.5,0.5
7898,2,0,0.0,0.0,17.5,248.0,4.0,6,7.5,0,0,0.0,0.0
7899,2,1,5196.12,2598.06,6.0,303.5,4.0,5,2.5,1,0,0.5,0.0
7900,5,1,3077.31,615.462,4.8,739.2,4.2,8,11.0,4,3,0.2,0.75
7901,3,0,0.0,0.0,13.666666666666666,859.3333333333334,4.0,7,0.0,2,2,0.0,1.0
7902,2,0,0.0,0.0,19.0,729.5,4.0,7,7.5,2,2,0.0,1.0
7903,2,0,0.0,0.0,18.0,314.5,4.0,5,25.0,1,1,0.0,1.0
7905,2,1,1510.92,755.46,11.5,1098.5,3.5,8,5.0,2,1,0.5,0.5
7906,3,0,0.0,0.0,12.666666666666666,970.3333333333334,4.0,9,15.0,2,2,0.0,1.0
7907,3,0,0.0,0.0,19.0,1277.6666666666667,4.0,8,11.666666666666666,2,2,0.0,1.0
7908,4,0,0.0,0.0,11.5,907.5,4.0,10,1.25,3,3,0.0,1.0
7909,6,2,8588.0,1431.3333333333333,11.166666666666666,314.8333333333333,4.0,14,0.8333333333333334,3,1,0.3333333333333333,0.3333333333333333
7910,3,0,0.0,0.0,8.333333333333334,1051.6666666666667,4.0,8,16.666666666666668,2,2,0.0,1.0
7911,1,0,0.0,0.0,6.0,1077.0,4.0,4,15.0,0,0,0.0,0.0
7913,1,0,0.0,0.0,7.0,72.0,4.0,1,0.0,0,0,0.0,0.0
7914,2,0,0.0,0.0,12.5,807.5,4.0,6,5.0,1,1,0.0,1.0
7915,2,1,970.56,485.28,10.5,534.0,3.5,5,10.0,1,0,0.5,0.0
7916,1,0,0.0,0.0,13.0,1618.0,4.0,3,15.0,1,1,0.0,1.0
7917,4,2,2538.21,634.5525,13.5,1177.75,3.75,6,0.0,2,0,0.5,0.0
7918,5,0,0.0,0.0,13.4,1170.0,4.0,9,5.0,1,1,0.0,1.0
7919,3,1,2318.88,772.96,18.666666666666668,901.6666666666666,4.333333333333333,8,6.666666666666667,1,0,0.3333333333333333,0.0
7920,2,1,1129.34,564.67,9.5,1034.0,4.5,4,5.0,1,0,0.5,0.0
7921,2,0,0.0,0.0,16.0,1208.5,4.0,6,2.5,0,0,0.0,0.0
7922,5,2,2403.31,480.662,10.8,1056.2,3.8,14,11.0,4,2,0.4,0.5
7923,6,3,6941.27,1156.8783333333333,12.666666666666666,907.6666666666666,3.6666666666666665,18,17.5,5,2,0.5,0.4
7924,1,0,0.0,0.0,13.0,1285.0,4.0,2,10.0,1,1,0.0,1.0
7926,5,0,0.0,0.0,11.8,1020.4,4.0,12,1.0,1,1,0.0,1.0
7927,4,3,4852.77,1213.1925,15.75,1079.0,4.25,12,10.0,3,0,0.75,0.0
7928,1,1,3433.2,3433.2,22.0,1670.0,5.0,3,0.0,1,0,1.0,0.0
7929,2,1,1554.11,777.055,19.5,181.5,4.0,3,15.0,2,1,0.5,0.5
7930,6,1,183.63,30.605,15.833333333333334,1150.5,4.166666666666667,8,8.333333333333334,3,2,0.16666666666666666,0.6666666666666666
7931,2,1,2528.24,1264.12,2.0,588.5,4.5,6,0.0,1,0,0.5,0.0
7932,1,0,0.0,0.0,24.0,1665.0,4.0,2,10.0,1,1,0.0,1.0
7933,2,0,0.0,0.0,9.5,93.5,4.0,6,0.0,2,2,0.0,1.0
7934,7,1,1042.21,148.88714285714286,11.142857142857142,872.1428571428571,4.142857142857143,16,10.0,2,1,0.14285714285714285,0.5
7935,1,0,0.0,0.0,17.0,819.0,4.0,3,0.0,1,1,0.0,1.0
7936,6,1,732.52,122.08666666666666,7.5,988.1666666666666,4.0,14,15.833333333333334,6,5,0.16666666666666666,0.8333333333333334
7937,4,0,0.0,0.0,10.75,1086.25,4.0,5,10.0,1,1,0.0,1.0
7938,2,1,2135.09,1067.545,1.5,1700.0,4.0,6,15.0,2,1,0.5,0.5
7939,1,0,0.0,0.0,7.0,1473.0,4.0,1,10.0,1,1,0.0,1.0
7940,4,1,3299.52,824.88,10.5,987.0,4.0,6,10.0,3,2,0.25,0.6666666666666666
7941,3,0,0.0,0.0,12.666666666666666,950.6666666666666,4.0,7,13.333333333333334,1,1,0.0,1.0
7942,1,0,0.0,0.0,6.0,1324.0,4.0,3,0.0,1,1,0.0,1.0
7943,5,3,4124.2,824.8399999999999,16.6,1347.4,4.4,14,8.0,5,2,0.6,0.4
7944,1,0,0.0,0.0,16.0,1287.0,4.0,3,0.0,0,0,0.0,0.0
7945,2,1,680.4,340.2,12.0,620.0,3.5,4,10.0,1,0,0.5,0.0
7946,4,3,2729.7799999999997,682.4449999999999,8.25,815.5,4.0,7,12.5,3,0,0.75,0.0
7947,6,2,6286.3099999999995,1047.7183333333332,9.0,751.1666666666666,4.333333333333333,17,10.833333333333334,4,2,0.3333333333333333,0.5
7948,4,0,0.0,0.0,10.25,496.0,4.0,10,3.75,2,2,0.0,1.0
7949,4,2,4683.13,1170.7825,18.75,451.25,4.0,9,2.5,3,1,0.5,0.3333333333333333
7950,2,1,4472.26,2236.13,15.5,670.0,4.0,8,22.5,2,1,0.5,0.5
7951,1,0,0.0,0.0,10.0,1413.0,4.0,2,0.0,1,1,0.0,1.0
7952,2,0,0.0,0.0,10.5,1170.5,4.0,5,12.5,1,1,0.0,1.0
7953,2,1,4467.16,2233.58,11.5,850.0,3.5,6,12.5,1,0,0.5,0.0
7954,5,1,1396.65,279.33000000000004,14.8,773.2,4.2,9,6.0,3,2,0.2,0.6666666666666666
7955,5,0,0.0,0.0,13.2,850.2,4.0,10,10.0,3,3,0.0,1.0
7956,5,0,0.0,0.0,13.8,1009.0,4.0,11,7.0,2,2,0.0,1.0
7957,1,0,0.0,0.0,9.0,1132.0,4.0,1,0.0,0,0,0.0,0.0
7958,4,1,2295.92,573.98,9.5,924.25,4.0,10,17.5,2,1,0.25,0.5
7959,5,1,481.52,96.304,12.8,1126.8,4.2,9,8.0,4,3,0.2,0.75
7960,1,0,0.0,0.0,14.0,682.0,4.0,1,15.0,1,1,0.0,1.0
7961,6,4,7820.57,1303.4283333333333,14.333333333333334,863.8333333333334,3.5,17,5.833333333333333,5,1,0.6666666666666666,0.2
7962,4,1,866.79,216.6975,12.25,938.75,4.0,10,10.0,1,0,0.25,0.0
7963,5,2,9165.64,1833.128,16.0,713.4,3.4,17,8.0,4,2,0.4,0.5
7964,3,2,1906.0500000000002,635.35,14.666666666666666,1066.6666666666667,4.333333333333333,8,6.666666666666667,2,0,0.6666666666666666,0.0
7965,3,0,0.0,0.0,12.333333333333334,1139.3333333333333,4.0,8,3.3333333333333335,0,0,0.0,0.0
7967,4,1,2239.58,559.895,19.0,755.25,4.0,10,13.75,2,1,0.25,0.5
7968,4,1,1829.14,457.285,12.75,757.25,4.0,11,11.25,4,3,0.25,0.75
7969,3,1,2308.38,769.46,8.333333333333334,624.3333333333334,4.0,10,13.333333333333334,2,1,0.3333333333333333,0.5
7970,3,2,8419.46,2806.486666666666,11.333333333333334,912.0,4.0,9,8.333333333333334,3,1,0.6666666666666666,0.3333333333333333
7971,3,0,0.0,0.0,14.0,670.0,4.0,7,6.666666666666667,3,3,0.0,1.0
7972,1,0,0.0,0.0,12.0,926.0,4.0,1,5.0,1,1,0.0,1.0
7973,1,0,0.0,0.0,12.0,1065.0,4.0,4,25.0,0,0,0.0,0.0
7974,4,0,0.0,0.0,16.25,497.5,4.0,10,16.25,1,1,0.0,1.0
7975,2,0,0.0,0.0,21.0,871.5,4.0,5,10.0,2,2,0.0,1.0
7976,2,1,3931.05,1965.525,16.5,955.0,3.5,6,7.5,2,1,0.5,0.5
7977,1,1,294.93,294.93,4.0,118.0,5.0,1,0.0,1,0,1.0,0.0
7978,3,0,0.0,0.0,8.333333333333334,930.3333333333334,4.0,8,6.666666666666667,0,0,0.0,0.0
7979,4,1,1203.17,300.7925,16.25,877.25,4.0,11,11.25,3,2,0.25,0.6666666666666666
7980,2,1,3475.52,1737.76,12.5,541.5,3.0,4,5.0,2,1,0.5,0.5
7981,4,2,1536.51,384.1275,16.25,657.75,4.25,12,5.0,3,1,0.5,0.3333333333333333
7983,1,1,1115.12,1115.12,15.0,767.0,4.0,2,25.0,1,0,1.0,0.0
7984,2,1,746.06,373.03,22.5,859.0,3.0,4,15.0,1,0,0.5,0.0
7986,7,3,9308.619999999999,1329.802857142857,12.285714285714286,962.2857142857143,4.142857142857143,15,3.5714285714285716,6,3,0.42857142857142855,0.5
7987,1,0,0.0,0.0,5.0,1370.0,4.0,4,30.0,1,1,0.0,1.0
7988,2,0,0.0,0.0,11.5,360.0,4.0,3,12.5,1,1,0.0,1.0
7989,6,0,0.0,0.0,11.5,1005.6666666666666,4.0,18,10.0,2,2,0.0,1.0
7990,1,0,0.0,0.0,6.0,589.0,4.0,4,0.0,1,1,0.0,1.0
7991,5,1,768.33,153.666,9.4,582.8,3.4,13,7.0,3,2,0.2,0.6666666666666666
7992,2,0,0.0,0.0,5.0,586.0,4.0,4,22.5,1,1,0.0,1.0
7993,4,0,0.0,0.0,8.25,581.25,4.0,10,16.25,4,4,0.0,1.0
7994,1,0,0.0,0.0,16.0,625.0,4.0,1,10.0,0,0,0.0,0.0
7995,4,0,0.0,0.0,9.5,1290.75,4.0,9,10.0,1,1,0.0,1.0
7996,3,0,0.0,0.0,15.666666666666666,1031.3333333333333,4.0,7,13.333333333333334,1,1,0.0,1.0
7997,4,0,0.0,0.0,18.5,1204.0,4.0,8,12.5,1,1,0.0,1.0
7998,2,0,0.0,0.0,14.5,866.5,4.0,5,2.5,0,0,0.0,0.0
8000,4,3,7130.549999999999,1782.6374999999998,16.25,1654.25,3.5,13,8.75,3,0,0.75,0.0
8001,4,2,2776.42,694.105,10.75,777.25,4.25,11,8.75,3,1,0.5,0.3333333333333333
8002,3,0,0.0,0.0,11.0,760.6666666666666,4.0,6,3.3333333333333335,3,3,0.0,1.0
8003,1,0,0.0,0.0,7.0,557.0,4.0,4,10.0,0,0,0.0,0.0
8004,5,1,858.02,171.60399999999998,10.6,922.8,3.4,10,6.0,3,2,0.2,0.6666666666666666
8006,3,2,2218.42,739.4733333333334,14.333333333333334,1121.3333333333333,4.333333333333333,4,5.0,2,0,0.6666666666666666,0.0
8007,4,1,1350.69,337.6725,10.25,612.75,4.25,8,2.5,4,3,0.25,0.75
8008,2,0,0.0,0.0,15.0,329.5,4.0,6,10.0,0,0,0.0,0.0
8010,3,0,0.0,0.0,11.333333333333334,1105.6666666666667,4.0,6,3.3333333333333335,2,2,0.0,1.0
8011,3,1,524.31,174.76999999999998,13.666666666666666,1577.0,4.0,5,15.0,2,1,0.3333333333333333,0.5
8012,2,1,4163.64,2081.82,4.5,630.0,4.5,6,0.0,1,0,0.5,0.0
8013,6,2,1969.25,328.2083333333333,11.333333333333334,809.5,4.0,17,8.333333333333334,4,2,0.3333333333333333,0.5
8014,2,0,0.0,0.0,18.5,1050.0,4.0,2,12.5,0,0,0.0,0.0
8015,3,2,1324.69,441.56333333333333,12.666666666666666,1580.6666666666667,4.0,6,6.666666666666667,3,1,0.6666666666666666,0.3333333333333333
8017,3,1,1676.36,558.7866666666666,7.333333333333333,1015.3333333333334,3.6666666666666665,12,3.3333333333333335,1,0,0.3333333333333333,0.0
8018,3,1,1257.07,419.0233333333333,14.333333333333334,1544.6666666666667,4.0,7,3.3333333333333335,3,2,0.3333333333333333,0.6666666666666666
8019,2,0,0.0,0.0,12.5,1257.5,4.0,5,5.0,2,2,0.0,1.0
8020,3,1,723.1,241.03333333333333,9.333333333333334,1127.6666666666667,4.333333333333333,8,11.666666666666666,2,1,0.3333333333333333,0.5
8021,3,1,179.97,59.99,9.0,945.6666666666666,4.0,6,16.666666666666668,2,1,0.3333333333333333,0.5
8022,3,0,0.0,0.0,15.333333333333334,338.3333333333333,4.0,10,10.0,3,3,0.0,1.0
8023,4,2,5623.85,1405.9625,11.0,957.5,3.75,12,6.25,4,2,0.5,0.5
8024,4,1,660.96,165.24,18.0,613.0,3.75,10,17.5,4,3,0.25,0.75
8025,3,1,570.85,190.28333333333333,8.666666666666666,515.0,4.333333333333333,8,15.0,3,2,0.3333333333333333,0.6666666666666666
8026,2,1,3906.7,1953.35,16.5,1295.5,4.5,5,15.0,2,1,0.5,0.5
8027,1,0,0.0,0.0,11.0,216.0,4.0,4,15.0,1,1,0.0,1.0
8028,4,2,5580.9,1395.225,13.0,683.25,3.5,13,8.75,2,0,0.5,0.0
8029,2,1,1642.91,821.455,2.5,449.5,3.0,4,20.0,2,1,0.5,0.5
8030,4,0,0.0,0.0,15.0,915.25,4.0,11,11.25,2,2,0.0,1.0
8031,1,0,0.0,0.0,21.0,788.0,4.0,4,15.0,1,1,0.0,1.0
8032,7,2,5992.95,856.1357142857142,10.428571428571429,921.5714285714286,3.4285714285714284,14,10.714285714285714,3,1,0.2857142857142857,0.3333333333333333
8033,3,0,0.0,0.0,14.0,701.0,4.0,7,11.666666666666666,3,3,0.0,1.0
8034,2,1,2815.04,1407.52,14.0,1319.5,2.5,6,2.5,2,1,0.5,0.5
8035,2,2,4250.4,2125.2,9.5,1012.0,4.0,6,0.0,2,0,1.0,0.0
8036,3,0,0.0,0.0,9.0,893.6666666666666,4.0,5,20.0,2,2,0.0,1.0
8037,5,2,4587.35,917.47,12.0,1341.4,3.6,13,4.0,4,2,0.4,0.5
8038,2,1,976.61,488.305,3.5,1201.5,3.5,3,2.5,1,0,0.5,0.0
8039,4,0,0.0,0.0,13.5,393.75,4.0,10,10.0,3,3,0.0,1.0
8041,2,0,0.0,0.0,10.0,1204.5,4.0,5,12.5,2,2,0.0,1.0
8042,2,0,0.0,0.0,17.5,1222.5,4.0,5,12.5,1,1,0.0,1.0
8043,4,1,1128.24,282.06,16.25,1137.0,3.75,9,5.0,3,2,0.25,0.6666666666666666
8044,7,0,0.0,0.0,14.0,812.0,4.0,21,4.285714285714286,4,4,0.0,1.0
8045,6,0,0.0,0.0,12.833333333333334,986.5,4.0,14,10.833333333333334,2,2,0.0,1.0
8046,4,1,7524.36,1881.09,15.25,1183.75,4.0,11,6.25,2,1,0.25,0.5
8047,3,1,497.81,165.93666666666667,10.0,1200.3333333333333,3.3333333333333335,7,11.666666666666666,1,0,0.3333333333333333,0.0
8048,1,1,1498.6,1498.6,9.0,1345.0,3.0,2,15.0,1,0,1.0,0.0
8049,4,2,2652.58,663.145,16.75,1280.0,4.25,9,13.75,3,1,0.5,0.3333333333333333
8050,4,0,0.0,0.0,9.5,654.5,4.0,15,12.5,1,1,0.0,1.0
8051,5,3,3749.42,749.884,10.2,808.2,4.0,8,7.0,5,2,0.6,0.4
8052,1,0,0.0,0.0,20.0,438.0,4.0,2,20.0,1,1,0.0,1.0
8053,1,0,0.0,0.0,5.0,1665.0,4.0,1,0.0,1,1,0.0,1.0
8054,4,1,5136.36,1284.09,6.5,914.25,3.5,12,6.25,3,2,0.25,0.6666666666666666
8055,4,0,0.0,0.0,14.0,973.25,4.0,10,15.0,3,3,0.0,1.0
8056,4,0,0.0,0.0,10.25,599.25,4.0,10,17.5,3,3,0.0,1.0
8057,2,1,1342.96,671.48,6.5,1450.0,4.5,6,15.0,2,1,0.5,0.5
8058,2,1,2755.16,1377.58,3.5,1349.0,3.0,7,12.5,1,0,0.5,0.0
8059,1,1,346.25,346.25,18.0,442.0,3.0,2,30.0,1,0,1.0,0.0
8060,2,0,0.0,0.0,17.0,771.5,4.0,5,12.5,1,1,0.0,1.0
8061,4,0,0.0,0.0,12.5,800.25,4.0,9,22.5,4,4,0.0,1.0
8062,3,1,343.08,114.36,13.666666666666666,760.0,3.6666666666666665,6,11.666666666666666,2,1,0.3333333333333333,0.5
8063,2,0,0.0,0.0,3.5,644.0,4.0,7,15.0,1,1,0.0,1.0
8064,1,1,2374.28,2374.28,15.0,764.0,3.0,4,0.0,1,0,1.0,0.0
8065,2,0,0.0,0.0,7.0,249.0,4.0,5,0.0,1,1,0.0,1.0
8066,2,2,2040.3500000000001,1020.1750000000001,9.0,824.0,4.5,7,7.5,2,0,1.0,0.0
8067,3,1,473.21,157.73666666666665,13.0,1215.0,3.3333333333333335,7,15.0,2,1,0.3333333333333333,0.5
8068,2,0,0.0,0.0,10.5,1343.5,4.0,7,5.0,0,0,0.0,0.0
8069,3,0,0.0,0.0,9.666666666666666,595.0,4.0,6,8.333333333333334,1,1,0.0,1.0
8070,2,0,0.0,0.0,13.0,1421.0,4.0,5,12.5,0,0,0.0,0.0
8072,3,1,2643.48,881.16,13.333333333333334,942.6666666666666,4.0,5,3.3333333333333335,1,0,0.3333333333333333,0.0
8073,5,1,1453.04,290.608,13.8,870.2,4.2,12,14.0,2,1,0.2,0.5
8074,2,0,0.0,0.0,2.0,884.5,4.0,5,10.0,1,1,0.0,1.0
8075,1,0,0.0,0.0,6.0,1117.0,4.0,2,0.0,0,0,0.0,0.0
8076,5,1,2536.72,507.34399999999994,11.4,467.8,4.0,13,11.0,2,1,0.2,0.5
8077,3,1,1175.29,391.7633333333333,17.666666666666668,419.6666666666667,3.0,7,8.333333333333334,3,2,0.3333333333333333,0.6666666666666666
8078,3,2,10990.96,3663.653333333333,10.666666666666666,1146.6666666666667,3.6666666666666665,9,5.0,3,1,0.6666666666666666,0.3333333333333333
8079,5,3,2927.23,585.446,9.0,1067.0,4.0,10,7.0,4,1,0.6,0.25
8080,6,3,4035.71,672.6183333333333,11.5,900.0,4.5,14,11.666666666666666,4,1,0.5,0.25
8081,4,2,1068.72,267.18,13.5,534.5,4.0,8,15.0,3,1,0.5,0.3333333333333333
8082,4,1,2501.2,625.3,8.0,973.0,3.75,12,8.75,2,1,0.25,0.5
8083,1,0,0.0,0.0,2.0,1252.0,4.0,2,25.0,0,0,0.0,0.0
8084,4,1,3994.6,998.65,10.75,780.0,3.25,12,13.75,3,2,0.25,0.6666666666666666
8085,3,2,9065.48,3021.8266666666664,15.333333333333334,1250.3333333333333,4.333333333333333,9,18.333333333333332,2,0,0.6666666666666666,0.0
8086,3,0,0.0,0.0,13.0,878.0,4.0,7,11.666666666666666,2,2,0.0,1.0
8087,7,1,6735.0,962.1428571428571,16.857142857142858,1086.142857142857,3.857142857142857,22,7.142857142857143,2,1,0.14285714285714285,0.5
8088,5,1,2549.44,509.88800000000003,10.2,869.0,4.2,11,8.0,4,3,0.2,0.75
8089,6,2,849.45,141.57500000000002,13.333333333333334,633.6666666666666,3.8333333333333335,14,4.166666666666667,5,3,0.3333333333333333,0.6
8090,2,1,3257.98,1628.99,13.5,727.0,4.5,6,12.5,1,0,0.5,0.0
8091,4,0,0.0,0.0,8.5,1144.75,4.0,10,18.75,3,3,0.0,1.0
8093,3,0,0.0,0.0,9.0,1121.6666666666667,4.0,5,8.333333333333334,2,2,0.0,1.0
8094,3,0,0.0,0.0,10.666666666666666,1315.0,4.0,5,0.0,2,2,0.0,1.0
8095,2,1,285.3,142.65,10.5,901.0,2.5,4,10.0,2,1,0.5,0.5
8097,1,0,0.0,0.0,3.0,220.0,4.0,2,30.0,1,1,0.0,1.0
8098,3,0,0.0,0.0,16.0,813.0,4.0,8,0.0,2,2,0.0,1.0
8099,3,0,0.0,0.0,16.0,1161.3333333333333,4.0,10,6.666666666666667,2,2,0.0,1.0
8100,4,0,0.0,0.0,14.25,655.5,4.0,7,16.25,1,1,0.0,1.0
8101,2,1,1016.62,508.31,21.0,803.5,4.0,5,22.5,2,1,0.5,0.5
8102,2,0,0.0,0.0,9.5,1427.5,4.0,3,15.0,1,1,0.0,1.0
8103,1,0,0.0,0.0,18.0,386.0,4.0,4,30.0,0,0,0.0,0.0
8104,1,0,0.0,0.0,1.0,1719.0,4.0,3,15.0,0,0,0.0,0.0
8105,1,0,0.0,0.0,8.0,619.0,4.0,3,15.0,1,1,0.0,1.0
8106,3,0,0.0,0.0,13.0,632.6666666666666,4.0,12,10.0,1,1,0.0,1.0
8107,2,0,0.0,0.0,15.5,1254.5,4.0,5,10.0,2,2,0.0,1.0
8108,1,1,467.03,467.03,11.0,752.0,5.0,1,15.0,1,0,1.0,0.0
8109,6,0,0.0,0.0,14.166666666666666,711.3333333333334,4.0,14,7.5,4,4,0.0,1.0
8110,1,0,0.0,0.0,16.0,1379.0,4.0,1,0.0,0,0,0.0,0.0
8111,4,1,1489.64,372.41,14.75,586.75,4.0,10,3.75,3,2,0.25,0.6666666666666666
8112,3,1,2903.94,967.98,19.333333333333332,1077.0,3.6666666666666665,7,5.0,3,2,0.3333333333333333,0.6666666666666666
8113,3,2,2766.07,922.0233333333334,12.666666666666666,1048.3333333333333,4.666666666666667,4,8.333333333333334,3,1,0.6666666666666666,0.3333333333333333
8114,4,1,1373.38,343.345,6.75,1047.25,4.0,8,13.75,2,1,0.25,0.5
8115,7,1,6333.5,904.7857142857143,12.0,773.1428571428571,4.0,22,6.428571428571429,4,3,0.14285714285714285,0.75
8116,3,0,0.0,0.0,9.666666666666666,131.66666666666666,4.0,6,5.0,1,1,0.0,1.0
8117,3,0,0.0,0.0,11.333333333333334,1332.6666666666667,4.0,9,11.666666666666666,3,3,0.0,1.0
8118,3,1,863.1,287.7,9.333333333333334,1204.3333333333333,4.333333333333333,9,1.6666666666666667,1,0,0.3333333333333333,0.0
8119,1,0,0.0,0.0,15.0,727.0,4.0,1,0.0,0,0,0.0,0.0
8120,1,0,0.0,0.0,13.0,1251.0,4.0,1,5.0,1,1,0.0,1.0
8121,1,0,0.0,0.0,8.0,615.0,4.0,2,20.0,0,0,0.0,0.0
8122,2,0,0.0,0.0,15.5,1067.0,4.0,7,7.5,2,2,0.0,1.0
8123,2,0,0.0,0.0,13.5,725.0,4.0,2,27.5,0,0,0.0,0.0
8124,1,1,1617.56,1617.56,10.0,1116.0,4.0,4,0.0,1,0,1.0,0.0
8125,6,1,337.34,56.22333333333333,9.833333333333334,716.1666666666666,4.166666666666667,15,2.5,3,2,0.16666666666666666,0.6666666666666666
8126,3,0,0.0,0.0,5.666666666666667,722.3333333333334,4.0,7,16.666666666666668,1,1,0.0,1.0
8127,2,0,0.0,0.0,14.0,1254.0,4.0,4,10.0,1,1,0.0,1.0
8128,2,0,0.0,0.0,18.5,1551.0,4.0,6,20.0,1,1,0.0,1.0
8129,5,1,4614.6,922.9200000000001,12.6,1409.6,4.0,14,5.0,2,1,0.2,0.5
8130,4,2,1930.8999999999999,482.72499999999997,7.5,1453.5,4.5,7,1.25,4,2,0.5,0.5
8131,5,1,1220.33,244.06599999999997,13.0,1023.4,4.0,12,10.0,4,3,0.2,0.75
8132,3,1,433.2,144.4,17.666666666666668,523.6666666666666,3.6666666666666665,10,16.666666666666668,1,0,0.3333333333333333,0.0
8133,4,1,2994.62,748.655,15.5,291.0,4.25,9,12.5,2,1,0.25,0.5
8134,2,0,0.0,0.0,10.5,1474.0,4.0,5,12.5,1,1,0.0,1.0
8135,1,0,0.0,0.0,8.0,1059.0,4.0,2,15.0,1,1,0.0,1.0
8136,3,1,5074.32,1691.4399999999998,16.333333333333332,1251.0,4.0,9,6.666666666666667,3,2,0.3333333333333333,0.6666666666666666
8137,2,0,0.0,0.0,15.5,982.0,4.0,5,7.5,1,1,0.0,1.0
8138,1,0,0.0,0.0,12.0,1766.0,4.0,3,0.0,0,0,0.0,0.0
8139,3,0,0.0,0.0,17.333333333333332,1469.3333333333333,4.0,6,16.666666666666668,1,1,0.0,1.0
8140,1,0,0.0,0.0,5.0,1759.0,4.0,2,0.0,0,0,0.0,0.0
8141,5,1,774.12,154.824,13.4,770.8,3.8,8,5.0,3,2,0.2,0.6666666666666666
8142,4,0,0.0,0.0,11.0,1193.75,4.0,10,0.0,3,3,0.0,1.0
8143,3,0,0.0,0.0,11.333333333333334,535.0,4.0,10,3.3333333333333335,2,2,0.0,1.0
8144,1,0,0.0,0.0,4.0,1059.0,4.0,3,15.0,1,1,0.0,1.0
8145,3,0,0.0,0.0,12.666666666666666,1370.0,4.0,7,1.6666666666666667,2,2,0.0,1.0
8146,2,0,0.0,0.0,9.5,994.0,4.0,5,10.0,0,0,0.0,0.0
8147,2,1,3398.84,1699.42,15.5,753.5,3.5,4,0.0,2,1,0.5,0.5
8148,2,1,1061.45,530.725,10.5,425.0,4.0,5,20.0,2,1,0.5,0.5
8149,3,0,0.0,0.0,11.666666666666666,1016.6666666666666,4.0,9,8.333333333333334,2,2,0.0,1.0
8150,1,0,0.0,0.0,24.0,1760.0,4.0,2,5.0,0,0,0.0,0.0
8151,2,1,3365.22,1682.61,16.0,859.0,4.5,7,2.5,1,0,0.5,0.0
8152,3,1,158.47,52.82333333333333,10.666666666666666,760.3333333333334,3.3333333333333335,6,8.333333333333334,2,1,0.3333333333333333,0.5
8153,2,1,472.34,236.17,13.0,604.0,4.5,4,10.0,2,1,0.5,0.5
8154,1,1,780.49,780.49,3.0,540.0,3.0,3,10.0,1,0,1.0,0.0
8155,1,0,0.0,0.0,3.0,735.0,4.0,4,10.0,0,0,0.0,0.0
8156,3,0,0.0,0.0,9.333333333333334,974.6666666666666,4.0,6,13.333333333333334,2,2,0.0,1.0
8157,1,0,0.0,0.0,23.0,914.0,4.0,2,0.0,1,1,0.0,1.0
8158,3,1,1891.73,630.5766666666667,15.333333333333334,760.0,4.333333333333333,6,15.0,2,1,0.3333333333333333,0.5
8159,3,1,531.01,177.00333333333333,11.666666666666666,1115.6666666666667,3.0,7,6.666666666666667,3,2,0.3333333333333333,0.6666666666666666
8160,7,3,2902.92,414.70285714285717,11.0,687.7142857142857,4.142857142857143,13,7.142857142857143,5,2,0.42857142857142855,0.4
8161,7,3,2982.8999999999996,426.1285714285714,13.571428571428571,1016.2857142857143,4.285714285714286,18,8.571428571428571,4,1,0.42857142857142855,0.25
8162,4,2,2871.3199999999997,717.8299999999999,14.25,892.5,4.5,9,7.5,4,2,0.5,0.5
8163,5,1,2861.35,572.27,13.4,745.2,4.2,14,15.0,2,1,0.2,0.5
8164,3,0,0.0,0.0,14.333333333333334,1138.6666666666667,4.0,7,11.666666666666666,0,0,0.0,0.0
8165,1,0,0.0,0.0,16.0,1593.0,4.0,1,20.0,0,0,0.0,0.0
8166,3,1,3468.5,1156.1666666666667,20.0,862.6666666666666,4.333333333333333,8,0.0,3,2,0.3333333333333333,0.6666666666666666
8167,3,1,2077.19,692.3966666666666,16.666666666666668,1290.0,4.0,5,11.666666666666666,2,1,0.3333333333333333,0.5
8168,2,0,0.0,0.0,18.5,736.0,4.0,6,10.0,1,1,0.0,1.0
8169,5,1,690.6,138.12,10.8,678.0,3.6,15,2.0,2,1,0.2,0.5
8170,2,0,0.0,0.0,15.0,983.5,4.0,5,0.0,1,1,0.0,1.0
8171,2,0,0.0,0.0,18.0,1130.5,4.0,5,10.0,2,2,0.0,1.0
8173,2,0,0.0,0.0,12.5,1088.0,4.0,6,5.0,2,2,0.0,1.0
8174,3,1,2136.93,712.31,9.0,794.3333333333334,3.3333333333333335,9,8.333333333333334,1,0,0.3333333333333333,0.0
8175,2,1,871.73,435.865,6.0,595.0,2.5,6,10.0,1,0,0.5,0.0
8176,6,2,4394.09,732.3483333333334,16.5,875.8333333333334,4.166666666666667,16,7.5,4,2,0.3333333333333333,0.5
8177,1,0,0.0,0.0,18.0,502.0,4.0,1,0.0,1,1,0.0,1.0
8179,3,0,0.0,0.0,15.0,1645.6666666666667,4.0,7,6.666666666666667,1,1,0.0,1.0
8180,3,0,0.0,0.0,10.333333333333334,1141.6666666666667,4.0,6,0.0,1,1,0.0,1.0
8181,6,2,1670.94,278.49,15.0,798.6666666666666,4.0,9,12.5,4,2,0.3333333333333333,0.5
8182,5,1,1131.14,226.228,15.4,638.2,4.0,11,6.0,3,2,0.2,0.6666666666666666
8183,1,0,0.0,0.0,12.0,212.0,4.0,3,0.0,0,0,0.0,0.0
8184,3,1,3504.28,1168.0933333333335,9.666666666666666,1464.6666666666667,4.0,9,5.0,1,0,0.3333333333333333,0.0
8185,6,1,1032.75,172.125,12.833333333333334,766.8333333333334,4.0,18,8.333333333333334,4,3,0.16666666666666666,0.75
8186,1,0,0.0,0.0,16.0,557.0,4.0,4,30.0,1,1,0.0,1.0
8187,3,0,0.0,0.0,16.0,829.6666666666666,4.0,9,5.0,3,3,0.0,1.0
8188,1,1,347.82,347.82,5.0,1483.0,5.0,3,0.0,1,0,1.0,0.0
8190,4,0,0.0,0.0,16.25,857.25,4.0,6,6.25,2,2,0.0,1.0
8191,4,1,800.07,200.0175,6.0,759.5,4.0,9,12.5,2,1,0.25,0.5
8192,7,2,2929.4399999999996,418.4914285714285,13.285714285714286,970.7142857142857,4.285714285714286,16,7.142857142857143,6,4,0.2857142857142857,0.6666666666666666
8193,3,1,2563.56,854.52,17.0,1239.3333333333333,3.6666666666666665,12,8.333333333333334,1,0,0.3333333333333333,0.0
8194,5,1,2524.81,504.962,11.6,878.4,4.2,13,11.0,4,3,0.2,0.75
8196,4,0,0.0,0.0,11.75,462.5,4.0,13,6.25,3,3,0.0,1.0
8197,1,0,0.0,0.0,13.0,1779.0,4.0,4,0.0,0,0,0.0,0.0
8198,3,1,473.9,157.96666666666667,5.333333333333333,852.0,4.333333333333333,6,13.333333333333334,1,0,0.3333333333333333,0.0
8199,2,1,536.47,268.235,7.5,963.0,4.5,6,17.5,2,1,0.5,0.5
8200,3,1,891.44,297.1466666666667,12.666666666666666,1294.0,4.0,7,1.6666666666666667,2,1,0.3333333333333333,0.5
8201,2,1,4065.7,2032.85,18.0,1055.5,2.5,5,2.5,1,0,0.5,0.0
8202,3,2,2980.89,993.63,18.333333333333332,356.6666666666667,3.6666666666666665,11,10.0,3,1,0.6666666666666666,0.3333333333333333
8203,2,1,727.13,363.565,17.0,844.0,3.5,2,15.0,2,1,0.5,0.5
8204,3,2,2233.63,744.5433333333334,21.333333333333332,881.3333333333334,4.333333333333333,7,6.666666666666667,3,1,0.6666666666666666,0.3333333333333333
8205,7,1,1170.69,167.24142857142857,11.571428571428571,1357.5714285714287,4.142857142857143,16,21.428571428571427,5,4,0.14285714285714285,0.8
8207,6,0,0.0,0.0,15.333333333333334,901.8333333333334,4.0,21,11.666666666666666,4,4,0.0,1.0
8208,3,1,3471.06,1157.02,9.333333333333334,781.0,4.0,6,3.3333333333333335,3,2,0.3333333333333333,0.6666666666666666
8209,5,3,1909.0900000000001,381.81800000000004,10.8,1167.8,3.6,6,5.0,5,2,0.6,0.4
8210,1,0,0.0,0.0,24.0,823.0,4.0,1,15.0,1,1,0.0,1.0
8211,9,1,1905.14,211.68222222222224,11.222222222222221,555.4444444444445,4.0,23,12.222222222222221,4,3,0.1111111111111111,0.75
8212,4,1,621.0,155.25,8.0,782.75,3.25,12,3.75,2,1,0.25,0.5
8213,2,0,0.0,0.0,12.5,644.5,4.0,5,0.0,1,1,0.0,1.0
8214,2,1,181.72,90.86,15.0,1284.5,3.5,5,7.5,2,1,0.5,0.5
8215,4,3,4527.92,1131.98,12.0,474.0,3.5,8,2.5,4,1,0.75,0.25
8216,2,1,1230.89,615.445,12.5,625.5,4.5,4,17.5,2,1,0.5,0.5
8217,4,1,3961.96,990.49,10.25,745.0,4.0,8,11.25,2,1,0.25,0.5
8219,3,0,0.0,0.0,17.333333333333332,632.6666666666666,4.0,10,6.666666666666667,1,1,0.0,1.0
8220,1,0,0.0,0.0,10.0,693.0,4.0,2,0.0,1,1,0.0,1.0
8221,3,1,754.82,251.60666666666668,8.333333333333334,1081.0,4.0,8,11.666666666666666,3,2,0.3333333333333333,0.6666666666666666
8222,1,0,0.0,0.0,7.0,101.0,4.0,4,5.0,1,1,0.0,1.0
8223,6,0,0.0,0.0,14.5,476.3333333333333,4.0,11,8.333333333333334,3,3,0.0,1.0
8224,4,1,2133.32,533.33,18.0,903.0,4.25,8,12.5,4,3,0.25,0.75
8225,3,1,789.93,263.31,19.666666666666668,721.3333333333334,4.0,10,3.3333333333333335,2,1,0.3333333333333333,0.5
8226,1,0,0.0,0.0,23.0,1212.0,4.0,4,10.0,1,1,0.0,1.0
8227,4,0,0.0,0.0,15.0,1114.75,4.0,11,8.75,0,0,0.0,0.0
8228,2,0,0.0,0.0,18.5,1364.0,4.0,8,17.5,0,0,0.0,0.0
8229,2,0,0.0,0.0,12.0,456.5,4.0,8,7.5,2,2,0.0,1.0
8230,1,0,0.0,0.0,4.0,709.0,4.0,3,0.0,0,0,0.0,0.0
8231,1,0,0.0,0.0,18.0,1042.0,4.0,2,20.0,1,1,0.0,1.0
8232,1,1,1348.53,1348.53,22.0,59.0,5.0,2,25.0,1,0,1.0,0.0
8233,3,0,0.0,0.0,13.333333333333334,501.6666666666667,4.0,6,15.0,2,2,0.0,1.0
8234,4,1,178.82,44.705,18.5,1191.0,4.25,7,7.5,3,2,0.25,0.6666666666666666
8235,2,0,0.0,0.0,7.5,741.0,4.0,4,7.5,1,1,0.0,1.0
8236,2,0,0.0,0.0,10.5,1012.5,4.0,3,15.0,2,2,0.0,1.0
8237,2,0,0.0,0.0,13.0,1238.0,4.0,5,17.5,2,2,0.0,1.0
8238,4,0,0.0,0.0,12.0,1305.0,4.0,8,2.5,1,1,0.0,1.0
8239,2,0,0.0,0.0,4.0,1131.0,4.0,5,10.0,2,2,0.0,1.0
8240,4,2,2746.0600000000004,686.5150000000001,15.5,1146.0,4.0,10,15.0,2,0,0.5,0.0
8241,5,3,5663.889999999999,1132.7779999999998,10.4,570.8,4.0,12,2.0,3,0,0.6,0.0
8242,3,1,251.78,83.92666666666666,13.333333333333334,454.6666666666667,4.333333333333333,11,8.333333333333334,3,2,0.3333333333333333,0.6666666666666666
8243,2,0,0.0,0.0,12.0,1380.5,4.0,5,12.5,1,1,0.0,1.0
8244,2,1,3905.96,1952.98,14.5,702.5,3.5,5,5.0,1,0,0.5,0.0
8245,2,0,0.0,0.0,11.0,409.0,4.0,2,2.5,2,2,0.0,1.0
8246,3,0,0.0,0.0,15.333333333333334,1034.3333333333333,4.0,8,11.666666666666666,2,2,0.0,1.0
8249,1,0,0.0,0.0,19.0,687.0,4.0,4,15.0,0,0,0.0,0.0
8250,2,0,0.0,0.0,11.5,960.0,4.0,4,0.0,2,2,0.0,1.0
8251,2,1,105.49,52.745,17.0,1594.5,3.0,4,0.0,1,0,0.5,0.0
8252,2,0,0.0,0.0,11.5,1325.5,4.0,4,10.0,1,1,0.0,1.0
8253,4,0,0.0,0.0,11.0,562.75,4.0,11,7.5,3,3,0.0,1.0
8254,3,0,0.0,0.0,21.333333333333332,1140.3333333333333,4.0,8,6.666666666666667,2,2,0.0,1.0
8255,4,1,1519.63,379.9075,14.0,891.75,4.25,13,3.75,3,2,0.25,0.6666666666666666
8256,2,0,0.0,0.0,15.5,1358.5,4.0,6,7.5,1,1,0.0,1.0
8257,1,0,0.0,0.0,15.0,846.0,4.0,2,20.0,1,1,0.0,1.0
8258,1,0,0.0,0.0,5.0,902.0,4.0,4,0.0,1,1,0.0,1.0
8259,2,0,0.0,0.0,16.5,975.0,4.0,3,2.5,0,0,0.0,0.0
8260,2,1,5959.84,2979.92,16.0,1164.5,4.0,8,15.0,1,0,0.5,0.0
8261,3,0,0.0,0.0,7.0,821.6666666666666,4.0,8,6.666666666666667,2,2,0.0,1.0
8262,3,1,4317.9,1439.3,13.0,603.3333333333334,4.333333333333333,6,0.0,1,0,0.3333333333333333,0.0
8263,2,0,0.0,0.0,16.0,602.5,4.0,6,0.0,1,1,0.0,1.0
8264,3,1,968.33,322.7766666666667,14.0,625.6666666666666,3.6666666666666665,8,1.6666666666666667,2,1,0.3333333333333333,0.5
8265,3,0,0.0,0.0,11.666666666666666,1251.6666666666667,4.0,10,13.333333333333334,3,3,0.0,1.0
8266,3,1,3312.18,1104.06,13.666666666666666,235.33333333333334,4.333333333333333,9,6.666666666666667,1,0,0.3333333333333333,0.0
8267,2,0,0.0,0.0,4.5,1034.5,4.0,5,15.0,2,2,0.0,1.0
8268,2,0,0.0,0.0,14.0,860.5,4.0,6,10.0,1,1,0.0,1.0
8269,5,2,1975.36,395.072,11.8,556.8,4.2,14,11.0,4,2,0.4,0.5
8270,2,1,3130.19,1565.095,16.0,167.5,4.0,3,7.5,2,1,0.5,0.5
8271,3,1,768.22,256.0733333333333,13.0,1153.6666666666667,4.333333333333333,5,10.0,3,2,0.3333333333333333,0.6666666666666666
8272,5,0,0.0,0.0,11.4,996.2,4.0,11,12.0,2,2,0.0,1.0
8273,4,0,0.0,0.0,11.25,676.0,4.0,10,8.75,2,2,0.0,1.0
8274,3,2,7555.72,2518.5733333333333,10.333333333333334,1032.3333333333333,4.333333333333333,10,0.0,2,0,0.6666666666666666,0.0
8275,2,0,0.0,0.0,2.5,604.0,4.0,7,7.5,2,2,0.0,1.0
8277,4,1,294.08,73.52,14.25,1188.25,3.75,8,10.0,3,2,0.25,0.6666666666666666
8278,2,0,0.0,0.0,15.5,768.0,4.0,3,22.5,1,1,0.0,1.0
8279,4,2,4420.73,1105.1825,14.0,569.5,4.0,14,10.0,3,1,0.5,0.3333333333333333
8280,5,1,181.58,36.316,15.4,1133.6,4.0,13,18.0,4,3,0.2,0.75
8281,1,0,0.0,0.0,17.0,481.0,4.0,4,0.0,1,1,0.0,1.0
8282,3,0,0.0,0.0,4.333333333333333,577.0,4.0,5,6.666666666666667,2,2,0.0,1.0
8283,1,0,0.0,0.0,3.0,1302.0,4.0,3,0.0,0,0,0.0,0.0
8284,4,1,4197.54,1049.385,5.75,657.5,3.75,10,1.25,2,1,0.25,0.5
8285,2,0,0.0,0.0,24.0,860.5,4.0,4,5.0,1,1,0.0,1.0
8286,3,0,0.0,0.0,7.0,751.0,4.0,5,3.3333333333333335,0,0,0.0,0.0
8287,3,0,0.0,0.0,18.666666666666668,1394.6666666666667,4.0,7,23.333333333333332,1,1,0.0,1.0
8288,3,1,1613.82,537.9399999999999,6.666666666666667,959.6666666666666,4.0,7,6.666666666666667,3,2,0.3333333333333333,0.6666666666666666
8289,5,2,2183.03,436.60600000000005,17.6,1124.8,3.6,17,9.0,3,1,0.4,0.3333333333333333
8291,4,2,1136.8400000000001,284.21000000000004,4.0,666.5,4.25,10,15.0,3,1,0.5,0.3333333333333333
8292,1,0,0.0,0.0,6.0,713.0,4.0,1,10.0,0,0,0.0,0.0
8293,1,1,2968.16,2968.16,16.0,1314.0,4.0,4,0.0,1,0,1.0,0.0
8294,2,0,0.0,0.0,10.0,1078.0,4.0,4,20.0,1,1,0.0,1.0
8295,2,0,0.0,0.0,12.5,956.5,4.0,4,5.0,0,0,0.0,0.0
8296,1,0,0.0,0.0,2.0,916.0,4.0,1,10.0,1,1,0.0,1.0
8297,3,0,0.0,0.0,18.666666666666668,482.0,4.0,11,6.666666666666667,1,1,0.0,1.0
8298,2,0,0.0,0.0,7.0,1478.5,4.0,5,15.0,1,1,0.0,1.0
8299,4,1,364.97,91.2425,11.0,640.0,3.75,8,2.5,3,2,0.25,0.6666666666666666
8301,1,1,161.23,161.23,21.0,1666.0,5.0,2,15.0,1,0,1.0,0.0
8302,2,0,0.0,0.0,17.5,931.5,4.0,7,0.0,1,1,0.0,1.0
8303,3,0,0.0,0.0,10.666666666666666,1418.6666666666667,4.0,6,10.0,3,3,0.0,1.0
8304,1,1,230.98,230.98,11.0,1717.0,3.0,3,25.0,1,0,1.0,0.0
8305,3,1,455.16,151.72,17.666666666666668,361.0,4.333333333333333,6,6.666666666666667,2,1,0.3333333333333333,0.5
8306,7,2,2189.42,312.7742857142857,16.285714285714285,1024.7142857142858,4.142857142857143,13,10.714285714285714,5,3,0.2857142857142857,0.6
8307,1,1,1939.05,1939.05,3.0,1543.0,4.0,2,25.0,1,0,1.0,0.0
8308,4,1,3630.95,907.7375,14.25,1013.25,4.25,13,6.25,2,1,0.25,0.5
8309,1,0,0.0,0.0,21.0,915.0,4.0,2,0.0,0,0,0.0,0.0
8310,2,0,0.0,0.0,15.5,408.5,4.0,4,15.0,0,0,0.0,0.0
8311,3,2,4807.780000000001,1602.5933333333335,14.666666666666666,621.6666666666666,2.6666666666666665,8,10.0,3,1,0.6666666666666666,0.3333333333333333
8313,2,0,0.0,0.0,2.0,1289.0,4.0,8,0.0,1,1,0.0,1.0
8314,6,1,2147.47,357.91166666666663,9.666666666666666,1083.6666666666667,4.0,13,6.666666666666667,5,4,0.16666666666666666,0.8
8315,4,0,0.0,0.0,12.0,955.5,4.0,11,5.0,2,2,0.0,1.0
8316,1,1,1579.93,1579.93,15.0,1393.0,4.0,4,5.0,1,0,1.0,0.0
8317,2,0,0.0,0.0,9.5,977.5,4.0,5,7.5,1,1,0.0,1.0
8318,1,0,0.0,0.0,9.0,861.0,4.0,1,0.0,0,0,0.0,0.0
8319,2,0,0.0,0.0,4.0,1439.5,4.0,5,5.0,0,0,0.0,0.0
8320,3,1,389.97,129.99,14.0,925.6666666666666,4.333333333333333,9,11.666666666666666,2,1,0.3333333333333333,0.5
8321,1,1,1230.16,1230.16,6.0,1186.0,5.0,4,0.0,1,0,1.0,0.0
8322,3,0,0.0,0.0,17.333333333333332,870.6666666666666,4.0,8,15.0,0,0,0.0,0.0
8323,3,0,0.0,0.0,15.666666666666666,1528.3333333333333,4.0,6,21.666666666666668,2,2,0.0,1.0
8324,3,2,5046.5199999999995,1682.1733333333332,8.0,841.6666666666666,3.6666666666666665,7,10.0,3,1,0.6666666666666666,0.3333333333333333
8325,1,0,0.0,0.0,10.0,1056.0,4.0,4,0.0,0,0,0.0,0.0
8326,2,2,7153.35,3576.675,19.0,1303.0,4.5,5,5.0,2,0,1.0,0.0
8327,5,3,4247.0599999999995,849.4119999999999,10.2,1172.6,3.8,9,8.0,4,1,0.6,0.25
8328,2,1,745.77,372.885,16.0,572.5,4.0,2,7.5,2,1,0.5,0.5
8329,5,0,0.0,0.0,13.4,827.0,4.0,17,10.0,4,4,0.0,1.0
8330,1,1,2293.24,2293.24,9.0,313.0,4.0,4,0.0,1,0,1.0,0.0
8331,3,1,1409.88,469.96000000000004,8.0,1032.0,4.0,4,1.6666666666666667,2,1,0.3333333333333333,0.5
8332,2,1,3381.7,1690.85,8.5,726.5,3.5,6,2.5,2,1,0.5,0.5
8333,2,1,2551.71,1275.855,15.5,839.0,4.0,6,17.5,2,1,0.5,0.5
8334,3,0,0.0,0.0,9.333333333333334,888.3333333333334,4.0,9,6.666666666666667,2,2,0.0,1.0
8335,2,0,0.0,0.0,1.0,597.0,4.0,5,25.0,2,2,0.0,1.0
8336,2,0,0.0,0.0,7.0,827.0,4.0,7,5.0,0,0,0.0,0.0
8337,4,1,4229.2,1057.3,7.5,1279.75,3.75,8,5.0,4,3,0.25,0.75
8338,5,1,4820.48,964.0959999999999,14.0,699.8,4.2,14,4.0,4,3,0.2,0.75
8339,2,0,0.0,0.0,2.5,973.0,4.0,7,20.0,1,1,0.0,1.0
8340,4,2,2735.21,683.8025,11.5,908.25,4.0,13,10.0,3,1,0.5,0.3333333333333333
8341,6,3,4810.91,801.8183333333333,15.833333333333334,936.3333333333334,3.8333333333333335,14,2.5,5,2,0.5,0.4
8342,3,0,0.0,0.0,8.0,297.0,4.0,8,8.333333333333334,2,2,0.0,1.0
8343,3,0,0.0,0.0,18.0,475.6666666666667,4.0,7,8.333333333333334,1,1,0.0,1.0
8344,2,0,0.0,0.0,5.0,1010.0,4.0,7,17.5,2,2,0.0,1.0
8345,5,1,5525.43,1105.086,12.8,1260.8,3.8,13,11.0,3,2,0.2,0.6666666666666666
8346,5,1,2766.34,553.268,12.4,1018.4,3.8,11,12.0,4,3,0.2,0.75
8347,4,2,1873.3,468.325,12.25,834.0,4.0,8,11.25,4,2,0.5,0.5
8348,5,1,1433.37,286.674,14.2,883.2,4.2,17,5.0,3,2,0.2,0.6666666666666666
8349,2,0,0.0,0.0,16.5,135.5,4.0,6,10.0,1,1,0.0,1.0
8350,3,0,0.0,0.0,17.0,1040.0,4.0,4,11.666666666666666,0,0,0.0,0.0
8351,2,0,0.0,0.0,10.5,987.0,4.0,6,10.0,1,1,0.0,1.0
8352,1,0,0.0,0.0,20.0,155.0,4.0,2,10.0,0,0,0.0,0.0
8353,3,1,661.66,220.5533333333333,11.666666666666666,462.0,4.333333333333333,9,1.6666666666666667,1,0,0.3333333333333333,0.0
8354,3,1,1709.72,569.9066666666666,10.666666666666666,725.6666666666666,4.0,10,5.0,3,2,0.3333333333333333,0.6666666666666666
8355,2,0,0.0,0.0,15.5,492.5,4.0,4,15.0,1,1,0.0,1.0
8356,2,1,500.76,250.38,16.5,73.0,4.0,4,0.0,1,0,0.5,0.0
8359,3,1,533.12,177.70666666666668,17.333333333333332,696.0,3.6666666666666665,9,11.666666666666666,3,2,0.3333333333333333,0.6666666666666666
8360,2,1,1413.61,706.805,12.5,1113.5,4.5,4,5.0,1,0,0.5,0.0
8361,2,1,1512.3,756.15,14.0,1399.5,2.5,7,7.5,2,1,0.5,0.5
8362,2,0,0.0,0.0,3.0,1058.0,4.0,7,15.0,2,2,0.0,1.0
8363,7,3,2826.15,403.7357142857143,14.285714285714286,754.7142857142857,3.7142857142857144,18,10.714285714285714,4,1,0.42857142857142855,0.25
8364,1,0,0.0,0.0,14.0,1714.0,4.0,4,0.0,1,1,0.0,1.0
8365,3,1,1254.16,418.05333333333334,19.666666666666668,500.0,3.6666666666666665,4,6.666666666666667,3,2,0.3333333333333333,0.6666666666666666
8366,1,0,0.0,0.0,11.0,264.0,4.0,3,0.0,0,0,0.0,0.0
8367,2,1,445.64,222.82,15.0,1056.0,3.0,7,15.0,2,1,0.5,0.5
8368,4,1,1494.77,373.6925,16.5,1151.75,3.25,13,5.0,4,3,0.25,0.75
8369,4,1,1541.6,385.4,8.75,849.75,3.5,8,16.25,3,2,0.25,0.6666666666666666
8370,2,0,0.0,0.0,2.5,1000.5,4.0,6,5.0,1,1,0.0,1.0
8371,1,0,0.0,0.0,20.0,547.0,4.0,4,0.0,0,0,0.0,0.0
8372,3,0,0.0,0.0,13.0,1103.6666666666667,4.0,6,11.666666666666666,2,2,0.0,1.0
8373,2,1,4449.76,2224.88,14.0,1391.5,4.5,5,10.0,2,1,0.5,0.5
8374,2,0,0.0,0.0,5.0,1000.5,4.0,7,2.5,1,1,0.0,1.0
8375,2,1,1009.08,504.54,6.0,984.0,4.5,2,15.0,2,1,0.5,0.5
8376,6,1,3116.76,519.46,12.166666666666666,768.1666666666666,4.166666666666667,12,8.333333333333334,3,2,0.16666666666666666,0.6666666666666666
8377,7,3,5287.29,755.3271428571428,10.428571428571429,846.1428571428571,4.0,13,6.428571428571429,7,4,0.42857142857142855,0.5714285714285714
8378,5,0,0.0,0.0,7.2,774.6,4.0,13,12.0,3,3,0.0,1.0
8379,8,2,6343.4400000000005,792.9300000000001,13.25,876.625,3.875,19,13.125,4,2,0.25,0.5
8380,1,0,0.0,0.0,16.0,1682.0,4.0,4,15.0,1,1,0.0,1.0
8381,1,1,3119.76,3119.76,10.0,95.0,4.0,4,0.0,1,0,1.0,0.0
8383,1,0,0.0,0.0,23.0,1503.0,4.0,4,10.0,0,0,0.0,0.0
8384,1,1,2970.6,2970.6,18.0,1372.0,5.0,4,0.0,1,0,1.0,0.0
8385,2,0,0.0,0.0,16.0,818.0,4.0,2,10.0,1,1,0.0,1.0
8386,4,1,1956.24,489.06,6.0,1201.25,3.5,13,12.5,4,3,0.25,0.75
8387,1,0,0.0,0.0,23.0,780.0,4.0,4,10.0,0,0,0.0,0.0
8388,3,1,559.57,186.52333333333334,11.333333333333334,663.6666666666666,4.0,5,20.0,2,1,0.3333333333333333,0.5
8389,2,1,172.62,86.31,12.5,1351.5,4.0,7,17.5,1,0,0.5,0.0
8390,2,0,0.0,0.0,18.0,281.0,4.0,3,10.0,2,2,0.0,1.0
8391,1,1,356.0,356.0,10.0,578.0,4.0,1,25.0,1,0,1.0,0.0
8392,2,1,849.1,424.55,16.5,1139.0,3.5,4,20.0,1,0,0.5,0.0
8393,3,2,2315.84,771.9466666666667,9.0,1102.3333333333333,4.0,6,3.3333333333333335,3,1,0.6666666666666666,0.3333333333333333
8394,4,0,0.0,0.0,12.75,722.75,4.0,10,16.25,3,3,0.0,1.0
8395,2,0,0.0,0.0,13.5,640.5,4.0,3,0.0,2,2,0.0,1.0
8396,4,1,2087.94,521.985,8.75,1181.0,4.0,14,15.0,2,1,0.25,0.5
8398,5,0,0.0,0.0,15.8,792.6,4.0,9,9.0,3,3,0.0,1.0
8399,3,1,5679.92,1893.3066666666666,14.666666666666666,838.3333333333334,3.6666666666666665,10,8.333333333333334,3,2,0.3333333333333333,0.6666666666666666
8400,2,0,0.0,0.0,2.0,559.5,4.0,5,2.5,0,0,0.0,0.0
8401,1,0,0.0,0.0,6.0,221.0,4.0,3,0.0,0,0,0.0,0.0
8402,3,1,3047.6,1015.8666666666667,16.0,622.6666666666666,4.0,7,6.666666666666667,2,1,0.3333333333333333,0.5
8403,2,0,0.0,0.0,17.0,742.5,4.0,7,5.0,0,0,0.0,0.0
8404,3,1,1205.43,401.81,15.0,292.3333333333333,3.0,7,8.333333333333334,2,1,0.3333333333333333,0.5
8405,2,0,0.0,0.0,13.0,1349.0,4.0,2,5.0,0,0,0.0,0.0
8406,4,1,332.05,83.0125,13.5,743.75,4.0,10,13.75,2,1,0.25,0.5
8407,3,0,0.0,0.0,17.0,448.0,4.0,6,10.0,1,1,0.0,1.0
8408,6,3,2694.22,449.03666666666663,16.666666666666668,918.3333333333334,4.0,11,14.166666666666666,5,2,0.5,0.4
8409,2,0,0.0,0.0,15.0,1173.5,4.0,7,7.5,0,0,0.0,0.0
8411,1,0,0.0,0.0,20.0,1145.0,4.0,2,5.0,1,1,0.0,1.0
8412,1,1,644.06,644.06,1.0,1594.0,5.0,1,0.0,1,0,1.0,0.0
8414,1,0,0.0,0.0,22.0,1046.0,4.0,2,0.0,0,0,0.0,0.0
8415,1,0,0.0,0.0,16.0,1602.0,4.0,3,0.0,1,1,0.0,1.0
8416,1,0,0.0,0.0,20.0,664.0,4.0,2,0.0,0,0,0.0,0.0
8417,3,1,3586.6,1195.5333333333333,19.666666666666668,998.0,3.0,9,15.0,1,0,0.3333333333333333,0.0
8418,2,1,1131.79,565.895,14.0,745.5,4.5,5,5.0,2,1,0.5,0.5
8419,5,0,0.0,0.0,11.2,629.0,4.0,12,11.0,3,3,0.0,1.0
8421,4,2,7162.7,1790.675,9.0,1067.5,3.75,10,15.0,3,1,0.5,0.3333333333333333
8422,1,0,0.0,0.0,17.0,1050.0,4.0,3,5.0,0,0,0.0,0.0
8423,1,1,1148.1,1148.1,24.0,525.0,4.0,3,0.0,1,0,1.0,0.0
8425,1,1,2831.48,2831.48,7.0,841.0,3.0,2,0.0,1,0,1.0,0.0
8426,4,0,0.0,0.0,13.75,471.75,4.0,9,8.75,3,3,0.0,1.0
8427,5,1,578.45,115.69000000000001,18.0,1004.0,3.4,14,18.0,4,3,0.2,0.75
8428,3,1,3418.56,1139.52,17.0,1351.6666666666667,3.0,9,8.333333333333334,2,1,0.3333333333333333,0.5
8429,2,1,2268.96,1134.48,15.5,800.5,4.0,5,7.5,1,0,0.5,0.0
8430,6,1,1989.15,331.52500000000003,13.166666666666666,1266.5,4.166666666666667,15,12.5,4,3,0.16666666666666666,0.75
8431,2,1,1156.05,578.025,8.0,198.0,4.0,4,10.0,1,0,0.5,0.0
8432,2,0,0.0,0.0,11.5,565.5,4.0,2,7.5,2,2,0.0,1.0
8433,6,2,957.02,159.50333333333333,12.5,1047.5,3.8333333333333335,11,13.333333333333334,6,4,0.3333333333333333,0.6666666666666666
8434,3,0,0.0,0.0,14.0,841.0,4.0,9,5.0,2,2,0.0,1.0
8435,4,2,8343.869999999999,2085.9674999999997,8.25,1025.75,4.0,13,12.5,4,2,0.5,0.5
8436,4,0,0.0,0.0,18.75,1184.75,4.0,14,11.25,2,2,0.0,1.0
8437,1,1,775.08,775.08,17.0,105.0,5.0,1,20.0,1,0,1.0,0.0
8438,5,0,0.0,0.0,14.0,936.8,4.0,12,9.0,4,4,0.0,1.0
8439,3,1,2060.77,686.9233333333333,13.0,346.3333333333333,4.333333333333333,11,10.0,2,1,0.3333333333333333,0.5
8440,3,0,0.0,0.0,15.666666666666666,1400.0,4.0,10,23.333333333333332,1,1,0.0,1.0
8441,1,0,0.0,0.0,3.0,1365.0,4.0,2,5.0,0,0,0.0,0.0
8442,2,2,877.52,438.76,1.0,1058.0,3.0,3,10.0,2,0,1.0,0.0
8443,3,0,0.0,0.0,15.333333333333334,442.6666666666667,4.0,8,8.333333333333334,2,2,0.0,1.0
8444,3,0,0.0,0.0,16.333333333333332,1261.3333333333333,4.0,6,3.3333333333333335,2,2,0.0,1.0
8445,2,1,2208.34,1104.17,16.5,1721.0,3.5,4,0.0,1,0,0.5,0.0
8446,5,1,1526.76,305.352,14.2,1216.8,4.0,11,0.0,4,3,0.2,0.75
8447,2,1,1223.2,611.6,9.0,833.5,4.5,4,7.5,2,1,0.5,0.5
8448,2,1,2907.24,1453.62,15.5,721.5,3.5,8,2.5,1,0,0.5,0.0
8450,5,1,1441.74,288.348,5.0,592.6,4.0,12,18.0,4,3,0.2,0.75
8451,2,0,0.0,0.0,13.0,1162.5,4.0,5,17.5,0,0,0.0,0.0
8452,5,1,1298.49,259.698,11.4,484.0,4.2,14,11.0,2,1,0.2,0.5
8453,3,2,4193.09,1397.6966666666667,13.333333333333334,1260.0,4.333333333333333,9,3.3333333333333335,2,0,0.6666666666666666,0.0
8454,4,1,2570.53,642.6325,11.75,497.5,4.0,12,6.25,3,2,0.25,0.6666666666666666
8455,4,1,2611.74,652.935,19.5,1240.5,3.25,14,13.75,2,1,0.25,0.5
8456,2,0,0.0,0.0,20.0,338.0,4.0,3,5.0,2,2,0.0,1.0
8457,4,0,0.0,0.0,17.75,1240.25,4.0,8,11.25,2,2,0.0,1.0
8458,2,0,0.0,0.0,10.5,1342.5,4.0,3,10.0,0,0,0.0,0.0
8459,2,1,256.5,128.25,19.5,585.0,3.0,3,2.5,2,1,0.5,0.5
8460,4,2,1505.1599999999999,376.28999999999996,9.25,1342.75,3.5,12,6.25,3,1,0.5,0.3333333333333333
8461,1,1,2957.64,2957.64,16.0,1482.0,3.0,3,0.0,1,0,1.0,0.0
8462,2,0,0.0,0.0,6.5,960.5,4.0,7,7.5,1,1,0.0,1.0
8463,1,0,0.0,0.0,6.0,1568.0,4.0,4,20.0,0,0,0.0,0.0
8464,3,1,2416.21,805.4033333333333,12.333333333333334,1205.3333333333333,4.333333333333333,5,13.333333333333334,2,1,0.3333333333333333,0.5
8465,2,1,1026.18,513.09,15.5,923.5,4.5,8,15.0,2,1,0.5,0.5
8466,2,0,0.0,0.0,7.5,956.0,4.0,5,7.5,1,1,0.0,1.0
8467,1,0,0.0,0.0,24.0,36.0,4.0,1,20.0,1,1,0.0,1.0
8468,1,0,0.0,0.0,9.0,997.0,4.0,4,15.0,1,1,0.0,1.0
8469,4,0,0.0,0.0,16.75,1056.0,4.0,7,11.25,2,2,0.0,1.0
8470,1,0,0.0,0.0,7.0,928.0,4.0,2,0.0,0,0,0.0,0.0
8471,2,0,0.0,0.0,14.0,736.5,4.0,2,5.0,2,2,0.0,1.0
8472,3,0,0.0,0.0,13.333333333333334,1280.3333333333333,4.0,9,13.333333333333334,1,1,0.0,1.0
8473,2,0,0.0,0.0,9.0,1191.5,4.0,4,0.0,2,2,0.0,1.0
8474,2,0,0.0,0.0,13.5,1310.0,4.0,3,15.0,1,1,0.0,1.0
8475,1,0,0.0,0.0,12.0,223.0,4.0,3,10.0,1,1,0.0,1.0
8476,1,1,1177.25,1177.25,14.0,665.0,1.0,2,15.0,1,0,1.0,0.0
8477,2,1,3485.94,1742.97,5.5,1068.5,4.5,4,15.0,2,1,0.5,0.5
8478,4,0,0.0,0.0,14.25,430.25,4.0,10,5.0,3,3,0.0,1.0
8479,1,1,4037.22,4037.22,24.0,1042.0,3.0,3,0.0,1,0,1.0,0.0
8480,1,0,0.0,0.0,16.0,1231.0,4.0,4,0.0,1,1,0.0,1.0
8481,4,1,1359.36,339.84,15.0,1345.25,4.0,12,21.25,3,2,0.25,0.6666666666666666
8482,2,0,0.0,0.0,21.0,898.5,4.0,5,10.0,0,0,0.0,0.0
8483,1,1,1608.1,1608.1,8.0,529.0,5.0,3,20.0,1,0,1.0,0.0
8484,1,0,0.0,0.0,16.0,1217.0,4.0,2,0.0,1,1,0.0,1.0
8487,4,1,1353.2,338.3,3.75,558.75,4.25,8,5.0,3,2,0.25,0.6666666666666666
8488,4,0,0.0,0.0,14.25,1104.0,4.0,10,10.0,1,1,0.0,1.0
8489,2,0,0.0,0.0,22.0,961.5,4.0,7,7.5,2,2,0.0,1.0
8490,4,1,2438.69,609.6725,13.25,1026.25,4.25,11,15.0,1,0,0.25,0.0
8491,5,1,641.31,128.262,8.0,819.4,4.0,14,4.0,3,2,0.2,0.6666666666666666
8493,3,0,0.0,0.0,14.333333333333334,1110.0,4.0,5,6.666666666666667,3,3,0.0,1.0
8494,1,0,0.0,0.0,13.0,231.0,4.0,2,20.0,0,0,0.0,0.0
8495,1,0,0.0,0.0,12.0,109.0,4.0,1,0.0,0,0,0.0,0.0
8496,1,0,0.0,0.0,20.0,97.0,4.0,3,0.0,0,0,0.0,0.0
8497,1,0,0.0,0.0,12.0,1229.0,4.0,4,0.0,1,1,0.0,1.0
8498,4,1,1381.46,345.365,15.5,1139.5,3.75,9,11.25,1,0,0.25,0.0
8499,5,2,5686.5,1137.3,11.4,863.6,4.4,10,4.0,3,1,0.4,0.3333333333333333
8500,3,0,0.0,0.0,13.666666666666666,878.0,4.0,10,10.0,1,1,0.0,1.0
8501,5,3,1883.69,376.738,14.6,334.2,3.8,13,1.0,4,1,0.6,0.25
8502,3,0,0.0,0.0,12.333333333333334,851.3333333333334,4.0,9,18.333333333333332,3,3,0.0,1.0
8503,3,1,465.46,155.15333333333334,16.0,845.0,4.333333333333333,5,8.333333333333334,2,1,0.3333333333333333,0.5
8504,1,0,0.0,0.0,16.0,552.0,4.0,3,0.0,0,0,0.0,0.0
8505,5,1,3055.39,611.078,14.2,445.8,4.0,14,13.0,3,2,0.2,0.6666666666666666
8506,1,0,0.0,0.0,12.0,1035.0,4.0,3,0.0,0,0,0.0,0.0
8507,4,2,1832.87,458.2175,11.75,1014.75,3.5,11,6.25,3,1,0.5,0.3333333333333333
8508,2,0,0.0,0.0,19.5,1144.5,4.0,5,2.5,1,1,0.0,1.0
8509,1,1,189.03,189.03,18.0,66.0,5.0,3,15.0,1,0,1.0,0.0
8510,2,1,1105.66,552.83,8.5,1320.5,4.5,6,17.5,1,0,0.5,0.0
8511,2,0,0.0,0.0,16.5,1198.5,4.0,6,5.0,2,2,0.0,1.0
8512,4,1,3782.55,945.6375,18.0,1050.25,4.25,12,11.25,3,2,0.25,0.6666666666666666
8513,5,0,0.0,0.0,5.8,795.6,4.0,6,12.0,2,2,0.0,1.0
8514,1,0,0.0,0.0,14.0,1022.0,4.0,2,5.0,0,0,0.0,0.0
8515,4,1,3550.8,887.7,14.25,924.0,4.0,13,3.75,3,2,0.25,0.6666666666666666
8516,3,0,0.0,0.0,8.0,1331.0,4.0,7,8.333333333333334,1,1,0.0,1.0
8517,2,0,0.0,0.0,22.0,1185.5,4.0,5,7.5,2,2,0.0,1.0
8518,4,0,0.0,0.0,12.75,735.25,4.0,6,11.25,0,0,0.0,0.0
8519,2,0,0.0,0.0,19.5,167.0,4.0,4,0.0,1,1,0.0,1.0
8520,2,0,0.0,0.0,20.5,475.0,4.0,5,10.0,1,1,0.0,1.0
8521,3,1,1906.36,635.4533333333333,12.333333333333334,1394.0,3.6666666666666665,8,10.0,3,2,0.3333333333333333,0.6666666666666666
8522,3,0,0.0,0.0,17.0,764.0,4.0,6,11.666666666666666,1,1,0.0,1.0
8523,1,0,0.0,0.0,16.0,1707.0,4.0,4,0.0,0,0,0.0,0.0
8524,5,0,0.0,0.0,10.4,682.6,4.0,14,9.0,3,3,0.0,1.0
8525,4,1,1629.86,407.465,7.5,1246.5,3.75,14,6.25,2,1,0.25,0.5
8526,3,1,1161.24,387.08,15.0,1276.3333333333333,4.0,11,10.0,1,0,0.3333333333333333,0.0
8527,3,2,1299.31,433.1033333333333,17.666666666666668,1372.3333333333333,3.6666666666666665,8,6.666666666666667,3,1,0.6666666666666666,0.3333333333333333
8528,3,1,2383.85,794.6166666666667,8.666666666666666,604.3333333333334,3.3333333333333335,7,21.666666666666668,1,0,0.3333333333333333,0.0
8529,2,1,619.92,309.96,15.0,1291.5,4.0,6,20.0,1,0,0.5,0.0
8530,1,0,0.0,0.0,1.0,1101.0,4.0,1,0.0,1,1,0.0,1.0
8531,3,3,5049.22,1683.0733333333335,16.333333333333332,1300.6666666666667,4.0,7,3.3333333333333335,3,0,1.0,0.0
8533,7,1,3440.16,491.45142857142855,14.428571428571429,1188.4285714285713,4.0,20,6.428571428571429,5,4,0.14285714285714285,0.8
8534,5,1,5044.07,1008.814,11.2,829.2,3.8,12,9.0,3,2,0.2,0.6666666666666666
8535,3,1,3574.05,1191.3500000000001,10.0,739.0,4.0,10,10.0,1,0,0.3333333333333333,0.0
8536,2,0,0.0,0.0,24.0,731.5,4.0,6,0.0,1,1,0.0,1.0
8537,2,0,0.0,0.0,23.5,570.0,4.0,8,0.0,0,0,0.0,0.0
8538,3,1,2521.33,840.4433333333333,16.0,1156.3333333333333,3.6666666666666665,7,11.666666666666666,3,2,0.3333333333333333,0.6666666666666666
8539,3,0,0.0,0.0,9.333333333333334,584.3333333333334,4.0,6,18.333333333333332,0,0,0.0,0.0
8540,2,0,0.0,0.0,14.5,1259.5,4.0,8,0.0,1,1,0.0,1.0
8541,3,1,769.54,256.5133333333333,15.333333333333334,639.6666666666666,4.333333333333333,4,10.0,3,2,0.3333333333333333,0.6666666666666666
8542,4,1,1311.94,327.985,7.5,422.25,4.0,8,2.5,4,3,0.25,0.75
8543,4,0,0.0,0.0,11.25,995.5,4.0,9,7.5,3,3,0.0,1.0
8544,3,0,0.0,0.0,15.333333333333334,1043.0,4.0,7,0.0,0,0,0.0,0.0
8545,2,2,2476.46,1238.23,9.5,679.5,4.5,5,7.5,2,0,1.0,0.0
8546,2,2,3048.68,1524.34,14.0,332.5,4.5,3,5.0,2,0,1.0,0.0
8547,1,1,269.49,269.49,2.0,1368.0,3.0,1,0.0,1,0,1.0,0.0
8549,3,0,0.0,0.0,17.0,1333.3333333333333,4.0,6,6.666666666666667,3,3,0.0,1.0
8550,2,0,0.0,0.0,17.5,1140.5,4.0,8,12.5,1,1,0.0,1.0
8551,2,0,0.0,0.0,10.0,644.5,4.0,3,0.0,1,1,0.0,1.0
8552,3,1,4360.83,1453.61,3.6666666666666665,961.3333333333334,4.333333333333333,10,15.0,2,1,0.3333333333333333,0.5
8553,2,1,3504.67,1752.335,11.0,1613.0,3.5,6,7.5,1,0,0.5,0.0
8554,4,1,1425.75,356.4375,6.5,1049.5,4.0,13,7.5,2,1,0.25,0.5
8555,1,0,0.0,0.0,13.0,1573.0,4.0,1,0.0,1,1,0.0,1.0
8556,3,1,317.38,105.79333333333334,11.666666666666666,1137.3333333333333,3.6666666666666665,6,1.6666666666666667,2,1,0.3333333333333333,0.5
8557,5,1,425.09,85.018,9.6,972.6,3.6,16,3.0,3,2,0.2,0.6666666666666666
8558,5,1,1949.77,389.954,8.0,816.2,4.0,12,16.0,1,0,0.2,0.0
8559,2,0,0.0,0.0,14.5,1557.0,4.0,7,17.5,2,2,0.0,1.0
8560,4,0,0.0,0.0,8.25,652.5,4.0,8,8.75,4,4,0.0,1.0
8561,3,0,0.0,0.0,9.333333333333334,1370.3333333333333,4.0,6,11.666666666666666,2,2,0.0,1.0
8562,1,1,1920.3,1920.3,1.0,787.0,5.0,2,20.0,1,0,1.0,0.0
8563,2,2,5281.4,2640.7,8.5,1030.5,3.0,4,7.5,2,0,1.0,0.0
8564,3,0,0.0,0.0,10.333333333333334,659.3333333333334,4.0,3,3.3333333333333335,3,3,0.0,1.0
8565,1,0,0.0,0.0,22.0,1389.0,4.0,3,25.0,1,1,0.0,1.0
8566,3,0,0.0,0.0,16.0,1278.6666666666667,4.0,11,5.0,2,2,0.0,1.0
8567,4,1,852.8,213.2,16.0,1377.25,3.25,13,10.0,2,1,0.25,0.5
8568,2,0,0.0,0.0,16.0,1132.0,4.0,8,10.0,0,0,0.0,0.0
8569,4,0,0.0,0.0,11.0,689.25,4.0,12,11.25,3,3,0.0,1.0
8570,2,0,0.0,0.0,8.5,1257.0,4.0,6,17.5,1,1,0.0,1.0
8572,1,1,2339.99,2339.99,3.0,307.0,2.0,3,30.0,1,0,1.0,0.0
8573,2,2,1965.52,982.76,6.0,331.5,4.0,7,22.5,2,0,1.0,0.0
8574,4,1,1228.97,307.2425,12.75,724.0,4.0,10,13.75,4,3,0.25,0.75
8575,2,1,1024.64,512.32,12.0,660.5,4.0,3,2.5,1,0,0.5,0.0
8577,4,1,1363.78,340.945,10.75,1231.25,4.0,7,3.75,3,2,0.25,0.6666666666666666
8578,4,0,0.0,0.0,9.75,775.75,4.0,10,22.5,4,4,0.0,1.0
8579,3,0,0.0,0.0,7.333333333333333,352.6666666666667,4.0,7,15.0,3,3,0.0,1.0
8580,2,0,0.0,0.0,18.0,1000.5,4.0,4,7.5,1,1,0.0,1.0
8581,1,0,0.0,0.0,2.0,1475.0,4.0,3,30.0,0,0,0.0,0.0
8582,2,0,0.0,0.0,2.5,1727.5,4.0,3,2.5,1,1,0.0,1.0
8583,9,1,725.88,80.65333333333334,12.777777777777779,718.8888888888889,3.888888888888889,25,8.88888888888889,7,6,0.1111111111111111,0.8571428571428571
8584,8,2,2063.11,257.88875,13.625,695.5,4.0,19,8.75,7,5,0.25,0.7142857142857143
8585,3,1,1133.7,377.90000000000003,10.0,646.0,4.333333333333333,9,5.0,2,1,0.3333333333333333,0.5
8586,2,2,4753.72,2376.86,18.5,1010.0,4.0,3,0.0,2,0,1.0,0.0
8588,4,1,429.02,107.255,12.5,894.75,4.25,7,10.0,4,3,0.25,0.75
8589,1,1,222.62,222.62,14.0,1749.0,4.0,2,0.0,1,0,1.0,0.0
8590,2,0,0.0,0.0,13.0,244.0,4.0,4,5.0,0,0,0.0,0.0
8591,5,0,0.0,0.0,17.6,1026.8,4.0,11,9.0,3,3,0.0,1.0
8592,2,0,0.0,0.0,13.0,897.5,4.0,2,0.0,0,0,0.0,0.0
8593,4,2,1393.39,348.3475,12.0,1263.0,4.5,6,5.0,2,0,0.5,0.0
8594,1,0,0.0,0.0,14.0,1035.0,4.0,1,15.0,1,1,0.0,1.0
8595,3,1,3399.54,1133.18,15.0,809.0,3.3333333333333335,10,6.666666666666667,2,1,0.3333333333333333,0.5
8596,2,1,1619.06,809.53,15.0,1085.5,4.5,5,10.0,2,1,0.5,0.5
8597,6,1,3589.02,598.17,15.166666666666666,397.5,4.0,16,8.333333333333334,2,1,0.16666666666666666,0.5
8598,3,0,0.0,0.0,13.0,830.0,4.0,10,8.333333333333334,1,1,0.0,1.0
8599,1,0,0.0,0.0,11.0,795.0,4.0,2,20.0,0,0,0.0,0.0
8600,3,0,0.0,0.0,12.333333333333334,1066.0,4.0,9,0.0,2,2,0.0,1.0
8601,1,0,0.0,0.0,14.0,1557.0,4.0,3,0.0,1,1,0.0,1.0
8602,3,0,0.0,0.0,17.0,892.3333333333334,4.0,5,15.0,2,2,0.0,1.0
8603,1,1,5573.31,5573.31,12.0,1043.0,3.0,4,5.0,1,0,1.0,0.0
8604,3,1,2045.2,681.7333333333333,16.0,877.3333333333334,3.6666666666666665,9,16.666666666666668,3,2,0.3333333333333333,0.6666666666666666
8605,2,1,2349.79,1174.895,9.5,1062.5,4.5,3,5.0,1,0,0.5,0.0
8606,3,0,0.0,0.0,10.333333333333334,693.6666666666666,4.0,7,11.666666666666666,3,3,0.0,1.0
8607,1,0,0.0,0.0,24.0,994.0,4.0,4,15.0,0,0,0.0,0.0
8608,5,3,11392.83,2278.566,12.0,1445.4,3.2,12,4.0,5,2,0.6,0.4
8609,4,1,761.8,190.45,7.25,666.5,4.0,11,11.25,4,3,0.25,0.75
8610,1,1,206.4,206.4,9.0,328.0,3.0,1,20.0,1,0,1.0,0.0
8611,3,1,5016.35,1672.1166666666668,7.666666666666667,1313.6666666666667,3.0,9,10.0,3,2,0.3333333333333333,0.6666666666666666
8612,2,0,0.0,0.0,2.5,1416.0,4.0,5,12.5,2,2,0.0,1.0
8613,5,3,4117.28,823.4559999999999,7.6,669.2,3.2,15,7.0,4,1,0.6,0.25
8614,5,2,1475.46,295.092,11.2,908.8,4.0,9,14.0,3,1,0.4,0.3333333333333333
8615,5,2,2043.3,408.65999999999997,10.2,740.6,3.6,8,9.0,2,0,0.4,0.0
8616,3,1,402.05,134.01666666666668,6.0,1042.3333333333333,3.6666666666666665,6,20.0,3,2,0.3333333333333333,0.6666666666666666
8617,2,1,633.84,316.92,9.0,1599.0,4.5,4,20.0,1,0,0.5,0.0
8618,3,0,0.0,0.0,9.666666666666666,1482.6666666666667,4.0,7,8.333333333333334,2,2,0.0,1.0
8619,2,0,0.0,0.0,9.0,331.5,4.0,2,5.0,1,1,0.0,1.0
8620,1,0,0.0,0.0,20.0,282.0,4.0,3,0.0,0,0,0.0,0.0
8621,6,0,0.0,0.0,14.0,1238.8333333333333,4.0,21,7.5,4,4,0.0,1.0
8622,2,1,1243.98,621.99,6.5,1336.5,3.5,7,7.5,1,0,0.5,0.0
8623,2,0,0.0,0.0,4.5,969.5,4.0,7,5.0,2,2,0.0,1.0
8624,1,1,1983.42,1983.42,10.0,903.0,4.0,2,0.0,1,0,1.0,0.0
8625,3,1,860.52,286.84,15.333333333333334,633.0,3.3333333333333335,8,10.0,1,0,0.3333333333333333,0.0
8626,1,0,0.0,0.0,9.0,931.0,4.0,4,30.0,0,0,0.0,0.0
8627,1,0,0.0,0.0,18.0,1244.0,4.0,1,0.0,1,1,0.0,1.0
8628,5,2,1378.9,275.78000000000003,15.0,682.0,4.0,12,14.0,3,1,0.4,0.3333333333333333
8629,3,2,4782.21,1594.07,16.0,1303.6666666666667,2.6666666666666665,10,3.3333333333333335,3,1,0.6666666666666666,0.3333333333333333
8630,4,1,321.92,80.48,14.75,793.5,4.0,8,7.5,4,3,0.25,0.75
8631,1,0,0.0,0.0,22.0,84.0,4.0,3,10.0,1,1,0.0,1.0
8632,2,1,599.67,299.835,16.0,520.0,4.0,5,20.0,2,1,0.5,0.5
8633,3,1,228.21,76.07000000000001,7.333333333333333,1025.3333333333333,4.0,8,6.666666666666667,3,2,0.3333333333333333,0.6666666666666666
8634,6,1,3000.21,500.035,10.333333333333334,935.0,4.166666666666667,14,2.5,5,4,0.16666666666666666,0.8
8635,1,0,0.0,0.0,20.0,596.0,4.0,2,0.0,1,1,0.0,1.0
8636,3,2,3314.53,1104.8433333333335,4.333333333333333,1162.0,4.333333333333333,9,10.0,2,0,0.6666666666666666,0.0
8637,2,0,0.0,0.0,17.5,1409.0,4.0,5,15.0,2,2,0.0,1.0
8638,7,1,1292.67,184.66714285714286,12.571428571428571,870.1428571428571,3.7142857142857144,16,2.142857142857143,3,2,0.14285714285714285,0.6666666666666666
8639,2,0,0.0,0.0,16.0,514.5,4.0,5,7.5,1,1,0.0,1.0
8640,4,0,0.0,0.0,13.25,1281.75,4.0,8,6.25,2,2,0.0,1.0
8641,2,1,293.78,146.89,12.5,271.5,4.0,5,25.0,2,1,0.5,0.5
8642,5,1,1284.44,256.88800000000003,12.8,959.6,4.0,12,6.0,4,3,0.2,0.75
8643,4,0,0.0,0.0,8.5,814.75,4.0,12,10.0,1,1,0.0,1.0
8644,2,2,3074.87,1537.435,4.5,340.0,4.5,4,10.0,2,0,1.0,0.0
8645,2,0,0.0,0.0,20.5,716.5,4.0,5,2.5,1,1,0.0,1.0
8646,3,1,3080.44,1026.8133333333333,9.666666666666666,853.6666666666666,4.0,9,11.666666666666666,1,0,0.3333333333333333,0.0
8647,5,0,0.0,0.0,14.2,844.8,4.0,11,19.0,2,2,0.0,1.0
8648,2,1,3620.26,1810.13,19.0,670.5,4.5,4,7.5,1,0,0.5,0.0
8649,2,0,0.0,0.0,11.0,1242.0,4.0,4,0.0,2,2,0.0,1.0
8650,2,1,1225.52,612.76,9.0,422.0,4.0,8,5.0,2,1,0.5,0.5
8651,8,2,6519.0599999999995,814.8824999999999,13.5,587.125,3.875,19,12.5,6,4,0.25,0.6666666666666666
8652,1,0,0.0,0.0,13.0,280.0,4.0,1,5.0,0,0,0.0,0.0
8653,5,3,3744.0,748.8,8.0,666.6,4.6,14,3.0,4,1,0.6,0.25
8654,5,1,247.18,49.436,16.4,607.8,4.2,15,9.0,4,3,0.2,0.75
8655,4,1,773.69,193.4225,16.25,416.25,4.25,10,13.75,3,2,0.25,0.6666666666666666
8656,2,0,0.0,0.0,14.0,1158.0,4.0,5,15.0,1,1,0.0,1.0
8657,1,0,0.0,0.0,21.0,1473.0,4.0,4,0.0,1,1,0.0,1.0
8658,2,0,0.0,0.0,17.5,897.0,4.0,5,2.5,1,1,0.0,1.0
8659,3,1,1051.56,350.52,7.0,1061.6666666666667,4.0,7,6.666666666666667,2,1,0.3333333333333333,0.5
8660,3,1,303.18,101.06,8.666666666666666,612.3333333333334,3.6666666666666665,8,15.0,2,1,0.3333333333333333,0.5
8661,2,0,0.0,0.0,18.5,934.5,4.0,5,0.0,1,1,0.0,1.0
8662,5,0,0.0,0.0,14.2,1094.6,4.0,11,19.0,4,4,0.0,1.0
8663,2,0,0.0,0.0,18.5,1298.5,4.0,4,10.0,0,0,0.0,0.0
8664,2,1,1122.73,561.365,5.5,1076.0,4.5,2,10.0,2,1,0.5,0.5
8665,5,0,0.0,0.0,11.8,1078.4,4.0,8,15.0,3,3,0.0,1.0
8666,3,0,0.0,0.0,7.333333333333333,495.0,4.0,9,8.333333333333334,2,2,0.0,1.0
8667,4,2,687.1899999999999,171.79749999999999,8.0,423.5,4.0,9,10.0,3,1,0.5,0.3333333333333333
8668,4,2,1320.7,330.175,13.0,703.0,4.5,8,6.25,3,1,0.5,0.3333333333333333
8670,4,1,192.56,48.14,10.75,1216.75,4.25,8,12.5,2,1,0.25,0.5
8672,2,0,0.0,0.0,9.5,694.5,4.0,2,0.0,1,1,0.0,1.0
8673,2,0,0.0,0.0,16.5,835.5,4.0,6,12.5,2,2,0.0,1.0
8674,2,1,419.8,209.9,8.5,1263.0,4.5,3,20.0,1,0,0.5,0.0
8675,3,0,0.0,0.0,12.333333333333334,939.6666666666666,4.0,10,11.666666666666666,1,1,0.0,1.0
8676,1,0,0.0,0.0,15.0,321.0,4.0,2,20.0,1,1,0.0,1.0
8677,2,1,2762.84,1381.42,9.5,1387.5,3.0,8,7.5,2,1,0.5,0.5
8678,2,0,0.0,0.0,17.5,1295.0,4.0,5,0.0,1,1,0.0,1.0
8679,4,2,3688.9,922.225,17.0,546.0,4.5,8,16.25,4,2,0.5,0.5
8681,3,1,2696.42,898.8066666666667,11.0,978.0,3.3333333333333335,9,10.0,1,0,0.3333333333333333,0.0
8682,3,2,5531.929999999999,1843.9766666666665,11.0,1344.3333333333333,4.333333333333333,8,8.333333333333334,2,0,0.6666666666666666,0.0
8684,2,1,1411.34,705.67,13.5,340.5,3.0,3,12.5,1,0,0.5,0.0
8685,6,1,1055.11,175.85166666666666,11.166666666666666,982.3333333333334,4.166666666666667,14,10.0,3,2,0.16666666666666666,0.6666666666666666
8686,7,2,3010.2799999999997,430.03999999999996,14.571428571428571,746.0,4.142857142857143,15,12.142857142857142,3,1,0.2857142857142857,0.3333333333333333
8687,4,0,0.0,0.0,13.5,865.75,4.0,6,13.75,1,1,0.0,1.0
8688,5,1,700.49,140.098,16.6,1042.8,4.0,8,9.0,4,3,0.2,0.75
8689,3,0,0.0,0.0,12.333333333333334,991.0,4.0,6,5.0,2,2,0.0,1.0
8690,2,0,0.0,0.0,18.0,361.5,4.0,3,10.0,1,1,0.0,1.0
8691,1,0,0.0,0.0,7.0,1725.0,4.0,2,5.0,0,0,0.0,0.0
8692,1,0,0.0,0.0,21.0,643.0,4.0,4,15.0,0,0,0.0,0.0
8693,3,0,0.0,0.0,14.0,301.3333333333333,4.0,6,5.0,3,3,0.0,1.0
8694,4,2,2245.58,561.395,8.25,1536.75,4.5,11,13.75,2,0,0.5,0.0
8695,3,0,0.0,0.0,10.666666666666666,525.6666666666666,4.0,7,5.0,1,1,0.0,1.0
8696,2,0,0.0,0.0,15.5,853.0,4.0,5,7.5,0,0,0.0,0.0
8697,1,0,0.0,0.0,3.0,1261.0,4.0,3,15.0,1,1,0.0,1.0
8698,3,0,0.0,0.0,15.666666666666666,830.6666666666666,4.0,9,1.6666666666666667,1,1,0.0,1.0
8699,4,1,1432.62,358.155,11.25,1014.25,3.25,9,12.5,2,1,0.25,0.5
8700,2,0,0.0,0.0,9.0,1494.0,4.0,5,7.5,2,2,0.0,1.0
8701,2,0,0.0,0.0,4.0,287.0,4.0,5,0.0,1,1,0.0,1.0
8702,2,0,0.0,0.0,16.0,948.5,4.0,6,20.0,2,2,0.0,1.0
8703,1,0,0.0,0.0,22.0,1222.0,4.0,3,15.0,0,0,0.0,0.0
8704,4,0,0.0,0.0,10.25,1427.75,4.0,11,1.25,1,1,0.0,1.0
8705,1,0,0.0,0.0,6.0,1115.0,4.0,3,15.0,0,0,0.0,0.0
8706,3,0,0.0,0.0,4.333333333333333,1256.0,4.0,7,16.666666666666668,0,0,0.0,0.0
8707,3,1,4850.2,1616.7333333333333,8.0,812.3333333333334,4.333333333333333,10,6.666666666666667,2,1,0.3333333333333333,0.5
8708,9,3,5309.18,589.9088888888889,15.222222222222221,1073.4444444444443,3.5555555555555554,25,13.88888888888889,7,4,0.3333333333333333,0.5714285714285714
8709,2,1,321.04,160.52,9.5,1389.5,4.0,6,7.5,2,1,0.5,0.5
8710,5,1,551.11,110.22200000000001,11.6,666.2,4.0,15,10.0,3,2,0.2,0.6666666666666666
8711,3,2,3403.38,1134.46,7.666666666666667,837.6666666666666,3.0,10,0.0,3,1,0.6666666666666666,0.3333333333333333
8712,4,1,1549.83,387.4575,18.0,1311.5,4.25,13,5.0,2,1,0.25,0.5
8713,2,0,0.0,0.0,11.5,181.5,4.0,2,10.0,1,1,0.0,1.0
8714,5,0,0.0,0.0,10.2,699.6,4.0,12,5.0,2,2,0.0,1.0
8715,3,2,2696.56,898.8533333333334,13.0,879.6666666666666,3.6666666666666665,12,15.0,2,0,0.6666666666666666,0.0
8716,4,1,142.61,35.6525,14.5,908.0,4.25,10,7.5,4,3,0.25,0.75
8717,2,0,0.0,0.0,14.5,1209.5,4.0,5,10.0,0,0,0.0,0.0
8718,1,0,0.0,0.0,22.0,94.0,4.0,1,0.0,1,1,0.0,1.0
8719,2,0,0.0,0.0,3.5,665.5,4.0,2,10.0,2,2,0.0,1.0
8720,2,0,0.0,0.0,18.5,1381.5,4.0,5,10.0,1,1,0.0,1.0
8721,2,0,0.0,0.0,7.5,790.5,4.0,5,2.5,1,1,0.0,1.0
8722,1,1,720.51,720.51,17.0,736.0,4.0,1,0.0,1,0,1.0,0.0
8723,2,0,0.0,0.0,6.5,1049.5,4.0,3,7.5,2,2,0.0,1.0
8724,1,0,0.0,0.0,8.0,936.0,4.0,4,0.0,1,1,0.0,1.0
8725,3,0,0.0,0.0,9.333333333333334,820.0,4.0,7,15.0,1,1,0.0,1.0
8726,3,0,0.0,0.0,15.0,679.6666666666666,4.0,6,10.0,2,2,0.0,1.0
8727,3,1,2650.26,883.4200000000001,9.666666666666666,1159.6666666666667,3.6666666666666665,9,13.333333333333334,1,0,0.3333333333333333,0.0
8729,4,2,1410.47,352.6175,12.5,1195.25,4.0,11,3.75,4,2,0.5,0.5
8730,2,1,2972.55,1486.275,21.0,1166.5,4.5,4,5.0,1,0,0.5,0.0
8731,2,0,0.0,0.0,13.5,793.0,4.0,5,10.0,1,1,0.0,1.0
8734,3,1,639.1,213.03333333333333,13.0,1055.6666666666667,4.333333333333333,8,10.0,3,2,0.3333333333333333,0.6666666666666666
8735,3,1,1335.54,445.18,10.666666666666666,458.6666666666667,4.0,7,6.666666666666667,3,2,0.3333333333333333,0.6666666666666666
8736,2,1,2908.37,1454.185,5.5,1410.5,4.0,5,10.0,1,0,0.5,0.0
8737,5,2,4190.45,838.0899999999999,13.0,290.4,4.2,15,11.0,4,2,0.4,0.5
8738,2,1,2842.11,1421.055,11.0,606.5,3.0,6,10.0,1,0,0.5,0.0
8739,2,0,0.0,0.0,18.5,1232.5,4.0,4,12.5,2,2,0.0,1.0
8740,8,1,521.32,65.165,14.5,975.875,4.0,20,8.75,5,4,0.125,0.8
8741,3,1,622.52,207.50666666666666,18.666666666666668,546.6666666666666,3.3333333333333335,4,11.666666666666666,2,1,0.3333333333333333,0.5
8742,2,0,0.0,0.0,1.5,370.5,4.0,8,10.0,1,1,0.0,1.0
8743,4,0,0.0,0.0,10.75,896.75,4.0,11,7.5,2,2,0.0,1.0
8744,4,1,5100.64,1275.16,16.5,760.25,3.75,9,6.25,3,2,0.25,0.6666666666666666
8745,5,1,1771.88,354.37600000000003,10.2,1072.0,4.2,14,6.0,5,4,0.2,0.8
8746,2,0,0.0,0.0,15.5,1373.0,4.0,2,5.0,1,1,0.0,1.0
8747,4,0,0.0,0.0,11.5,905.0,4.0,8,12.5,2,2,0.0,1.0
8749,5,1,2386.46,477.29200000000003,14.0,932.8,3.8,11,4.0,3,2,0.2,0.6666666666666666
8750,4,3,4052.46,1013.115,12.5,903.25,3.75,12,6.25,3,0,0.75,0.0
8751,1,1,961.12,961.12,16.0,806.0,2.0,3,15.0,1,0,1.0,0.0
8753,2,0,0.0,0.0,16.0,1116.0,4.0,6,15.0,1,1,0.0,1.0
8754,2,1,1185.87,592.935,13.5,1216.5,4.5,3,17.5,1,0,0.5,0.0
8755,4,1,498.93,124.7325,9.25,355.0,4.25,11,7.5,4,3,0.25,0.75
8756,5,1,1859.51,371.902,19.4,711.6,4.2,13,20.0,2,1,0.2,0.5
8757,1,0,0.0,0.0,3.0,1242.0,4.0,2,0.0,1,1,0.0,1.0
8758,4,0,0.0,0.0,12.75,881.5,4.0,10,16.25,0,0,0.0,0.0
8761,2,1,509.3,254.65,20.5,991.5,4.0,3,5.0,1,0,0.5,0.0
8762,3,0,0.0,0.0,19.0,1007.3333333333334,4.0,8,16.666666666666668,2,2,0.0,1.0
8763,6,0,0.0,0.0,11.666666666666666,972.8333333333334,4.0,14,12.5,4,4,0.0,1.0
8764,1,0,0.0,0.0,7.0,117.0,4.0,4,10.0,1,1,0.0,1.0
8765,1,0,0.0,0.0,20.0,480.0,4.0,4,15.0,1,1,0.0,1.0
8766,3,0,0.0,0.0,12.0,684.0,4.0,5,13.333333333333334,2,2,0.0,1.0
8767,4,0,0.0,0.0,17.25,843.25,4.0,10,5.0,3,3,0.0,1.0
8768,4,1,2304.68,576.17,12.75,959.75,3.75,13,5.0,3,2,0.25,0.6666666666666666
8769,3,1,330.88,110.29333333333334,10.0,972.6666666666666,3.6666666666666665,4,10.0,1,0,0.3333333333333333,0.0
8770,5,0,0.0,0.0,16.8,1042.4,4.0,14,3.0,2,2,0.0,1.0
8771,1,1,496.95,496.95,17.0,1616.0,4.0,2,5.0,1,0,1.0,0.0
8772,4,2,6876.8099999999995,1719.2024999999999,17.0,787.5,3.5,13,6.25,3,1,0.5,0.3333333333333333
8773,4,1,1260.34,315.085,16.0,1133.0,4.0,9,6.25,3,2,0.25,0.6666666666666666
8774,2,1,2742.25,1371.125,16.5,711.5,4.5,7,10.0,2,1,0.5,0.5
8775,2,1,903.06,451.53,17.0,673.0,4.0,6,10.0,2,1,0.5,0.5
8776,4,1,2103.78,525.945,10.25,434.25,4.0,8,1.25,4,3,0.25,0.75
8777,2,0,0.0,0.0,7.5,664.0,4.0,7,7.5,1,1,0.0,1.0
8778,1,0,0.0,0.0,19.0,1052.0,4.0,4,0.0,1,1,0.0,1.0
8779,3,2,4196.82,1398.9399999999998,16.0,718.0,4.333333333333333,12,11.666666666666666,3,1,0.6666666666666666,0.3333333333333333
8780,1,0,0.0,0.0,15.0,532.0,4.0,3,0.0,0,0,0.0,0.0
8781,5,2,3952.1299999999997,790.4259999999999,15.6,745.0,4.0,11,4.0,3,1,0.4,0.3333333333333333
8782,4,1,1482.06,370.515,15.0,1149.0,3.75,5,3.75,3,2,0.25,0.6666666666666666
8783,4,0,0.0,0.0,11.0,1287.25,4.0,12,3.75,2,2,0.0,1.0
8784,2,1,3335.66,1667.83,9.5,1688.0,4.5,7,7.5,1,0,0.5,0.0
8785,3,1,1184.28,394.76,5.0,1247.0,3.6666666666666665,3,18.333333333333332,2,1,0.3333333333333333,0.5
8786,1,0,0.0,0.0,17.0,1527.0,4.0,2,0.0,0,0,0.0,0.0
8788,4,0,0.0,0.0,11.75,1128.5,4.0,15,7.5,2,2,0.0,1.0
8789,3,0,0.0,0.0,15.333333333333334,952.0,4.0,8,13.333333333333334,2,2,0.0,1.0
8790,1,0,0.0,0.0,21.0,1068.0,4.0,2,10.0,0,0,0.0,0.0
8791,3,1,618.21,206.07000000000002,14.333333333333334,497.0,4.0,5,16.666666666666668,1,0,0.3333333333333333,0.0
8792,1,0,0.0,0.0,18.0,225.0,4.0,3,25.0,1,1,0.0,1.0
8793,4,0,0.0,0.0,17.75,820.5,4.0,11,10.0,2,2,0.0,1.0
8794,3,1,3869.36,1289.7866666666666,7.666666666666667,1117.6666666666667,4.333333333333333,8,1.6666666666666667,2,1,0.3333333333333333,0.5
8795,2,1,1354.32,677.16,10.0,863.5,4.0,6,0.0,1,0,0.5,0.0
8796,2,1,637.1,318.55,16.0,788.5,4.5,5,12.5,2,1,0.5,0.5
8798,1,0,0.0,0.0,4.0,1313.0,4.0,2,10.0,1,1,0.0,1.0
8800,2,1,609.54,304.77,14.5,412.5,4.0,4,0.0,1,0,0.5,0.0
8801,2,1,1935.4,967.7,15.5,1174.5,4.5,7,10.0,1,0,0.5,0.0
8802,3,0,0.0,0.0,17.666666666666668,1167.0,4.0,5,16.666666666666668,2,2,0.0,1.0
8803,3,0,0.0,0.0,11.666666666666666,1072.0,4.0,6,11.666666666666666,1,1,0.0,1.0
8804,3,0,0.0,0.0,18.0,1084.6666666666667,4.0,11,0.0,0,0,0.0,0.0
8805,2,0,0.0,0.0,12.0,328.5,4.0,5,0.0,2,2,0.0,1.0
8806,4,1,107.6,26.9,7.75,421.0,3.5,11,15.0,4,3,0.25,0.75
8807,3,0,0.0,0.0,16.666666666666668,1383.3333333333333,4.0,10,10.0,2,2,0.0,1.0
8808,2,1,6869.81,3434.905,6.5,753.5,4.0,8,15.0,2,1,0.5,0.5
8809,3,0,0.0,0.0,10.333333333333334,1649.3333333333333,4.0,6,6.666666666666667,2,2,0.0,1.0
8810,2,0,0.0,0.0,13.5,440.5,4.0,4,22.5,1,1,0.0,1.0
8811,4,2,1674.1,418.525,19.5,1128.5,3.75,10,15.0,3,1,0.5,0.3333333333333333
8812,2,0,0.0,0.0,4.0,1611.5,4.0,5,15.0,2,2,0.0,1.0
8813,5,0,0.0,0.0,15.2,689.0,4.0,17,7.0,1,1,0.0,1.0
8814,1,0,0.0,0.0,3.0,623.0,4.0,1,0.0,0,0,0.0,0.0
8815,6,1,2769.81,461.635,15.333333333333334,1008.6666666666666,3.6666666666666665,20,8.333333333333334,4,3,0.16666666666666666,0.75
8817,5,2,2367.32,473.46400000000006,13.2,706.8,4.2,10,12.0,3,1,0.4,0.3333333333333333
8818,5,2,1002.8199999999999,200.564,11.4,1154.8,3.4,9,11.0,3,1,0.4,0.3333333333333333
8819,2,0,0.0,0.0,4.0,1186.0,4.0,4,0.0,2,2,0.0,1.0
8820,6,0,0.0,0.0,16.166666666666668,877.3333333333334,4.0,12,8.333333333333334,4,4,0.0,1.0
8821,1,0,0.0,0.0,5.0,736.0,4.0,1,5.0,0,0,0.0,0.0
8822,1,0,0.0,0.0,19.0,441.0,4.0,3,0.0,1,1,0.0,1.0
8823,7,2,4389.32,627.0457142857142,14.857142857142858,550.8571428571429,3.2857142857142856,20,15.714285714285714,5,3,0.2857142857142857,0.6
8824,1,1,2766.2,2766.2,6.0,940.0,5.0,3,25.0,1,0,1.0,0.0
8826,2,1,2952.3,1476.15,15.5,1172.5,4.5,5,5.0,2,1,0.5,0.5
8827,2,0,0.0,0.0,17.5,1636.0,4.0,5,7.5,1,1,0.0,1.0
8828,2,0,0.0,0.0,8.5,752.0,4.0,2,10.0,0,0,0.0,0.0
8829,3,1,185.95,61.98333333333333,11.666666666666666,986.6666666666666,4.333333333333333,8,5.0,2,1,0.3333333333333333,0.5
8830,2,1,560.76,280.38,9.5,1473.5,4.0,4,7.5,2,1,0.5,0.5
8831,2,0,0.0,0.0,7.5,782.0,4.0,2,12.5,2,2,0.0,1.0
8832,3,0,0.0,0.0,10.0,673.6666666666666,4.0,8,3.3333333333333335,1,1,0.0,1.0
8833,1,1,501.55,501.55,2.0,989.0,4.0,1,10.0,1,0,1.0,0.0
8834,3,0,0.0,0.0,13.0,1008.3333333333334,4.0,7,13.333333333333334,3,3,0.0,1.0
8835,3,1,2062.68,687.56,15.0,753.3333333333334,3.0,9,0.0,2,1,0.3333333333333333,0.5
8838,3,0,0.0,0.0,16.0,960.3333333333334,4.0,7,5.0,3,3,0.0,1.0
8839,2,0,0.0,0.0,9.0,1207.0,4.0,5,7.5,2,2,0.0,1.0
8840,6,1,1323.14,220.52333333333334,11.666666666666666,951.1666666666666,3.8333333333333335,18,9.166666666666666,4,3,0.16666666666666666,0.75
8841,3,1,866.52,288.84,15.333333333333334,790.6666666666666,3.3333333333333335,8,8.333333333333334,1,0,0.3333333333333333,0.0
8842,4,1,940.44,235.11,14.25,1223.0,4.0,11,15.0,1,0,0.25,0.0
8844,2,0,0.0,0.0,15.0,441.5,4.0,8,12.5,1,1,0.0,1.0
8845,1,1,60.08,60.08,12.0,164.0,3.0,1,25.0,1,0,1.0,0.0
8846,4,3,2596.08,649.02,16.5,940.0,3.5,7,6.25,3,0,0.75,0.0
8847,2,0,0.0,0.0,18.0,1023.0,4.0,6,5.0,2,2,0.0,1.0
8848,3,1,5978.31,1992.7700000000002,5.333333333333333,1417.3333333333333,4.0,6,1.6666666666666667,2,1,0.3333333333333333,0.5
8849,1,0,0.0,0.0,6.0,594.0,4.0,2,20.0,1,1,0.0,1.0
8850,2,1,2304.21,1152.105,4.0,836.5,4.5,5,25.0,2,1,0.5,0.5
8851,4,2,7454.47,1863.6175,16.0,830.5,2.5,9,5.0,4,2,0.5,0.5
8852,2,1,1788.51,894.255,9.0,691.0,4.5,2,0.0,1,0,0.5,0.0
8853,3,0,0.0,0.0,12.666666666666666,1422.0,4.0,10,0.0,2,2,0.0,1.0
8854,4,1,1066.89,266.7225,13.5,968.75,4.25,11,10.0,2,1,0.25,0.5
8855,5,1,665.74,133.148,17.4,1190.2,4.2,11,4.0,3,2,0.2,0.6666666666666666
8856,4,0,0.0,0.0,12.25,944.75,4.0,9,20.0,0,0,0.0,0.0
8857,1,0,0.0,0.0,5.0,1537.0,4.0,1,10.0,0,0,0.0,0.0
8858,3,1,1202.04,400.68,10.666666666666666,1110.3333333333333,4.333333333333333,8,6.666666666666667,1,0,0.3333333333333333,0.0
8859,1,0,0.0,0.0,20.0,667.0,4.0,2,0.0,1,1,0.0,1.0
8861,3,1,2485.73,828.5766666666667,17.0,1158.0,4.333333333333333,9,1.6666666666666667,1,0,0.3333333333333333,0.0
8862,4,0,0.0,0.0,16.0,567.25,4.0,14,2.5,3,3,0.0,1.0
8863,2,1,1434.13,717.065,13.5,640.5,3.5,7,5.0,1,0,0.5,0.0
8864,2,1,182.49,91.245,14.0,537.0,3.5,5,2.5,2,1,0.5,0.5
8865,1,0,0.0,0.0,16.0,1545.0,4.0,3,30.0,1,1,0.0,1.0
8866,1,1,1659.78,1659.78,6.0,690.0,2.0,2,0.0,1,0,1.0,0.0
8867,2,0,0.0,0.0,2.5,1339.5,4.0,4,5.0,0,0,0.0,0.0
8868,4,0,0.0,0.0,13.25,632.25,4.0,13,5.0,3,3,0.0,1.0
8869,2,0,0.0,0.0,14.5,979.0,4.0,6,20.0,1,1,0.0,1.0
8870,4,0,0.0,0.0,16.0,914.5,4.0,8,10.0,3,3,0.0,1.0
8871,2,0,0.0,0.0,7.0,757.0,4.0,4,25.0,1,1,0.0,1.0
8872,3,1,886.42,295.4733333333333,14.0,476.0,3.6666666666666665,7,10.0,2,1,0.3333333333333333,0.5
8873,2,1,167.64,83.82,21.0,431.0,4.0,5,0.0,1,0,0.5,0.0
8874,6,0,0.0,0.0,13.333333333333334,780.5,4.0,15,7.5,4,4,0.0,1.0
8875,2,1,696.68,348.34,8.5,924.0,3.5,6,7.5,2,1,0.5,0.5
8876,3,1,322.82,107.60666666666667,5.0,761.0,3.3333333333333335,8,8.333333333333334,1,0,0.3333333333333333,0.0
8878,6,1,3492.4,582.0666666666667,16.333333333333332,1015.1666666666666,4.0,17,4.166666666666667,3,2,0.16666666666666666,0.6666666666666666
8879,2,1,942.82,471.41,21.0,878.5,4.0,6,7.5,2,1,0.5,0.5
8880,3,0,0.0,0.0,19.0,599.6666666666666,4.0,7,8.333333333333334,3,3,0.0,1.0
8881,4,1,675.05,168.7625,17.75,1090.75,4.0,6,6.25,4,3,0.25,0.75
8882,1,0,0.0,0.0,2.0,949.0,4.0,4,0.0,0,0,0.0,0.0
8883,1,1,566.58,566.58,3.0,1150.0,4.0,4,30.0,1,0,1.0,0.0
8884,3,1,494.97,164.99,19.666666666666668,870.6666666666666,3.6666666666666665,8,16.666666666666668,3,2,0.3333333333333333,0.6666666666666666
8885,5,1,1193.0,238.6,16.2,1035.8,4.2,12,7.0,2,1,0.2,0.5
8886,2,0,0.0,0.0,9.0,376.0,4.0,6,5.0,1,1,0.0,1.0
8889,4,0,0.0,0.0,8.5,964.25,4.0,8,13.75,1,1,0.0,1.0
8890,1,0,0.0,0.0,16.0,1666.0,4.0,4,0.0,1,1,0.0,1.0
8891,1,0,0.0,0.0,3.0,1736.0,4.0,1,0.0,0,0,0.0,0.0
8893,1,0,0.0,0.0,16.0,807.0,4.0,4,0.0,0,0,0.0,0.0
8894,7,1,590.08,84.29714285714286,13.714285714285714,1277.857142857143,4.0,19,8.571428571428571,4,3,0.14285714285714285,0.75
8895,4,0,0.0,0.0,13.75,1219.5,4.0,10,16.25,0,0,0.0,0.0
8896,3,1,905.89,301.9633333333333,6.333333333333333,660.6666666666666,4.333333333333333,5,5.0,3,2,0.3333333333333333,0.6666666666666666
8897,1,0,0.0,0.0,17.0,21.0,4.0,4,0.0,1,1,0.0,1.0
8898,2,1,5727.51,2863.755,13.5,1351.5,4.0,6,2.5,2,1,0.5,0.5
8899,1,1,1790.1,1790.1,9.0,481.0,4.0,2,0.0,1,0,1.0,0.0
8900,4,0,0.0,0.0,14.0,1051.0,4.0,9,5.0,3,3,0.0,1.0
8901,3,0,0.0,0.0,10.666666666666666,804.6666666666666,4.0,8,8.333333333333334,2,2,0.0,1.0
8902,2,0,0.0,0.0,15.0,1271.0,4.0,5,17.5,2,2,0.0,1.0
8903,1,1,2989.6,2989.6,22.0,1019.0,3.0,4,0.0,1,0,1.0,0.0
8904,7,2,2792.84,398.9771428571429,13.714285714285714,1396.4285714285713,3.857142857142857,19,2.857142857142857,6,4,0.2857142857142857,0.6666666666666666
8905,5,0,0.0,0.0,12.2,587.2,4.0,12,9.0,2,2,0.0,1.0
8906,2,0,0.0,0.0,10.5,1300.0,4.0,8,12.5,0,0,0.0,0.0
8907,2,0,0.0,0.0,7.5,686.5,4.0,8,15.0,1,1,0.0,1.0
8908,3,0,0.0,0.0,12.666666666666666,1706.6666666666667,4.0,6,5.0,1,1,0.0,1.0
8909,3,1,2560.58,853.5266666666666,7.0,1306.0,3.6666666666666665,6,11.666666666666666,2,1,0.3333333333333333,0.5
8910,9,0,0.0,0.0,13.333333333333334,1091.4444444444443,4.0,18,5.555555555555555,7,7,0.0,1.0
8911,3,2,3858.29,1286.0966666666666,8.0,636.3333333333334,4.0,6,8.333333333333334,3,1,0.6666666666666666,0.3333333333333333
8912,5,1,2004.94,400.988,14.8,632.2,4.0,8,4.0,4,3,0.2,0.75
8913,3,0,0.0,0.0,4.666666666666667,1151.0,4.0,11,3.3333333333333335,1,1,0.0,1.0
8914,5,1,1146.12,229.224,9.0,1114.0,4.0,8,4.0,3,2,0.2,0.6666666666666666
8915,2,1,1330.45,665.225,14.0,840.0,3.5,5,5.0,2,1,0.5,0.5
8916,6,1,639.85,106.64166666666667,13.5,1272.5,4.0,17,7.5,4,3,0.16666666666666666,0.75
8917,2,0,0.0,0.0,9.0,1187.5,4.0,3,15.0,1,1,0.0,1.0
8919,3,1,625.41,208.47,13.666666666666666,753.3333333333334,4.0,8,18.333333333333332,3,2,0.3333333333333333,0.6666666666666666
8920,1,0,0.0,0.0,12.0,776.0,4.0,1,0.0,0,0,0.0,0.0
8922,3,1,2340.15,780.0500000000001,4.333333333333333,955.3333333333334,4.333333333333333,9,6.666666666666667,1,0,0.3333333333333333,0.0
8923,4,1,2826.22,706.555,14.5,1184.75,4.0,11,7.5,3,2,0.25,0.6666666666666666
8924,2,1,1136.64,568.32,9.0,615.0,2.5,7,10.0,2,1,0.5,0.5
8925,2,1,1149.84,574.92,13.0,1270.0,4.0,7,17.5,1,0,0.5,0.0
8926,3,1,2941.12,980.3733333333333,6.333333333333333,1045.3333333333333,3.6666666666666665,10,6.666666666666667,1,0,0.3333333333333333,0.0
8927,4,0,0.0,0.0,15.75,816.5,4.0,7,2.5,1,1,0.0,1.0
8928,2,2,4793.14,2396.57,12.5,918.5,1.5,6,15.0,2,0,1.0,0.0
8929,3,1,943.18,314.3933333333333,17.333333333333332,930.0,3.6666666666666665,9,18.333333333333332,1,0,0.3333333333333333,0.0
8930,3,0,0.0,0.0,7.0,717.3333333333334,4.0,7,11.666666666666666,1,1,0.0,1.0
8931,3,0,0.0,0.0,8.333333333333334,1088.0,4.0,6,6.666666666666667,3,3,0.0,1.0
8932,3,1,307.76,102.58666666666666,12.666666666666666,543.0,3.6666666666666665,5,0.0,1,0,0.3333333333333333,0.0
8933,4,1,1093.68,273.42,17.0,637.75,4.25,9,7.5,3,2,0.25,0.6666666666666666
8934,3,0,0.0,0.0,17.0,1095.3333333333333,4.0,4,15.0,2,2,0.0,1.0
8935,2,1,2674.83,1337.415,17.5,1350.0,4.5,7,0.0,1,0,0.5,0.0
8936,3,1,1147.03,382.3433333333333,14.666666666666666,660.3333333333334,4.333333333333333,5,10.0,1,0,0.3333333333333333,0.0
8937,5,2,1293.58,258.716,15.2,955.2,4.0,8,13.0,3,1,0.4,0.3333333333333333
8938,2,0,0.0,0.0,9.5,570.5,4.0,7,15.0,0,0,0.0,0.0
8939,3,1,518.71,172.90333333333334,10.666666666666666,1069.6666666666667,4.0,9,6.666666666666667,1,0,0.3333333333333333,0.0
8940,1,0,0.0,0.0,7.0,332.0,4.0,3,15.0,0,0,0.0,0.0
8941,4,0,0.0,0.0,14.25,1133.5,4.0,9,3.75,2,2,0.0,1.0
8942,5,2,4586.04,917.208,13.4,1033.4,4.4,13,11.0,4,2,0.4,0.5
8944,3,0,0.0,0.0,3.0,1024.6666666666667,4.0,9,13.333333333333334,1,1,0.0,1.0
8945,1,0,0.0,0.0,14.0,198.0,4.0,1,0.0,1,1,0.0,1.0
8947,5,1,888.98,177.796,12.6,689.8,3.4,12,19.0,4,3,0.2,0.75
8949,3,1,755.68,251.89333333333332,13.666666666666666,1130.6666666666667,4.333333333333333,3,18.333333333333332,2,1,0.3333333333333333,0.5
8950,2,1,2974.88,1487.44,22.5,330.5,4.0,8,12.5,2,1,0.5,0.5
8951,4,1,1593.76,398.44,18.0,1128.25,4.0,13,8.75,3,2,0.25,0.6666666666666666
8952,6,3,6278.0,1046.3333333333333,10.166666666666666,947.8333333333334,4.0,13,9.166666666666666,4,1,0.5,0.25
8953,3,1,4176.52,1392.1733333333334,10.666666666666666,915.0,4.333333333333333,9,16.666666666666668,3,2,0.3333333333333333,0.6666666666666666
8954,1,0,0.0,0.0,4.0,10.0,4.0,4,0.0,1,1,0.0,1.0
8955,2,0,0.0,0.0,20.0,1271.5,4.0,4,0.0,1,1,0.0,1.0
8956,4,0,0.0,0.0,14.25,773.75,4.0,9,3.75,1,1,0.0,1.0
8957,4,2,841.3499999999999,210.33749999999998,12.25,1440.25,3.75,7,8.75,4,2,0.5,0.5
8958,1,1,2901.75,2901.75,10.0,965.0,5.0,4,30.0,1,0,1.0,0.0
8959,4,0,0.0,0.0,7.75,845.75,4.0,8,12.5,1,1,0.0,1.0
8960,2,1,483.83,241.915,13.5,1048.0,4.5,5,20.0,1,0,0.5,0.0
8961,2,0,0.0,0.0,9.0,782.0,4.0,5,2.5,0,0,0.0,0.0
8962,5,1,2714.78,542.956,10.8,971.6,4.0,16,10.0,2,1,0.2,0.5
8963,3,1,1862.95,620.9833333333333,13.666666666666666,964.6666666666666,3.6666666666666665,10,15.0,2,1,0.3333333333333333,0.5
8964,4,1,2891.28,722.82,9.25,641.25,3.75,7,8.75,1,0,0.25,0.0
8965,3,1,1756.46,585.4866666666667,7.666666666666667,625.3333333333334,3.6666666666666665,11,6.666666666666667,1,0,0.3333333333333333,0.0
8967,2,0,0.0,0.0,20.5,927.0,4.0,3,2.5,1,1,0.0,1.0
8968,1,0,0.0,0.0,7.0,732.0,4.0,1,10.0,0,0,0.0,0.0
8969,5,1,4089.69,817.938,12.4,851.4,4.2,11,11.0,2,1,0.2,0.5
8970,4,1,2046.6,511.65,6.75,950.5,4.25,11,10.0,3,2,0.25,0.6666666666666666
8971,1,0,0.0,0.0,8.0,1354.0,4.0,4,0.0,1,1,0.0,1.0
8972,3,1,3598.59,1199.53,10.333333333333334,780.3333333333334,4.333333333333333,5,0.0,3,2,0.3333333333333333,0.6666666666666666
8973,2,1,6154.85,3077.425,20.0,803.0,4.5,8,15.0,1,0,0.5,0.0
8974,2,1,1826.78,913.39,8.5,944.5,4.0,3,20.0,1,0,0.5,0.0
8975,3,1,1198.22,399.4066666666667,13.333333333333334,1192.0,4.0,7,5.0,2,1,0.3333333333333333,0.5
8976,3,0,0.0,0.0,10.0,1089.3333333333333,4.0,4,0.0,1,1,0.0,1.0
8977,4,1,402.56,100.64,11.75,1000.5,4.25,7,5.0,4,3,0.25,0.75
8978,5,2,3596.89,719.3779999999999,15.8,482.2,4.2,13,9.0,3,1,0.4,0.3333333333333333
8979,3,0,0.0,0.0,13.0,1074.3333333333333,4.0,7,10.0,2,2,0.0,1.0
8980,2,0,0.0,0.0,9.5,870.5,4.0,7,12.5,1,1,0.0,1.0
8981,4,1,5001.12,1250.28,16.25,1004.0,4.0,13,8.75,4,3,0.25,0.75
8982,4,1,1453.64,363.41,8.75,1125.25,4.0,8,8.75,2,1,0.25,0.5
8984,2,0,0.0,0.0,4.0,574.5,4.0,7,12.5,1,1,0.0,1.0
8985,5,0,0.0,0.0,9.0,682.2,4.0,13,13.0,5,5,0.0,1.0
8986,3,0,0.0,0.0,7.0,1286.6666666666667,4.0,7,16.666666666666668,1,1,0.0,1.0
8987,3,1,1639.97,546.6566666666666,15.0,506.6666666666667,3.3333333333333335,6,16.666666666666668,2,1,0.3333333333333333,0.5
8988,4,1,2466.45,616.6125,10.5,868.0,4.0,11,17.5,1,0,0.25,0.0
8990,3,1,789.99,263.33,12.333333333333334,380.0,4.0,3,11.666666666666666,1,0,0.3333333333333333,0.0
8991,4,0,0.0,0.0,8.25,881.25,4.0,11,11.25,3,3,0.0,1.0
8993,3,0,0.0,0.0,10.0,766.0,4.0,8,16.666666666666668,2,2,0.0,1.0
8994,3,1,420.51,140.17,8.666666666666666,989.6666666666666,4.0,3,23.333333333333332,1,0,0.3333333333333333,0.0
8995,4,0,0.0,0.0,9.75,938.75,4.0,7,10.0,2,2,0.0,1.0
8996,2,1,244.1,122.05,8.0,747.5,4.0,4,0.0,2,1,0.5,0.5
8997,3,0,0.0,0.0,16.666666666666668,623.3333333333334,4.0,4,6.666666666666667,1,1,0.0,1.0
8998,7,1,2053.95,293.4214285714285,12.714285714285714,950.1428571428571,3.857142857142857,19,5.0,3,2,0.14285714285714285,0.6666666666666666
8999,2,0,0.0,0.0,16.5,524.5,4.0,5,2.5,0,0,0.0,0.0
9000,2,0,0.0,0.0,15.0,892.5,4.0,6,5.0,1,1,0.0,1.0
9001,3,0,0.0,0.0,11.666666666666666,992.6666666666666,4.0,8,6.666666666666667,1,1,0.0,1.0
9002,4,0,0.0,0.0,5.25,1036.25,4.0,9,6.25,0,0,0.0,0.0
9003,1,0,0.0,0.0,21.0,1097.0,4.0,1,5.0,1,1,0.0,1.0
9004,2,1,785.67,392.835,19.0,750.0,4.0,6,5.0,2,1,0.5,0.5
9006,3,1,712.8,237.6,14.333333333333334,728.0,3.6666666666666665,7,13.333333333333334,2,1,0.3333333333333333,0.5
9007,1,0,0.0,0.0,6.0,1440.0,4.0,1,0.0,0,0,0.0,0.0
9008,2,1,1832.87,916.435,9.5,1210.0,4.0,5,17.5,1,0,0.5,0.0
9009,2,1,662.15,331.075,14.5,1721.5,4.5,4,27.5,1,0,0.5,0.0
9010,3,1,1390.79,463.59666666666664,12.666666666666666,1340.3333333333333,4.0,6,6.666666666666667,2,1,0.3333333333333333,0.5
9011,3,1,458.42,152.80666666666667,15.0,700.6666666666666,3.6666666666666665,9,8.333333333333334,2,1,0.3333333333333333,0.5
9012,3,2,3502.39,1167.4633333333334,17.333333333333332,819.6666666666666,4.333333333333333,7,11.666666666666666,3,1,0.6666666666666666,0.3333333333333333
9013,5,0,0.0,0.0,13.6,868.6,4.0,8,10.0,3,3,0.0,1.0
9014,1,0,0.0,0.0,15.0,884.0,4.0,4,0.0,1,1,0.0,1.0
9015,2,0,0.0,0.0,11.0,1101.5,4.0,4,0.0,0,0,0.0,0.0
9016,5,1,4004.72,800.944,8.4,1094.2,4.0,15,4.0,2,1,0.2,0.5
9017,1,0,0.0,0.0,1.0,879.0,4.0,1,0.0,1,1,0.0,1.0
9018,1,0,0.0,0.0,8.0,1369.0,4.0,4,20.0,0,0,0.0,0.0
9019,3,2,2258.74,752.9133333333333,6.666666666666667,1035.3333333333333,3.0,7,10.0,3,1,0.6666666666666666,0.3333333333333333
9020,3,0,0.0,0.0,13.666666666666666,1519.0,4.0,5,10.0,2,2,0.0,1.0
9022,1,0,0.0,0.0,8.0,50.0,4.0,1,0.0,1,1,0.0,1.0
9023,3,1,2171.64,723.88,4.333333333333333,1000.0,4.333333333333333,9,3.3333333333333335,3,2,0.3333333333333333,0.6666666666666666
9024,4,1,380.27,95.0675,10.5,1234.25,3.75,13,13.75,3,2,0.25,0.6666666666666666
9025,4,0,0.0,0.0,10.75,1505.75,4.0,5,15.0,2,2,0.0,1.0
9026,3,1,989.5,329.8333333333333,9.666666666666666,1106.0,3.6666666666666665,9,16.666666666666668,2,1,0.3333333333333333,0.5
9027,1,0,0.0,0.0,11.0,536.0,4.0,4,0.0,0,0,0.0,0.0
9028,1,0,0.0,0.0,15.0,1106.0,4.0,2,0.0,1,1,0.0,1.0
9029,2,1,1693.13,846.565,17.5,257.5,4.5,3,0.0,2,1,0.5,0.5
9030,3,1,2074.84,691.6133333333333,10.0,1313.6666666666667,4.0,7,13.333333333333334,3,2,0.3333333333333333,0.6666666666666666
9031,4,1,1945.27,486.3175,6.25,1257.5,3.75,9,15.0,3,2,0.25,0.6666666666666666
9032,1,0,0.0,0.0,16.0,775.0,4.0,2,15.0,0,0,0.0,0.0
9033,2,0,0.0,0.0,11.5,862.0,4.0,3,7.5,1,1,0.0,1.0
9034,2,0,0.0,0.0,14.0,1399.5,4.0,7,0.0,1,1,0.0,1.0
9035,2,0,0.0,0.0,11.5,1247.5,4.0,3,0.0,2,2,0.0,1.0
9036,3,0,0.0,0.0,17.0,715.0,4.0,7,15.0,1,1,0.0,1.0
9037,3,1,1083.01,361.00333333333333,9.666666666666666,853.3333333333334,4.333333333333333,6,3.3333333333333335,2,1,0.3333333333333333,0.5
9038,2,1,1415.85,707.925,8.0,432.0,4.0,5,0.0,1,0,0.5,0.0
9039,2,1,708.89,354.445,9.5,1310.5,3.5,3,2.5,2,1,0.5,0.5
9040,2,0,0.0,0.0,9.5,1648.5,4.0,4,22.5,1,1,0.0,1.0
9041,2,1,1450.28,725.14,7.5,1050.0,4.5,5,10.0,1,0,0.5,0.0
9042,3,0,0.0,0.0,14.666666666666666,1063.6666666666667,4.0,7,11.666666666666666,2,2,0.0,1.0
9046,1,1,1410.72,1410.72,10.0,1523.0,4.0,3,30.0,1,0,1.0,0.0
9047,4,0,0.0,0.0,10.5,560.25,4.0,8,8.75,3,3,0.0,1.0
9048,1,0,0.0,0.0,5.0,491.0,4.0,2,15.0,1,1,0.0,1.0
9049,2,0,0.0,0.0,19.0,594.5,4.0,4,12.5,2,2,0.0,1.0
9050,3,2,3988.6499999999996,1329.55,13.0,978.3333333333334,3.3333333333333335,8,8.333333333333334,3,1,0.6666666666666666,0.3333333333333333
9051,4,0,0.0,0.0,9.75,832.5,4.0,12,7.5,3,3,0.0,1.0
9052,1,0,0.0,0.0,24.0,900.0,4.0,4,15.0,0,0,0.0,0.0
9053,4,0,0.0,0.0,10.5,602.25,4.0,8,8.75,0,0,0.0,0.0
9054,2,0,0.0,0.0,14.0,696.0,4.0,3,15.0,1,1,0.0,1.0
9055,2,0,0.0,0.0,18.5,980.5,4.0,2,12.5,1,1,0.0,1.0
9056,2,1,287.88,143.94,8.5,998.5,4.0,4,22.5,2,1,0.5,0.5
9057,1,0,0.0,0.0,18.0,334.0,4.0,1,0.0,1,1,0.0,1.0
9058,6,0,0.0,0.0,14.5,812.8333333333334,4.0,18,11.666666666666666,3,3,0.0,1.0
9059,6,3,8081.46,1346.91,9.0,975.8333333333334,3.8333333333333335,10,5.833333333333333,4,1,0.5,0.25
9060,2,2,7606.759999999999,3803.3799999999997,15.0,496.0,4.0,7,20.0,2,0,1.0,0.0
9061,1,0,0.0,0.0,7.0,786.0,4.0,4,15.0,1,1,0.0,1.0
9062,4,2,2974.7200000000003,743.6800000000001,10.75,1062.0,4.0,8,5.0,3,1,0.5,0.3333333333333333
9063,1,0,0.0,0.0,10.0,219.0,4.0,2,15.0,0,0,0.0,0.0
9064,6,1,6977.64,1162.94,12.666666666666666,924.0,4.166666666666667,14,3.3333333333333335,4,3,0.16666666666666666,0.75
9065,3,0,0.0,0.0,7.666666666666667,927.3333333333334,4.0,8,13.333333333333334,0,0,0.0,0.0
9066,2,0,0.0,0.0,18.5,586.5,4.0,7,10.0,0,0,0.0,0.0
9067,2,1,316.04,158.02,18.5,1145.0,3.5,6,0.0,2,1,0.5,0.5
9068,6,3,5875.67,979.2783333333333,11.5,1107.3333333333333,4.166666666666667,16,8.333333333333334,6,3,0.5,0.5
9069,3,0,0.0,0.0,15.666666666666666,956.0,4.0,7,1.6666666666666667,2,2,0.0,1.0
9070,4,1,2482.94,620.735,9.75,1276.5,4.25,10,8.75,2,1,0.25,0.5
9071,3,1,1099.88,366.6266666666667,16.666666666666668,969.3333333333334,4.0,7,8.333333333333334,1,0,0.3333333333333333,0.0
9072,4,0,0.0,0.0,9.75,552.75,4.0,12,11.25,2,2,0.0,1.0
9073,2,1,2071.44,1035.72,4.5,715.0,3.0,7,7.5,2,1,0.5,0.5
9074,5,0,0.0,0.0,10.4,972.4,4.0,15,13.0,4,4,0.0,1.0
9075,2,1,5987.76,2993.88,7.5,1256.5,4.0,7,5.0,2,1,0.5,0.5
9076,1,0,0.0,0.0,4.0,491.0,4.0,2,30.0,1,1,0.0,1.0
9077,4,0,0.0,0.0,16.0,1307.5,4.0,11,11.25,3,3,0.0,1.0
9078,5,1,2797.35,559.47,17.8,1111.0,4.0,14,10.0,2,1,0.2,0.5
9079,4,0,0.0,0.0,9.0,912.25,4.0,11,15.0,4,4,0.0,1.0
9080,1,0,0.0,0.0,11.0,1137.0,4.0,3,10.0,1,1,0.0,1.0
9081,2,0,0.0,0.0,13.5,686.5,4.0,7,10.0,2,2,0.0,1.0
9082,3,1,2771.28,923.7600000000001,14.333333333333334,674.6666666666666,4.0,9,23.333333333333332,2,1,0.3333333333333333,0.5
9083,4,0,0.0,0.0,11.0,788.5,4.0,12,5.0,4,4,0.0,1.0
9084,4,2,2106.41,526.6025,8.25,857.5,4.0,9,12.5,2,0,0.5,0.0
9085,2,1,5586.68,2793.34,12.5,1283.0,4.5,5,7.5,1,0,0.5,0.0
9086,3,0,0.0,0.0,15.333333333333334,1230.3333333333333,4.0,10,6.666666666666667,1,1,0.0,1.0
9087,2,0,0.0,0.0,8.5,814.5,4.0,2,10.0,0,0,0.0,0.0
9088,4,1,2131.62,532.905,12.0,580.5,4.0,8,13.75,2,1,0.25,0.5
9089,4,0,0.0,0.0,12.75,706.5,4.0,11,7.5,2,2,0.0,1.0
9090,2,1,2195.8,1097.9,16.5,1055.0,4.5,3,15.0,2,1,0.5,0.5
9091,2,0,0.0,0.0,21.5,1060.0,4.0,4,5.0,1,1,0.0,1.0
9093,4,1,5346.25,1336.5625,13.75,1077.25,3.75,10,8.75,1,0,0.25,0.0
9094,1,1,3043.33,3043.33,19.0,1750.0,5.0,2,10.0,1,0,1.0,0.0
9095,4,1,2188.56,547.14,17.0,668.25,4.25,13,0.0,1,0,0.25,0.0
9096,1,1,1079.43,1079.43,5.0,842.0,5.0,3,10.0,1,0,1.0,0.0
9097,1,1,1253.28,1253.28,4.0,379.0,5.0,1,10.0,1,0,1.0,0.0
9099,2,0,0.0,0.0,20.5,1012.0,4.0,4,12.5,1,1,0.0,1.0
9100,3,1,547.08,182.36,13.0,1296.3333333333333,3.6666666666666665,10,11.666666666666666,1,0,0.3333333333333333,0.0
9101,4,2,1734.7,433.675,14.75,993.25,4.5,9,8.75,3,1,0.5,0.3333333333333333
9103,4,1,6811.12,1702.78,11.75,1026.5,4.0,8,3.75,2,1,0.25,0.5
9104,3,1,2519.48,839.8266666666667,19.0,738.6666666666666,3.6666666666666665,7,10.0,2,1,0.3333333333333333,0.5
9105,2,0,0.0,0.0,19.5,591.0,4.0,6,10.0,1,1,0.0,1.0
9106,2,0,0.0,0.0,15.0,721.0,4.0,4,22.5,2,2,0.0,1.0
9108,4,1,2310.86,577.715,7.25,771.75,4.0,10,8.75,3,2,0.25,0.6666666666666666
9109,2,1,1540.89,770.445,19.0,383.0,4.0,4,5.0,1,0,0.5,0.0
9110,2,1,86.36,43.18,12.5,935.5,4.5,3,12.5,2,1,0.5,0.5
9111,2,1,1658.09,829.045,8.0,427.0,4.0,8,5.0,2,1,0.5,0.5
9112,2,0,0.0,0.0,14.5,1043.0,4.0,4,7.5,2,2,0.0,1.0
9113,2,0,0.0,0.0,16.0,1511.0,4.0,5,10.0,1,1,0.0,1.0
9114,3,0,0.0,0.0,11.0,734.6666666666666,4.0,9,11.666666666666666,2,2,0.0,1.0
9115,1,0,0.0,0.0,19.0,1407.0,4.0,1,0.0,0,0,0.0,0.0
9116,7,1,2593.2,370.45714285714286,11.142857142857142,1161.4285714285713,3.5714285714285716,17,13.571428571428571,5,4,0.14285714285714285,0.8
9118,1,0,0.0,0.0,13.0,1670.0,4.0,3,0.0,0,0,0.0,0.0
9119,2,0,0.0,0.0,15.0,1403.0,4.0,7,15.0,2,2,0.0,1.0
9120,2,0,0.0,0.0,11.5,737.5,4.0,3,7.5,0,0,0.0,0.0
9121,3,0,0.0,0.0,10.0,1107.0,4.0,4,15.0,3,3,0.0,1.0
9122,5,2,2888.73,577.746,12.0,578.6,3.4,11,3.0,3,1,0.4,0.3333333333333333
9123,3,0,0.0,0.0,5.666666666666667,574.6666666666666,4.0,6,6.666666666666667,2,2,0.0,1.0
9124,5,2,2110.72,422.14399999999995,8.0,1058.0,4.2,10,6.0,5,3,0.4,0.6
9125,4,0,0.0,0.0,13.5,865.0,4.0,14,23.75,1,1,0.0,1.0
9126,1,0,0.0,0.0,15.0,698.0,4.0,1,10.0,1,1,0.0,1.0
9127,3,0,0.0,0.0,12.333333333333334,817.0,4.0,6,3.3333333333333335,1,1,0.0,1.0
9128,2,0,0.0,0.0,8.5,822.0,4.0,5,17.5,1,1,0.0,1.0
9129,3,1,2223.39,741.13,16.0,648.3333333333334,4.0,6,0.0,2,1,0.3333333333333333,0.5
9130,3,0,0.0,0.0,16.333333333333332,1223.0,4.0,8,18.333333333333332,1,1,0.0,1.0
9133,4,0,0.0,0.0,10.75,819.75,4.0,11,8.75,0,0,0.0,0.0
9134,6,1,2071.94,345.3233333333333,12.833333333333334,699.8333333333334,4.0,18,8.333333333333334,6,5,0.16666666666666666,0.8333333333333334
9135,1,0,0.0,0.0,1.0,952.0,4.0,2,25.0,0,0,0.0,0.0
9136,2,0,0.0,0.0,9.5,770.5,4.0,6,7.5,1,1,0.0,1.0
9137,1,1,466.59,466.59,14.0,1454.0,4.0,1,30.0,1,0,1.0,0.0
9138,3,1,768.37,256.12333333333333,15.0,705.6666666666666,4.0,7,16.666666666666668,2,1,0.3333333333333333,0.5
9139,2,1,866.75,433.375,13.0,1045.0,4.0,5,12.5,2,1,0.5,0.5
9140,5,0,0.0,0.0,8.6,621.4,4.0,11,10.0,2,2,0.0,1.0
9141,3,1,721.74,240.58,9.666666666666666,881.3333333333334,4.333333333333333,10,13.333333333333334,3,2,0.3333333333333333,0.6666666666666666
9142,2,1,313.57,156.785,11.0,995.0,4.0,4,0.0,1,0,0.5,0.0
9145,2,0,0.0,0.0,2.0,848.0,4.0,6,20.0,1,1,0.0,1.0
9146,1,0,0.0,0.0,10.0,758.0,4.0,1,20.0,0,0,0.0,0.0
9148,2,1,3392.49,1696.245,18.0,990.0,4.5,7,7.5,2,1,0.5,0.5
9149,6,1,555.1,92.51666666666667,14.166666666666666,686.0,4.166666666666667,13,5.833333333333333,2,1,0.16666666666666666,0.5
9150,3,1,729.84,243.28,10.666666666666666,1699.6666666666667,3.6666666666666665,7,10.0,1,0,0.3333333333333333,0.0
9151,4,2,1405.28,351.32,10.0,1143.0,3.25,6,8.75,3,1,0.5,0.3333333333333333
9152,1,0,0.0,0.0,5.0,538.0,4.0,2,25.0,1,1,0.0,1.0
9153,1,0,0.0,0.0,18.0,368.0,4.0,3,5.0,0,0,0.0,0.0
9154,5,1,2923.17,584.634,13.6,712.4,3.6,12,9.0,2,1,0.2,0.5
9155,6,1,1439.68,239.9466666666667,17.0,1089.5,3.8333333333333335,15,9.166666666666666,3,2,0.16666666666666666,0.6666666666666666
9157,4,1,368.5,92.125,16.25,981.5,4.0,5,7.5,2,1,0.25,0.5
9158,2,0,0.0,0.0,20.5,1159.5,4.0,2,10.0,1,1,0.0,1.0
9159,2,0,0.0,0.0,15.5,294.0,4.0,6,0.0,1,1,0.0,1.0
9160,1,1,1896.5,1896.5,16.0,741.0,2.0,2,0.0,1,0,1.0,0.0
9161,2,0,0.0,0.0,13.0,390.5,4.0,4,12.5,2,2,0.0,1.0
9162,2,1,631.18,315.59,16.5,671.0,3.5,5,12.5,2,1,0.5,0.5
9163,2,0,0.0,0.0,8.0,447.5,4.0,6,7.5,1,1,0.0,1.0
9164,2,1,438.48,219.24,16.0,1516.0,3.5,5,15.0,2,1,0.5,0.5
9165,2,0,0.0,0.0,9.5,1356.5,4.0,7,2.5,0,0,0.0,0.0
9166,2,1,402.79,201.395,13.0,964.0,3.0,2,15.0,2,1,0.5,0.5
9167,2,1,67.71,33.855,15.5,660.5,4.5,4,7.5,2,1,0.5,0.5
9168,3,2,5639.1,1879.7,5.0,1307.3333333333333,4.333333333333333,11,0.0,3,1,0.6666666666666666,0.3333333333333333
9169,4,0,0.0,0.0,8.25,822.75,4.0,8,11.25,2,2,0.0,1.0
9170,5,0,0.0,0.0,11.2,1212.4,4.0,11,5.0,3,3,0.0,1.0
9171,1,0,0.0,0.0,8.0,1428.0,4.0,2,20.0,0,0,0.0,0.0
9173,1,0,0.0,0.0,5.0,214.0,4.0,4,20.0,0,0,0.0,0.0
9174,5,0,0.0,0.0,11.0,1045.8,4.0,14,9.0,2,2,0.0,1.0
9176,5,2,2078.0600000000004,415.6120000000001,15.0,654.6,4.0,11,4.0,5,3,0.4,0.6
9177,1,0,0.0,0.0,10.0,80.0,4.0,2,15.0,0,0,0.0,0.0
9178,1,0,0.0,0.0,18.0,1412.0,4.0,3,5.0,0,0,0.0,0.0
9179,4,1,898.8,224.7,14.75,982.75,3.75,10,6.25,4,3,0.25,0.75
9180,6,1,1451.76,241.96,14.5,509.8333333333333,4.0,16,7.5,4,3,0.16666666666666666,0.75
9181,1,0,0.0,0.0,18.0,1231.0,4.0,1,15.0,0,0,0.0,0.0
9182,2,0,0.0,0.0,9.5,831.5,4.0,8,10.0,2,2,0.0,1.0
9183,4,1,1083.04,270.76,20.0,1136.25,4.0,8,6.25,3,2,0.25,0.6666666666666666
9184,4,0,0.0,0.0,14.75,992.5,4.0,9,15.0,2,2,0.0,1.0
9185,3,2,2753.51,917.8366666666667,12.333333333333334,1024.6666666666667,3.3333333333333335,9,8.333333333333334,2,0,0.6666666666666666,0.0
9186,1,0,0.0,0.0,2.0,1389.0,4.0,3,25.0,0,0,0.0,0.0
9187,5,1,5251.83,1050.366,13.2,1180.8,4.0,10,8.0,2,1,0.2,0.5
9188,5,2,5773.44,1154.6879999999999,13.4,874.8,3.6,14,4.0,4,2,0.4,0.5
9189,2,0,0.0,0.0,1.5,1421.0,4.0,6,2.5,0,0,0.0,0.0
9190,1,0,0.0,0.0,11.0,508.0,4.0,1,0.0,0,0,0.0,0.0
9192,2,1,938.58,469.29,17.0,967.0,3.5,2,7.5,2,1,0.5,0.5
9193,2,1,213.68,106.84,9.0,683.0,4.5,2,17.5,1,0,0.5,0.0
9194,3,0,0.0,0.0,15.0,1189.3333333333333,4.0,6,10.0,1,1,0.0,1.0
9195,3,1,1646.84,548.9466666666666,16.666666666666668,1231.6666666666667,4.0,11,16.666666666666668,2,1,0.3333333333333333,0.5
9196,2,0,0.0,0.0,8.0,812.0,4.0,7,7.5,2,2,0.0,1.0
9197,6,4,4642.55,773.7583333333333,11.666666666666666,1218.3333333333333,4.5,10,11.666666666666666,5,1,0.6666666666666666,0.2
9198,2,0,0.0,0.0,11.0,502.0,4.0,5,0.0,2,2,0.0,1.0
9200,1,1,394.1,394.1,5.0,1038.0,3.0,2,30.0,1,0,1.0,0.0
9201,1,0,0.0,0.0,21.0,123.0,4.0,4,0.0,1,1,0.0,1.0
9202,3,0,0.0,0.0,17.333333333333332,1130.6666666666667,4.0,6,16.666666666666668,0,0,0.0,0.0
9203,4,1,2455.95,613.9875,13.75,540.0,4.0,11,10.0,3,2,0.25,0.6666666666666666
9204,1,0,0.0,0.0,8.0,67.0,4.0,4,0.0,1,1,0.0,1.0
9205,4,3,5402.23,1350.5575,13.75,642.25,3.75,6,1.25,4,1,0.75,0.25
9206,1,1,603.46,603.46,11.0,856.0,1.0,2,0.0,1,0,1.0,0.0
9207,2,0,0.0,0.0,20.0,1089.5,4.0,3,10.0,0,0,0.0,0.0
9208,4,1,1422.15,355.5375,12.75,893.5,4.25,11,11.25,2,1,0.25,0.5
9209,1,0,0.0,0.0,21.0,958.0,4.0,2,0.0,0,0,0.0,0.0
9210,2,0,0.0,0.0,10.0,812.5,4.0,4,5.0,0,0,0.0,0.0
9211,3,2,2960.7299999999996,986.9099999999999,16.333333333333332,984.3333333333334,4.666666666666667,8,10.0,3,1,0.6666666666666666,0.3333333333333333
9212,3,0,0.0,0.0,12.666666666666666,982.3333333333334,4.0,5,15.0,2,2,0.0,1.0
9213,3,0,0.0,0.0,15.666666666666666,406.3333333333333,4.0,6,10.0,2,2,0.0,1.0
9214,3,1,657.21,219.07000000000002,13.333333333333334,1204.6666666666667,4.333333333333333,4,10.0,1,0,0.3333333333333333,0.0
9215,2,0,0.0,0.0,19.0,755.0,4.0,2,5.0,2,2,0.0,1.0
9216,1,0,0.0,0.0,19.0,451.0,4.0,4,5.0,1,1,0.0,1.0
9217,2,1,2963.13,1481.565,17.5,910.5,4.0,8,12.5,2,1,0.5,0.5
9218,5,0,0.0,0.0,9.2,554.2,4.0,16,17.0,3,3,0.0,1.0
9219,4,2,8014.389999999999,2003.5974999999999,16.5,1422.0,4.0,10,22.5,4,2,0.5,0.5
9220,3,0,0.0,0.0,13.666666666666666,1215.3333333333333,4.0,8,21.666666666666668,2,2,0.0,1.0
9222,1,0,0.0,0.0,5.0,24.0,4.0,1,20.0,1,1,0.0,1.0
9223,2,1,1172.7,586.35,15.0,1052.5,2.5,6,7.5,2,1,0.5,0.5
9224,3,1,1661.51,553.8366666666667,9.666666666666666,803.0,4.333333333333333,7,5.0,2,1,0.3333333333333333,0.5
9225,6,2,6360.83,1060.1383333333333,15.666666666666666,885.6666666666666,3.8333333333333335,15,7.5,4,2,0.3333333333333333,0.5
9226,5,0,0.0,0.0,14.2,1120.2,4.0,15,14.0,2,2,0.0,1.0
9227,3,1,179.16,59.72,8.666666666666666,1066.3333333333333,3.6666666666666665,7,8.333333333333334,3,2,0.3333333333333333,0.6666666666666666
9228,4,2,3879.87,969.9675,9.25,692.75,4.5,9,0.0,3,1,0.5,0.3333333333333333
9230,3,1,2038.72,679.5733333333334,11.666666666666666,946.6666666666666,3.3333333333333335,8,3.3333333333333335,3,2,0.3333333333333333,0.6666666666666666
9231,1,0,0.0,0.0,19.0,531.0,4.0,1,0.0,0,0,0.0,0.0
9232,2,0,0.0,0.0,9.5,944.0,4.0,8,5.0,2,2,0.0,1.0
9233,2,0,0.0,0.0,14.0,489.5,4.0,6,5.0,0,0,0.0,0.0
9234,3,0,0.0,0.0,9.0,429.3333333333333,4.0,7,5.0,2,2,0.0,1.0
9235,2,0,0.0,0.0,12.5,664.0,4.0,5,10.0,1,1,0.0,1.0
9236,7,0,0.0,0.0,10.714285714285714,913.8571428571429,4.0,16,7.142857142857143,3,3,0.0,1.0
9237,3,0,0.0,0.0,16.666666666666668,904.6666666666666,4.0,4,11.666666666666666,3,3,0.0,1.0
9238,2,0,0.0,0.0,7.5,348.5,4.0,4,17.5,2,2,0.0,1.0
9239,1,0,0.0,0.0,17.0,1595.0,4.0,2,10.0,1,1,0.0,1.0
9240,5,2,2506.96,501.392,10.2,959.6,4.0,11,2.0,2,0,0.4,0.0
9241,2,1,1199.8,599.9,8.5,1462.5,4.0,2,17.5,2,1,0.5,0.5
9242,1,0,0.0,0.0,17.0,839.0,4.0,2,20.0,1,1,0.0,1.0
9243,4,0,0.0,0.0,17.25,594.75,4.0,9,7.5,4,4,0.0,1.0
9244,1,0,0.0,0.0,15.0,460.0,4.0,4,20.0,1,1,0.0,1.0
9245,1,1,3844.34,3844.34,1.0,1768.0,3.0,3,10.0,1,0,1.0,0.0
9246,8,2,2775.1800000000003,346.89750000000004,15.5,874.875,3.625,17,10.0,5,3,0.25,0.6
9247,1,0,0.0,0.0,19.0,927.0,4.0,2,0.0,0,0,0.0,0.0
9248,1,0,0.0,0.0,16.0,1792.0,4.0,1,15.0,0,0,0.0,0.0
9249,5,1,870.14,174.028,15.8,794.2,3.8,12,12.0,5,4,0.2,0.8
9250,2,1,376.18,188.09,8.5,1006.0,3.5,5,20.0,2,1,0.5,0.5
9251,1,0,0.0,0.0,18.0,519.0,4.0,2,15.0,1,1,0.0,1.0
9252,2,0,0.0,0.0,18.5,638.5,4.0,2,15.0,1,1,0.0,1.0
9254,5,1,374.38,74.876,11.4,1022.6,3.8,10,15.0,2,1,0.2,0.5
9255,2,0,0.0,0.0,19.0,681.5,4.0,6,22.5,1,1,0.0,1.0
9257,2,1,2404.04,1202.02,12.5,1046.0,4.5,4,10.0,1,0,0.5,0.0
9258,1,0,0.0,0.0,6.0,337.0,4.0,4,0.0,1,1,0.0,1.0
9259,2,1,3218.71,1609.355,18.5,781.0,2.5,5,12.5,2,1,0.5,0.5
9260,4,2,3319.98,829.995,11.75,997.75,4.0,11,5.0,4,2,0.5,0.5
9262,2,0,0.0,0.0,12.5,497.0,4.0,8,10.0,1,1,0.0,1.0
9263,3,1,3721.32,1240.44,17.333333333333332,538.3333333333334,4.0,11,3.3333333333333335,1,0,0.3333333333333333,0.0
9264,5,2,3952.1899999999996,790.4379999999999,12.4,1085.6,3.8,12,6.0,4,2,0.4,0.5
9265,4,0,0.0,0.0,7.5,884.75,4.0,7,5.0,0,0,0.0,0.0
9266,2,1,4807.57,2403.785,16.5,807.0,4.0,5,15.0,2,1,0.5,0.5
9267,6,2,586.41,97.735,18.5,938.8333333333334,4.333333333333333,9,5.833333333333333,4,2,0.3333333333333333,0.5
9268,5,1,3693.19,738.638,11.8,1223.0,3.6,14,13.0,5,4,0.2,0.8
9269,4,0,0.0,0.0,6.75,503.75,4.0,10,11.25,2,2,0.0,1.0
9270,3,1,676.67,225.55666666666664,14.333333333333334,1133.3333333333333,3.6666666666666665,6,16.666666666666668,3,2,0.3333333333333333,0.6666666666666666
9271,5,3,3472.7200000000003,694.5440000000001,11.0,911.4,3.8,12,18.0,3,0,0.6,0.0
9272,8,1,1597.74,199.7175,9.0,1184.625,4.0,25,11.25,5,4,0.125,0.8
9273,1,0,0.0,0.0,13.0,800.0,4.0,2,5.0,1,1,0.0,1.0
9274,3,2,7532.62,2510.8733333333334,8.0,703.6666666666666,3.6666666666666665,8,10.0,3,1,0.6666666666666666,0.3333333333333333
9275,2,1,2127.22,1063.61,8.0,1476.0,4.5,6,20.0,2,1,0.5,0.5
9276,2,2,2079.46,1039.73,22.0,1416.5,5.0,5,0.0,2,0,1.0,0.0
9277,2,1,1809.84,904.92,12.5,934.5,3.5,6,0.0,1,0,0.5,0.0
9278,3,1,6440.7,2146.9,10.666666666666666,796.3333333333334,3.6666666666666665,10,1.6666666666666667,3,2,0.3333333333333333,0.6666666666666666
9279,2,1,780.74,390.37,6.0,689.0,3.5,7,25.0,1,0,0.5,0.0
9280,2,0,0.0,0.0,7.5,189.0,4.0,4,5.0,0,0,0.0,0.0
9281,1,0,0.0,0.0,20.0,362.0,4.0,4,0.0,1,1,0.0,1.0
9282,3,0,0.0,0.0,12.333333333333334,831.6666666666666,4.0,8,20.0,2,2,0.0,1.0
9283,1,0,0.0,0.0,1.0,563.0,4.0,4,10.0,0,0,0.0,0.0
9284,1,0,0.0,0.0,19.0,294.0,4.0,2,15.0,1,1,0.0,1.0
9285,2,0,0.0,0.0,15.0,1113.5,4.0,5,17.5,1,1,0.0,1.0
9286,3,0,0.0,0.0,18.333333333333332,785.0,4.0,5,16.666666666666668,3,3,0.0,1.0
9287,8,1,2827.8,353.475,9.75,788.75,3.875,20,7.5,4,3,0.125,0.75
9288,2,0,0.0,0.0,4.0,1345.0,4.0,5,5.0,0,0,0.0,0.0
9289,4,2,4367.049999999999,1091.7624999999998,9.75,1185.25,4.0,8,11.25,3,1,0.5,0.3333333333333333
9290,3,0,0.0,0.0,12.666666666666666,270.0,4.0,6,5.0,2,2,0.0,1.0
9291,2,1,273.41,136.705,5.5,792.5,4.0,4,0.0,2,1,0.5,0.5
9292,4,1,1079.43,269.8575,12.5,642.25,3.75,8,1.25,2,1,0.25,0.5
9293,3,0,0.0,0.0,13.666666666666666,920.6666666666666,4.0,4,1.6666666666666667,3,3,0.0,1.0
9294,4,1,4750.29,1187.5725,13.25,1017.25,4.0,7,5.0,2,1,0.25,0.5
9295,4,0,0.0,0.0,15.75,840.5,4.0,12,11.25,0,0,0.0,0.0
9296,4,0,0.0,0.0,11.25,644.25,4.0,9,5.0,1,1,0.0,1.0
9297,1,0,0.0,0.0,6.0,1190.0,4.0,1,30.0,1,1,0.0,1.0
9298,3,0,0.0,0.0,9.666666666666666,959.6666666666666,4.0,8,3.3333333333333335,3,3,0.0,1.0
9300,5,1,2165.7,433.14,13.6,1131.6,4.0,13,8.0,3,2,0.2,0.6666666666666666
9301,2,0,0.0,0.0,11.5,1373.0,4.0,3,0.0,1,1,0.0,1.0
9302,2,1,244.52,122.26,9.0,431.0,4.5,4,20.0,1,0,0.5,0.0
9303,3,1,857.92,285.9733333333333,10.666666666666666,1132.3333333333333,4.0,8,10.0,2,1,0.3333333333333333,0.5
9304,5,0,0.0,0.0,12.6,1123.2,4.0,9,10.0,2,2,0.0,1.0
9305,3,2,3571.08,1190.36,3.3333333333333335,1357.6666666666667,4.333333333333333,7,10.0,3,1,0.6666666666666666,0.3333333333333333
9306,5,1,936.59,187.318,12.2,818.8,4.0,15,5.0,4,3,0.2,0.75
9307,4,1,1916.31,479.0775,9.25,741.75,4.25,14,6.25,4,3,0.25,0.75
9308,4,3,4242.59,1060.6475,15.5,1087.75,3.75,6,10.0,4,1,0.75,0.25
9309,4,0,0.0,0.0,9.5,1095.25,4.0,12,15.0,1,1,0.0,1.0
9310,1,0,0.0,0.0,23.0,1466.0,4.0,4,0.0,0,0,0.0,0.0
9312,2,0,0.0,0.0,4.0,235.0,4.0,5,0.0,1,1,0.0,1.0
9313,5,1,3455.61,691.1220000000001,9.4,736.8,4.2,12,7.0,2,1,0.2,0.5
9314,3,1,764.6,254.86666666666667,10.666666666666666,1105.0,4.0,7,0.0,3,2,0.3333333333333333,0.6666666666666666
9316,3,0,0.0,0.0,9.333333333333334,896.3333333333334,4.0,8,11.666666666666666,2,2,0.0,1.0
9317,6,2,1801.12,300.18666666666667,13.0,710.6666666666666,3.8333333333333335,17,7.5,4,2,0.3333333333333333,0.5
9318,4,0,0.0,0.0,4.25,824.75,4.0,11,13.75,3,3,0.0,1.0
9319,3,0,0.0,0.0,12.0,317.6666666666667,4.0,5,8.333333333333334,3,3,0.0,1.0
9320,3,1,287.63,95.87666666666667,14.333333333333334,711.3333333333334,4.0,10,15.0,2,1,0.3333333333333333,0.5
9321,4,3,2270.53,567.6325,12.5,954.75,3.0,8,7.5,3,0,0.75,0.0
9322,3,0,0.0,0.0,15.333333333333334,643.6666666666666,4.0,4,16.666666666666668,1,1,0.0,1.0
9323,5,2,2524.2200000000003,504.84400000000005,16.8,622.8,4.2,15,13.0,4,2,0.4,0.5
9324,1,0,0.0,0.0,11.0,99.0,4.0,4,0.0,0,0,0.0,0.0
9325,3,0,0.0,0.0,11.666666666666666,1162.3333333333333,4.0,9,15.0,3,3,0.0,1.0
9326,1,0,0.0,0.0,1.0,350.0,4.0,3,0.0,1,1,0.0,1.0
9327,3,1,1696.29,565.43,14.0,732.6666666666666,4.0,8,15.0,3,2,0.3333333333333333,0.6666666666666666
9328,2,1,3915.12,1957.56,19.0,645.0,3.5,7,0.0,2,1,0.5,0.5
9329,1,0,0.0,0.0,24.0,433.0,4.0,2,15.0,0,0,0.0,0.0
9330,3,2,2483.03,827.6766666666667,14.666666666666666,686.0,3.6666666666666665,6,21.666666666666668,2,0,0.6666666666666666,0.0
9331,4,1,2490.54,622.635,11.75,1502.75,4.25,9,8.75,3,2,0.25,0.6666666666666666
9332,3,0,0.0,0.0,11.333333333333334,768.3333333333334,4.0,7,10.0,2,2,0.0,1.0
9334,2,0,0.0,0.0,7.5,627.5,4.0,5,7.5,1,1,0.0,1.0
9335,3,0,0.0,0.0,15.333333333333334,933.6666666666666,4.0,8,13.333333333333334,1,1,0.0,1.0
9336,4,4,6680.59,1670.1475,11.5,956.0,4.0,11,21.25,4,0,1.0,0.0
9337,3,2,3059.05,1019.6833333333334,9.666666666666666,1179.6666666666667,3.6666666666666665,8,8.333333333333334,3,1,0.6666666666666666,0.3333333333333333
9338,4,1,261.72,65.43,16.25,931.75,3.5,4,7.5,3,2,0.25,0.6666666666666666
9339,4,2,1615.92,403.98,18.25,972.25,4.0,4,5.0,4,2,0.5,0.5
9341,5,1,2259.86,451.97200000000004,5.4,607.4,4.2,11,18.0,5,4,0.2,0.8
9342,2,1,2012.56,1006.28,21.0,467.5,4.5,4,15.0,1,0,0.5,0.0
9343,2,0,0.0,0.0,16.0,418.0,4.0,3,25.0,2,2,0.0,1.0
9344,3,1,168.58,56.193333333333335,19.333333333333332,909.3333333333334,4.333333333333333,6,5.0,2,1,0.3333333333333333,0.5
9345,4,2,2951.66,737.915,12.75,1064.75,4.0,8,0.0,4,2,0.5,0.5
9346,3,2,1029.6599999999999,343.21999999999997,12.666666666666666,1311.6666666666667,3.3333333333333335,6,8.333333333333334,3,1,0.6666666666666666,0.3333333333333333
9347,1,0,0.0,0.0,12.0,128.0,4.0,2,20.0,1,1,0.0,1.0
9348,5,3,6469.54,1293.908,18.2,971.2,4.2,15,2.0,4,1,0.6,0.25
9349,5,0,0.0,0.0,12.2,1005.2,4.0,13,12.0,1,1,0.0,1.0
9350,3,1,498.91,166.30333333333334,15.333333333333334,834.3333333333334,4.333333333333333,5,11.666666666666666,2,1,0.3333333333333333,0.5
9351,3,0,0.0,0.0,10.333333333333334,1477.6666666666667,4.0,9,0.0,1,1,0.0,1.0
9352,3,1,1125.18,375.06,15.666666666666666,623.0,4.0,5,8.333333333333334,3,2,0.3333333333333333,0.6666666666666666
9353,3,0,0.0,0.0,21.333333333333332,892.0,4.0,8,10.0,1,1,0.0,1.0
9354,1,0,0.0,0.0,16.0,1735.0,4.0,2,10.0,1,1,0.0,1.0
9355,2,0,0.0,0.0,8.5,286.0,4.0,8,7.5,1,1,0.0,1.0
9356,1,0,0.0,0.0,19.0,610.0,4.0,1,15.0,0,0,0.0,0.0
9357,2,0,0.0,0.0,12.0,1462.0,4.0,8,2.5,1,1,0.0,1.0
9358,2,0,0.0,0.0,2.5,670.5,4.0,7,5.0,0,0,0.0,0.0
9359,4,0,0.0,0.0,16.0,648.25,4.0,8,15.0,3,3,0.0,1.0
9360,4,1,1559.58,389.895,11.25,489.5,3.5,8,7.5,2,1,0.25,0.5
9361,4,1,2416.35,604.0875,9.25,966.5,4.0,14,3.75,3,2,0.25,0.6666666666666666
9362,2,2,7034.96,3517.48,10.0,334.5,4.0,8,12.5,2,0,1.0,0.0
9363,4,2,4971.89,1242.9725,17.25,966.0,4.0,13,16.25,2,0,0.5,0.0
9364,2,0,0.0,0.0,1.5,473.0,4.0,5,5.0,0,0,0.0,0.0
9365,3,0,0.0,0.0,13.333333333333334,1313.3333333333333,4.0,11,1.6666666666666667,2,2,0.0,1.0
9366,3,2,3780.27,1260.09,12.0,1162.3333333333333,4.0,8,11.666666666666666,2,0,0.6666666666666666,0.0
9367,2,0,0.0,0.0,10.0,1049.0,4.0,2,7.5,2,2,0.0,1.0
9368,5,3,4764.46,952.892,13.8,1118.2,3.0,14,6.0,4,1,0.6,0.25
9369,4,2,6135.46,1533.865,12.25,1110.25,4.0,14,10.0,3,1,0.5,0.3333333333333333
9370,3,1,2268.9,756.3000000000001,7.333333333333333,763.0,4.0,10,11.666666666666666,2,1,0.3333333333333333,0.5
9371,2,1,800.95,400.475,20.5,679.5,3.5,4,15.0,1,0,0.5,0.0
9372,2,0,0.0,0.0,14.5,865.0,4.0,8,10.0,1,1,0.0,1.0
9373,1,0,0.0,0.0,18.0,973.0,4.0,4,10.0,1,1,0.0,1.0
9374,2,1,1038.82,519.41,11.5,1370.5,4.5,4,10.0,1,0,0.5,0.0
9375,4,1,574.1,143.525,17.75,758.25,3.25,13,1.25,3,2,0.25,0.6666666666666666
9376,2,2,2177.17,1088.585,21.5,697.0,2.5,2,0.0,2,0,1.0,0.0
9377,5,0,0.0,0.0,15.2,598.0,4.0,9,9.0,2,2,0.0,1.0
9378,1,1,1948.89,1948.89,22.0,1650.0,4.0,4,25.0,1,0,1.0,0.0
9379,4,2,2624.3100000000004,656.0775000000001,15.5,1355.75,3.0,7,10.0,2,0,0.5,0.0
9380,5,0,0.0,0.0,14.0,912.8,4.0,17,11.0,3,3,0.0,1.0
9381,2,1,3459.44,1729.72,13.5,941.5,3.5,5,7.5,1,0,0.5,0.0
9382,9,2,3535.42,392.82444444444445,9.333333333333334,891.5555555555555,3.7777777777777777,24,11.11111111111111,6,4,0.2222222222222222,0.6666666666666666
9383,4,0,0.0,0.0,15.0,1159.5,4.0,13,13.75,2,2,0.0,1.0
9384,6,1,878.97,146.495,12.333333333333334,934.6666666666666,4.166666666666667,17,12.5,3,2,0.16666666666666666,0.6666666666666666
9385,5,4,2464.18,492.83599999999996,17.2,603.4,4.2,11,16.0,5,1,0.8,0.2
9386,2,0,0.0,0.0,19.0,977.0,4.0,8,10.0,1,1,0.0,1.0
9387,1,0,0.0,0.0,6.0,1445.0,4.0,4,0.0,0,0,0.0,0.0
9388,3,1,828.62,276.20666666666665,14.333333333333334,878.6666666666666,4.0,4,3.3333333333333335,2,1,0.3333333333333333,0.5
9389,1,1,376.57,376.57,8.0,445.0,4.0,1,0.0,1,0,1.0,0.0
9390,2,1,854.8,427.4,6.0,1376.0,4.0,4,7.5,2,1,0.5,0.5
9391,3,1,1076.59,358.8633333333333,16.0,1020.0,4.0,4,10.0,2,1,0.3333333333333333,0.5
9392,1,0,0.0,0.0,12.0,1616.0,4.0,2,30.0,0,0,0.0,0.0
9393,2,0,0.0,0.0,12.5,961.5,4.0,3,2.5,1,1,0.0,1.0
9394,3,0,0.0,0.0,12.0,1091.3333333333333,4.0,8,10.0,1,1,0.0,1.0
9395,6,3,6916.88,1152.8133333333333,16.0,855.5,4.333333333333333,17,12.5,5,2,0.5,0.4
9396,2,0,0.0,0.0,14.5,1431.0,4.0,4,5.0,1,1,0.0,1.0
9398,4,1,288.14,72.035,13.5,1285.75,3.75,7,12.5,3,2,0.25,0.6666666666666666
9399,2,1,6064.42,3032.21,9.5,866.0,4.5,5,10.0,1,0,0.5,0.0
9400,3,0,0.0,0.0,16.333333333333332,533.3333333333334,4.0,6,1.6666666666666667,2,2,0.0,1.0
9401,2,0,0.0,0.0,17.0,586.0,4.0,6,5.0,2,2,0.0,1.0
9402,3,0,0.0,0.0,9.0,918.6666666666666,4.0,10,0.0,3,3,0.0,1.0
9403,1,0,0.0,0.0,8.0,512.0,4.0,4,0.0,1,1,0.0,1.0
9404,2,0,0.0,0.0,16.0,988.5,4.0,5,0.0,2,2,0.0,1.0
9405,5,0,0.0,0.0,14.0,971.6,4.0,9,7.0,1,1,0.0,1.0
9406,1,0,0.0,0.0,20.0,1527.0,4.0,4,25.0,1,1,0.0,1.0
9408,4,1,3288.68,822.17,8.75,1141.25,4.25,12,2.5,2,1,0.25,0.5
9409,2,0,0.0,0.0,12.5,1188.5,4.0,5,17.5,1,1,0.0,1.0
9410,3,0,0.0,0.0,6.333333333333333,728.3333333333334,4.0,6,0.0,2,2,0.0,1.0
9411,3,1,1670.19,556.73,11.666666666666666,626.0,4.333333333333333,9,0.0,2,1,0.3333333333333333,0.5
9412,2,2,4866.42,2433.21,10.5,803.5,4.0,7,12.5,2,0,1.0,0.0
9413,6,0,0.0,0.0,10.166666666666666,1072.8333333333333,4.0,10,15.0,3,3,0.0,1.0
9414,1,0,0.0,0.0,22.0,1320.0,4.0,3,30.0,0,0,0.0,0.0
9415,1,0,0.0,0.0,18.0,1304.0,4.0,3,10.0,0,0,0.0,0.0
9416,1,1,1477.35,1477.35,21.0,1135.0,5.0,3,30.0,1,0,1.0,0.0
9417,4,0,0.0,0.0,14.75,1090.5,4.0,14,7.5,4,4,0.0,1.0
9418,3,0,0.0,0.0,11.333333333333334,1163.0,4.0,9,8.333333333333334,1,1,0.0,1.0
9419,3,1,6409.44,2136.48,12.666666666666666,1562.3333333333333,4.333333333333333,8,8.333333333333334,2,1,0.3333333333333333,0.5
9420,5,1,2929.95,585.99,13.2,957.2,4.2,13,13.0,4,3,0.2,0.75
9421,1,0,0.0,0.0,21.0,82.0,4.0,4,5.0,1,1,0.0,1.0
9422,6,2,3869.2799999999997,644.88,9.333333333333334,753.0,4.333333333333333,16,12.5,3,1,0.3333333333333333,0.3333333333333333
9423,4,0,0.0,0.0,9.5,1142.75,4.0,10,8.75,3,3,0.0,1.0
9424,3,0,0.0,0.0,9.333333333333334,912.0,4.0,12,5.0,1,1,0.0,1.0
9425,5,1,1677.07,335.414,13.8,1113.6,4.2,13,23.0,1,0,0.2,0.0
9426,3,0,0.0,0.0,9.0,839.6666666666666,4.0,6,10.0,2,2,0.0,1.0
9427,3,0,0.0,0.0,18.333333333333332,1275.0,4.0,7,11.666666666666666,1,1,0.0,1.0
9428,2,0,0.0,0.0,8.5,1053.5,4.0,6,15.0,1,1,0.0,1.0
9429,6,1,1016.61,169.435,9.166666666666666,1010.6666666666666,4.0,13,9.166666666666666,4,3,0.16666666666666666,0.75
9430,2,0,0.0,0.0,9.5,1683.0,4.0,7,10.0,0,0,0.0,0.0
9431,5,2,4666.1,933.22,11.8,889.8,4.0,15,3.0,2,0,0.4,0.0
9432,5,1,439.86,87.97200000000001,10.4,688.4,4.0,9,10.0,4,3,0.2,0.75
9433,1,0,0.0,0.0,12.0,1614.0,4.0,2,10.0,0,0,0.0,0.0
9434,3,1,665.15,221.71666666666667,16.333333333333332,1081.0,3.6666666666666665,9,10.0,1,0,0.3333333333333333,0.0
9435,3,2,2384.99,794.9966666666666,16.0,678.3333333333334,3.6666666666666665,6,5.0,2,0,0.6666666666666666,0.0
9436,1,0,0.0,0.0,5.0,1151.0,4.0,4,15.0,1,1,0.0,1.0
9437,4,0,0.0,0.0,12.0,1490.75,4.0,11,17.5,1,1,0.0,1.0
9438,4,0,0.0,0.0,14.25,775.5,4.0,9,11.25,2,2,0.0,1.0
9439,4,0,0.0,0.0,17.75,593.5,4.0,11,6.25,3,3,0.0,1.0
9440,3,0,0.0,0.0,11.0,225.0,4.0,7,18.333333333333332,2,2,0.0,1.0
9441,4,0,0.0,0.0,7.0,726.5,4.0,8,6.25,3,3,0.0,1.0
9442,4,1,267.3,66.825,13.0,921.5,4.0,14,8.75,2,1,0.25,0.5
9443,4,1,4035.76,1008.94,6.0,1056.0,4.25,13,0.0,2,1,0.25,0.5
9444,1,1,1818.38,1818.38,12.0,1713.0,4.0,4,5.0,1,0,1.0,0.0
9445,7,1,1950.75,278.67857142857144,8.0,835.8571428571429,4.0,19,3.5714285714285716,5,4,0.14285714285714285,0.8
9446,3,1,3802.13,1267.3766666666668,8.666666666666666,1693.6666666666667,3.0,8,1.6666666666666667,1,0,0.3333333333333333,0.0
9447,4,0,0.0,0.0,17.25,1011.75,4.0,5,2.5,3,3,0.0,1.0
9448,4,1,4905.51,1226.3775,16.75,916.25,4.25,12,8.75,1,0,0.25,0.0
9449,1,0,0.0,0.0,20.0,1400.0,4.0,2,0.0,1,1,0.0,1.0
9450,1,0,0.0,0.0,6.0,415.0,4.0,4,5.0,1,1,0.0,1.0
9452,3,1,1204.42,401.47333333333336,16.0,1160.6666666666667,4.0,7,13.333333333333334,1,0,0.3333333333333333,0.0
9453,4,2,3981.11,995.2775,13.0,1216.0,3.5,10,15.0,3,1,0.5,0.3333333333333333
9454,5,1,2253.24,450.64799999999997,17.6,897.6,4.0,15,11.0,2,1,0.2,0.5
9455,3,0,0.0,0.0,15.666666666666666,611.3333333333334,4.0,9,11.666666666666666,2,2,0.0,1.0
9456,2,0,0.0,0.0,7.5,900.0,4.0,7,0.0,1,1,0.0,1.0
9457,4,1,4352.02,1088.005,9.25,1310.25,4.25,13,5.0,3,2,0.25,0.6666666666666666
9458,2,0,0.0,0.0,8.5,775.5,4.0,5,2.5,1,1,0.0,1.0
9459,4,0,0.0,0.0,10.0,798.5,4.0,10,8.75,2,2,0.0,1.0
9460,2,1,111.47,55.735,12.0,909.5,3.5,4,0.0,2,1,0.5,0.5
9461,2,0,0.0,0.0,14.5,856.5,4.0,6,5.0,1,1,0.0,1.0
9462,3,1,1948.29,649.43,12.0,1002.6666666666666,4.0,8,8.333333333333334,3,2,0.3333333333333333,0.6666666666666666
9464,3,0,0.0,0.0,11.666666666666666,1031.0,4.0,7,13.333333333333334,3,3,0.0,1.0
9465,1,0,0.0,0.0,2.0,213.0,4.0,2,0.0,0,0,0.0,0.0
9466,1,1,1963.64,1963.64,17.0,1712.0,5.0,2,0.0,1,0,1.0,0.0
9467,2,0,0.0,0.0,19.0,1101.0,4.0,4,7.5,1,1,0.0,1.0
9468,3,0,0.0,0.0,8.0,1326.6666666666667,4.0,6,15.0,1,1,0.0,1.0
9469,2,0,0.0,0.0,8.0,1475.5,4.0,8,0.0,2,2,0.0,1.0
9470,2,1,1069.28,534.64,17.5,1064.5,4.5,6,12.5,1,0,0.5,0.0
9471,2,0,0.0,0.0,11.0,898.0,4.0,8,2.5,1,1,0.0,1.0
9472,1,0,0.0,0.0,4.0,722.0,4.0,2,10.0,1,1,0.0,1.0
9473,3,1,1368.67,456.22333333333336,14.333333333333334,775.6666666666666,3.6666666666666665,5,18.333333333333332,3,2,0.3333333333333333,0.6666666666666666
9475,3,1,813.36,271.12,10.0,809.0,3.6666666666666665,4,8.333333333333334,1,0,0.3333333333333333,0.0
9476,6,4,11059.96,1843.3266666666666,15.5,1107.0,3.8333333333333335,15,12.5,5,1,0.6666666666666666,0.2
9477,3,1,5295.12,1765.04,16.0,1280.0,4.0,8,3.3333333333333335,3,2,0.3333333333333333,0.6666666666666666
9478,2,0,0.0,0.0,13.5,932.0,4.0,6,7.5,1,1,0.0,1.0
9479,4,1,4980.2,1245.05,8.75,997.0,4.0,11,5.0,2,1,0.25,0.5
9480,2,1,1621.56,810.78,4.0,1027.5,4.5,7,5.0,2,1,0.5,0.5
9481,2,0,0.0,0.0,17.5,1292.5,4.0,6,7.5,0,0,0.0,0.0
9482,3,0,0.0,0.0,9.0,1351.6666666666667,4.0,7,10.0,0,0,0.0,0.0
9483,1,0,0.0,0.0,11.0,895.0,4.0,3,10.0,0,0,0.0,0.0
9484,5,1,2522.52,504.504,13.2,854.0,3.6,12,10.0,4,3,0.2,0.75
9485,1,1,1389.75,1389.75,15.0,65.0,1.0,3,0.0,1,0,1.0,0.0
9486,1,0,0.0,0.0,18.0,1503.0,4.0,3,0.0,1,1,0.0,1.0
9487,2,0,0.0,0.0,22.0,1373.0,4.0,3,10.0,2,2,0.0,1.0
9489,2,1,315.89,157.945,11.0,1364.0,4.0,5,22.5,1,0,0.5,0.0
9490,1,0,0.0,0.0,15.0,1484.0,4.0,1,15.0,0,0,0.0,0.0
9491,2,1,1838.66,919.33,5.5,693.0,2.5,8,10.0,1,0,0.5,0.0
9492,3,0,0.0,0.0,15.666666666666666,712.6666666666666,4.0,5,15.0,1,1,0.0,1.0
9493,3,0,0.0,0.0,7.333333333333333,1048.6666666666667,4.0,7,5.0,1,1,0.0,1.0
9494,5,1,7745.76,1549.152,11.4,822.4,4.2,15,5.0,5,4,0.2,0.8
9496,4,2,1692.67,423.1675,9.75,800.75,3.75,8,10.0,3,1,0.5,0.3333333333333333
9497,3,1,2928.02,976.0066666666667,13.0,1134.0,3.6666666666666665,10,0.0,2,1,0.3333333333333333,0.5
9498,2,2,2448.1800000000003,1224.0900000000001,14.0,364.5,4.0,3,10.0,2,0,1.0,0.0
9499,5,0,0.0,0.0,16.8,748.8,4.0,14,9.0,4,4,0.0,1.0
9500,1,0,0.0,0.0,16.0,62.0,4.0,1,10.0,0,0,0.0,0.0
9501,2,0,0.0,0.0,7.0,1257.0,4.0,6,12.5,2,2,0.0,1.0
9502,2,0,0.0,0.0,13.0,1662.5,4.0,6,0.0,0,0,0.0,0.0
9503,2,0,0.0,0.0,14.0,1347.5,4.0,5,17.5,2,2,0.0,1.0
9504,5,1,1549.07,309.81399999999996,11.8,1100.0,4.2,18,6.0,5,4,0.2,0.8
9505,2,1,2681.46,1340.73,19.5,1613.5,4.5,5,10.0,2,1,0.5,0.5
9507,3,2,6597.48,2199.16,12.0,1144.3333333333333,3.3333333333333335,8,11.666666666666666,3,1,0.6666666666666666,0.3333333333333333
9508,3,0,0.0,0.0,17.333333333333332,1222.3333333333333,4.0,8,13.333333333333334,2,2,0.0,1.0
9509,4,2,6738.14,1684.535,12.25,1043.75,3.75,13,7.5,4,2,0.5,0.5
9510,1,0,0.0,0.0,23.0,1599.0,4.0,1,0.0,1,1,0.0,1.0
9511,3,0,0.0,0.0,11.666666666666666,1078.0,4.0,8,5.0,2,2,0.0,1.0
9512,2,1,396.98,198.49,21.5,1197.5,4.5,5,25.0,2,1,0.5,0.5
9513,4,2,841.73,210.4325,15.75,991.5,3.75,7,16.25,3,1,0.5,0.3333333333333333
9514,2,1,1219.92,609.96,11.0,416.5,3.5,3,17.5,2,1,0.5,0.5
9515,2,0,0.0,0.0,8.0,1271.5,4.0,7,5.0,0,0,0.0,0.0
9516,2,0,0.0,0.0,16.0,1346.0,4.0,7,7.5,0,0,0.0,0.0
9517,1,0,0.0,0.0,12.0,340.0,4.0,1,0.0,1,1,0.0,1.0
9518,3,0,0.0,0.0,15.0,933.0,4.0,7,0.0,2,2,0.0,1.0
9519,2,0,0.0,0.0,19.0,1453.0,4.0,3,0.0,1,1,0.0,1.0
9520,4,1,1286.19,321.5475,17.25,627.25,3.25,13,6.25,3,2,0.25,0.6666666666666666
9521,2,1,745.72,372.86,14.5,765.0,4.5,2,5.0,1,0,0.5,0.0
9522,1,0,0.0,0.0,15.0,75.0,4.0,3,10.0,1,1,0.0,1.0
9523,3,0,0.0,0.0,11.333333333333334,1103.3333333333333,4.0,8,11.666666666666666,1,1,0.0,1.0
9524,2,1,2873.3,1436.65,11.5,1210.0,3.0,4,5.0,1,0,0.5,0.0
9525,4,0,0.0,0.0,9.75,859.25,4.0,10,10.0,1,1,0.0,1.0
9526,4,1,1724.65,431.1625,9.0,566.5,4.25,10,12.5,2,1,0.25,0.5
9527,2,0,0.0,0.0,18.0,893.5,4.0,5,5.0,1,1,0.0,1.0
9528,6,3,6753.44,1125.5733333333333,7.833333333333333,982.1666666666666,4.0,16,4.166666666666667,5,2,0.5,0.4
9529,1,0,0.0,0.0,21.0,549.0,4.0,1,0.0,1,1,0.0,1.0
9530,1,0,0.0,0.0,11.0,1106.0,4.0,3,0.0,1,1,0.0,1.0
9531,3,0,0.0,0.0,14.333333333333334,313.0,4.0,7,10.0,0,0,0.0,0.0
9532,1,0,0.0,0.0,21.0,1516.0,4.0,4,0.0,1,1,0.0,1.0
9533,4,1,2653.75,663.4375,17.5,1103.25,4.25,8,8.75,3,2,0.25,0.6666666666666666
9534,4,1,3751.99,937.9975,12.0,584.25,4.25,14,12.5,3,2,0.25,0.6666666666666666
9536,4,0,0.0,0.0,14.25,815.5,4.0,9,12.5,3,3,0.0,1.0
9537,3,0,0.0,0.0,9.333333333333334,1187.3333333333333,4.0,5,6.666666666666667,3,3,0.0,1.0
9538,9,3,2571.34,285.70444444444445,13.222222222222221,897.8888888888889,4.0,24,15.555555555555555,7,4,0.3333333333333333,0.5714285714285714
9539,1,0,0.0,0.0,24.0,762.0,4.0,2,30.0,1,1,0.0,1.0
9540,4,2,2398.3,599.575,17.25,903.5,3.75,9,7.5,3,1,0.5,0.3333333333333333
9541,2,0,0.0,0.0,7.5,1321.0,4.0,3,7.5,0,0,0.0,0.0
9542,4,1,1758.43,439.6075,5.25,1009.5,4.25,11,5.0,3,2,0.25,0.6666666666666666
9543,3,0,0.0,0.0,15.666666666666666,254.0,4.0,8,10.0,1,1,0.0,1.0
9544,1,0,0.0,0.0,17.0,1025.0,4.0,1,0.0,0,0,0.0,0.0
9545,3,1,3289.61,1096.5366666666666,14.333333333333334,684.3333333333334,4.333333333333333,6,13.333333333333334,2,1,0.3333333333333333,0.5
9546,4,1,1567.78,391.945,12.25,1325.75,4.0,15,1.25,2,1,0.25,0.5
9547,3,1,3163.97,1054.6566666666665,13.0,464.3333333333333,3.0,9,3.3333333333333335,2,1,0.3333333333333333,0.5
9548,2,0,0.0,0.0,11.0,518.0,4.0,5,15.0,1,1,0.0,1.0
9549,6,2,2978.63,496.43833333333333,8.5,669.8333333333334,3.8333333333333335,13,6.666666666666667,3,1,0.3333333333333333,0.3333333333333333
9550,1,1,2025.96,2025.96,10.0,918.0,4.0,3,0.0,1,0,1.0,0.0
9552,3,1,6294.28,2098.0933333333332,16.0,763.6666666666666,3.6666666666666665,11,18.333333333333332,1,0,0.3333333333333333,0.0
9553,2,0,0.0,0.0,17.0,962.0,4.0,4,7.5,2,2,0.0,1.0
9554,5,0,0.0,0.0,12.8,977.4,4.0,14,9.0,1,1,0.0,1.0
9555,1,0,0.0,0.0,13.0,1317.0,4.0,2,10.0,0,0,0.0,0.0
9556,1,0,0.0,0.0,6.0,1010.0,4.0,3,0.0,0,0,0.0,0.0
9557,1,1,2650.56,2650.56,6.0,1299.0,4.0,2,5.0,1,0,1.0,0.0
9558,1,1,2885.61,2885.61,14.0,1163.0,4.0,4,15.0,1,0,1.0,0.0
9559,3,1,330.64,110.21333333333332,8.666666666666666,997.6666666666666,3.0,4,15.0,3,2,0.3333333333333333,0.6666666666666666
9560,2,0,0.0,0.0,12.0,1298.5,4.0,7,20.0,2,2,0.0,1.0
9561,1,0,0.0,0.0,12.0,1775.0,4.0,4,0.0,1,1,0.0,1.0
9562,1,0,0.0,0.0,7.0,1165.0,4.0,1,25.0,1,1,0.0,1.0
9563,3,0,0.0,0.0,19.333333333333332,658.6666666666666,4.0,8,1.6666666666666667,2,2,0.0,1.0
9564,2,0,0.0,0.0,8.0,1112.0,4.0,6,15.0,0,0,0.0,0.0
9565,4,0,0.0,0.0,5.5,1176.5,4.0,6,2.5,1,1,0.0,1.0
9566,4,1,209.07,52.2675,10.5,988.25,3.75,5,8.75,4,3,0.25,0.75
9567,4,2,3318.52,829.63,14.25,1286.25,3.25,11,7.5,3,1,0.5,0.3333333333333333
9568,4,1,2140.22,535.055,20.75,503.0,3.75,10,13.75,1,0,0.25,0.0
9569,6,1,5326.77,887.7950000000001,10.666666666666666,1023.3333333333334,3.8333333333333335,13,5.833333333333333,4,3,0.16666666666666666,0.75
9571,3,2,3456.59,1152.1966666666667,17.0,1063.3333333333333,3.6666666666666665,6,5.0,2,0,0.6666666666666666,0.0
9572,1,0,0.0,0.0,18.0,409.0,4.0,3,0.0,1,1,0.0,1.0
9573,1,1,1042.86,1042.86,20.0,1649.0,4.0,2,30.0,1,0,1.0,0.0
9574,2,1,1026.04,513.02,11.5,1146.5,4.5,5,15.0,2,1,0.5,0.5
9575,8,1,1119.65,139.95625,9.25,875.875,3.875,20,7.5,5,4,0.125,0.8
9576,1,0,0.0,0.0,9.0,744.0,4.0,2,0.0,1,1,0.0,1.0
9577,5,1,509.34,101.868,14.0,814.0,3.6,10,8.0,4,3,0.2,0.75
9578,2,2,2187.15,1093.575,11.5,1134.5,5.0,5,15.0,2,0,1.0,0.0
9579,2,0,0.0,0.0,13.5,1174.5,4.0,7,10.0,1,1,0.0,1.0
9580,3,0,0.0,0.0,14.666666666666666,906.3333333333334,4.0,7,6.666666666666667,2,2,0.0,1.0
9583,2,0,0.0,0.0,10.5,1046.5,4.0,6,2.5,1,1,0.0,1.0
9584,3,1,2046.94,682.3133333333334,15.666666666666666,1254.0,4.333333333333333,7,5.0,1,0,0.3333333333333333,0.0
9585,2,0,0.0,0.0,22.5,1371.5,4.0,7,5.0,1,1,0.0,1.0
9586,2,0,0.0,0.0,4.0,510.0,4.0,8,10.0,1,1,0.0,1.0
9587,2,1,2846.35,1423.175,13.0,1381.0,4.0,5,10.0,2,1,0.5,0.5
9588,1,0,0.0,0.0,2.0,1253.0,4.0,3,10.0,1,1,0.0,1.0
9589,5,1,1351.04,270.20799999999997,15.6,1502.8,4.0,12,13.0,2,1,0.2,0.5
9590,3,0,0.0,0.0,13.666666666666666,1085.3333333333333,4.0,9,11.666666666666666,2,2,0.0,1.0
9591,2,0,0.0,0.0,13.0,694.5,4.0,5,20.0,2,2,0.0,1.0
9592,4,1,2354.85,588.7125,14.25,847.75,3.5,12,10.0,4,3,0.25,0.75
9593,1,0,0.0,0.0,18.0,60.0,4.0,4,20.0,0,0,0.0,0.0
9594,3,0,0.0,0.0,8.333333333333334,380.3333333333333,4.0,6,15.0,2,2,0.0,1.0
9595,1,1,753.28,753.28,17.0,626.0,4.0,4,0.0,1,0,1.0,0.0
9597,4,1,2360.92,590.23,15.0,652.0,3.5,9,7.5,2,1,0.25,0.5
9598,2,1,642.27,321.135,19.0,855.0,3.5,2,5.0,1,0,0.5,0.0
9599,4,2,3676.37,919.0925,12.0,811.5,3.75,6,13.75,3,1,0.5,0.3333333333333333
9600,2,1,3321.07,1660.535,15.0,1087.5,4.0,8,15.0,1,0,0.5,0.0
9601,3,0,0.0,0.0,13.0,923.0,4.0,4,8.333333333333334,2,2,0.0,1.0
9602,4,1,115.49,28.8725,13.75,1251.75,4.0,7,15.0,2,1,0.25,0.5
9603,1,0,0.0,0.0,1.0,1065.0,4.0,3,10.0,0,0,0.0,0.0
9604,1,0,0.0,0.0,19.0,221.0,4.0,1,0.0,1,1,0.0,1.0
9606,4,1,418.9,104.725,11.75,703.25,3.75,9,11.25,3,2,0.25,0.6666666666666666
9607,3,0,0.0,0.0,12.333333333333334,1562.3333333333333,4.0,7,5.0,3,3,0.0,1.0
9608,2,1,582.94,291.47,12.0,629.0,4.0,6,7.5,1,0,0.5,0.0
9609,3,0,0.0,0.0,11.0,1302.3333333333333,4.0,6,5.0,2,2,0.0,1.0
9610,2,0,0.0,0.0,10.0,990.0,4.0,3,27.5,1,1,0.0,1.0
9611,3,0,0.0,0.0,21.333333333333332,1291.0,4.0,7,10.0,2,2,0.0,1.0
9612,1,0,0.0,0.0,15.0,570.0,4.0,3,0.0,0,0,0.0,0.0
9614,6,3,4422.33,737.055,13.5,923.1666666666666,3.6666666666666665,17,2.5,4,1,0.5,0.25
9617,3,1,2634.8,878.2666666666668,13.0,621.6666666666666,3.0,6,10.0,2,1,0.3333333333333333,0.5
9618,3,0,0.0,0.0,9.0,737.3333333333334,4.0,9,15.0,2,2,0.0,1.0
9619,1,0,0.0,0.0,24.0,1744.0,4.0,2,10.0,1,1,0.0,1.0
9620,3,0,0.0,0.0,13.333333333333334,920.6666666666666,4.0,11,13.333333333333334,2,2,0.0,1.0
9621,2,0,0.0,0.0,9.5,1169.0,4.0,3,10.0,1,1,0.0,1.0
9622,1,0,0.0,0.0,16.0,1438.0,4.0,1,10.0,1,1,0.0,1.0
9623,1,0,0.0,0.0,15.0,1737.0,4.0,1,15.0,1,1,0.0,1.0
9624,5,1,1558.96,311.79200000000003,9.2,817.8,3.6,13,14.0,4,3,0.2,0.75
9625,5,0,0.0,0.0,14.2,1138.8,4.0,12,1.0,3,3,0.0,1.0
9626,2,0,0.0,0.0,7.0,777.5,4.0,7,0.0,2,2,0.0,1.0
9627,1,1,376.56,376.56,10.0,850.0,4.0,2,0.0,1,0,1.0,0.0
9628,2,0,0.0,0.0,7.5,960.5,4.0,7,7.5,0,0,0.0,0.0
9629,6,3,5906.11,984.3516666666666,13.666666666666666,1155.1666666666667,3.8333333333333335,16,5.0,5,2,0.5,0.4
9630,5,2,1863.35,372.66999999999996,16.0,993.6,3.8,13,13.0,4,2,0.4,0.5
9631,5,1,879.68,175.93599999999998,13.8,1436.4,3.8,16,4.0,2,1,0.2,0.5
9633,4,1,5328.79,1332.1975,12.0,1257.5,3.75,13,11.25,4,3,0.25,0.75
9634,3,1,6060.36,2020.12,6.666666666666667,1127.3333333333333,3.6666666666666665,9,5.0,2,1,0.3333333333333333,0.5
9635,2,0,0.0,0.0,1.5,1101.0,4.0,7,30.0,1,1,0.0,1.0
9636,6,4,8408.52,1401.42,10.5,824.1666666666666,3.6666666666666665,12,12.5,6,2,0.6666666666666666,0.3333333333333333
9637,7,0,0.0,0.0,13.857142857142858,1019.8571428571429,4.0,19,9.285714285714286,4,4,0.0,1.0
9638,5,2,5225.09,1045.018,10.2,1032.8,4.2,17,7.0,3,1,0.4,0.3333333333333333
9639,7,4,4585.86,655.1228571428571,15.428571428571429,476.2857142857143,4.142857142857143,19,9.285714285714286,6,2,0.5714285714285714,0.3333333333333333
9641,3,1,1077.84,359.28,14.0,1232.6666666666667,4.0,4,3.3333333333333335,2,1,0.3333333333333333,0.5
9642,3,0,0.0,0.0,13.0,761.3333333333334,4.0,9,11.666666666666666,3,3,0.0,1.0
9643,3,2,2144.73,714.91,10.666666666666666,1124.0,4.333333333333333,6,13.333333333333334,3,1,0.6666666666666666,0.3333333333333333
9644,7,0,0.0,0.0,11.285714285714286,1035.5714285714287,4.0,16,10.0,5,5,0.0,1.0
9645,2,0,0.0,0.0,6.5,396.0,4.0,6,10.0,2,2,0.0,1.0
9646,3,1,431.04,143.68,21.0,1223.0,3.0,7,11.666666666666666,2,1,0.3333333333333333,0.5
9647,3,0,0.0,0.0,11.666666666666666,1226.3333333333333,4.0,9,5.0,2,2,0.0,1.0
9648,5,1,599.94,119.98800000000001,12.6,924.2,3.6,9,5.0,3,2,0.2,0.6666666666666666
9649,2,0,0.0,0.0,18.0,1489.0,4.0,4,7.5,2,2,0.0,1.0
9650,4,0,0.0,0.0,16.5,1336.25,4.0,9,8.75,4,4,0.0,1.0
9651,2,1,1572.21,786.105,3.0,620.5,4.5,6,12.5,1,0,0.5,0.0
9652,5,2,1690.88,338.17600000000004,16.4,1327.0,3.6,11,7.0,4,2,0.4,0.5
9653,1,0,0.0,0.0,21.0,1057.0,4.0,4,20.0,0,0,0.0,0.0
9654,1,0,0.0,0.0,16.0,560.0,4.0,3,0.0,0,0,0.0,0.0
9655,4,1,1073.14,268.285,14.25,440.25,4.25,8,6.25,2,1,0.25,0.5
9656,4,1,1691.63,422.9075,14.75,637.75,3.5,8,2.5,2,1,0.25,0.5
9657,3,0,0.0,0.0,15.0,844.3333333333334,4.0,5,6.666666666666667,1,1,0.0,1.0
9658,8,5,11532.05,1441.50625,12.75,905.375,3.75,23,8.125,8,3,0.625,0.375
9659,1,0,0.0,0.0,1.0,1131.0,4.0,1,0.0,0,0,0.0,0.0
9660,5,0,0.0,0.0,8.4,995.8,4.0,15,11.0,2,2,0.0,1.0
9661,2,0,0.0,0.0,12.0,1153.5,4.0,6,5.0,1,1,0.0,1.0
9662,5,2,2792.1600000000003,558.432,9.6,908.0,4.0,14,14.0,3,1,0.4,0.3333333333333333
9663,4,1,3129.52,782.38,10.75,1182.75,4.25,11,10.0,4,3,0.25,0.75
9664,1,0,0.0,0.0,21.0,1315.0,4.0,2,10.0,0,0,0.0,0.0
9665,1,0,0.0,0.0,3.0,975.0,4.0,2,10.0,1,1,0.0,1.0
9666,1,1,703.68,703.68,18.0,1298.0,4.0,2,20.0,1,0,1.0,0.0
9667,7,0,0.0,0.0,12.714285714285714,982.1428571428571,4.0,13,9.285714285714286,2,2,0.0,1.0
9668,1,1,4401.23,4401.23,3.0,45.0,4.0,4,15.0,1,0,1.0,0.0
9669,1,0,0.0,0.0,3.0,1248.0,4.0,3,0.0,1,1,0.0,1.0
9670,5,2,1531.63,306.326,10.0,880.8,3.6,13,7.0,5,3,0.4,0.6
9671,4,0,0.0,0.0,11.5,889.75,4.0,14,8.75,4,4,0.0,1.0
9673,1,0,0.0,0.0,18.0,1048.0,4.0,2,0.0,0,0,0.0,0.0
9674,1,0,0.0,0.0,11.0,1440.0,4.0,3,0.0,1,1,0.0,1.0
9675,2,0,0.0,0.0,14.5,1238.0,4.0,4,0.0,1,1,0.0,1.0
9676,3,0,0.0,0.0,8.333333333333334,934.6666666666666,4.0,3,6.666666666666667,3,3,0.0,1.0
9677,7,1,1587.68,226.8114285714286,13.142857142857142,853.2857142857143,4.142857142857143,19,7.857142857142857,6,5,0.14285714285714285,0.8333333333333334
9678,3,0,0.0,0.0,11.0,931.3333333333334,4.0,7,3.3333333333333335,2,2,0.0,1.0
9679,4,0,0.0,0.0,13.25,1425.75,4.0,10,2.5,3,3,0.0,1.0
9680,3,1,1684.38,561.46,8.666666666666666,1078.0,4.0,8,5.0,1,0,0.3333333333333333,0.0
9681,2,2,643.62,321.81,15.5,1380.5,4.0,5,17.5,2,0,1.0,0.0
9682,1,0,0.0,0.0,20.0,1136.0,4.0,1,15.0,0,0,0.0,0.0
9684,2,1,220.97,110.485,4.0,782.0,4.5,5,12.5,1,0,0.5,0.0
9685,4,2,3810.04,952.51,14.5,1100.75,4.25,12,16.25,3,1,0.5,0.3333333333333333
9686,1,0,0.0,0.0,9.0,1489.0,4.0,3,10.0,0,0,0.0,0.0
9687,4,0,0.0,0.0,9.0,744.75,4.0,13,0.0,2,2,0.0,1.0
9689,2,0,0.0,0.0,16.5,340.5,4.0,7,0.0,1,1,0.0,1.0
9690,2,0,0.0,0.0,13.0,185.5,4.0,8,12.5,2,2,0.0,1.0
9691,1,1,885.92,885.92,24.0,401.0,2.0,1,20.0,1,0,1.0,0.0
9692,2,1,3474.48,1737.24,17.5,549.5,4.5,4,0.0,1,0,0.5,0.0
9693,2,1,171.78,85.89,9.5,641.0,3.5,3,0.0,2,1,0.5,0.5
9694,2,0,0.0,0.0,17.0,838.0,4.0,2,5.0,1,1,0.0,1.0
9695,3,1,798.58,266.1933333333333,13.666666666666666,969.3333333333334,3.6666666666666665,8,11.666666666666666,2,1,0.3333333333333333,0.5
9696,2,0,0.0,0.0,7.5,703.0,4.0,4,2.5,1,1,0.0,1.0
9697,2,1,1631.68,815.84,13.0,1431.0,4.0,4,5.0,2,1,0.5,0.5
9698,2,1,490.67,245.335,15.5,578.0,3.0,5,0.0,1,0,0.5,0.0
9699,5,1,668.82,133.764,16.4,808.4,3.4,12,4.0,2,1,0.2,0.5
9700,3,0,0.0,0.0,14.0,803.0,4.0,8,16.666666666666668,1,1,0.0,1.0
9701,6,0,0.0,0.0,13.0,1250.5,4.0,12,14.166666666666666,3,3,0.0,1.0
9702,1,0,0.0,0.0,15.0,66.0,4.0,2,15.0,1,1,0.0,1.0
9703,3,1,1500.01,500.00333333333333,8.0,1375.6666666666667,3.3333333333333335,10,16.666666666666668,2,1,0.3333333333333333,0.5
9704,1,1,4339.03,4339.03,16.0,1564.0,4.0,3,15.0,1,0,1.0,0.0
9705,3,0,0.0,0.0,10.333333333333334,759.0,4.0,7,8.333333333333334,1,1,0.0,1.0
9706,5,1,881.33,176.26600000000002,12.6,1037.6,4.2,16,15.0,3,2,0.2,0.6666666666666666
9707,4,1,5553.0,1388.25,15.25,1030.5,4.0,13,8.75,2,1,0.25,0.5
9708,2,0,0.0,0.0,12.5,322.5,4.0,6,15.0,2,2,0.0,1.0
9710,1,0,0.0,0.0,24.0,593.0,4.0,2,5.0,1,1,0.0,1.0
9711,1,1,104.4,104.4,13.0,634.0,3.0,1,15.0,1,0,1.0,0.0
9712,3,1,535.5,178.5,11.333333333333334,741.0,4.333333333333333,3,10.0,2,1,0.3333333333333333,0.5
9713,2,1,1197.58,598.79,17.5,59.0,4.0,4,12.5,2,1,0.5,0.5
9714,2,0,0.0,0.0,18.0,1259.0,4.0,6,12.5,1,1,0.0,1.0
9715,2,0,0.0,0.0,15.0,686.0,4.0,5,2.5,2,2,0.0,1.0
9716,4,0,0.0,0.0,14.5,853.75,4.0,10,1.25,3,3,0.0,1.0
9717,3,0,0.0,0.0,11.333333333333334,298.3333333333333,4.0,6,13.333333333333334,0,0,0.0,0.0
9718,3,1,2410.31,803.4366666666666,20.666666666666668,1014.0,3.6666666666666665,9,15.0,2,1,0.3333333333333333,0.5
9719,6,2,1323.04,220.50666666666666,11.166666666666666,1318.1666666666667,4.166666666666667,14,10.0,3,1,0.3333333333333333,0.3333333333333333
9720,3,0,0.0,0.0,10.333333333333334,1003.3333333333334,4.0,8,11.666666666666666,1,1,0.0,1.0
9721,1,0,0.0,0.0,10.0,1496.0,4.0,2,10.0,1,1,0.0,1.0
9722,4,0,0.0,0.0,13.25,1017.5,4.0,12,3.75,1,1,0.0,1.0
9723,3,1,5173.84,1724.6133333333335,9.333333333333334,910.0,3.6666666666666665,8,0.0,2,1,0.3333333333333333,0.5
9724,5,0,0.0,0.0,14.2,1374.2,4.0,10,7.0,3,3,0.0,1.0
9725,1,0,0.0,0.0,12.0,1535.0,4.0,1,20.0,0,0,0.0,0.0
9726,6,2,6634.26,1105.71,13.5,887.5,3.8333333333333335,15,6.666666666666667,4,2,0.3333333333333333,0.5
9727,2,1,2621.8,1310.9,8.5,704.5,4.0,7,5.0,1,0,0.5,0.0
9728,2,1,205.35,102.675,4.0,997.0,3.5,3,15.0,1,0,0.5,0.0
9729,2,0,0.0,0.0,16.5,1576.5,4.0,5,5.0,1,1,0.0,1.0
9730,4,1,3181.75,795.4375,13.75,1007.0,4.25,8,5.0,3,2,0.25,0.6666666666666666
9731,3,0,0.0,0.0,11.666666666666666,1435.6666666666667,4.0,11,13.333333333333334,2,2,0.0,1.0
9732,4,2,4610.57,1152.6425,12.0,808.0,3.25,9,3.75,3,1,0.5,0.3333333333333333
9733,3,1,3555.88,1185.2933333333333,14.666666666666666,1155.0,4.0,6,10.0,2,1,0.3333333333333333,0.5
9734,7,2,1942.9499999999998,277.5642857142857,13.428571428571429,752.5714285714286,4.0,20,8.571428571428571,5,3,0.2857142857142857,0.6
9735,2,0,0.0,0.0,16.0,1477.0,4.0,4,15.0,0,0,0.0,0.0
9736,6,1,1095.18,182.53,13.0,735.6666666666666,3.8333333333333335,16,7.5,4,3,0.16666666666666666,0.75
9737,1,0,0.0,0.0,15.0,1667.0,4.0,4,20.0,1,1,0.0,1.0
9738,1,1,925.88,925.88,13.0,1386.0,3.0,3,15.0,1,0,1.0,0.0
9739,3,1,1615.15,538.3833333333333,19.333333333333332,830.0,4.333333333333333,5,0.0,2,1,0.3333333333333333,0.5
9740,1,0,0.0,0.0,23.0,760.0,4.0,1,0.0,1,1,0.0,1.0
9741,4,1,542.19,135.5475,10.25,1244.25,4.0,8,5.0,2,1,0.25,0.5
9742,1,0,0.0,0.0,22.0,1479.0,4.0,2,0.0,1,1,0.0,1.0
9743,1,1,2288.69,2288.69,9.0,906.0,3.0,4,30.0,1,0,1.0,0.0
9744,3,1,1927.76,642.5866666666667,3.6666666666666665,671.3333333333334,4.0,8,0.0,2,1,0.3333333333333333,0.5
9745,3,0,0.0,0.0,9.0,1034.0,4.0,9,8.333333333333334,1,1,0.0,1.0
9746,2,0,0.0,0.0,10.5,410.0,4.0,4,0.0,1,1,0.0,1.0
9747,5,1,1253.28,250.656,9.4,457.0,3.8,12,7.0,4,3,0.2,0.75
9748,3,2,1867.56,622.52,16.0,1161.0,4.0,7,20.0,3,1,0.6666666666666666,0.3333333333333333
9749,3,1,2052.83,684.2766666666666,12.666666666666666,685.0,4.333333333333333,9,18.333333333333332,2,1,0.3333333333333333,0.5
9750,2,0,0.0,0.0,14.5,1297.0,4.0,4,5.0,2,2,0.0,1.0
9751,1,0,0.0,0.0,17.0,1734.0,4.0,4,0.0,1,1,0.0,1.0
9752,1,1,1334.88,1334.88,21.0,1360.0,3.0,4,0.0,1,0,1.0,0.0
9753,1,1,497.21,497.21,11.0,78.0,5.0,1,15.0,1,0,1.0,0.0
9754,5,1,3407.82,681.5640000000001,14.8,880.8,3.4,11,6.0,4,3,0.2,0.75
9755,3,2,1326.72,442.24,12.0,1229.6666666666667,3.3333333333333335,5,15.0,3,1,0.6666666666666666,0.3333333333333333
9756,2,0,0.0,0.0,17.5,1465.5,4.0,7,5.0,2,2,0.0,1.0
9757,3,1,81.54,27.180000000000003,19.666666666666668,887.3333333333334,4.333333333333333,6,6.666666666666667,3,2,0.3333333333333333,0.6666666666666666
9758,4,1,1100.76,275.19,3.25,1087.25,4.25,13,7.5,4,3,0.25,0.75
9759,5,2,7465.32,1493.0639999999999,8.0,937.4,3.8,12,13.0,4,2,0.4,0.5
9760,1,1,378.47,378.47,6.0,1151.0,3.0,1,0.0,1,0,1.0,0.0
9761,3,1,346.2,115.39999999999999,4.0,851.0,4.333333333333333,7,5.0,2,1,0.3333333333333333,0.5
9762,5,2,7499.860000000001,1499.9720000000002,16.2,1252.6,3.8,15,7.0,3,1,0.4,0.3333333333333333
9763,1,1,346.78,346.78,8.0,57.0,3.0,2,25.0,1,0,1.0,0.0
9764,1,0,0.0,0.0,18.0,871.0,4.0,1,15.0,0,0,0.0,0.0
9765,2,2,5383.120000000001,2691.5600000000004,12.0,1059.5,3.5,6,0.0,2,0,1.0,0.0
9766,5,1,1265.31,253.06199999999998,17.4,739.6,3.6,10,12.0,3,2,0.2,0.6666666666666666
9767,4,0,0.0,0.0,15.25,1013.0,4.0,11,13.75,4,4,0.0,1.0
9768,1,1,1970.75,1970.75,5.0,1075.0,3.0,4,30.0,1,0,1.0,0.0
9769,3,0,0.0,0.0,9.333333333333334,961.6666666666666,4.0,9,10.0,2,2,0.0,1.0
9770,3,1,1688.2,562.7333333333333,12.0,1529.3333333333333,3.3333333333333335,6,16.666666666666668,2,1,0.3333333333333333,0.5
9771,1,1,5050.12,5050.12,7.0,1645.0,3.0,3,15.0,1,0,1.0,0.0
9772,4,1,1121.12,280.28,18.75,710.75,4.25,10,18.75,3,2,0.25,0.6666666666666666
9773,4,0,0.0,0.0,11.5,1143.0,4.0,11,8.75,2,2,0.0,1.0
9774,2,0,0.0,0.0,21.0,251.5,4.0,6,0.0,2,2,0.0,1.0
9775,2,0,0.0,0.0,12.5,1470.0,4.0,5,7.5,1,1,0.0,1.0
9776,2,0,0.0,0.0,10.5,798.0,4.0,8,2.5,1,1,0.0,1.0
9777,4,1,6759.63,1689.9075,11.75,1108.25,4.25,11,10.0,4,3,0.25,0.75
9778,2,0,0.0,0.0,5.5,1039.0,4.0,6,10.0,1,1,0.0,1.0
9779,3,0,0.0,0.0,13.333333333333334,1066.3333333333333,4.0,8,13.333333333333334,1,1,0.0,1.0
9780,4,1,3361.47,840.3675,15.75,144.75,3.75,9,2.5,4,3,0.25,0.75
9781,1,1,1155.25,1155.25,13.0,891.0,5.0,2,20.0,1,0,1.0,0.0
9782,4,1,1946.82,486.705,9.75,895.25,3.75,9,11.25,1,0,0.25,0.0
9783,1,0,0.0,0.0,24.0,1445.0,4.0,1,0.0,0,0,0.0,0.0
9784,5,1,2290.49,458.09799999999996,11.2,1161.6,3.4,13,7.0,2,1,0.2,0.5
9785,3,1,5796.39,1932.13,10.333333333333334,867.6666666666666,4.0,10,8.333333333333334,2,1,0.3333333333333333,0.5
9786,1,0,0.0,0.0,10.0,1551.0,4.0,1,0.0,1,1,0.0,1.0
9787,5,0,0.0,0.0,13.4,935.0,4.0,11,3.0,2,2,0.0,1.0
9788,2,0,0.0,0.0,10.5,415.5,4.0,7,15.0,0,0,0.0,0.0
9789,6,1,451.66,75.27666666666667,12.666666666666666,876.6666666666666,3.8333333333333335,13,9.166666666666666,3,2,0.16666666666666666,0.6666666666666666
9791,2,0,0.0,0.0,20.0,1739.5,4.0,3,22.5,0,0,0.0,0.0
9792,4,0,0.0,0.0,11.75,1166.0,4.0,10,10.0,0,0,0.0,0.0
9793,3,0,0.0,0.0,5.666666666666667,863.6666666666666,4.0,9,10.0,3,3,0.0,1.0
9794,2,0,0.0,0.0,3.0,712.0,4.0,5,12.5,0,0,0.0,0.0
9796,3,2,2825.51,941.8366666666667,9.333333333333334,1067.0,4.333333333333333,9,10.0,2,0,0.6666666666666666,0.0
9798,3,0,0.0,0.0,3.6666666666666665,489.0,4.0,5,15.0,2,2,0.0,1.0
9800,4,0,0.0,0.0,6.5,1420.75,4.0,10,7.5,1,1,0.0,1.0
9801,4,0,0.0,0.0,12.25,831.5,4.0,14,8.75,3,3,0.0,1.0
9802,2,1,957.85,478.925,11.0,1041.5,3.0,4,10.0,1,0,0.5,0.0
9803,1,0,0.0,0.0,24.0,511.0,4.0,2,0.0,1,1,0.0,1.0
9804,1,0,0.0,0.0,18.0,1504.0,4.0,1,15.0,0,0,0.0,0.0
9805,4,1,1082.08,270.52,13.75,980.25,4.0,7,5.0,2,1,0.25,0.5
9806,2,0,0.0,0.0,13.5,927.5,4.0,7,12.5,1,1,0.0,1.0
9807,2,2,1228.63,614.315,17.0,1398.0,4.5,2,0.0,2,0,1.0,0.0
9808,5,0,0.0,0.0,16.4,1104.2,4.0,15,14.0,4,4,0.0,1.0
9809,4,1,213.74,53.435,9.5,346.5,4.0,9,10.0,1,0,0.25,0.0
9810,1,0,0.0,0.0,16.0,623.0,4.0,4,20.0,1,1,0.0,1.0
9811,4,0,0.0,0.0,17.25,643.75,4.0,10,15.0,2,2,0.0,1.0
9812,5,1,655.88,131.176,8.6,886.0,4.0,10,14.0,2,1,0.2,0.5
9813,2,0,0.0,0.0,11.5,626.0,4.0,5,17.5,1,1,0.0,1.0
9815,5,1,626.42,125.28399999999999,9.2,518.2,4.0,13,9.0,3,2,0.2,0.6666666666666666
9816,5,1,436.59,87.318,13.6,733.8,4.2,10,10.0,4,3,0.2,0.75
9817,2,2,5694.05,2847.025,13.5,463.5,2.0,6,5.0,2,0,1.0,0.0
9818,3,1,5903.7,1967.8999999999999,13.666666666666666,897.6666666666666,4.333333333333333,8,3.3333333333333335,2,1,0.3333333333333333,0.5
9819,3,0,0.0,0.0,15.0,661.3333333333334,4.0,7,11.666666666666666,0,0,0.0,0.0
9820,3,0,0.0,0.0,14.333333333333334,652.6666666666666,4.0,10,13.333333333333334,1,1,0.0,1.0
9821,4,1,1170.02,292.505,16.25,1209.75,4.25,11,12.5,2,1,0.25,0.5
9822,3,1,1687.52,562.5066666666667,17.0,1110.6666666666667,4.333333333333333,10,10.0,1,0,0.3333333333333333,0.0
9823,1,0,0.0,0.0,19.0,234.0,4.0,4,10.0,0,0,0.0,0.0
9824,2,1,3184.17,1592.085,18.0,646.0,4.0,6,7.5,1,0,0.5,0.0
9825,5,2,3344.65,668.9300000000001,16.2,1106.6,3.6,14,16.0,4,2,0.4,0.5
9826,2,0,0.0,0.0,18.0,491.0,4.0,5,17.5,2,2,0.0,1.0
9827,3,0,0.0,0.0,16.666666666666668,268.6666666666667,4.0,8,3.3333333333333335,3,3,0.0,1.0
9828,3,0,0.0,0.0,9.333333333333334,1469.0,4.0,7,11.666666666666666,2,2,0.0,1.0
9829,2,0,0.0,0.0,10.5,760.0,4.0,6,20.0,0,0,0.0,0.0
9830,3,1,260.1,86.7,9.333333333333334,1052.3333333333333,4.333333333333333,6,15.0,3,2,0.3333333333333333,0.6666666666666666
9831,6,3,2157.76,359.6266666666667,11.0,584.1666666666666,3.8333333333333335,16,6.666666666666667,5,2,0.5,0.4
9833,2,1,2724.86,1362.43,16.0,437.5,4.0,7,12.5,2,1,0.5,0.5
9834,2,0,0.0,0.0,12.0,1234.0,4.0,4,2.5,1,1,0.0,1.0
9835,4,0,0.0,0.0,10.25,973.0,4.0,8,5.0,1,1,0.0,1.0
9836,3,2,1398.98,466.32666666666665,10.333333333333334,1222.6666666666667,4.0,8,15.0,2,0,0.6666666666666666,0.0
9837,1,0,0.0,0.0,2.0,625.0,4.0,2,0.0,0,0,0.0,0.0
9838,3,1,1458.73,486.24333333333334,6.333333333333333,693.3333333333334,4.333333333333333,5,11.666666666666666,3,2,0.3333333333333333,0.6666666666666666
9839,4,2,3991.05,997.7625,15.5,1212.5,3.5,10,7.5,4,2,0.5,0.5
9840,3,0,0.0,0.0,18.666666666666668,1008.0,4.0,7,6.666666666666667,1,1,0.0,1.0
9842,1,0,0.0,0.0,19.0,1392.0,4.0,1,15.0,0,0,0.0,0.0
9843,2,0,0.0,0.0,8.5,229.5,4.0,6,2.5,0,0,0.0,0.0
9844,1,0,0.0,0.0,20.0,1049.0,4.0,3,15.0,1,1,0.0,1.0
9845,4,2,6979.08,1744.77,3.75,1202.0,3.5,11,10.0,3,1,0.5,0.3333333333333333
9846,3,0,0.0,0.0,13.666666666666666,1542.6666666666667,4.0,9,6.666666666666667,2,2,0.0,1.0
9847,2,0,0.0,0.0,13.5,725.0,4.0,5,0.0,1,1,0.0,1.0
9848,2,0,0.0,0.0,21.0,962.0,4.0,5,0.0,0,0,0.0,0.0
9849,4,1,1295.74,323.935,13.25,1108.5,3.75,9,5.0,1,0,0.25,0.0
9850,2,0,0.0,0.0,9.5,652.0,4.0,3,7.5,1,1,0.0,1.0
9851,2,0,0.0,0.0,10.0,1045.5,4.0,4,7.5,2,2,0.0,1.0
9852,3,0,0.0,0.0,13.0,589.3333333333334,4.0,11,8.333333333333334,1,1,0.0,1.0
9853,4,0,0.0,0.0,19.0,933.5,4.0,10,8.75,0,0,0.0,0.0
9854,3,0,0.0,0.0,11.0,1354.3333333333333,4.0,10,0.0,3,3,0.0,1.0
9856,1,1,734.02,734.02,20.0,982.0,4.0,2,20.0,1,0,1.0,0.0
9857,2,1,2072.57,1036.285,11.0,610.0,4.0,7,7.5,2,1,0.5,0.5
9858,4,0,0.0,0.0,13.25,851.5,4.0,8,11.25,2,2,0.0,1.0
9859,6,3,4057.34,676.2233333333334,12.333333333333334,905.8333333333334,3.6666666666666665,15,7.5,6,3,0.5,0.5
9860,7,2,5017.68,716.8114285714286,9.428571428571429,1012.8571428571429,4.0,19,7.142857142857143,6,4,0.2857142857142857,0.6666666666666666
9861,5,2,1026.96,205.392,7.2,1006.0,4.0,12,7.0,2,0,0.4,0.0
9862,5,2,7869.07,1573.8139999999999,6.8,1166.0,3.4,12,10.0,3,1,0.4,0.3333333333333333
9863,2,2,3268.36,1634.18,11.5,1003.5,4.5,5,10.0,2,0,1.0,0.0
9864,2,0,0.0,0.0,12.5,1263.0,4.0,6,12.5,2,2,0.0,1.0
9865,1,1,713.19,713.19,22.0,1058.0,4.0,3,0.0,1,0,1.0,0.0
9866,2,0,0.0,0.0,17.5,538.5,4.0,5,15.0,2,2,0.0,1.0
9867,4,2,7683.61,1920.9025,11.5,927.25,4.25,10,12.5,3,1,0.5,0.3333333333333333
9868,3,0,0.0,0.0,12.666666666666666,1618.0,4.0,8,16.666666666666668,1,1,0.0,1.0
9869,4,2,8202.76,2050.69,10.5,1326.0,4.25,11,5.0,2,0,0.5,0.0
9870,2,0,0.0,0.0,9.5,837.0,4.0,3,15.0,0,0,0.0,0.0
9871,1,0,0.0,0.0,13.0,253.0,4.0,3,5.0,1,1,0.0,1.0
9873,7,3,3978.3900000000003,568.3414285714287,11.0,1194.142857142857,3.857142857142857,23,10.714285714285714,6,3,0.42857142857142855,0.5
9874,3,0,0.0,0.0,7.333333333333333,970.0,4.0,8,5.0,2,2,0.0,1.0
9876,1,0,0.0,0.0,21.0,1278.0,4.0,1,15.0,1,1,0.0,1.0
9877,1,0,0.0,0.0,8.0,484.0,4.0,3,0.0,0,0,0.0,0.0
9878,8,0,0.0,0.0,14.75,953.5,4.0,13,13.75,5,5,0.0,1.0
9879,6,0,0.0,0.0,7.5,797.5,4.0,11,11.666666666666666,4,4,0.0,1.0
9880,4,1,2133.2,533.3,15.5,1016.5,4.0,8,6.25,3,2,0.25,0.6666666666666666
9881,6,2,7184.4400000000005,1197.4066666666668,14.5,832.3333333333334,3.8333333333333335,20,11.666666666666666,5,3,0.3333333333333333,0.6
9882,1,0,0.0,0.0,22.0,40.0,4.0,2,0.0,1,1,0.0,1.0
9883,5,3,2216.86,443.372,13.8,722.6,4.0,15,12.0,4,1,0.6,0.25
9884,1,0,0.0,0.0,7.0,640.0,4.0,1,5.0,1,1,0.0,1.0
9885,4,1,3008.2,752.05,4.75,1046.75,4.25,10,10.0,3,2,0.25,0.6666666666666666
9886,2,1,708.13,354.065,4.0,1397.5,3.5,5,15.0,1,0,0.5,0.0
9887,3,1,526.18,175.39333333333332,7.0,815.3333333333334,4.0,6,5.0,2,1,0.3333333333333333,0.5
9888,3,1,4366.62,1455.54,20.0,1391.6666666666667,3.6666666666666665,8,11.666666666666666,2,1,0.3333333333333333,0.5
9889,1,0,0.0,0.0,15.0,886.0,4.0,1,0.0,0,0,0.0,0.0
9890,4,0,0.0,0.0,12.5,995.0,4.0,11,2.5,1,1,0.0,1.0
9891,3,1,1808.79,602.93,22.0,1010.0,3.6666666666666665,6,6.666666666666667,2,1,0.3333333333333333,0.5
9892,4,1,1252.28,313.07,4.0,762.0,4.0,11,3.75,3,2,0.25,0.6666666666666666
9894,2,0,0.0,0.0,14.0,759.5,4.0,5,15.0,1,1,0.0,1.0
9895,2,0,0.0,0.0,8.5,1054.0,4.0,4,20.0,1,1,0.0,1.0
9896,2,0,0.0,0.0,5.5,372.0,4.0,4,22.5,2,2,0.0,1.0
9897,2,0,0.0,0.0,11.5,163.5,4.0,3,17.5,1,1,0.0,1.0
9900,4,0,0.0,0.0,13.0,979.25,4.0,10,7.5,2,2,0.0,1.0
9901,2,0,0.0,0.0,15.0,837.0,4.0,2,10.0,1,1,0.0,1.0
9902,2,0,0.0,0.0,8.0,1349.0,4.0,6,20.0,2,2,0.0,1.0
9903,3,1,1368.84,456.28,13.666666666666666,824.0,3.3333333333333335,8,6.666666666666667,1,0,0.3333333333333333,0.0
9904,2,0,0.0,0.0,14.0,852.0,4.0,5,15.0,1,1,0.0,1.0
9905,3,0,0.0,0.0,17.0,749.6666666666666,4.0,9,5.0,0,0,0.0,0.0
9906,4,1,2658.15,664.5375,14.75,514.0,3.75,10,2.5,1,0,0.25,0.0
9907,3,1,787.37,262.45666666666665,13.0,711.6666666666666,4.0,7,11.666666666666666,2,1,0.3333333333333333,0.5
9908,3,0,0.0,0.0,16.0,1307.3333333333333,4.0,6,15.0,3,3,0.0,1.0
9909,5,1,2419.52,483.904,14.6,971.0,4.2,12,12.0,2,1,0.2,0.5
9910,3,1,613.1,204.36666666666667,9.0,940.3333333333334,4.0,7,10.0,2,1,0.3333333333333333,0.5
9911,5,1,2633.7,526.74,14.6,721.4,4.2,17,6.0,4,3,0.2,0.75
9912,4,0,0.0,0.0,21.0,441.0,4.0,9,7.5,2,2,0.0,1.0
9913,1,0,0.0,0.0,21.0,841.0,4.0,1,10.0,0,0,0.0,0.0
9914,3,0,0.0,0.0,10.333333333333334,713.6666666666666,4.0,8,23.333333333333332,0,0,0.0,0.0
9915,2,0,0.0,0.0,12.5,368.0,4.0,2,10.0,0,0,0.0,0.0
9916,6,1,2948.28,491.38000000000005,17.5,1016.0,3.8333333333333335,11,13.333333333333334,4,3,0.16666666666666666,0.75
9917,4,1,317.7,79.425,12.25,742.75,4.0,8,16.25,3,2,0.25,0.6666666666666666
9918,5,0,0.0,0.0,8.8,915.4,4.0,14,12.0,2,2,0.0,1.0
9919,3,1,202.41,67.47,16.333333333333332,820.3333333333334,4.0,4,11.666666666666666,1,0,0.3333333333333333,0.0
9920,2,0,0.0,0.0,14.5,160.5,4.0,3,5.0,1,1,0.0,1.0
9921,4,2,6298.85,1574.7125,12.75,628.25,4.25,7,3.75,3,1,0.5,0.3333333333333333
9922,2,1,1975.84,987.92,15.0,969.0,3.0,7,0.0,2,1,0.5,0.5
9923,1,1,1348.96,1348.96,7.0,639.0,5.0,2,0.0,1,0,1.0,0.0
9924,4,2,4163.6,1040.9,10.0,648.5,4.5,7,10.0,3,1,0.5,0.3333333333333333
9925,3,0,0.0,0.0,4.333333333333333,672.0,4.0,8,8.333333333333334,3,3,0.0,1.0
9926,5,1,1483.68,296.736,16.0,722.8,4.2,13,10.0,2,1,0.2,0.5
9927,1,0,0.0,0.0,5.0,1048.0,4.0,2,5.0,1,1,0.0,1.0
9928,4,2,3254.47,813.6175,11.75,939.0,4.0,9,5.0,4,2,0.5,0.5
9929,6,1,981.5,163.58333333333334,13.0,1238.1666666666667,3.8333333333333335,15,14.166666666666666,4,3,0.16666666666666666,0.75
9930,3,1,3192.74,1064.2466666666667,3.3333333333333335,1404.0,3.6666666666666665,5,0.0,3,2,0.3333333333333333,0.6666666666666666
9931,5,2,6026.58,1205.316,11.0,771.6,3.8,12,8.0,3,1,0.4,0.3333333333333333
9932,4,2,4014.9900000000002,1003.7475000000001,10.25,1073.0,2.75,8,0.0,3,1,0.5,0.3333333333333333
9934,4,0,0.0,0.0,15.75,1354.0,4.0,10,11.25,3,3,0.0,1.0
9935,2,0,0.0,0.0,18.5,1484.5,4.0,5,5.0,1,1,0.0,1.0
9936,4,0,0.0,0.0,11.5,756.0,4.0,12,5.0,2,2,0.0,1.0
9937,1,0,0.0,0.0,16.0,1274.0,4.0,4,15.0,1,1,0.0,1.0
9939,4,1,1273.44,318.36,11.75,1036.75,4.25,10,16.25,4,3,0.25,0.75
9940,5,2,4222.35,844.47,8.8,1428.0,3.6,14,4.0,3,1,0.4,0.3333333333333333
9941,2,0,0.0,0.0,15.0,357.0,4.0,6,0.0,1,1,0.0,1.0
9943,1,0,0.0,0.0,21.0,508.0,4.0,1,10.0,0,0,0.0,0.0
9944,4,0,0.0,0.0,11.5,1218.5,4.0,7,10.0,1,1,0.0,1.0
9945,3,0,0.0,0.0,17.0,799.0,4.0,7,0.0,3,3,0.0,1.0
9946,3,0,0.0,0.0,11.333333333333334,707.3333333333334,4.0,9,13.333333333333334,2,2,0.0,1.0
9947,2,1,1919.04,959.52,4.5,1258.0,4.0,5,12.5,1,0,0.5,0.0
9948,3,2,2881.6,960.5333333333333,11.666666666666666,882.6666666666666,3.6666666666666665,8,5.0,3,1,0.6666666666666666,0.3333333333333333
9949,2,0,0.0,0.0,6.5,846.5,4.0,3,2.5,2,2,0.0,1.0
9950,3,2,3073.7799999999997,1024.5933333333332,17.333333333333332,939.0,3.3333333333333335,9,20.0,2,0,0.6666666666666666,0.0
9951,2,1,937.36,468.68,11.5,1121.5,3.5,8,0.0,1,0,0.5,0.0
9952,7,1,4054.2,579.1714285714286,8.428571428571429,1194.4285714285713,3.5714285714285716,21,10.0,5,4,0.14285714285714285,0.8
9953,2,0,0.0,0.0,13.0,567.0,4.0,2,10.0,1,1,0.0,1.0
9954,2,1,3849.4,1924.7,18.0,326.5,4.5,6,0.0,1,0,0.5,0.0
9955,3,0,0.0,0.0,7.0,721.3333333333334,4.0,7,5.0,3,3,0.0,1.0
9956,1,0,0.0,0.0,20.0,1312.0,4.0,1,0.0,0,0,0.0,0.0
9957,3,0,0.0,0.0,10.666666666666666,1180.0,4.0,7,1.6666666666666667,1,1,0.0,1.0
9958,2,0,0.0,0.0,11.0,375.5,4.0,4,12.5,1,1,0.0,1.0
9959,6,5,7052.049999999999,1175.3416666666665,7.833333333333333,552.8333333333334,4.5,16,11.666666666666666,6,1,0.8333333333333334,0.16666666666666666
9960,3,0,0.0,0.0,15.333333333333334,786.3333333333334,4.0,10,20.0,2,2,0.0,1.0
9961,1,1,1587.64,1587.64,5.0,1101.0,3.0,2,0.0,1,0,1.0,0.0
9962,1,1,1198.66,1198.66,2.0,1659.0,3.0,1,0.0,1,0,1.0,0.0
9963,5,2,3696.62,739.324,9.4,760.6,3.8,15,5.0,3,1,0.4,0.3333333333333333
9964,2,0,0.0,0.0,12.5,905.5,4.0,4,17.5,1,1,0.0,1.0
9965,4,2,1116.83,279.2075,9.75,1401.75,4.0,9,8.75,3,1,0.5,0.3333333333333333
9966,2,0,0.0,0.0,7.5,1184.5,4.0,5,7.5,2,2,0.0,1.0
9967,2,0,0.0,0.0,12.5,1423.5,4.0,8,15.0,1,1,0.0,1.0
9968,2,0,0.0,0.0,16.0,729.0,4.0,4,17.5,0,0,0.0,0.0
9969,5,0,0.0,0.0,9.8,1167.2,4.0,10,9.0,3,3,0.0,1.0
9970,2,0,0.0,0.0,18.5,1198.0,4.0,5,15.0,1,1,0.0,1.0
9971,3,0,0.0,0.0,13.333333333333334,1365.3333333333333,4.0,5,8.333333333333334,2,2,0.0,1.0
9972,6,0,0.0,0.0,13.166666666666666,1076.8333333333333,4.0,16,6.666666666666667,3,3,0.0,1.0
9974,2,0,0.0,0.0,4.5,934.0,4.0,3,10.0,2,2,0.0,1.0
9975,2,0,0.0,0.0,17.5,1578.5,4.0,4,10.0,1,1,0.0,1.0
9976,5,1,3573.54,714.708,10.0,864.0,4.2,11,8.0,2,1,0.2,0.5
9977,5,1,879.36,175.872,10.6,896.8,4.0,9,15.0,3,2,0.2,0.6666666666666666
9978,5,2,5745.68,1149.136,14.2,958.0,4.0,11,13.0,3,1,0.4,0.3333333333333333
9979,4,1,2429.94,607.485,12.25,814.5,4.0,10,20.0,3,2,0.25,0.6666666666666666
9980,2,0,0.0,0.0,8.0,1010.5,4.0,7,2.5,2,2,0.0,1.0
9981,1,0,0.0,0.0,15.0,179.0,4.0,1,15.0,0,0,0.0,0.0
9982,3,2,921.9200000000001,307.3066666666667,16.0,1270.6666666666667,4.666666666666667,8,6.666666666666667,3,1,0.6666666666666666,0.3333333333333333
9983,3,2,5784.139999999999,1928.0466666666664,13.0,869.6666666666666,3.6666666666666665,6,10.0,3,1,0.6666666666666666,0.3333333333333333
9984,1,0,0.0,0.0,13.0,226.0,4.0,1,30.0,1,1,0.0,1.0
9985,2,1,3656.85,1828.425,7.0,1512.0,4.0,5,15.0,1,0,0.5,0.0
9986,1,0,0.0,0.0,7.0,1794.0,4.0,2,10.0,0,0,0.0,0.0
9987,6,1,922.81,153.80166666666665,11.666666666666666,803.5,4.166666666666667,19,4.166666666666667,3,2,0.16666666666666666,0.6666666666666666
9988,6,0,0.0,0.0,7.833333333333333,785.0,4.0,20,9.166666666666666,3,3,0.0,1.0
9989,2,0,0.0,0.0,11.5,947.0,4.0,6,0.0,2,2,0.0,1.0
9990,6,2,10009.98,1668.33,14.833333333333334,820.5,3.6666666666666665,16,8.333333333333334,3,1,0.3333333333333333,0.3333333333333333
9991,3,0,0.0,0.0,10.333333333333334,784.0,4.0,6,1.6666666666666667,1,1,0.0,1.0
9992,2,2,4906.209999999999,2453.1049999999996,13.0,777.5,3.0,5,10.0,2,0,1.0,0.0
9993,4,2,3413.7200000000003,853.4300000000001,13.5,359.75,3.25,13,6.25,4,2,0.5,0.5
9994,5,1,1038.24,207.648,10.0,1031.6,4.2,15,7.0,2,1,0.2,0.5
9995,1,0,0.0,0.0,13.0,164.0,4.0,3,0.0,0,0,0.0,0.0
9996,2,0,0.0,0.0,12.5,970.5,4.0,3,0.0,1,1,0.0,1.0
9997,3,1,1583.0,527.6666666666666,14.666666666666666,419.3333333333333,4.333333333333333,6,10.0,2,1,0.3333333333333333,0.5
9998,4,1,1295.58,323.895,4.25,884.75,3.75,8,10.0,3,2,0.25,0.6666666666666666
